ohrc_index,source_scene_id,source_scene_root,acquisition_utc,tile_row,tile_col,native_r0,native_c0,native_size_px,encoder_size_px,ground_footprint_m,resolution_m_per_px,lat,lon,sun_azimuth,sun_elevation,solar_incidence,tdi_stages,bits_selection,orbit_limb_direction,spacecraft_yaw_direction,saturation_fraction,structural_jpeg,illumination_jpeg,embedding_norm,PC1,PC2
0,ch2_ohr_ncp_20260331T1105235288_d_img_d18,D:\ISRO\OHRC_raws\ch2_ohr_ncp_20260331T1105235288_d_img_d18,2026-03-31T11:05:23.5288Z,0,0,0,0,2048,256,512.0,0.25,8.1522256499,296.09565009,89.38302,1.895764,88.104236,TDI64,msb,Ascending,True,0.0,D:\ISRO\OHRC_tiles\ch2_ohr_ncp_20260331T1105235288_d_img_d18\ch2_ohr_ncp_20260331T1105235288_d_img_d18_r00000_c000_structural.jpg,D:\ISRO\OHRC_tiles\ch2_ohr_ncp_20260331T1105235288_d_img_d18\ch2_ohr_ncp_20260331T1105235288_d_img_d18_r00000_c000_illum.jpg,8.91945,-1.5067787,-0.8782748
1,ch2_ohr_ncp_20260331T1105235288_d_img_d18,D:\ISRO\OHRC_raws\ch2_ohr_ncp_20260331T1105235288_d_img_d18,2026-03-31T11:05:23.5288Z,0,1,0,1024,2048,256,512.0,0.25,8.152118594800001,296.10468276999995,89.38302,1.895764,88.104236,TDI64,msb,Ascending,True,0.0,D:\ISRO\OHRC_tiles\ch2_ohr_ncp_20260331T1105235288_d_img_d18\ch2_ohr_ncp_20260331T1105235288_d_img_d18_r00000_c001_structural.jpg,D:\ISRO\OHRC_tiles\ch2_ohr_ncp_20260331T1105235288_d_img_d18\ch2_ohr_ncp_20260331T1105235288_d_img_d18_r00000_c001_illum.jpg,7.7708015,0.25292552,0.11871593
2,ch2_ohr_ncp_20260331T1105235288_d_img_d18,D:\ISRO\OHRC_raws\ch2_ohr_ncp_20260331T1105235288_d_img_d18,2026-03-31T11:05:23.5288Z,0,2,0,2048,2048,256,512.0,0.25,8.1520108534,296.11372351,89.38302,1.895764,88.104236,TDI64,msb,Ascending,True,0.0,D:\ISRO\OHRC_tiles\ch2_ohr_ncp_20260331T1105235288_d_img_d18\ch2_ohr_ncp_20260331T1105235288_d_img_d18_r00000_c002_structural.jpg,D:\ISRO\OHRC_tiles\ch2_ohr_ncp_20260331T1105235288_d_img_d18\ch2_ohr_ncp_20260331T1105235288_d_img_d18_r00000_c002_illum.jpg,7.6084895,0.3420217,0.12908663
3,ch2_ohr_ncp_20260331T1105235288_d_img_d18,D:\ISRO\OHRC_raws\ch2_ohr_ncp_20260331T1105235288_d_img_d18,2026-03-31T11:05:23.5288Z,0,3,0,3072,2048,256,512.0,0.25,8.1519024235,296.1227714,89.38302,1.895764,88.104236,TDI64,msb,Ascending,True,0.0,D:\ISRO\OHRC_tiles\ch2_ohr_ncp_20260331T1105235288_d_img_d18\ch2_ohr_ncp_20260331T1105235288_d_img_d18_r00000_c003_structural.jpg,D:\ISRO\OHRC_tiles\ch2_ohr_ncp_20260331T1105235288_d_img_d18\ch2_ohr_ncp_20260331T1105235288_d_img_d18_r00000_c003_illum.jpg,7.7735515,0.421061,-1.2281147
4,ch2_ohr_ncp_20260331T1105235288_d_img_d18,D:\ISRO\OHRC_raws\ch2_ohr_ncp_20260331T1105235288_d_img_d18,2026-03-31T11:05:23.5288Z,0,4,0,4096,2048,256,512.0,0.25,8.1517932967,296.13182656000004,89.38302,1.895764,88.104236,TDI64,msb,Ascending,True,0.0,D:\ISRO\OHRC_tiles\ch2_ohr_ncp_20260331T1105235288_d_img_d18\ch2_ohr_ncp_20260331T1105235288_d_img_d18_r00000_c004_structural.jpg,D:\ISRO\OHRC_tiles\ch2_ohr_ncp_20260331T1105235288_d_img_d18\ch2_ohr_ncp_20260331T1105235288_d_img_d18_r00000_c004_illum.jpg,7.60399,0.9583634,0.35346967
5,ch2_ohr_ncp_20260331T1105235288_d_img_d18,D:\ISRO\OHRC_raws\ch2_ohr_ncp_20260331T1105235288_d_img_d18,2026-03-31T11:05:23.5288Z,0,5,0,5120,2048,256,512.0,0.25,8.1516834729,296.14088962,89.38302,1.895764,88.104236,TDI64,msb,Ascending,True,0.0,D:\ISRO\OHRC_tiles\ch2_ohr_ncp_20260331T1105235288_d_img_d18\ch2_ohr_ncp_20260331T1105235288_d_img_d18_r00000_c005_structural.jpg,D:\ISRO\OHRC_tiles\ch2_ohr_ncp_20260331T1105235288_d_img_d18\ch2_ohr_ncp_20260331T1105235288_d_img_d18_r00000_c005_illum.jpg,7.8720975,0.23259598,0.11652632
6,ch2_ohr_ncp_20260331T1105235288_d_img_d18,D:\ISRO\OHRC_raws\ch2_ohr_ncp_20260331T1105235288_d_img_d18,2026-03-31T11:05:23.5288Z,0,6,0,6144,2048,256,512.0,0.25,8.1515729491,296.14995993,89.38302,1.895764,88.104236,TDI64,msb,Ascending,True,0.0,D:\ISRO\OHRC_tiles\ch2_ohr_ncp_20260331T1105235288_d_img_d18\ch2_ohr_ncp_20260331T1105235288_d_img_d18_r00000_c006_structural.jpg,D:\ISRO\OHRC_tiles\ch2_ohr_ncp_20260331T1105235288_d_img_d18\ch2_ohr_ncp_20260331T1105235288_d_img_d18_r00000_c006_illum.jpg,8.091384,0.35836226,0.392235
7,ch2_ohr_ncp_20260331T1105235288_d_img_d18,D:\ISRO\OHRC_raws\ch2_ohr_ncp_20260331T1105235288_d_img_d18,2026-03-31T11:05:23.5288Z,0,7,0,7168,2048,256,512.0,0.25,8.1514617346,296.1590375,89.38302,1.895764,88.104236,TDI64,msb,Ascending,True,0.0,D:\ISRO\OHRC_tiles\ch2_ohr_ncp_20260331T1105235288_d_img_d18\ch2_ohr_ncp_20260331T1105235288_d_img_d18_r00000_c007_structural.jpg,D:\ISRO\OHRC_tiles\ch2_ohr_ncp_20260331T1105235288_d_img_d18\ch2_ohr_ncp_20260331T1105235288_d_img_d18_r00000_c007_illum.jpg,7.7323513,0.1835534,-1.0383636
8,ch2_ohr_ncp_20260331T1105235288_d_img_d18,D:\ISRO\OHRC_raws\ch2_ohr_ncp_20260331T1105235288_d_img_d18,2026-03-31T11:05:23.5288Z,0,8,0,8192,2048,256,512.0,0.25,8.151349816700002,296.16812237999994,89.38302,1.895764,88.104236,TDI64,msb,Ascending,True,0.0,D:\ISRO\OHRC_tiles\ch2_ohr_ncp_20260331T1105235288_d_img_d18\ch2_ohr_ncp_20260331T1105235288_d_img_d18_r00000_c008_structural.jpg,D:\ISRO\OHRC_tiles\ch2_ohr_ncp_20260331T1105235288_d_img_d18\ch2_ohr_ncp_20260331T1105235288_d_img_d18_r00000_c008_illum.jpg,8.027767,-0.8873668,-0.75517917
9,ch2_ohr_ncp_20260331T1105235288_d_img_d18,D:\ISRO\OHRC_raws\ch2_ohr_ncp_20260331T1105235288_d_img_d18,2026-03-31T11:05:23.5288Z,0,9,0,9216,2048,256,512.0,0.25,8.151237195199998,296.177215,89.38302,1.895764,88.104236,TDI64,msb,Ascending,True,0.0,D:\ISRO\OHRC_tiles\ch2_ohr_ncp_20260331T1105235288_d_img_d18\ch2_ohr_ncp_20260331T1105235288_d_img_d18_r00000_c009_structural.jpg,D:\ISRO\OHRC_tiles\ch2_ohr_ncp_20260331T1105235288_d_img_d18\ch2_ohr_ncp_20260331T1105235288_d_img_d18_r00000_c009_illum.jpg,7.455627,0.39756095,1.769991
10,ch2_ohr_ncp_20260331T1105235288_d_img_d18,D:\ISRO\OHRC_raws\ch2_ohr_ncp_20260331T1105235288_d_img_d18,2026-03-31T11:05:23.5288Z,1,0,1024,0,2048,256,512.0,0.25,8.1430917063,296.09588104,89.38302,1.895764,88.104236,TDI64,msb,Ascending,True,0.0,D:\ISRO\OHRC_tiles\ch2_ohr_ncp_20260331T1105235288_d_img_d18\ch2_ohr_ncp_20260331T1105235288_d_img_d18_r00001_c000_structural.jpg,D:\ISRO\OHRC_tiles\ch2_ohr_ncp_20260331T1105235288_d_img_d18\ch2_ohr_ncp_20260331T1105235288_d_img_d18_r00001_c000_illum.jpg,8.266944,-0.15903367,-0.034045942
11,ch2_ohr_ncp_20260331T1105235288_d_img_d18,D:\ISRO\OHRC_raws\ch2_ohr_ncp_20260331T1105235288_d_img_d18,2026-03-31T11:05:23.5288Z,1,1,1024,1024,2048,256,512.0,0.25,8.142984671799999,296.10491372,89.38302,1.895764,88.104236,TDI64,msb,Ascending,True,0.0,D:\ISRO\OHRC_tiles\ch2_ohr_ncp_20260331T1105235288_d_img_d18\ch2_ohr_ncp_20260331T1105235288_d_img_d18_r00001_c001_structural.jpg,D:\ISRO\OHRC_tiles\ch2_ohr_ncp_20260331T1105235288_d_img_d18\ch2_ohr_ncp_20260331T1105235288_d_img_d18_r00001_c001_illum.jpg,7.6758,0.59310377,0.15375611
12,ch2_ohr_ncp_20260331T1105235288_d_img_d18,D:\ISRO\OHRC_raws\ch2_ohr_ncp_20260331T1105235288_d_img_d18,2026-03-31T11:05:23.5288Z,1,2,1024,2048,2048,256,512.0,0.25,8.1428769455,296.11395413,89.38302,1.895764,88.104236,TDI64,msb,Ascending,True,0.0,D:\ISRO\OHRC_tiles\ch2_ohr_ncp_20260331T1105235288_d_img_d18\ch2_ohr_ncp_20260331T1105235288_d_img_d18_r00001_c002_structural.jpg,D:\ISRO\OHRC_tiles\ch2_ohr_ncp_20260331T1105235288_d_img_d18\ch2_ohr_ncp_20260331T1105235288_d_img_d18_r00001_c002_illum.jpg,8.274968,-0.374075,-1.8489498
13,ch2_ohr_ncp_20260331T1105235288_d_img_d18,D:\ISRO\OHRC_raws\ch2_ohr_ncp_20260331T1105235288_d_img_d18,2026-03-31T11:05:23.5288Z,1,3,1024,3072,2048,256,512.0,0.25,8.142768525600001,296.12300202,89.38302,1.895764,88.104236,TDI64,msb,Ascending,True,0.0,D:\ISRO\OHRC_tiles\ch2_ohr_ncp_20260331T1105235288_d_img_d18\ch2_ohr_ncp_20260331T1105235288_d_img_d18_r00001_c003_structural.jpg,D:\ISRO\OHRC_tiles\ch2_ohr_ncp_20260331T1105235288_d_img_d18\ch2_ohr_ncp_20260331T1105235288_d_img_d18_r00001_c003_illum.jpg,8.641387,-0.9257479,-2.4403586
14,ch2_ohr_ncp_20260331T1105235288_d_img_d18,D:\ISRO\OHRC_raws\ch2_ohr_ncp_20260331T1105235288_d_img_d18,2026-03-31T11:05:23.5288Z,1,4,1024,4096,2048,256,512.0,0.25,8.142659415699999,296.13205661000006,89.38302,1.895764,88.104236,TDI64,msb,Ascending,True,0.0,D:\ISRO\OHRC_tiles\ch2_ohr_ncp_20260331T1105235288_d_img_d18\ch2_ohr_ncp_20260331T1105235288_d_img_d18_r00001_c004_structural.jpg,D:\ISRO\OHRC_tiles\ch2_ohr_ncp_20260331T1105235288_d_img_d18\ch2_ohr_ncp_20260331T1105235288_d_img_d18_r00001_c004_illum.jpg,7.4135065,1.0296595,1.3926893
15,ch2_ohr_ncp_20260331T1105235288_d_img_d18,D:\ISRO\OHRC_raws\ch2_ohr_ncp_20260331T1105235288_d_img_d18,2026-03-31T11:05:23.5288Z,1,5,1024,5120,2048,256,512.0,0.25,8.1425496064,296.14111924,89.38302,1.895764,88.104236,TDI64,msb,Ascending,True,0.0,D:\ISRO\OHRC_tiles\ch2_ohr_ncp_20260331T1105235288_d_img_d18\ch2_ohr_ncp_20260331T1105235288_d_img_d18_r00001_c005_structural.jpg,D:\ISRO\OHRC_tiles\ch2_ohr_ncp_20260331T1105235288_d_img_d18\ch2_ohr_ncp_20260331T1105235288_d_img_d18_r00001_c005_illum.jpg,7.5461464,0.87891966,0.24857262
16,ch2_ohr_ncp_20260331T1105235288_d_img_d18,D:\ISRO\OHRC_raws\ch2_ohr_ncp_20260331T1105235288_d_img_d18,2026-03-31T11:05:23.5288Z,1,6,1024,6144,2048,256,512.0,0.25,8.142439102600001,296.15018931,89.38302,1.895764,88.104236,TDI64,msb,Ascending,True,0.0,D:\ISRO\OHRC_tiles\ch2_ohr_ncp_20260331T1105235288_d_img_d18\ch2_ohr_ncp_20260331T1105235288_d_img_d18_r00001_c006_structural.jpg,D:\ISRO\OHRC_tiles\ch2_ohr_ncp_20260331T1105235288_d_img_d18\ch2_ohr_ncp_20260331T1105235288_d_img_d18_r00001_c006_illum.jpg,8.015428,0.35436696,-0.25510436
17,ch2_ohr_ncp_20260331T1105235288_d_img_d18,D:\ISRO\OHRC_raws\ch2_ohr_ncp_20260331T1105235288_d_img_d18,2026-03-31T11:05:23.5288Z,1,7,1024,7168,2048,256,512.0,0.25,8.1423279007,296.15926688,89.38302,1.895764,88.104236,TDI64,msb,Ascending,True,0.0,D:\ISRO\OHRC_tiles\ch2_ohr_ncp_20260331T1105235288_d_img_d18\ch2_ohr_ncp_20260331T1105235288_d_img_d18_r00001_c007_structural.jpg,D:\ISRO\OHRC_tiles\ch2_ohr_ncp_20260331T1105235288_d_img_d18\ch2_ohr_ncp_20260331T1105235288_d_img_d18_r00001_c007_illum.jpg,7.743046,0.87144303,-0.22907373
18,ch2_ohr_ncp_20260331T1105235288_d_img_d18,D:\ISRO\OHRC_raws\ch2_ohr_ncp_20260331T1105235288_d_img_d18,2026-03-31T11:05:23.5288Z,1,8,1024,8192,2048,256,512.0,0.25,8.1422160009,296.16835176,89.38302,1.895764,88.104236,TDI64,msb,Ascending,True,0.0,D:\ISRO\OHRC_tiles\ch2_ohr_ncp_20260331T1105235288_d_img_d18\ch2_ohr_ncp_20260331T1105235288_d_img_d18_r00001_c008_structural.jpg,D:\ISRO\OHRC_tiles\ch2_ohr_ncp_20260331T1105235288_d_img_d18\ch2_ohr_ncp_20260331T1105235288_d_img_d18_r00001_c008_illum.jpg,7.857039,0.6104447,-0.11749703
19,ch2_ohr_ncp_20260331T1105235288_d_img_d18,D:\ISRO\OHRC_raws\ch2_ohr_ncp_20260331T1105235288_d_img_d18,2026-03-31T11:05:23.5288Z,1,9,1024,9216,2048,256,512.0,0.25,8.1421033918,296.17744405,89.38302,1.895764,88.104236,TDI64,msb,Ascending,True,0.0,D:\ISRO\OHRC_tiles\ch2_ohr_ncp_20260331T1105235288_d_img_d18\ch2_ohr_ncp_20260331T1105235288_d_img_d18_r00001_c009_structural.jpg,D:\ISRO\OHRC_tiles\ch2_ohr_ncp_20260331T1105235288_d_img_d18\ch2_ohr_ncp_20260331T1105235288_d_img_d18_r00001_c009_illum.jpg,7.222206,0.69429475,1.3323462
20,ch2_ohr_ncp_20260331T1105235288_d_img_d18,D:\ISRO\OHRC_raws\ch2_ohr_ncp_20260331T1105235288_d_img_d18,2026-03-31T11:05:23.5288Z,2,0,2048,0,2048,256,512.0,0.25,8.133946805699999,296.09611113,89.38302,1.895764,88.104236,TDI64,msb,Ascending,True,0.0,D:\ISRO\OHRC_tiles\ch2_ohr_ncp_20260331T1105235288_d_img_d18\ch2_ohr_ncp_20260331T1105235288_d_img_d18_r00002_c000_structural.jpg,D:\ISRO\OHRC_tiles\ch2_ohr_ncp_20260331T1105235288_d_img_d18\ch2_ohr_ncp_20260331T1105235288_d_img_d18_r00002_c000_illum.jpg,7.5130324,0.7837232,0.21120717
21,ch2_ohr_ncp_20260331T1105235288_d_img_d18,D:\ISRO\OHRC_raws\ch2_ohr_ncp_20260331T1105235288_d_img_d18,2026-03-31T11:05:23.5288Z,2,1,2048,1024,2048,256,512.0,0.25,8.133839760599999,296.10514381,89.38302,1.895764,88.104236,TDI64,msb,Ascending,True,0.0,D:\ISRO\OHRC_tiles\ch2_ohr_ncp_20260331T1105235288_d_img_d18\ch2_ohr_ncp_20260331T1105235288_d_img_d18_r00002_c001_structural.jpg,D:\ISRO\OHRC_tiles\ch2_ohr_ncp_20260331T1105235288_d_img_d18\ch2_ohr_ncp_20260331T1105235288_d_img_d18_r00002_c001_illum.jpg,8.018631,-0.4105124,-0.96889055
22,ch2_ohr_ncp_20260331T1105235288_d_img_d18,D:\ISRO\OHRC_raws\ch2_ohr_ncp_20260331T1105235288_d_img_d18,2026-03-31T11:05:23.5288Z,2,2,2048,2048,2048,256,512.0,0.25,8.1337320254,296.11418395,89.38302,1.895764,88.104236,TDI64,msb,Ascending,True,0.0,D:\ISRO\OHRC_tiles\ch2_ohr_ncp_20260331T1105235288_d_img_d18\ch2_ohr_ncp_20260331T1105235288_d_img_d18_r00002_c002_structural.jpg,D:\ISRO\OHRC_tiles\ch2_ohr_ncp_20260331T1105235288_d_img_d18\ch2_ohr_ncp_20260331T1105235288_d_img_d18_r00002_c002_illum.jpg,9.269341,-1.2349957,-3.3451402
23,ch2_ohr_ncp_20260331T1105235288_d_img_d18,D:\ISRO\OHRC_raws\ch2_ohr_ncp_20260331T1105235288_d_img_d18,2026-03-31T11:05:23.5288Z,2,3,2048,3072,2048,256,512.0,0.25,8.1336235974,296.12323111,89.38302,1.895764,88.104236,TDI64,msb,Ascending,True,0.0,D:\ISRO\OHRC_tiles\ch2_ohr_ncp_20260331T1105235288_d_img_d18\ch2_ohr_ncp_20260331T1105235288_d_img_d18_r00002_c003_structural.jpg,D:\ISRO\OHRC_tiles\ch2_ohr_ncp_20260331T1105235288_d_img_d18\ch2_ohr_ncp_20260331T1105235288_d_img_d18_r00002_c003_illum.jpg,8.0883255,-0.10084971,-1.9929967
24,ch2_ohr_ncp_20260331T1105235288_d_img_d18,D:\ISRO\OHRC_raws\ch2_ohr_ncp_20260331T1105235288_d_img_d18,2026-03-31T11:05:23.5288Z,2,4,2048,4096,2048,256,512.0,0.25,8.133514472,296.13228648000006,89.38302,1.895764,88.104236,TDI64,msb,Ascending,True,0.0,D:\ISRO\OHRC_tiles\ch2_ohr_ncp_20260331T1105235288_d_img_d18\ch2_ohr_ncp_20260331T1105235288_d_img_d18_r00002_c004_structural.jpg,D:\ISRO\OHRC_tiles\ch2_ohr_ncp_20260331T1105235288_d_img_d18\ch2_ohr_ncp_20260331T1105235288_d_img_d18_r00002_c004_illum.jpg,8.209198,-0.22938702,-0.72022015
25,ch2_ohr_ncp_20260331T1105235288_d_img_d18,D:\ISRO\OHRC_raws\ch2_ohr_ncp_20260331T1105235288_d_img_d18,2026-03-31T11:05:23.5288Z,2,5,2048,5120,2048,256,512.0,0.25,8.133404663,296.14134888,89.38302,1.895764,88.104236,TDI64,msb,Ascending,True,0.0,D:\ISRO\OHRC_tiles\ch2_ohr_ncp_20260331T1105235288_d_img_d18\ch2_ohr_ncp_20260331T1105235288_d_img_d18_r00002_c005_structural.jpg,D:\ISRO\OHRC_tiles\ch2_ohr_ncp_20260331T1105235288_d_img_d18\ch2_ohr_ncp_20260331T1105235288_d_img_d18_r00002_c005_illum.jpg,9.259296,-1.0787559,-1.0464994
26,ch2_ohr_ncp_20260331T1105235288_d_img_d18,D:\ISRO\OHRC_raws\ch2_ohr_ncp_20260331T1105235288_d_img_d18,2026-03-31T11:05:23.5288Z,2,6,2048,6144,2048,256,512.0,0.25,8.1332941492,296.15041866,89.38302,1.895764,88.104236,TDI64,msb,Ascending,True,0.0,D:\ISRO\OHRC_tiles\ch2_ohr_ncp_20260331T1105235288_d_img_d18\ch2_ohr_ncp_20260331T1105235288_d_img_d18_r00002_c006_structural.jpg,D:\ISRO\OHRC_tiles\ch2_ohr_ncp_20260331T1105235288_d_img_d18\ch2_ohr_ncp_20260331T1105235288_d_img_d18_r00002_c006_illum.jpg,8.197932,-0.14931993,-0.2679644
27,ch2_ohr_ncp_20260331T1105235288_d_img_d18,D:\ISRO\OHRC_raws\ch2_ohr_ncp_20260331T1105235288_d_img_d18,2026-03-31T11:05:23.5288Z,2,7,2048,7168,2048,256,512.0,0.25,8.133182937299999,296.15949554,89.38302,1.895764,88.104236,TDI64,msb,Ascending,True,0.0,D:\ISRO\OHRC_tiles\ch2_ohr_ncp_20260331T1105235288_d_img_d18\ch2_ohr_ncp_20260331T1105235288_d_img_d18_r00002_c007_structural.jpg,D:\ISRO\OHRC_tiles\ch2_ohr_ncp_20260331T1105235288_d_img_d18\ch2_ohr_ncp_20260331T1105235288_d_img_d18_r00002_c007_illum.jpg,6.880572,1.868095,0.7529368
28,ch2_ohr_ncp_20260331T1105235288_d_img_d18,D:\ISRO\OHRC_raws\ch2_ohr_ncp_20260331T1105235288_d_img_d18,2026-03-31T11:05:23.5288Z,2,8,2048,8192,2048,256,512.0,0.25,8.1330710282,296.16858059000003,89.38302,1.895764,88.104236,TDI64,msb,Ascending,True,0.0,D:\ISRO\OHRC_tiles\ch2_ohr_ncp_20260331T1105235288_d_img_d18\ch2_ohr_ncp_20260331T1105235288_d_img_d18_r00002_c008_structural.jpg,D:\ISRO\OHRC_tiles\ch2_ohr_ncp_20260331T1105235288_d_img_d18\ch2_ohr_ncp_20260331T1105235288_d_img_d18_r00002_c008_illum.jpg,7.7090616,1.0728055,-0.19889824
29,ch2_ohr_ncp_20260331T1105235288_d_img_d18,D:\ISRO\OHRC_raws\ch2_ohr_ncp_20260331T1105235288_d_img_d18,2026-03-31T11:05:23.5288Z,2,9,2048,9216,2048,256,512.0,0.25,8.132958410800002,296.17767271,89.38302,1.895764,88.104236,TDI64,msb,Ascending,True,0.0,D:\ISRO\OHRC_tiles\ch2_ohr_ncp_20260331T1105235288_d_img_d18\ch2_ohr_ncp_20260331T1105235288_d_img_d18_r00002_c009_structural.jpg,D:\ISRO\OHRC_tiles\ch2_ohr_ncp_20260331T1105235288_d_img_d18\ch2_ohr_ncp_20260331T1105235288_d_img_d18_r00002_c009_illum.jpg,8.027309,-0.14919682,0.62801814
30,ch2_ohr_ncp_20260331T1105235288_d_img_d18,D:\ISRO\OHRC_raws\ch2_ohr_ncp_20260331T1105235288_d_img_d18,2026-03-31T11:05:23.5288Z,3,0,3072,0,2048,256,512.0,0.25,8.1248122115,296.09634029999995,89.38302,1.895764,88.104236,TDI64,msb,Ascending,True,0.0,D:\ISRO\OHRC_tiles\ch2_ohr_ncp_20260331T1105235288_d_img_d18\ch2_ohr_ncp_20260331T1105235288_d_img_d18_r00003_c000_structural.jpg,D:\ISRO\OHRC_tiles\ch2_ohr_ncp_20260331T1105235288_d_img_d18\ch2_ohr_ncp_20260331T1105235288_d_img_d18_r00003_c000_illum.jpg,7.387548,0.9180545,0.51280195
31,ch2_ohr_ncp_20260331T1105235288_d_img_d18,D:\ISRO\OHRC_raws\ch2_ohr_ncp_20260331T1105235288_d_img_d18,2026-03-31T11:05:23.5288Z,3,1,3072,1024,2048,256,512.0,0.25,8.124705173299999,296.10537271999993,89.38302,1.895764,88.104236,TDI64,msb,Ascending,True,0.0,D:\ISRO\OHRC_tiles\ch2_ohr_ncp_20260331T1105235288_d_img_d18\ch2_ohr_ncp_20260331T1105235288_d_img_d18_r00003_c001_structural.jpg,D:\ISRO\OHRC_tiles\ch2_ohr_ncp_20260331T1105235288_d_img_d18\ch2_ohr_ncp_20260331T1105235288_d_img_d18_r00003_c001_illum.jpg,8.512251,-0.4428769,-2.4395947
32,ch2_ohr_ncp_20260331T1105235288_d_img_d18,D:\ISRO\OHRC_raws\ch2_ohr_ncp_20260331T1105235288_d_img_d18,2026-03-31T11:05:23.5288Z,3,2,3072,2048,2048,256,512.0,0.25,8.124597447000001,296.11441264,89.38302,1.895764,88.104236,TDI64,msb,Ascending,True,0.0,D:\ISRO\OHRC_tiles\ch2_ohr_ncp_20260331T1105235288_d_img_d18\ch2_ohr_ncp_20260331T1105235288_d_img_d18_r00003_c002_structural.jpg,D:\ISRO\OHRC_tiles\ch2_ohr_ncp_20260331T1105235288_d_img_d18\ch2_ohr_ncp_20260331T1105235288_d_img_d18_r00003_c002_illum.jpg,8.238522,0.052068844,-1.9649729
33,ch2_ohr_ncp_20260331T1105235288_d_img_d18,D:\ISRO\OHRC_raws\ch2_ohr_ncp_20260331T1105235288_d_img_d18,2026-03-31T11:05:23.5288Z,3,3,3072,3072,2048,256,512.0,0.25,8.124489027100001,296.12346053,89.38302,1.895764,88.104236,TDI64,msb,Ascending,True,0.0,D:\ISRO\OHRC_tiles\ch2_ohr_ncp_20260331T1105235288_d_img_d18\ch2_ohr_ncp_20260331T1105235288_d_img_d18_r00003_c003_structural.jpg,D:\ISRO\OHRC_tiles\ch2_ohr_ncp_20260331T1105235288_d_img_d18\ch2_ohr_ncp_20260331T1105235288_d_img_d18_r00003_c003_illum.jpg,7.029638,1.0292989,0.8339159
34,ch2_ohr_ncp_20260331T1105235288_d_img_d18,D:\ISRO\OHRC_raws\ch2_ohr_ncp_20260331T1105235288_d_img_d18,2026-03-31T11:05:23.5288Z,3,4,3072,4096,2048,256,512.0,0.25,8.1243799231,296.1325149,89.38302,1.895764,88.104236,TDI64,msb,Ascending,True,0.0,D:\ISRO\OHRC_tiles\ch2_ohr_ncp_20260331T1105235288_d_img_d18\ch2_ohr_ncp_20260331T1105235288_d_img_d18_r00003_c004_structural.jpg,D:\ISRO\OHRC_tiles\ch2_ohr_ncp_20260331T1105235288_d_img_d18\ch2_ohr_ncp_20260331T1105235288_d_img_d18_r00003_c004_illum.jpg,9.38112,-1.360089,-1.7384415
35,ch2_ohr_ncp_20260331T1105235288_d_img_d18,D:\ISRO\OHRC_raws\ch2_ohr_ncp_20260331T1105235288_d_img_d18,2026-03-31T11:05:23.5288Z,3,5,3072,5120,2048,256,512.0,0.25,8.124270116,296.1415773,89.38302,1.895764,88.104236,TDI64,msb,Ascending,True,0.0,D:\ISRO\OHRC_tiles\ch2_ohr_ncp_20260331T1105235288_d_img_d18\ch2_ohr_ncp_20260331T1105235288_d_img_d18_r00003_c005_structural.jpg,D:\ISRO\OHRC_tiles\ch2_ohr_ncp_20260331T1105235288_d_img_d18\ch2_ohr_ncp_20260331T1105235288_d_img_d18_r00003_c005_illum.jpg,9.301677,-1.2796848,-0.62488765
36,ch2_ohr_ncp_20260331T1105235288_d_img_d18,D:\ISRO\OHRC_raws\ch2_ohr_ncp_20260331T1105235288_d_img_d18,2026-03-31T11:05:23.5288Z,3,6,3072,6144,2048,256,512.0,0.25,8.1241596153,296.15064639,89.38302,1.895764,88.104236,TDI64,msb,Ascending,True,0.0,D:\ISRO\OHRC_tiles\ch2_ohr_ncp_20260331T1105235288_d_img_d18\ch2_ohr_ncp_20260331T1105235288_d_img_d18_r00003_c006_structural.jpg,D:\ISRO\OHRC_tiles\ch2_ohr_ncp_20260331T1105235288_d_img_d18\ch2_ohr_ncp_20260331T1105235288_d_img_d18_r00003_c006_illum.jpg,7.3445835,0.98163235,0.84409016
37,ch2_ohr_ncp_20260331T1105235288_d_img_d18,D:\ISRO\OHRC_raws\ch2_ohr_ncp_20260331T1105235288_d_img_d18,2026-03-31T11:05:23.5288Z,3,7,3072,7168,2048,256,512.0,0.25,8.1240484198,296.15972396000006,89.38302,1.895764,88.104236,TDI64,msb,Ascending,True,0.0,D:\ISRO\OHRC_tiles\ch2_ohr_ncp_20260331T1105235288_d_img_d18\ch2_ohr_ncp_20260331T1105235288_d_img_d18_r00003_c007_structural.jpg,D:\ISRO\OHRC_tiles\ch2_ohr_ncp_20260331T1105235288_d_img_d18\ch2_ohr_ncp_20260331T1105235288_d_img_d18_r00003_c007_illum.jpg,7.5867243,0.115182914,-1.1790702
38,ch2_ohr_ncp_20260331T1105235288_d_img_d18,D:\ISRO\OHRC_raws\ch2_ohr_ncp_20260331T1105235288_d_img_d18,2026-03-31T11:05:23.5288Z,3,8,3072,8192,2048,256,512.0,0.25,8.1239365221,296.16880801,89.38302,1.895764,88.104236,TDI64,msb,Ascending,True,0.0,D:\ISRO\OHRC_tiles\ch2_ohr_ncp_20260331T1105235288_d_img_d18\ch2_ohr_ncp_20260331T1105235288_d_img_d18_r00003_c008_structural.jpg,D:\ISRO\OHRC_tiles\ch2_ohr_ncp_20260331T1105235288_d_img_d18\ch2_ohr_ncp_20260331T1105235288_d_img_d18_r00003_c008_illum.jpg,8.863134,-0.7784365,-2.3481028
39,ch2_ohr_ncp_20260331T1105235288_d_img_d18,D:\ISRO\OHRC_raws\ch2_ohr_ncp_20260331T1105235288_d_img_d18,2026-03-31T11:05:23.5288Z,3,9,3072,9216,2048,256,512.0,0.25,8.123823914699999,296.17790013,89.38302,1.895764,88.104236,TDI64,msb,Ascending,True,0.0,D:\ISRO\OHRC_tiles\ch2_ohr_ncp_20260331T1105235288_d_img_d18\ch2_ohr_ncp_20260331T1105235288_d_img_d18_r00003_c009_structural.jpg,D:\ISRO\OHRC_tiles\ch2_ohr_ncp_20260331T1105235288_d_img_d18\ch2_ohr_ncp_20260331T1105235288_d_img_d18_r00003_c009_illum.jpg,7.530561,0.7803924,0.37102985
40,ch2_ohr_ncp_20260331T1105235288_d_img_d18,D:\ISRO\OHRC_raws\ch2_ohr_ncp_20260331T1105235288_d_img_d18,2026-03-31T11:05:23.5288Z,4,0,4096,0,2048,256,512.0,0.25,8.115681429799999,296.09657688,89.38302,1.895764,88.104236,TDI64,msb,Ascending,True,0.0,D:\ISRO\OHRC_tiles\ch2_ohr_ncp_20260331T1105235288_d_img_d18\ch2_ohr_ncp_20260331T1105235288_d_img_d18_r00004_c000_structural.jpg,D:\ISRO\OHRC_tiles\ch2_ohr_ncp_20260331T1105235288_d_img_d18\ch2_ohr_ncp_20260331T1105235288_d_img_d18_r00004_c000_illum.jpg,8.593581,-1.1148612,-1.8081095
41,ch2_ohr_ncp_20260331T1105235288_d_img_d18,D:\ISRO\OHRC_raws\ch2_ohr_ncp_20260331T1105235288_d_img_d18,2026-03-31T11:05:23.5288Z,4,1,4096,1024,2048,256,512.0,0.25,8.1155744171,296.10560934,89.38302,1.895764,88.104236,TDI64,msb,Ascending,True,0.0,D:\ISRO\OHRC_tiles\ch2_ohr_ncp_20260331T1105235288_d_img_d18\ch2_ohr_ncp_20260331T1105235288_d_img_d18_r00004_c001_structural.jpg,D:\ISRO\OHRC_tiles\ch2_ohr_ncp_20260331T1105235288_d_img_d18\ch2_ohr_ncp_20260331T1105235288_d_img_d18_r00004_c001_illum.jpg,8.096505,0.08813136,-1.1080077
42,ch2_ohr_ncp_20260331T1105235288_d_img_d18,D:\ISRO\OHRC_raws\ch2_ohr_ncp_20260331T1105235288_d_img_d18,2026-03-31T11:05:23.5288Z,4,2,4096,2048,2048,256,512.0,0.25,8.115466710800002,296.11464897,89.38302,1.895764,88.104236,TDI64,msb,Ascending,True,0.0,D:\ISRO\OHRC_tiles\ch2_ohr_ncp_20260331T1105235288_d_img_d18\ch2_ohr_ncp_20260331T1105235288_d_img_d18_r00004_c002_structural.jpg,D:\ISRO\OHRC_tiles\ch2_ohr_ncp_20260331T1105235288_d_img_d18\ch2_ohr_ncp_20260331T1105235288_d_img_d18_r00004_c002_illum.jpg,7.1831393,1.9301256,0.3835122
43,ch2_ohr_ncp_20260331T1105235288_d_img_d18,D:\ISRO\OHRC_raws\ch2_ohr_ncp_20260331T1105235288_d_img_d18,2026-03-31T11:05:23.5288Z,4,3,4096,3072,2048,256,512.0,0.25,8.115358320899999,296.12369615,89.38302,1.895764,88.104236,TDI64,msb,Ascending,True,0.0,D:\ISRO\OHRC_tiles\ch2_ohr_ncp_20260331T1105235288_d_img_d18\ch2_ohr_ncp_20260331T1105235288_d_img_d18_r00004_c003_structural.jpg,D:\ISRO\OHRC_tiles\ch2_ohr_ncp_20260331T1105235288_d_img_d18\ch2_ohr_ncp_20260331T1105235288_d_img_d18_r00004_c003_illum.jpg,6.8003936,1.1002843,0.06135804
44,ch2_ohr_ncp_20260331T1105235288_d_img_d18,D:\ISRO\OHRC_raws\ch2_ohr_ncp_20260331T1105235288_d_img_d18,2026-03-31T11:05:23.5288Z,4,4,4096,4096,2048,256,512.0,0.25,8.1152492295,296.13275102,89.38302,1.895764,88.104236,TDI64,msb,Ascending,True,0.0,D:\ISRO\OHRC_tiles\ch2_ohr_ncp_20260331T1105235288_d_img_d18\ch2_ohr_ncp_20260331T1105235288_d_img_d18_r00004_c004_structural.jpg,D:\ISRO\OHRC_tiles\ch2_ohr_ncp_20260331T1105235288_d_img_d18\ch2_ohr_ncp_20260331T1105235288_d_img_d18_r00004_c004_illum.jpg,10.30695,-2.8227417,-3.0018253
45,ch2_ohr_ncp_20260331T1105235288_d_img_d18,D:\ISRO\OHRC_raws\ch2_ohr_ncp_20260331T1105235288_d_img_d18,2026-03-31T11:05:23.5288Z,4,5,4096,5120,2048,256,512.0,0.25,8.115139450300001,296.14181292,89.38302,1.895764,88.104236,TDI64,msb,Ascending,True,0.0,D:\ISRO\OHRC_tiles\ch2_ohr_ncp_20260331T1105235288_d_img_d18\ch2_ohr_ncp_20260331T1105235288_d_img_d18_r00004_c005_structural.jpg,D:\ISRO\OHRC_tiles\ch2_ohr_ncp_20260331T1105235288_d_img_d18\ch2_ohr_ncp_20260331T1105235288_d_img_d18_r00004_c005_illum.jpg,9.874734,-2.94847,-2.623885
46,ch2_ohr_ncp_20260331T1105235288_d_img_d18,D:\ISRO\OHRC_raws\ch2_ohr_ncp_20260331T1105235288_d_img_d18,2026-03-31T11:05:23.5288Z,4,6,4096,6144,2048,256,512.0,0.25,8.1150289736,296.15088201,89.38302,1.895764,88.104236,TDI64,msb,Ascending,True,0.0,D:\ISRO\OHRC_tiles\ch2_ohr_ncp_20260331T1105235288_d_img_d18\ch2_ohr_ncp_20260331T1105235288_d_img_d18_r00004_c006_structural.jpg,D:\ISRO\OHRC_tiles\ch2_ohr_ncp_20260331T1105235288_d_img_d18\ch2_ohr_ncp_20260331T1105235288_d_img_d18_r00004_c006_illum.jpg,7.9987245,-0.0638458,-0.66089773
47,ch2_ohr_ncp_20260331T1105235288_d_img_d18,D:\ISRO\OHRC_raws\ch2_ohr_ncp_20260331T1105235288_d_img_d18,2026-03-31T11:05:23.5288Z,4,7,4096,7168,2048,256,512.0,0.25,8.1149177946,296.15995929,89.38302,1.895764,88.104236,TDI64,msb,Ascending,True,0.0,D:\ISRO\OHRC_tiles\ch2_ohr_ncp_20260331T1105235288_d_img_d18\ch2_ohr_ncp_20260331T1105235288_d_img_d18_r00004_c007_structural.jpg,D:\ISRO\OHRC_tiles\ch2_ohr_ncp_20260331T1105235288_d_img_d18\ch2_ohr_ncp_20260331T1105235288_d_img_d18_r00004_c007_illum.jpg,8.625639,-0.5199251,-1.7666683
48,ch2_ohr_ncp_20260331T1105235288_d_img_d18,D:\ISRO\OHRC_raws\ch2_ohr_ncp_20260331T1105235288_d_img_d18,2026-03-31T11:05:23.5288Z,4,8,4096,8192,2048,256,512.0,0.25,8.1148059191,296.16904334000003,89.38302,1.895764,88.104236,TDI64,msb,Ascending,True,0.0,D:\ISRO\OHRC_tiles\ch2_ohr_ncp_20260331T1105235288_d_img_d18\ch2_ohr_ncp_20260331T1105235288_d_img_d18_r00004_c008_structural.jpg,D:\ISRO\OHRC_tiles\ch2_ohr_ncp_20260331T1105235288_d_img_d18\ch2_ohr_ncp_20260331T1105235288_d_img_d18_r00004_c008_illum.jpg,9.028588,-1.2319859,-2.2251627
49,ch2_ohr_ncp_20260331T1105235288_d_img_d18,D:\ISRO\OHRC_raws\ch2_ohr_ncp_20260331T1105235288_d_img_d18,2026-03-31T11:05:23.5288Z,4,9,4096,9216,2048,256,512.0,0.25,8.114693341199999,296.17813546,89.38302,1.895764,88.104236,TDI64,msb,Ascending,True,0.0,D:\ISRO\OHRC_tiles\ch2_ohr_ncp_20260331T1105235288_d_img_d18\ch2_ohr_ncp_20260331T1105235288_d_img_d18_r00004_c009_structural.jpg,D:\ISRO\OHRC_tiles\ch2_ohr_ncp_20260331T1105235288_d_img_d18\ch2_ohr_ncp_20260331T1105235288_d_img_d18_r00004_c009_illum.jpg,7.335115,0.2763353,0.9233235
50,ch2_ohr_ncp_20260331T1105235288_d_img_d18,D:\ISRO\OHRC_raws\ch2_ohr_ncp_20260331T1105235288_d_img_d18,2026-03-31T11:05:23.5288Z,5,0,5120,0,2048,256,512.0,0.25,8.106535085900001,296.09680163,89.38302,1.895764,88.104236,TDI64,msb,Ascending,True,0.0,D:\ISRO\OHRC_tiles\ch2_ohr_ncp_20260331T1105235288_d_img_d18\ch2_ohr_ncp_20260331T1105235288_d_img_d18_r00005_c000_structural.jpg,D:\ISRO\OHRC_tiles\ch2_ohr_ncp_20260331T1105235288_d_img_d18\ch2_ohr_ncp_20260331T1105235288_d_img_d18_r00005_c000_illum.jpg,9.983274,-1.8665842,-2.515248
51,ch2_ohr_ncp_20260331T1105235288_d_img_d18,D:\ISRO\OHRC_raws\ch2_ohr_ncp_20260331T1105235288_d_img_d18,2026-03-31T11:05:23.5288Z,5,1,5120,1024,2048,256,512.0,0.25,8.1064280557,296.10583384,89.38302,1.895764,88.104236,TDI64,msb,Ascending,True,0.0,D:\ISRO\OHRC_tiles\ch2_ohr_ncp_20260331T1105235288_d_img_d18\ch2_ohr_ncp_20260331T1105235288_d_img_d18_r00005_c001_structural.jpg,D:\ISRO\OHRC_tiles\ch2_ohr_ncp_20260331T1105235288_d_img_d18\ch2_ohr_ncp_20260331T1105235288_d_img_d18_r00005_c001_illum.jpg,8.375473,-0.117628105,-1.2140054
52,ch2_ohr_ncp_20260331T1105235288_d_img_d18,D:\ISRO\OHRC_raws\ch2_ohr_ncp_20260331T1105235288_d_img_d18,2026-03-31T11:05:23.5288Z,5,2,5120,2048,2048,256,512.0,0.25,8.1063203394,296.11487325,89.38302,1.895764,88.104236,TDI64,msb,Ascending,True,0.0,D:\ISRO\OHRC_tiles\ch2_ohr_ncp_20260331T1105235288_d_img_d18\ch2_ohr_ncp_20260331T1105235288_d_img_d18_r00005_c002_structural.jpg,D:\ISRO\OHRC_tiles\ch2_ohr_ncp_20260331T1105235288_d_img_d18\ch2_ohr_ncp_20260331T1105235288_d_img_d18_r00005_c002_illum.jpg,7.6016707,1.9637915,-0.44767377
53,ch2_ohr_ncp_20260331T1105235288_d_img_d18,D:\ISRO\OHRC_raws\ch2_ohr_ncp_20260331T1105235288_d_img_d18,2026-03-31T11:05:23.5288Z,5,3,5120,3072,2048,256,512.0,0.25,8.1062119348,296.12392014,89.38302,1.895764,88.104236,TDI64,msb,Ascending,True,0.0,D:\ISRO\OHRC_tiles\ch2_ohr_ncp_20260331T1105235288_d_img_d18\ch2_ohr_ncp_20260331T1105235288_d_img_d18_r00005_c003_structural.jpg,D:\ISRO\OHRC_tiles\ch2_ohr_ncp_20260331T1105235288_d_img_d18\ch2_ohr_ncp_20260331T1105235288_d_img_d18_r00005_c003_illum.jpg,7.9503455,0.07776514,-0.069571696
54,ch2_ohr_ncp_20260331T1105235288_d_img_d18,D:\ISRO\OHRC_raws\ch2_ohr_ncp_20260331T1105235288_d_img_d18,2026-03-31T11:05:23.5288Z,5,4,5120,4096,2048,256,512.0,0.25,8.1061028313,296.13297451,89.38302,1.895764,88.104236,TDI64,msb,Ascending,True,0.0,D:\ISRO\OHRC_tiles\ch2_ohr_ncp_20260331T1105235288_d_img_d18\ch2_ohr_ncp_20260331T1105235288_d_img_d18_r00005_c004_structural.jpg,D:\ISRO\OHRC_tiles\ch2_ohr_ncp_20260331T1105235288_d_img_d18\ch2_ohr_ncp_20260331T1105235288_d_img_d18_r00005_c004_illum.jpg,9.867618,-2.3939848,-2.130466
55,ch2_ohr_ncp_20260331T1105235288_d_img_d18,D:\ISRO\OHRC_raws\ch2_ohr_ncp_20260331T1105235288_d_img_d18,2026-03-31T11:05:23.5288Z,5,5,5120,5120,2048,256,512.0,0.25,8.105993038700001,296.14203683000005,89.38302,1.895764,88.104236,TDI64,msb,Ascending,True,0.0,D:\ISRO\OHRC_tiles\ch2_ohr_ncp_20260331T1105235288_d_img_d18\ch2_ohr_ncp_20260331T1105235288_d_img_d18_r00005_c005_structural.jpg,D:\ISRO\OHRC_tiles\ch2_ohr_ncp_20260331T1105235288_d_img_d18\ch2_ohr_ncp_20260331T1105235288_d_img_d18_r00005_c005_illum.jpg,9.628996,-2.1751342,-2.688712
56,ch2_ohr_ncp_20260331T1105235288_d_img_d18,D:\ISRO\OHRC_raws\ch2_ohr_ncp_20260331T1105235288_d_img_d18,2026-03-31T11:05:23.5288Z,5,6,5120,6144,2048,256,512.0,0.25,8.1058825457,296.151106,89.38302,1.895764,88.104236,TDI64,msb,Ascending,True,0.0,D:\ISRO\OHRC_tiles\ch2_ohr_ncp_20260331T1105235288_d_img_d18\ch2_ohr_ncp_20260331T1105235288_d_img_d18_r00005_c006_structural.jpg,D:\ISRO\OHRC_tiles\ch2_ohr_ncp_20260331T1105235288_d_img_d18\ch2_ohr_ncp_20260331T1105235288_d_img_d18_r00005_c006_illum.jpg,8.154627,-0.47194904,-0.99649155
57,ch2_ohr_ncp_20260331T1105235288_d_img_d18,D:\ISRO\OHRC_raws\ch2_ohr_ncp_20260331T1105235288_d_img_d18,2026-03-31T11:05:23.5288Z,5,7,5120,7168,2048,256,512.0,0.25,8.1057713638,296.16018257,89.38302,1.895764,88.104236,TDI64,msb,Ascending,True,0.0,D:\ISRO\OHRC_tiles\ch2_ohr_ncp_20260331T1105235288_d_img_d18\ch2_ohr_ncp_20260331T1105235288_d_img_d18_r00005_c007_structural.jpg,D:\ISRO\OHRC_tiles\ch2_ohr_ncp_20260331T1105235288_d_img_d18\ch2_ohr_ncp_20260331T1105235288_d_img_d18_r00005_c007_illum.jpg,7.6329513,1.2574613,0.16177702
58,ch2_ohr_ncp_20260331T1105235288_d_img_d18,D:\ISRO\OHRC_raws\ch2_ohr_ncp_20260331T1105235288_d_img_d18,2026-03-31T11:05:23.5288Z,5,8,5120,8192,2048,256,512.0,0.25,8.1056594783,296.16926645,89.38302,1.895764,88.104236,TDI64,msb,Ascending,True,0.0,D:\ISRO\OHRC_tiles\ch2_ohr_ncp_20260331T1105235288_d_img_d18\ch2_ohr_ncp_20260331T1105235288_d_img_d18_r00005_c008_structural.jpg,D:\ISRO\OHRC_tiles\ch2_ohr_ncp_20260331T1105235288_d_img_d18\ch2_ohr_ncp_20260331T1105235288_d_img_d18_r00005_c008_illum.jpg,7.737364,0.1749948,-0.28776395
59,ch2_ohr_ncp_20260331T1105235288_d_img_d18,D:\ISRO\OHRC_raws\ch2_ohr_ncp_20260331T1105235288_d_img_d18,2026-03-31T11:05:23.5288Z,5,9,5120,9216,2048,256,512.0,0.25,8.1055468892,296.17835862,89.38302,1.895764,88.104236,TDI64,msb,Ascending,True,0.0,D:\ISRO\OHRC_tiles\ch2_ohr_ncp_20260331T1105235288_d_img_d18\ch2_ohr_ncp_20260331T1105235288_d_img_d18_r00005_c009_structural.jpg,D:\ISRO\OHRC_tiles\ch2_ohr_ncp_20260331T1105235288_d_img_d18\ch2_ohr_ncp_20260331T1105235288_d_img_d18_r00005_c009_illum.jpg,7.3901334,-0.082414106,0.79593545
60,ch2_ohr_ncp_20260331T1105235288_d_img_d18,D:\ISRO\OHRC_raws\ch2_ohr_ncp_20260331T1105235288_d_img_d18,2026-03-31T11:05:23.5288Z,6,0,6144,0,2048,256,512.0,0.25,8.0973964388,296.09703320999995,89.38302,1.895764,88.104236,TDI64,msb,Ascending,True,0.0,D:\ISRO\OHRC_tiles\ch2_ohr_ncp_20260331T1105235288_d_img_d18\ch2_ohr_ncp_20260331T1105235288_d_img_d18_r00006_c000_structural.jpg,D:\ISRO\OHRC_tiles\ch2_ohr_ncp_20260331T1105235288_d_img_d18\ch2_ohr_ncp_20260331T1105235288_d_img_d18_r00006_c000_illum.jpg,7.9462175,0.9575489,-0.19293863
61,ch2_ohr_ncp_20260331T1105235288_d_img_d18,D:\ISRO\OHRC_raws\ch2_ohr_ncp_20260331T1105235288_d_img_d18,2026-03-31T11:05:23.5288Z,6,1,6144,1024,2048,256,512.0,0.25,8.0972894186,296.10606538,89.38302,1.895764,88.104236,TDI64,msb,Ascending,True,0.0,D:\ISRO\OHRC_tiles\ch2_ohr_ncp_20260331T1105235288_d_img_d18\ch2_ohr_ncp_20260331T1105235288_d_img_d18_r00006_c001_structural.jpg,D:\ISRO\OHRC_tiles\ch2_ohr_ncp_20260331T1105235288_d_img_d18\ch2_ohr_ncp_20260331T1105235288_d_img_d18_r00006_c001_illum.jpg,7.353195,2.0772452,0.65333635
62,ch2_ohr_ncp_20260331T1105235288_d_img_d18,D:\ISRO\OHRC_raws\ch2_ohr_ncp_20260331T1105235288_d_img_d18,2026-03-31T11:05:23.5288Z,6,2,6144,2048,2048,256,512.0,0.25,8.0971817123,296.11510452999994,89.38302,1.895764,88.104236,TDI64,msb,Ascending,True,0.0,D:\ISRO\OHRC_tiles\ch2_ohr_ncp_20260331T1105235288_d_img_d18\ch2_ohr_ncp_20260331T1105235288_d_img_d18_r00006_c002_structural.jpg,D:\ISRO\OHRC_tiles\ch2_ohr_ncp_20260331T1105235288_d_img_d18\ch2_ohr_ncp_20260331T1105235288_d_img_d18_r00006_c002_illum.jpg,7.6421676,2.059562,-0.41981164
63,ch2_ohr_ncp_20260331T1105235288_d_img_d18,D:\ISRO\OHRC_raws\ch2_ohr_ncp_20260331T1105235288_d_img_d18,2026-03-31T11:05:23.5288Z,6,3,6144,3072,2048,256,512.0,0.25,8.097073314700001,296.12415122,89.38302,1.895764,88.104236,TDI64,msb,Ascending,True,0.0,D:\ISRO\OHRC_tiles\ch2_ohr_ncp_20260331T1105235288_d_img_d18\ch2_ohr_ncp_20260331T1105235288_d_img_d18_r00006_c003_structural.jpg,D:\ISRO\OHRC_tiles\ch2_ohr_ncp_20260331T1105235288_d_img_d18\ch2_ohr_ncp_20260331T1105235288_d_img_d18_r00006_c003_illum.jpg,7.552898,1.3640342,-0.7317547
64,ch2_ohr_ncp_20260331T1105235288_d_img_d18,D:\ISRO\OHRC_raws\ch2_ohr_ncp_20260331T1105235288_d_img_d18,2026-03-31T11:05:23.5288Z,6,4,6144,4096,2048,256,512.0,0.25,8.0969642212,296.13320556,89.38302,1.895764,88.104236,TDI64,msb,Ascending,True,0.0,D:\ISRO\OHRC_tiles\ch2_ohr_ncp_20260331T1105235288_d_img_d18\ch2_ohr_ncp_20260331T1105235288_d_img_d18_r00006_c004_structural.jpg,D:\ISRO\OHRC_tiles\ch2_ohr_ncp_20260331T1105235288_d_img_d18\ch2_ohr_ncp_20260331T1105235288_d_img_d18_r00006_c004_illum.jpg,7.4530997,0.8980898,-0.15511356
65,ch2_ohr_ncp_20260331T1105235288_d_img_d18,D:\ISRO\OHRC_raws\ch2_ohr_ncp_20260331T1105235288_d_img_d18,2026-03-31T11:05:23.5288Z,6,5,6144,5120,2048,256,512.0,0.25,8.096854438600001,296.14226741000004,89.38302,1.895764,88.104236,TDI64,msb,Ascending,True,0.0,D:\ISRO\OHRC_tiles\ch2_ohr_ncp_20260331T1105235288_d_img_d18\ch2_ohr_ncp_20260331T1105235288_d_img_d18_r00006_c005_structural.jpg,D:\ISRO\OHRC_tiles\ch2_ohr_ncp_20260331T1105235288_d_img_d18\ch2_ohr_ncp_20260331T1105235288_d_img_d18_r00006_c005_illum.jpg,7.0816174,0.9763068,0.8719739
66,ch2_ohr_ncp_20260331T1105235288_d_img_d18,D:\ISRO\OHRC_raws\ch2_ohr_ncp_20260331T1105235288_d_img_d18,2026-03-31T11:05:23.5288Z,6,6,6144,6144,2048,256,512.0,0.25,8.0967439603,296.15133628,89.38302,1.895764,88.104236,TDI64,msb,Ascending,True,0.0,D:\ISRO\OHRC_tiles\ch2_ohr_ncp_20260331T1105235288_d_img_d18\ch2_ohr_ncp_20260331T1105235288_d_img_d18_r00006_c006_structural.jpg,D:\ISRO\OHRC_tiles\ch2_ohr_ncp_20260331T1105235288_d_img_d18\ch2_ohr_ncp_20260331T1105235288_d_img_d18_r00006_c006_illum.jpg,7.2204723,1.0531806,0.51041853
67,ch2_ohr_ncp_20260331T1105235288_d_img_d18,D:\ISRO\OHRC_raws\ch2_ohr_ncp_20260331T1105235288_d_img_d18,2026-03-31T11:05:23.5288Z,6,7,6144,7168,2048,256,512.0,0.25,8.096632780699998,296.16041269,89.38302,1.895764,88.104236,TDI64,msb,Ascending,True,0.0,D:\ISRO\OHRC_tiles\ch2_ohr_ncp_20260331T1105235288_d_img_d18\ch2_ohr_ncp_20260331T1105235288_d_img_d18_r00006_c007_structural.jpg,D:\ISRO\OHRC_tiles\ch2_ohr_ncp_20260331T1105235288_d_img_d18\ch2_ohr_ncp_20260331T1105235288_d_img_d18_r00006_c007_illum.jpg,8.230414,-0.5066543,-0.84270364
68,ch2_ohr_ncp_20260331T1105235288_d_img_d18,D:\ISRO\OHRC_raws\ch2_ohr_ncp_20260331T1105235288_d_img_d18,2026-03-31T11:05:23.5288Z,6,8,6144,8192,2048,256,512.0,0.25,8.0965209052,296.16949673,89.38302,1.895764,88.104236,TDI64,msb,Ascending,True,0.0,D:\ISRO\OHRC_tiles\ch2_ohr_ncp_20260331T1105235288_d_img_d18\ch2_ohr_ncp_20260331T1105235288_d_img_d18_r00006_c008_structural.jpg,D:\ISRO\OHRC_tiles\ch2_ohr_ncp_20260331T1105235288_d_img_d18\ch2_ohr_ncp_20260331T1105235288_d_img_d18_r00006_c008_illum.jpg,8.225218,-0.32190365,-0.88857263
69,ch2_ohr_ncp_20260331T1105235288_d_img_d18,D:\ISRO\OHRC_raws\ch2_ohr_ncp_20260331T1105235288_d_img_d18,2026-03-31T11:05:23.5288Z,6,9,6144,9216,2048,256,512.0,0.25,8.0964083261,296.17858879,89.38302,1.895764,88.104236,TDI64,msb,Ascending,True,0.0,D:\ISRO\OHRC_tiles\ch2_ohr_ncp_20260331T1105235288_d_img_d18\ch2_ohr_ncp_20260331T1105235288_d_img_d18_r00006_c009_structural.jpg,D:\ISRO\OHRC_tiles\ch2_ohr_ncp_20260331T1105235288_d_img_d18\ch2_ohr_ncp_20260331T1105235288_d_img_d18_r00006_c009_illum.jpg,7.299656,0.61287165,1.5289952
70,ch2_ohr_ncp_20260331T1105235288_d_img_d18,D:\ISRO\OHRC_raws\ch2_ohr_ncp_20260331T1105235288_d_img_d18,2026-03-31T11:05:23.5288Z,7,0,7168,0,2048,256,512.0,0.25,8.0882639188,296.09725347,89.38302,1.895764,88.104236,TDI64,msb,Ascending,True,0.0,D:\ISRO\OHRC_tiles\ch2_ohr_ncp_20260331T1105235288_d_img_d18\ch2_ohr_ncp_20260331T1105235288_d_img_d18_r00007_c000_structural.jpg,D:\ISRO\OHRC_tiles\ch2_ohr_ncp_20260331T1105235288_d_img_d18\ch2_ohr_ncp_20260331T1105235288_d_img_d18_r00007_c000_illum.jpg,8.112726,0.42999285,-1.5881001
71,ch2_ohr_ncp_20260331T1105235288_d_img_d18,D:\ISRO\OHRC_raws\ch2_ohr_ncp_20260331T1105235288_d_img_d18,2026-03-31T11:05:23.5288Z,7,1,7168,1024,2048,256,512.0,0.25,8.0881569037,296.1062849,89.38302,1.895764,88.104236,TDI64,msb,Ascending,True,0.0,D:\ISRO\OHRC_tiles\ch2_ohr_ncp_20260331T1105235288_d_img_d18\ch2_ohr_ncp_20260331T1105235288_d_img_d18_r00007_c001_structural.jpg,D:\ISRO\OHRC_tiles\ch2_ohr_ncp_20260331T1105235288_d_img_d18\ch2_ohr_ncp_20260331T1105235288_d_img_d18_r00007_c001_illum.jpg,8.26703,-0.320393,-1.7305392
72,ch2_ohr_ncp_20260331T1105235288_d_img_d18,D:\ISRO\OHRC_raws\ch2_ohr_ncp_20260331T1105235288_d_img_d18,2026-03-31T11:05:23.5288Z,7,2,7168,2048,2048,256,512.0,0.25,8.0880492024,296.11532382,89.38302,1.895764,88.104236,TDI64,msb,Ascending,True,0.0,D:\ISRO\OHRC_tiles\ch2_ohr_ncp_20260331T1105235288_d_img_d18\ch2_ohr_ncp_20260331T1105235288_d_img_d18_r00007_c002_structural.jpg,D:\ISRO\OHRC_tiles\ch2_ohr_ncp_20260331T1105235288_d_img_d18\ch2_ohr_ncp_20260331T1105235288_d_img_d18_r00007_c002_illum.jpg,7.973695,0.16888614,-0.79969877
73,ch2_ohr_ncp_20260331T1105235288_d_img_d18,D:\ISRO\OHRC_raws\ch2_ohr_ncp_20260331T1105235288_d_img_d18,2026-03-31T11:05:23.5288Z,7,3,7168,3072,2048,256,512.0,0.25,8.0879408125,296.12437071,89.38302,1.895764,88.104236,TDI64,msb,Ascending,True,0.0,D:\ISRO\OHRC_tiles\ch2_ohr_ncp_20260331T1105235288_d_img_d18\ch2_ohr_ncp_20260331T1105235288_d_img_d18_r00007_c003_structural.jpg,D:\ISRO\OHRC_tiles\ch2_ohr_ncp_20260331T1105235288_d_img_d18\ch2_ohr_ncp_20260331T1105235288_d_img_d18_r00007_c003_illum.jpg,7.096189,0.4032982,0.36342838
74,ch2_ohr_ncp_20260331T1105235288_d_img_d18,D:\ISRO\OHRC_raws\ch2_ohr_ncp_20260331T1105235288_d_img_d18,2026-03-31T11:05:23.5288Z,7,4,7168,4096,2048,256,512.0,0.25,8.0878317389,296.13342487,89.38302,1.895764,88.104236,TDI64,msb,Ascending,True,0.0,D:\ISRO\OHRC_tiles\ch2_ohr_ncp_20260331T1105235288_d_img_d18\ch2_ohr_ncp_20260331T1105235288_d_img_d18_r00007_c004_structural.jpg,D:\ISRO\OHRC_tiles\ch2_ohr_ncp_20260331T1105235288_d_img_d18\ch2_ohr_ncp_20260331T1105235288_d_img_d18_r00007_c004_illum.jpg,7.572197,0.6536667,-0.3136063
75,ch2_ohr_ncp_20260331T1105235288_d_img_d18,D:\ISRO\OHRC_raws\ch2_ohr_ncp_20260331T1105235288_d_img_d18,2026-03-31T11:05:23.5288Z,7,5,7168,5120,2048,256,512.0,0.25,8.0877219619,296.14248647999995,89.38302,1.895764,88.104236,TDI64,msb,Ascending,True,0.0,D:\ISRO\OHRC_tiles\ch2_ohr_ncp_20260331T1105235288_d_img_d18\ch2_ohr_ncp_20260331T1105235288_d_img_d18_r00007_c005_structural.jpg,D:\ISRO\OHRC_tiles\ch2_ohr_ncp_20260331T1105235288_d_img_d18\ch2_ohr_ncp_20260331T1105235288_d_img_d18_r00007_c005_illum.jpg,7.1617446,0.14696223,-0.17792176
76,ch2_ohr_ncp_20260331T1105235288_d_img_d18,D:\ISRO\OHRC_raws\ch2_ohr_ncp_20260331T1105235288_d_img_d18,2026-03-31T11:05:23.5288Z,7,6,7168,6144,2048,256,512.0,0.25,8.087611488100002,296.15155457000003,89.38302,1.895764,88.104236,TDI64,msb,Ascending,True,0.0,D:\ISRO\OHRC_tiles\ch2_ohr_ncp_20260331T1105235288_d_img_d18\ch2_ohr_ncp_20260331T1105235288_d_img_d18_r00007_c006_structural.jpg,D:\ISRO\OHRC_tiles\ch2_ohr_ncp_20260331T1105235288_d_img_d18\ch2_ohr_ncp_20260331T1105235288_d_img_d18_r00007_c006_illum.jpg,8.439882,-0.82182515,-1.006234
77,ch2_ohr_ncp_20260331T1105235288_d_img_d18,D:\ISRO\OHRC_raws\ch2_ohr_ncp_20260331T1105235288_d_img_d18,2026-03-31T11:05:23.5288Z,7,7,7168,7168,2048,256,512.0,0.25,8.087500325399999,296.16063114,89.38302,1.895764,88.104236,TDI64,msb,Ascending,True,0.0,D:\ISRO\OHRC_tiles\ch2_ohr_ncp_20260331T1105235288_d_img_d18\ch2_ohr_ncp_20260331T1105235288_d_img_d18_r00007_c007_structural.jpg,D:\ISRO\OHRC_tiles\ch2_ohr_ncp_20260331T1105235288_d_img_d18\ch2_ohr_ncp_20260331T1105235288_d_img_d18_r00007_c007_illum.jpg,8.190877,-0.6987586,-0.3923203
78,ch2_ohr_ncp_20260331T1105235288_d_img_d18,D:\ISRO\OHRC_raws\ch2_ohr_ncp_20260331T1105235288_d_img_d18,2026-03-31T11:05:23.5288Z,7,8,7168,8192,2048,256,512.0,0.25,8.087388459,296.16971502,89.38302,1.895764,88.104236,TDI64,msb,Ascending,True,0.0,D:\ISRO\OHRC_tiles\ch2_ohr_ncp_20260331T1105235288_d_img_d18\ch2_ohr_ncp_20260331T1105235288_d_img_d18_r00007_c008_structural.jpg,D:\ISRO\OHRC_tiles\ch2_ohr_ncp_20260331T1105235288_d_img_d18\ch2_ohr_ncp_20260331T1105235288_d_img_d18_r00007_c008_illum.jpg,7.914385,-0.5176069,-0.85077053
79,ch2_ohr_ncp_20260331T1105235288_d_img_d18,D:\ISRO\OHRC_raws\ch2_ohr_ncp_20260331T1105235288_d_img_d18,2026-03-31T11:05:23.5288Z,7,9,7168,9216,2048,256,512.0,0.25,8.0872758915,296.17880631,89.38302,1.895764,88.104236,TDI64,msb,Ascending,True,0.0,D:\ISRO\OHRC_tiles\ch2_ohr_ncp_20260331T1105235288_d_img_d18\ch2_ohr_ncp_20260331T1105235288_d_img_d18_r00007_c009_structural.jpg,D:\ISRO\OHRC_tiles\ch2_ohr_ncp_20260331T1105235288_d_img_d18\ch2_ohr_ncp_20260331T1105235288_d_img_d18_r00007_c009_illum.jpg,7.240789,0.58721644,1.0871844
80,ch2_ohr_ncp_20260331T1105235288_d_img_d18,D:\ISRO\OHRC_raws\ch2_ohr_ncp_20260331T1105235288_d_img_d18,2026-03-31T11:05:23.5288Z,8,0,8192,0,2048,256,512.0,0.25,8.0791248975,296.09748675000003,89.38302,1.895764,88.104236,TDI64,msb,Ascending,True,0.0,D:\ISRO\OHRC_tiles\ch2_ohr_ncp_20260331T1105235288_d_img_d18\ch2_ohr_ncp_20260331T1105235288_d_img_d18_r00008_c000_structural.jpg,D:\ISRO\OHRC_tiles\ch2_ohr_ncp_20260331T1105235288_d_img_d18\ch2_ohr_ncp_20260331T1105235288_d_img_d18_r00008_c000_illum.jpg,7.431917,1.1932268,-0.06501985
81,ch2_ohr_ncp_20260331T1105235288_d_img_d18,D:\ISRO\OHRC_raws\ch2_ohr_ncp_20260331T1105235288_d_img_d18,2026-03-31T11:05:23.5288Z,8,1,8192,1024,2048,256,512.0,0.25,8.079017894900002,296.10651842000004,89.38302,1.895764,88.104236,TDI64,msb,Ascending,True,0.0,D:\ISRO\OHRC_tiles\ch2_ohr_ncp_20260331T1105235288_d_img_d18\ch2_ohr_ncp_20260331T1105235288_d_img_d18_r00008_c001_structural.jpg,D:\ISRO\OHRC_tiles\ch2_ohr_ncp_20260331T1105235288_d_img_d18\ch2_ohr_ncp_20260331T1105235288_d_img_d18_r00008_c001_illum.jpg,8.247722,-0.53713566,-1.7419955
82,ch2_ohr_ncp_20260331T1105235288_d_img_d18,D:\ISRO\OHRC_raws\ch2_ohr_ncp_20260331T1105235288_d_img_d18,2026-03-31T11:05:23.5288Z,8,2,8192,2048,2048,256,512.0,0.25,8.078910201,296.11555734,89.38302,1.895764,88.104236,TDI64,msb,Ascending,True,0.0,D:\ISRO\OHRC_tiles\ch2_ohr_ncp_20260331T1105235288_d_img_d18\ch2_ohr_ncp_20260331T1105235288_d_img_d18_r00008_c002_structural.jpg,D:\ISRO\OHRC_tiles\ch2_ohr_ncp_20260331T1105235288_d_img_d18\ch2_ohr_ncp_20260331T1105235288_d_img_d18_r00008_c002_illum.jpg,8.553955,-0.6353547,-1.7144753
83,ch2_ohr_ncp_20260331T1105235288_d_img_d18,D:\ISRO\OHRC_raws\ch2_ohr_ncp_20260331T1105235288_d_img_d18,2026-03-31T11:05:23.5288Z,8,3,8192,3072,2048,256,512.0,0.25,8.078801821099999,296.12460401,89.38302,1.895764,88.104236,TDI64,msb,Ascending,True,0.0,D:\ISRO\OHRC_tiles\ch2_ohr_ncp_20260331T1105235288_d_img_d18\ch2_ohr_ncp_20260331T1105235288_d_img_d18_r00008_c003_structural.jpg,D:\ISRO\OHRC_tiles\ch2_ohr_ncp_20260331T1105235288_d_img_d18\ch2_ohr_ncp_20260331T1105235288_d_img_d18_r00008_c003_illum.jpg,8.298724,-0.7988444,-0.41917756
84,ch2_ohr_ncp_20260331T1105235288_d_img_d18,D:\ISRO\OHRC_raws\ch2_ohr_ncp_20260331T1105235288_d_img_d18,2026-03-31T11:05:23.5288Z,8,4,8192,4096,2048,256,512.0,0.25,8.0786927422,296.13365739,89.38302,1.895764,88.104236,TDI64,msb,Ascending,True,0.0,D:\ISRO\OHRC_tiles\ch2_ohr_ncp_20260331T1105235288_d_img_d18\ch2_ohr_ncp_20260331T1105235288_d_img_d18_r00008_c004_structural.jpg,D:\ISRO\OHRC_tiles\ch2_ohr_ncp_20260331T1105235288_d_img_d18\ch2_ohr_ncp_20260331T1105235288_d_img_d18_r00008_c004_illum.jpg,8.381027,-0.02427485,-1.8123249
85,ch2_ohr_ncp_20260331T1105235288_d_img_d18,D:\ISRO\OHRC_raws\ch2_ohr_ncp_20260331T1105235288_d_img_d18,2026-03-31T11:05:23.5288Z,8,5,8192,5120,2048,256,512.0,0.25,8.078582977500002,296.142719,89.38302,1.895764,88.104236,TDI64,msb,Ascending,True,0.0,D:\ISRO\OHRC_tiles\ch2_ohr_ncp_20260331T1105235288_d_img_d18\ch2_ohr_ncp_20260331T1105235288_d_img_d18_r00008_c005_structural.jpg,D:\ISRO\OHRC_tiles\ch2_ohr_ncp_20260331T1105235288_d_img_d18\ch2_ohr_ncp_20260331T1105235288_d_img_d18_r00008_c005_illum.jpg,9.216075,-1.1200109,-2.8994396
86,ch2_ohr_ncp_20260331T1105235288_d_img_d18,D:\ISRO\OHRC_raws\ch2_ohr_ncp_20260331T1105235288_d_img_d18,2026-03-31T11:05:23.5288Z,8,6,8192,6144,2048,256,512.0,0.25,8.0784725117,296.15178709,89.38302,1.895764,88.104236,TDI64,msb,Ascending,True,0.0,D:\ISRO\OHRC_tiles\ch2_ohr_ncp_20260331T1105235288_d_img_d18\ch2_ohr_ncp_20260331T1105235288_d_img_d18_r00008_c006_structural.jpg,D:\ISRO\OHRC_tiles\ch2_ohr_ncp_20260331T1105235288_d_img_d18\ch2_ohr_ncp_20260331T1105235288_d_img_d18_r00008_c006_illum.jpg,8.990056,-1.5599648,-1.9571017
87,ch2_ohr_ncp_20260331T1105235288_d_img_d18,D:\ISRO\OHRC_raws\ch2_ohr_ncp_20260331T1105235288_d_img_d18,2026-03-31T11:05:23.5288Z,8,7,8192,7168,2048,256,512.0,0.25,8.078361356599999,296.16086366,89.38302,1.895764,88.104236,TDI64,msb,Ascending,True,0.0,D:\ISRO\OHRC_tiles\ch2_ohr_ncp_20260331T1105235288_d_img_d18\ch2_ohr_ncp_20260331T1105235288_d_img_d18_r00008_c007_structural.jpg,D:\ISRO\OHRC_tiles\ch2_ohr_ncp_20260331T1105235288_d_img_d18\ch2_ohr_ncp_20260331T1105235288_d_img_d18_r00008_c007_illum.jpg,7.192082,0.28646722,1.7196256
88,ch2_ohr_ncp_20260331T1105235288_d_img_d18,D:\ISRO\OHRC_raws\ch2_ohr_ncp_20260331T1105235288_d_img_d18,2026-03-31T11:05:23.5288Z,8,8,8192,8192,2048,256,512.0,0.25,8.0782494943,296.16994746,89.38302,1.895764,88.104236,TDI64,msb,Ascending,True,0.0,D:\ISRO\OHRC_tiles\ch2_ohr_ncp_20260331T1105235288_d_img_d18\ch2_ohr_ncp_20260331T1105235288_d_img_d18_r00008_c008_structural.jpg,D:\ISRO\OHRC_tiles\ch2_ohr_ncp_20260331T1105235288_d_img_d18\ch2_ohr_ncp_20260331T1105235288_d_img_d18_r00008_c008_illum.jpg,7.2923274,0.19355607,1.5190086
89,ch2_ohr_ncp_20260331T1105235288_d_img_d18,D:\ISRO\OHRC_raws\ch2_ohr_ncp_20260331T1105235288_d_img_d18,2026-03-31T11:05:23.5288Z,8,9,8192,9216,2048,256,512.0,0.25,8.0781369352,296.17903858,89.38302,1.895764,88.104236,TDI64,msb,Ascending,True,0.0,D:\ISRO\OHRC_tiles\ch2_ohr_ncp_20260331T1105235288_d_img_d18\ch2_ohr_ncp_20260331T1105235288_d_img_d18_r00008_c009_structural.jpg,D:\ISRO\OHRC_tiles\ch2_ohr_ncp_20260331T1105235288_d_img_d18\ch2_ohr_ncp_20260331T1105235288_d_img_d18_r00008_c009_illum.jpg,7.3948603,0.081348546,1.3202852
90,ch2_ohr_ncp_20260331T1105235288_d_img_d18,D:\ISRO\OHRC_raws\ch2_ohr_ncp_20260331T1105235288_d_img_d18,2026-03-31T11:05:23.5288Z,9,0,9216,0,2048,256,512.0,0.25,8.069980214200001,296.09771303,89.38302,1.895764,88.104236,TDI64,msb,Ascending,True,0.0,D:\ISRO\OHRC_tiles\ch2_ohr_ncp_20260331T1105235288_d_img_d18\ch2_ohr_ncp_20260331T1105235288_d_img_d18_r00009_c000_structural.jpg,D:\ISRO\OHRC_tiles\ch2_ohr_ncp_20260331T1105235288_d_img_d18\ch2_ohr_ncp_20260331T1105235288_d_img_d18_r00009_c000_illum.jpg,8.378573,-0.96395767,-0.9779588
91,ch2_ohr_ncp_20260331T1105235288_d_img_d18,D:\ISRO\OHRC_raws\ch2_ohr_ncp_20260331T1105235288_d_img_d18,2026-03-31T11:05:23.5288Z,9,1,9216,1024,2048,256,512.0,0.25,8.0698732191,296.10674445,89.38302,1.895764,88.104236,TDI64,msb,Ascending,True,0.0,D:\ISRO\OHRC_tiles\ch2_ohr_ncp_20260331T1105235288_d_img_d18\ch2_ohr_ncp_20260331T1105235288_d_img_d18_r00009_c001_structural.jpg,D:\ISRO\OHRC_tiles\ch2_ohr_ncp_20260331T1105235288_d_img_d18\ch2_ohr_ncp_20260331T1105235288_d_img_d18_r00009_c001_illum.jpg,7.3855,0.26017997,0.2318615
92,ch2_ohr_ncp_20260331T1105235288_d_img_d18,D:\ISRO\OHRC_raws\ch2_ohr_ncp_20260331T1105235288_d_img_d18,2026-03-31T11:05:23.5288Z,9,2,9216,2048,2048,256,512.0,0.25,8.0697655377,296.11578337000003,89.38302,1.895764,88.104236,TDI64,msb,Ascending,True,0.0,D:\ISRO\OHRC_tiles\ch2_ohr_ncp_20260331T1105235288_d_img_d18\ch2_ohr_ncp_20260331T1105235288_d_img_d18_r00009_c002_structural.jpg,D:\ISRO\OHRC_tiles\ch2_ohr_ncp_20260331T1105235288_d_img_d18\ch2_ohr_ncp_20260331T1105235288_d_img_d18_r00009_c002_illum.jpg,6.4128237,1.8108392,0.59329
93,ch2_ohr_ncp_20260331T1105235288_d_img_d18,D:\ISRO\OHRC_raws\ch2_ohr_ncp_20260331T1105235288_d_img_d18,2026-03-31T11:05:23.5288Z,9,3,9216,3072,2048,256,512.0,0.25,8.069657167799999,296.12482929,89.38302,1.895764,88.104236,TDI64,msb,Ascending,True,0.0,D:\ISRO\OHRC_tiles\ch2_ohr_ncp_20260331T1105235288_d_img_d18\ch2_ohr_ncp_20260331T1105235288_d_img_d18_r00009_c003_structural.jpg,D:\ISRO\OHRC_tiles\ch2_ohr_ncp_20260331T1105235288_d_img_d18\ch2_ohr_ncp_20260331T1105235288_d_img_d18_r00009_c003_illum.jpg,7.1116943,1.3147612,1.1866659
94,ch2_ohr_ncp_20260331T1105235288_d_img_d18,D:\ISRO\OHRC_raws\ch2_ohr_ncp_20260331T1105235288_d_img_d18,2026-03-31T11:05:23.5288Z,9,4,9216,4096,2048,256,512.0,0.25,8.0695481064,296.13388312,89.38302,1.895764,88.104236,TDI64,msb,Ascending,True,0.0,D:\ISRO\OHRC_tiles\ch2_ohr_ncp_20260331T1105235288_d_img_d18\ch2_ohr_ncp_20260331T1105235288_d_img_d18_r00009_c004_structural.jpg,D:\ISRO\OHRC_tiles\ch2_ohr_ncp_20260331T1105235288_d_img_d18\ch2_ohr_ncp_20260331T1105235288_d_img_d18_r00009_c004_illum.jpg,7.9127326,0.73337644,-0.14315751
95,ch2_ohr_ncp_20260331T1105235288_d_img_d18,D:\ISRO\OHRC_raws\ch2_ohr_ncp_20260331T1105235288_d_img_d18,2026-03-31T11:05:23.5288Z,9,5,9216,5120,2048,256,512.0,0.25,8.0694383517,296.14294403,89.38302,1.895764,88.104236,TDI64,msb,Ascending,True,0.0,D:\ISRO\OHRC_tiles\ch2_ohr_ncp_20260331T1105235288_d_img_d18\ch2_ohr_ncp_20260331T1105235288_d_img_d18_r00009_c005_structural.jpg,D:\ISRO\OHRC_tiles\ch2_ohr_ncp_20260331T1105235288_d_img_d18\ch2_ohr_ncp_20260331T1105235288_d_img_d18_r00009_c005_illum.jpg,8.294501,-0.69001275,-1.4959126
96,ch2_ohr_ncp_20260331T1105235288_d_img_d18,D:\ISRO\OHRC_raws\ch2_ohr_ncp_20260331T1105235288_d_img_d18,2026-03-31T11:05:23.5288Z,9,6,9216,6144,2048,256,512.0,0.25,8.0693279034,296.15201261000004,89.38302,1.895764,88.104236,TDI64,msb,Ascending,True,0.0,D:\ISRO\OHRC_tiles\ch2_ohr_ncp_20260331T1105235288_d_img_d18\ch2_ohr_ncp_20260331T1105235288_d_img_d18_r00009_c006_structural.jpg,D:\ISRO\OHRC_tiles\ch2_ohr_ncp_20260331T1105235288_d_img_d18\ch2_ohr_ncp_20260331T1105235288_d_img_d18_r00009_c006_illum.jpg,8.067588,-0.74963033,-0.044962797
97,ch2_ohr_ncp_20260331T1105235288_d_img_d18,D:\ISRO\OHRC_raws\ch2_ohr_ncp_20260331T1105235288_d_img_d18,2026-03-31T11:05:23.5288Z,9,7,9216,7168,2048,256,512.0,0.25,8.069216751499999,296.16108869,89.38302,1.895764,88.104236,TDI64,msb,Ascending,True,0.0,D:\ISRO\OHRC_tiles\ch2_ohr_ncp_20260331T1105235288_d_img_d18\ch2_ohr_ncp_20260331T1105235288_d_img_d18_r00009_c007_structural.jpg,D:\ISRO\OHRC_tiles\ch2_ohr_ncp_20260331T1105235288_d_img_d18\ch2_ohr_ncp_20260331T1105235288_d_img_d18_r00009_c007_illum.jpg,7.251614,1.0679241,1.7820343
98,ch2_ohr_ncp_20260331T1105235288_d_img_d18,D:\ISRO\OHRC_raws\ch2_ohr_ncp_20260331T1105235288_d_img_d18,2026-03-31T11:05:23.5288Z,9,8,9216,8192,2048,256,512.0,0.25,8.069104906,296.17017174,89.38302,1.895764,88.104236,TDI64,msb,Ascending,True,0.0,D:\ISRO\OHRC_tiles\ch2_ohr_ncp_20260331T1105235288_d_img_d18\ch2_ohr_ncp_20260331T1105235288_d_img_d18_r00009_c008_structural.jpg,D:\ISRO\OHRC_tiles\ch2_ohr_ncp_20260331T1105235288_d_img_d18\ch2_ohr_ncp_20260331T1105235288_d_img_d18_r00009_c008_illum.jpg,7.4573417,0.6921438,0.8681794
99,ch2_ohr_ncp_20260331T1105235288_d_img_d18,D:\ISRO\OHRC_raws\ch2_ohr_ncp_20260331T1105235288_d_img_d18,2026-03-31T11:05:23.5288Z,9,9,9216,9216,2048,256,512.0,0.25,8.068992365900002,296.17926286,89.38302,1.895764,88.104236,TDI64,msb,Ascending,True,0.0,D:\ISRO\OHRC_tiles\ch2_ohr_ncp_20260331T1105235288_d_img_d18\ch2_ohr_ncp_20260331T1105235288_d_img_d18_r00009_c009_structural.jpg,D:\ISRO\OHRC_tiles\ch2_ohr_ncp_20260331T1105235288_d_img_d18\ch2_ohr_ncp_20260331T1105235288_d_img_d18_r00009_c009_illum.jpg,7.7108226,-0.078737944,0.6579837
100,ch2_ohr_ncp_20260331T1105235288_d_img_d18,D:\ISRO\OHRC_raws\ch2_ohr_ncp_20260331T1105235288_d_img_d18,2026-03-31T11:05:23.5288Z,10,0,10240,0,2048,256,512.0,0.25,8.06084922,296.09794683,89.38302,1.895764,88.104236,TDI64,msb,Ascending,True,0.0,D:\ISRO\OHRC_tiles\ch2_ohr_ncp_20260331T1105235288_d_img_d18\ch2_ohr_ncp_20260331T1105235288_d_img_d18_r00010_c000_structural.jpg,D:\ISRO\OHRC_tiles\ch2_ohr_ncp_20260331T1105235288_d_img_d18\ch2_ohr_ncp_20260331T1105235288_d_img_d18_r00010_c000_illum.jpg,8.247248,-0.4400672,-1.3452832
101,ch2_ohr_ncp_20260331T1105235288_d_img_d18,D:\ISRO\OHRC_raws\ch2_ohr_ncp_20260331T1105235288_d_img_d18,2026-03-31T11:05:23.5288Z,10,1,10240,1024,2048,256,512.0,0.25,8.0607422273,296.10697851000003,89.38302,1.895764,88.104236,TDI64,msb,Ascending,True,0.0,D:\ISRO\OHRC_tiles\ch2_ohr_ncp_20260331T1105235288_d_img_d18\ch2_ohr_ncp_20260331T1105235288_d_img_d18_r00010_c001_structural.jpg,D:\ISRO\OHRC_tiles\ch2_ohr_ncp_20260331T1105235288_d_img_d18\ch2_ohr_ncp_20260331T1105235288_d_img_d18_r00010_c001_illum.jpg,7.914736,0.16289784,-0.07905637
102,ch2_ohr_ncp_20260331T1105235288_d_img_d18,D:\ISRO\OHRC_raws\ch2_ohr_ncp_20260331T1105235288_d_img_d18,2026-03-31T11:05:23.5288Z,10,2,10240,2048,2048,256,512.0,0.25,8.060634551,296.11601692,89.38302,1.895764,88.104236,TDI64,msb,Ascending,True,0.0,D:\ISRO\OHRC_tiles\ch2_ohr_ncp_20260331T1105235288_d_img_d18\ch2_ohr_ncp_20260331T1105235288_d_img_d18_r00010_c002_structural.jpg,D:\ISRO\OHRC_tiles\ch2_ohr_ncp_20260331T1105235288_d_img_d18\ch2_ohr_ncp_20260331T1105235288_d_img_d18_r00010_c002_illum.jpg,7.9531307,0.8160624,-0.9617398
103,ch2_ohr_ncp_20260331T1105235288_d_img_d18,D:\ISRO\OHRC_raws\ch2_ohr_ncp_20260331T1105235288_d_img_d18,2026-03-31T11:05:23.5288Z,10,3,10240,3072,2048,256,512.0,0.25,8.060526190800001,296.12506281,89.38302,1.895764,88.104236,TDI64,msb,Ascending,True,0.0,D:\ISRO\OHRC_tiles\ch2_ohr_ncp_20260331T1105235288_d_img_d18\ch2_ohr_ncp_20260331T1105235288_d_img_d18_r00010_c003_structural.jpg,D:\ISRO\OHRC_tiles\ch2_ohr_ncp_20260331T1105235288_d_img_d18\ch2_ohr_ncp_20260331T1105235288_d_img_d18_r00010_c003_illum.jpg,7.1813946,1.3668494,0.49929667
104,ch2_ohr_ncp_20260331T1105235288_d_img_d18,D:\ISRO\OHRC_raws\ch2_ohr_ncp_20260331T1105235288_d_img_d18,2026-03-31T11:05:23.5288Z,10,4,10240,4096,2048,256,512.0,0.25,8.0604171324,296.13411618,89.38302,1.895764,88.104236,TDI64,msb,Ascending,True,0.0,D:\ISRO\OHRC_tiles\ch2_ohr_ncp_20260331T1105235288_d_img_d18\ch2_ohr_ncp_20260331T1105235288_d_img_d18_r00010_c004_structural.jpg,D:\ISRO\OHRC_tiles\ch2_ohr_ncp_20260331T1105235288_d_img_d18\ch2_ohr_ncp_20260331T1105235288_d_img_d18_r00010_c004_illum.jpg,7.3752418,0.58499277,0.5965832
105,ch2_ohr_ncp_20260331T1105235288_d_img_d18,D:\ISRO\OHRC_raws\ch2_ohr_ncp_20260331T1105235288_d_img_d18,2026-03-31T11:05:23.5288Z,10,5,10240,5120,2048,256,512.0,0.25,8.060307385000002,296.14317703,89.38302,1.895764,88.104236,TDI64,msb,Ascending,True,0.0,D:\ISRO\OHRC_tiles\ch2_ohr_ncp_20260331T1105235288_d_img_d18\ch2_ohr_ncp_20260331T1105235288_d_img_d18_r00010_c005_structural.jpg,D:\ISRO\OHRC_tiles\ch2_ohr_ncp_20260331T1105235288_d_img_d18\ch2_ohr_ncp_20260331T1105235288_d_img_d18_r00010_c005_illum.jpg,8.505357,-0.9157898,-0.05176136
106,ch2_ohr_ncp_20260331T1105235288_d_img_d18,D:\ISRO\OHRC_raws\ch2_ohr_ncp_20260331T1105235288_d_img_d18,2026-03-31T11:05:23.5288Z,10,6,10240,6144,2048,256,512.0,0.25,8.060196936699999,296.15224567,89.38302,1.895764,88.104236,TDI64,msb,Ascending,True,0.0,D:\ISRO\OHRC_tiles\ch2_ohr_ncp_20260331T1105235288_d_img_d18\ch2_ohr_ncp_20260331T1105235288_d_img_d18_r00010_c006_structural.jpg,D:\ISRO\OHRC_tiles\ch2_ohr_ncp_20260331T1105235288_d_img_d18\ch2_ohr_ncp_20260331T1105235288_d_img_d18_r00010_c006_illum.jpg,8.391968,-1.6247566,-0.15210705
107,ch2_ohr_ncp_20260331T1105235288_d_img_d18,D:\ISRO\OHRC_raws\ch2_ohr_ncp_20260331T1105235288_d_img_d18,2026-03-31T11:05:23.5288Z,10,7,10240,7168,2048,256,512.0,0.25,8.0600857975,296.16132124,89.38302,1.895764,88.104236,TDI64,msb,Ascending,True,0.0,D:\ISRO\OHRC_tiles\ch2_ohr_ncp_20260331T1105235288_d_img_d18\ch2_ohr_ncp_20260331T1105235288_d_img_d18_r00010_c007_structural.jpg,D:\ISRO\OHRC_tiles\ch2_ohr_ncp_20260331T1105235288_d_img_d18\ch2_ohr_ncp_20260331T1105235288_d_img_d18_r00010_c007_illum.jpg,7.097793,0.0704104,0.74726194
108,ch2_ohr_ncp_20260331T1105235288_d_img_d18,D:\ISRO\OHRC_raws\ch2_ohr_ncp_20260331T1105235288_d_img_d18,2026-03-31T11:05:23.5288Z,10,8,10240,8192,2048,256,512.0,0.25,8.059973959299999,296.17040429,89.38302,1.895764,88.104236,TDI64,msb,Ascending,True,0.0,D:\ISRO\OHRC_tiles\ch2_ohr_ncp_20260331T1105235288_d_img_d18\ch2_ohr_ncp_20260331T1105235288_d_img_d18_r00010_c008_structural.jpg,D:\ISRO\OHRC_tiles\ch2_ohr_ncp_20260331T1105235288_d_img_d18\ch2_ohr_ncp_20260331T1105235288_d_img_d18_r00010_c008_illum.jpg,7.7461076,-0.15256207,0.34089905
109,ch2_ohr_ncp_20260331T1105235288_d_img_d18,D:\ISRO\OHRC_raws\ch2_ohr_ncp_20260331T1105235288_d_img_d18,2026-03-31T11:05:23.5288Z,10,9,10240,9216,2048,256,512.0,0.25,8.0598614229,296.17949541,89.38302,1.895764,88.104236,TDI64,msb,Ascending,True,0.0,D:\ISRO\OHRC_tiles\ch2_ohr_ncp_20260331T1105235288_d_img_d18\ch2_ohr_ncp_20260331T1105235288_d_img_d18_r00010_c009_structural.jpg,D:\ISRO\OHRC_tiles\ch2_ohr_ncp_20260331T1105235288_d_img_d18\ch2_ohr_ncp_20260331T1105235288_d_img_d18_r00010_c009_illum.jpg,8.020249,-0.24722782,1.0112194
110,ch2_ohr_ncp_20260331T1105235288_d_img_d18,D:\ISRO\OHRC_raws\ch2_ohr_ncp_20260331T1105235288_d_img_d18,2026-03-31T11:05:23.5288Z,11,0,11264,0,2048,256,512.0,0.25,8.0517112625,296.09817281000005,89.38302,1.895764,88.104236,TDI64,msb,Ascending,True,0.0,D:\ISRO\OHRC_tiles\ch2_ohr_ncp_20260331T1105235288_d_img_d18\ch2_ohr_ncp_20260331T1105235288_d_img_d18_r00011_c000_structural.jpg,D:\ISRO\OHRC_tiles\ch2_ohr_ncp_20260331T1105235288_d_img_d18\ch2_ohr_ncp_20260331T1105235288_d_img_d18_r00011_c000_illum.jpg,7.0850043,1.5618289,-0.5845899
111,ch2_ohr_ncp_20260331T1105235288_d_img_d18,D:\ISRO\OHRC_raws\ch2_ohr_ncp_20260331T1105235288_d_img_d18,2026-03-31T11:05:23.5288Z,11,1,11264,1024,2048,256,512.0,0.25,8.0516042774,296.10720398,89.38302,1.895764,88.104236,TDI64,msb,Ascending,True,0.0,D:\ISRO\OHRC_tiles\ch2_ohr_ncp_20260331T1105235288_d_img_d18\ch2_ohr_ncp_20260331T1105235288_d_img_d18_r00011_c001_structural.jpg,D:\ISRO\OHRC_tiles\ch2_ohr_ncp_20260331T1105235288_d_img_d18\ch2_ohr_ncp_20260331T1105235288_d_img_d18_r00011_c001_illum.jpg,7.504782,0.4228171,-0.5144749
112,ch2_ohr_ncp_20260331T1105235288_d_img_d18,D:\ISRO\OHRC_raws\ch2_ohr_ncp_20260331T1105235288_d_img_d18,2026-03-31T11:05:23.5288Z,11,2,11264,2048,2048,256,512.0,0.25,8.051496606,296.1162429,89.38302,1.895764,88.104236,TDI64,msb,Ascending,True,0.0,D:\ISRO\OHRC_tiles\ch2_ohr_ncp_20260331T1105235288_d_img_d18\ch2_ohr_ncp_20260331T1105235288_d_img_d18_r00011_c002_structural.jpg,D:\ISRO\OHRC_tiles\ch2_ohr_ncp_20260331T1105235288_d_img_d18\ch2_ohr_ncp_20260331T1105235288_d_img_d18_r00011_c002_illum.jpg,8.458529,-0.5860501,-0.935323
113,ch2_ohr_ncp_20260331T1105235288_d_img_d18,D:\ISRO\OHRC_raws\ch2_ohr_ncp_20260331T1105235288_d_img_d18,2026-03-31T11:05:23.5288Z,11,3,11264,3072,2048,256,512.0,0.25,8.051388255500001,296.12528876,89.38302,1.895764,88.104236,TDI64,msb,Ascending,True,0.0,D:\ISRO\OHRC_tiles\ch2_ohr_ncp_20260331T1105235288_d_img_d18\ch2_ohr_ncp_20260331T1105235288_d_img_d18_r00011_c003_structural.jpg,D:\ISRO\OHRC_tiles\ch2_ohr_ncp_20260331T1105235288_d_img_d18\ch2_ohr_ncp_20260331T1105235288_d_img_d18_r00011_c003_illum.jpg,7.6511617,0.116518915,0.535666
114,ch2_ohr_ncp_20260331T1105235288_d_img_d18,D:\ISRO\OHRC_raws\ch2_ohr_ncp_20260331T1105235288_d_img_d18,2026-03-31T11:05:23.5288Z,11,4,11264,4096,2048,256,512.0,0.25,8.0512792023,296.13434116,89.38302,1.895764,88.104236,TDI64,msb,Ascending,True,0.0,D:\ISRO\OHRC_tiles\ch2_ohr_ncp_20260331T1105235288_d_img_d18\ch2_ohr_ncp_20260331T1105235288_d_img_d18_r00011_c004_structural.jpg,D:\ISRO\OHRC_tiles\ch2_ohr_ncp_20260331T1105235288_d_img_d18\ch2_ohr_ncp_20260331T1105235288_d_img_d18_r00011_c004_illum.jpg,7.8975964,0.30530062,-0.39596787
115,ch2_ohr_ncp_20260331T1105235288_d_img_d18,D:\ISRO\OHRC_raws\ch2_ohr_ncp_20260331T1105235288_d_img_d18,2026-03-31T11:05:23.5288Z,11,5,11264,5120,2048,256,512.0,0.25,8.0511694597,296.14340256,89.38302,1.895764,88.104236,TDI64,msb,Ascending,True,0.0,D:\ISRO\OHRC_tiles\ch2_ohr_ncp_20260331T1105235288_d_img_d18\ch2_ohr_ncp_20260331T1105235288_d_img_d18_r00011_c005_structural.jpg,D:\ISRO\OHRC_tiles\ch2_ohr_ncp_20260331T1105235288_d_img_d18\ch2_ohr_ncp_20260331T1105235288_d_img_d18_r00011_c005_illum.jpg,8.311394,-0.18109912,-0.7085818
116,ch2_ohr_ncp_20260331T1105235288_d_img_d18,D:\ISRO\OHRC_raws\ch2_ohr_ncp_20260331T1105235288_d_img_d18,2026-03-31T11:05:23.5288Z,11,6,11264,6144,2048,256,512.0,0.25,8.051059021399999,296.15247064999994,89.38302,1.895764,88.104236,TDI64,msb,Ascending,True,0.0,D:\ISRO\OHRC_tiles\ch2_ohr_ncp_20260331T1105235288_d_img_d18\ch2_ohr_ncp_20260331T1105235288_d_img_d18_r00011_c006_structural.jpg,D:\ISRO\OHRC_tiles\ch2_ohr_ncp_20260331T1105235288_d_img_d18\ch2_ohr_ncp_20260331T1105235288_d_img_d18_r00011_c006_illum.jpg,7.9039063,-0.8186245,-0.051926386
117,ch2_ohr_ncp_20260331T1105235288_d_img_d18,D:\ISRO\OHRC_raws\ch2_ohr_ncp_20260331T1105235288_d_img_d18,2026-03-31T11:05:23.5288Z,11,7,11264,7168,2048,256,512.0,0.25,8.0509478895,296.16154622,89.38302,1.895764,88.104236,TDI64,msb,Ascending,True,0.0,D:\ISRO\OHRC_tiles\ch2_ohr_ncp_20260331T1105235288_d_img_d18\ch2_ohr_ncp_20260331T1105235288_d_img_d18_r00011_c007_structural.jpg,D:\ISRO\OHRC_tiles\ch2_ohr_ncp_20260331T1105235288_d_img_d18\ch2_ohr_ncp_20260331T1105235288_d_img_d18_r00011_c007_illum.jpg,7.85507,-0.17291722,0.042006582
118,ch2_ohr_ncp_20260331T1105235288_d_img_d18,D:\ISRO\OHRC_raws\ch2_ohr_ncp_20260331T1105235288_d_img_d18,2026-03-31T11:05:23.5288Z,11,8,11264,8192,2048,256,512.0,0.25,8.0508360557,296.1706291,89.38302,1.895764,88.104236,TDI64,msb,Ascending,True,0.0,D:\ISRO\OHRC_tiles\ch2_ohr_ncp_20260331T1105235288_d_img_d18\ch2_ohr_ncp_20260331T1105235288_d_img_d18_r00011_c008_structural.jpg,D:\ISRO\OHRC_tiles\ch2_ohr_ncp_20260331T1105235288_d_img_d18\ch2_ohr_ncp_20260331T1105235288_d_img_d18_r00011_c008_illum.jpg,8.055343,-0.7722024,-0.37160936
119,ch2_ohr_ncp_20260331T1105235288_d_img_d18,D:\ISRO\OHRC_raws\ch2_ohr_ncp_20260331T1105235288_d_img_d18,2026-03-31T11:05:23.5288Z,11,9,11264,9216,2048,256,512.0,0.25,8.0507235287,296.17971939,89.38302,1.895764,88.104236,TDI64,msb,Ascending,True,0.0,D:\ISRO\OHRC_tiles\ch2_ohr_ncp_20260331T1105235288_d_img_d18\ch2_ohr_ncp_20260331T1105235288_d_img_d18_r00011_c009_structural.jpg,D:\ISRO\OHRC_tiles\ch2_ohr_ncp_20260331T1105235288_d_img_d18\ch2_ohr_ncp_20260331T1105235288_d_img_d18_r00011_c009_illum.jpg,8.474383,-1.825656,-0.5863601
120,ch2_ohr_ncp_20260331T1105235288_d_img_d18,D:\ISRO\OHRC_raws\ch2_ohr_ncp_20260331T1105235288_d_img_d18,2026-03-31T11:05:23.5288Z,12,0,12288,0,2048,256,512.0,0.25,8.0425715228,296.09840066000004,89.38302,1.895764,88.104236,TDI64,msb,Ascending,True,0.0,D:\ISRO\OHRC_tiles\ch2_ohr_ncp_20260331T1105235288_d_img_d18\ch2_ohr_ncp_20260331T1105235288_d_img_d18_r00012_c000_structural.jpg,D:\ISRO\OHRC_tiles\ch2_ohr_ncp_20260331T1105235288_d_img_d18\ch2_ohr_ncp_20260331T1105235288_d_img_d18_r00012_c000_illum.jpg,8.740266,-0.14621878,-1.6164935
121,ch2_ohr_ncp_20260331T1105235288_d_img_d18,D:\ISRO\OHRC_raws\ch2_ohr_ncp_20260331T1105235288_d_img_d18,2026-03-31T11:05:23.5288Z,12,1,12288,1024,2048,256,512.0,0.25,8.0424645526,296.10743159000003,89.38302,1.895764,88.104236,TDI64,msb,Ascending,True,0.0,D:\ISRO\OHRC_tiles\ch2_ohr_ncp_20260331T1105235288_d_img_d18\ch2_ohr_ncp_20260331T1105235288_d_img_d18_r00012_c001_structural.jpg,D:\ISRO\OHRC_tiles\ch2_ohr_ncp_20260331T1105235288_d_img_d18\ch2_ohr_ncp_20260331T1105235288_d_img_d18_r00012_c001_illum.jpg,7.9885726,0.20566992,-1.1781509
122,ch2_ohr_ncp_20260331T1105235288_d_img_d18,D:\ISRO\OHRC_raws\ch2_ohr_ncp_20260331T1105235288_d_img_d18,2026-03-31T11:05:23.5288Z,12,2,12288,2048,2048,256,512.0,0.25,8.0423568957,296.11647,89.38302,1.895764,88.104236,TDI64,msb,Ascending,True,0.0,D:\ISRO\OHRC_tiles\ch2_ohr_ncp_20260331T1105235288_d_img_d18\ch2_ohr_ncp_20260331T1105235288_d_img_d18_r00012_c002_structural.jpg,D:\ISRO\OHRC_tiles\ch2_ohr_ncp_20260331T1105235288_d_img_d18\ch2_ohr_ncp_20260331T1105235288_d_img_d18_r00012_c002_illum.jpg,8.758863,-0.840861,-2.8620489
123,ch2_ohr_ncp_20260331T1105235288_d_img_d18,D:\ISRO\OHRC_raws\ch2_ohr_ncp_20260331T1105235288_d_img_d18,2026-03-31T11:05:23.5288Z,12,3,12288,3072,2048,256,512.0,0.25,8.0422485482,296.12551513,89.38302,1.895764,88.104236,TDI64,msb,Ascending,True,0.0,D:\ISRO\OHRC_tiles\ch2_ohr_ncp_20260331T1105235288_d_img_d18\ch2_ohr_ncp_20260331T1105235288_d_img_d18_r00012_c003_structural.jpg,D:\ISRO\OHRC_tiles\ch2_ohr_ncp_20260331T1105235288_d_img_d18\ch2_ohr_ncp_20260331T1105235288_d_img_d18_r00012_c003_illum.jpg,8.692712,-1.5308596,-1.5306801
124,ch2_ohr_ncp_20260331T1105235288_d_img_d18,D:\ISRO\OHRC_raws\ch2_ohr_ncp_20260331T1105235288_d_img_d18,2026-03-31T11:05:23.5288Z,12,4,12288,4096,2048,256,512.0,0.25,8.0421395071,296.13456847000003,89.38302,1.895764,88.104236,TDI64,msb,Ascending,True,0.0,D:\ISRO\OHRC_tiles\ch2_ohr_ncp_20260331T1105235288_d_img_d18\ch2_ohr_ncp_20260331T1105235288_d_img_d18_r00012_c004_structural.jpg,D:\ISRO\OHRC_tiles\ch2_ohr_ncp_20260331T1105235288_d_img_d18\ch2_ohr_ncp_20260331T1105235288_d_img_d18_r00012_c004_illum.jpg,8.272817,-1.0044152,0.34264672
125,ch2_ohr_ncp_20260331T1105235288_d_img_d18,D:\ISRO\OHRC_raws\ch2_ohr_ncp_20260331T1105235288_d_img_d18,2026-03-31T11:05:23.5288Z,12,5,12288,5120,2048,256,512.0,0.25,8.0420297803,296.14362866000005,89.38302,1.895764,88.104236,TDI64,msb,Ascending,True,0.0,D:\ISRO\OHRC_tiles\ch2_ohr_ncp_20260331T1105235288_d_img_d18\ch2_ohr_ncp_20260331T1105235288_d_img_d18_r00012_c005_structural.jpg,D:\ISRO\OHRC_tiles\ch2_ohr_ncp_20260331T1105235288_d_img_d18\ch2_ohr_ncp_20260331T1105235288_d_img_d18_r00012_c005_illum.jpg,7.7921767,-0.02926645,1.1966573
126,ch2_ohr_ncp_20260331T1105235288_d_img_d18,D:\ISRO\OHRC_raws\ch2_ohr_ncp_20260331T1105235288_d_img_d18,2026-03-31T11:05:23.5288Z,12,6,12288,6144,2048,256,512.0,0.25,8.041919351999999,296.15269675,89.38302,1.895764,88.104236,TDI64,msb,Ascending,True,0.0,D:\ISRO\OHRC_tiles\ch2_ohr_ncp_20260331T1105235288_d_img_d18\ch2_ohr_ncp_20260331T1105235288_d_img_d18_r00012_c006_structural.jpg,D:\ISRO\OHRC_tiles\ch2_ohr_ncp_20260331T1105235288_d_img_d18\ch2_ohr_ncp_20260331T1105235288_d_img_d18_r00012_c006_illum.jpg,7.0884457,1.4359831,1.5375484
127,ch2_ohr_ncp_20260331T1105235288_d_img_d18,D:\ISRO\OHRC_raws\ch2_ohr_ncp_20260331T1105235288_d_img_d18,2026-03-31T11:05:23.5288Z,12,7,12288,7168,2048,256,512.0,0.25,8.041808232200001,296.16177231999995,89.38302,1.895764,88.104236,TDI64,msb,Ascending,True,0.0,D:\ISRO\OHRC_tiles\ch2_ohr_ncp_20260331T1105235288_d_img_d18\ch2_ohr_ncp_20260331T1105235288_d_img_d18_r00012_c007_structural.jpg,D:\ISRO\OHRC_tiles\ch2_ohr_ncp_20260331T1105235288_d_img_d18\ch2_ohr_ncp_20260331T1105235288_d_img_d18_r00012_c007_illum.jpg,7.391271,0.49545985,0.9138184
128,ch2_ohr_ncp_20260331T1105235288_d_img_d18,D:\ISRO\OHRC_raws\ch2_ohr_ncp_20260331T1105235288_d_img_d18,2026-03-31T11:05:23.5288Z,12,8,12288,8192,2048,256,512.0,0.25,8.0416964163,296.1708552,89.38302,1.895764,88.104236,TDI64,msb,Ascending,True,0.0,D:\ISRO\OHRC_tiles\ch2_ohr_ncp_20260331T1105235288_d_img_d18\ch2_ohr_ncp_20260331T1105235288_d_img_d18_r00012_c008_structural.jpg,D:\ISRO\OHRC_tiles\ch2_ohr_ncp_20260331T1105235288_d_img_d18\ch2_ohr_ncp_20260331T1105235288_d_img_d18_r00012_c008_illum.jpg,7.4682093,-0.39570472,0.7270014
129,ch2_ohr_ncp_20260331T1105235288_d_img_d18,D:\ISRO\OHRC_raws\ch2_ohr_ncp_20260331T1105235288_d_img_d18,2026-03-31T11:05:23.5288Z,12,9,12288,9216,2048,256,512.0,0.25,8.0415838976,296.17994549,89.38302,1.895764,88.104236,TDI64,msb,Ascending,True,0.0,D:\ISRO\OHRC_tiles\ch2_ohr_ncp_20260331T1105235288_d_img_d18\ch2_ohr_ncp_20260331T1105235288_d_img_d18_r00012_c009_structural.jpg,D:\ISRO\OHRC_tiles\ch2_ohr_ncp_20260331T1105235288_d_img_d18\ch2_ohr_ncp_20260331T1105235288_d_img_d18_r00012_c009_illum.jpg,8.40327,-1.4954402,-0.9397877
130,ch2_ohr_ncp_20260331T1105235288_d_img_d18,D:\ISRO\OHRC_raws\ch2_ohr_ncp_20260331T1105235288_d_img_d18,2026-03-31T11:05:23.5288Z,13,0,13312,0,2048,256,512.0,0.25,8.0334356415,296.0986313,89.38302,1.895764,88.104236,TDI64,msb,Ascending,True,0.0,D:\ISRO\OHRC_tiles\ch2_ohr_ncp_20260331T1105235288_d_img_d18\ch2_ohr_ncp_20260331T1105235288_d_img_d18_r00013_c000_structural.jpg,D:\ISRO\OHRC_tiles\ch2_ohr_ncp_20260331T1105235288_d_img_d18\ch2_ohr_ncp_20260331T1105235288_d_img_d18_r00013_c000_illum.jpg,8.172439,0.30903363,0.3341463
131,ch2_ohr_ncp_20260331T1105235288_d_img_d18,D:\ISRO\OHRC_raws\ch2_ohr_ncp_20260331T1105235288_d_img_d18,2026-03-31T11:05:23.5288Z,13,1,13312,1024,2048,256,512.0,0.25,8.0333286688,296.10766198,89.38302,1.895764,88.104236,TDI64,msb,Ascending,True,0.0,D:\ISRO\OHRC_tiles\ch2_ohr_ncp_20260331T1105235288_d_img_d18\ch2_ohr_ncp_20260331T1105235288_d_img_d18_r00013_c001_structural.jpg,D:\ISRO\OHRC_tiles\ch2_ohr_ncp_20260331T1105235288_d_img_d18\ch2_ohr_ncp_20260331T1105235288_d_img_d18_r00013_c001_illum.jpg,7.8686385,1.0496264,0.4422159
132,ch2_ohr_ncp_20260331T1105235288_d_img_d18,D:\ISRO\OHRC_raws\ch2_ohr_ncp_20260331T1105235288_d_img_d18,2026-03-31T11:05:23.5288Z,13,2,13312,2048,2048,256,512.0,0.25,8.0332210143,296.11670038999995,89.38302,1.895764,88.104236,TDI64,msb,Ascending,True,0.0,D:\ISRO\OHRC_tiles\ch2_ohr_ncp_20260331T1105235288_d_img_d18\ch2_ohr_ncp_20260331T1105235288_d_img_d18_r00013_c002_structural.jpg,D:\ISRO\OHRC_tiles\ch2_ohr_ncp_20260331T1105235288_d_img_d18\ch2_ohr_ncp_20260331T1105235288_d_img_d18_r00013_c002_illum.jpg,8.556712,0.026334116,-2.304648
133,ch2_ohr_ncp_20260331T1105235288_d_img_d18,D:\ISRO\OHRC_raws\ch2_ohr_ncp_20260331T1105235288_d_img_d18,2026-03-31T11:05:23.5288Z,13,3,13312,3072,2048,256,512.0,0.25,8.033112666800001,296.12574528,89.38302,1.895764,88.104236,TDI64,msb,Ascending,True,0.0,D:\ISRO\OHRC_tiles\ch2_ohr_ncp_20260331T1105235288_d_img_d18\ch2_ohr_ncp_20260331T1105235288_d_img_d18_r00013_c003_structural.jpg,D:\ISRO\OHRC_tiles\ch2_ohr_ncp_20260331T1105235288_d_img_d18\ch2_ohr_ncp_20260331T1105235288_d_img_d18_r00013_c003_illum.jpg,9.611106,-1.3834994,-1.7161725
134,ch2_ohr_ncp_20260331T1105235288_d_img_d18,D:\ISRO\OHRC_raws\ch2_ohr_ncp_20260331T1105235288_d_img_d18,2026-03-31T11:05:23.5288Z,13,4,13312,4096,2048,256,512.0,0.25,8.0330036336,296.13479844,89.38302,1.895764,88.104236,TDI64,msb,Ascending,True,0.0,D:\ISRO\OHRC_tiles\ch2_ohr_ncp_20260331T1105235288_d_img_d18\ch2_ohr_ncp_20260331T1105235288_d_img_d18_r00013_c004_structural.jpg,D:\ISRO\OHRC_tiles\ch2_ohr_ncp_20260331T1105235288_d_img_d18\ch2_ohr_ncp_20260331T1105235288_d_img_d18_r00013_c004_illum.jpg,8.147998,-1.1234382,0.4100645
135,ch2_ohr_ncp_20260331T1105235288_d_img_d18,D:\ISRO\OHRC_raws\ch2_ohr_ncp_20260331T1105235288_d_img_d18,2026-03-31T11:05:23.5288Z,13,5,13312,5120,2048,256,512.0,0.25,8.032893901,296.1438585,89.38302,1.895764,88.104236,TDI64,msb,Ascending,True,0.0,D:\ISRO\OHRC_tiles\ch2_ohr_ncp_20260331T1105235288_d_img_d18\ch2_ohr_ncp_20260331T1105235288_d_img_d18_r00013_c005_structural.jpg,D:\ISRO\OHRC_tiles\ch2_ohr_ncp_20260331T1105235288_d_img_d18\ch2_ohr_ncp_20260331T1105235288_d_img_d18_r00013_c005_illum.jpg,8.258764,-0.6584725,1.0632929
136,ch2_ohr_ncp_20260331T1105235288_d_img_d18,D:\ISRO\OHRC_raws\ch2_ohr_ncp_20260331T1105235288_d_img_d18,2026-03-31T11:05:23.5288Z,13,6,13312,6144,2048,256,512.0,0.25,8.0327834827,296.15292614,89.38302,1.895764,88.104236,TDI64,msb,Ascending,True,0.0,D:\ISRO\OHRC_tiles\ch2_ohr_ncp_20260331T1105235288_d_img_d18\ch2_ohr_ncp_20260331T1105235288_d_img_d18_r00013_c006_structural.jpg,D:\ISRO\OHRC_tiles\ch2_ohr_ncp_20260331T1105235288_d_img_d18\ch2_ohr_ncp_20260331T1105235288_d_img_d18_r00013_c006_illum.jpg,7.153802,0.2776331,0.454659
137,ch2_ohr_ncp_20260331T1105235288_d_img_d18,D:\ISRO\OHRC_raws\ch2_ohr_ncp_20260331T1105235288_d_img_d18,2026-03-31T11:05:23.5288Z,13,7,13312,7168,2048,256,512.0,0.25,8.0326723646,296.16200171,89.38302,1.895764,88.104236,TDI64,msb,Ascending,True,0.0,D:\ISRO\OHRC_tiles\ch2_ohr_ncp_20260331T1105235288_d_img_d18\ch2_ohr_ncp_20260331T1105235288_d_img_d18_r00013_c007_structural.jpg,D:\ISRO\OHRC_tiles\ch2_ohr_ncp_20260331T1105235288_d_img_d18\ch2_ohr_ncp_20260331T1105235288_d_img_d18_r00013_c007_illum.jpg,7.364939,-0.47563934,0.45103055
138,ch2_ohr_ncp_20260331T1105235288_d_img_d18,D:\ISRO\OHRC_raws\ch2_ohr_ncp_20260331T1105235288_d_img_d18,2026-03-31T11:05:23.5288Z,13,8,13312,8192,2048,256,512.0,0.25,8.032560549800001,296.17108376000004,89.38302,1.895764,88.104236,TDI64,msb,Ascending,True,0.0,D:\ISRO\OHRC_tiles\ch2_ohr_ncp_20260331T1105235288_d_img_d18\ch2_ohr_ncp_20260331T1105235288_d_img_d18_r00013_c008_structural.jpg,D:\ISRO\OHRC_tiles\ch2_ohr_ncp_20260331T1105235288_d_img_d18\ch2_ohr_ncp_20260331T1105235288_d_img_d18_r00013_c008_illum.jpg,6.8229628,-0.5661159,1.1518508
139,ch2_ohr_ncp_20260331T1105235288_d_img_d18,D:\ISRO\OHRC_raws\ch2_ohr_ncp_20260331T1105235288_d_img_d18,2026-03-31T11:05:23.5288Z,13,9,13312,9216,2048,256,512.0,0.25,8.0324480348,296.18017388,89.38302,1.895764,88.104236,TDI64,msb,Ascending,True,0.0,D:\ISRO\OHRC_tiles\ch2_ohr_ncp_20260331T1105235288_d_img_d18\ch2_ohr_ncp_20260331T1105235288_d_img_d18_r00013_c009_structural.jpg,D:\ISRO\OHRC_tiles\ch2_ohr_ncp_20260331T1105235288_d_img_d18\ch2_ohr_ncp_20260331T1105235288_d_img_d18_r00013_c009_illum.jpg,7.1297994,0.24844477,0.55571765
140,ch2_ohr_ncp_20260331T1105235288_d_img_d18,D:\ISRO\OHRC_raws\ch2_ohr_ncp_20260331T1105235288_d_img_d18,2026-03-31T11:05:23.5288Z,14,0,14336,0,2048,256,512.0,0.25,8.0243014677,296.09885868,89.38302,1.895764,88.104236,TDI64,msb,Ascending,True,0.0,D:\ISRO\OHRC_tiles\ch2_ohr_ncp_20260331T1105235288_d_img_d18\ch2_ohr_ncp_20260331T1105235288_d_img_d18_r00014_c000_structural.jpg,D:\ISRO\OHRC_tiles\ch2_ohr_ncp_20260331T1105235288_d_img_d18\ch2_ohr_ncp_20260331T1105235288_d_img_d18_r00014_c000_illum.jpg,7.679754,1.121372,1.0847653
141,ch2_ohr_ncp_20260331T1105235288_d_img_d18,D:\ISRO\OHRC_raws\ch2_ohr_ncp_20260331T1105235288_d_img_d18,2026-03-31T11:05:23.5288Z,14,1,14336,1024,2048,256,512.0,0.25,8.024194505,296.10788885,89.38302,1.895764,88.104236,TDI64,msb,Ascending,True,0.0,D:\ISRO\OHRC_tiles\ch2_ohr_ncp_20260331T1105235288_d_img_d18\ch2_ohr_ncp_20260331T1105235288_d_img_d18_r00014_c001_structural.jpg,D:\ISRO\OHRC_tiles\ch2_ohr_ncp_20260331T1105235288_d_img_d18\ch2_ohr_ncp_20260331T1105235288_d_img_d18_r00014_c001_illum.jpg,7.146648,1.959806,1.2744846
142,ch2_ohr_ncp_20260331T1105235288_d_img_d18,D:\ISRO\OHRC_raws\ch2_ohr_ncp_20260331T1105235288_d_img_d18,2026-03-31T11:05:23.5288Z,14,2,14336,2048,2048,256,512.0,0.25,8.024086855999998,296.11692677,89.38302,1.895764,88.104236,TDI64,msb,Ascending,True,0.0,D:\ISRO\OHRC_tiles\ch2_ohr_ncp_20260331T1105235288_d_img_d18\ch2_ohr_ncp_20260331T1105235288_d_img_d18_r00014_c002_structural.jpg,D:\ISRO\OHRC_tiles\ch2_ohr_ncp_20260331T1105235288_d_img_d18\ch2_ohr_ncp_20260331T1105235288_d_img_d18_r00014_c002_illum.jpg,7.176139,1.5198512,0.6735017
143,ch2_ohr_ncp_20260331T1105235288_d_img_d18,D:\ISRO\OHRC_raws\ch2_ohr_ncp_20260331T1105235288_d_img_d18,2026-03-31T11:05:23.5288Z,14,3,14336,3072,2048,256,512.0,0.25,8.0239785216,296.12597169000003,89.38302,1.895764,88.104236,TDI64,msb,Ascending,True,0.0,D:\ISRO\OHRC_tiles\ch2_ohr_ncp_20260331T1105235288_d_img_d18\ch2_ohr_ncp_20260331T1105235288_d_img_d18_r00014_c003_structural.jpg,D:\ISRO\OHRC_tiles\ch2_ohr_ncp_20260331T1105235288_d_img_d18\ch2_ohr_ncp_20260331T1105235288_d_img_d18_r00014_c003_illum.jpg,7.3841743,1.1460123,1.3956764
144,ch2_ohr_ncp_20260331T1105235288_d_img_d18,D:\ISRO\OHRC_raws\ch2_ohr_ncp_20260331T1105235288_d_img_d18,2026-03-31T11:05:23.5288Z,14,4,14336,4096,2048,256,512.0,0.25,8.0238694905,296.13502482,89.38302,1.895764,88.104236,TDI64,msb,Ascending,True,0.0,D:\ISRO\OHRC_tiles\ch2_ohr_ncp_20260331T1105235288_d_img_d18\ch2_ohr_ncp_20260331T1105235288_d_img_d18_r00014_c004_structural.jpg,D:\ISRO\OHRC_tiles\ch2_ohr_ncp_20260331T1105235288_d_img_d18\ch2_ohr_ncp_20260331T1105235288_d_img_d18_r00014_c004_illum.jpg,7.910055,0.06013389,1.72739
145,ch2_ohr_ncp_20260331T1105235288_d_img_d18,D:\ISRO\OHRC_raws\ch2_ohr_ncp_20260331T1105235288_d_img_d18,2026-03-31T11:05:23.5288Z,14,5,14336,5120,2048,256,512.0,0.25,8.0237597758,296.14408443,89.38302,1.895764,88.104236,TDI64,msb,Ascending,True,0.0,D:\ISRO\OHRC_tiles\ch2_ohr_ncp_20260331T1105235288_d_img_d18\ch2_ohr_ncp_20260331T1105235288_d_img_d18_r00014_c005_structural.jpg,D:\ISRO\OHRC_tiles\ch2_ohr_ncp_20260331T1105235288_d_img_d18\ch2_ohr_ncp_20260331T1105235288_d_img_d18_r00014_c005_illum.jpg,8.33794,-1.0381147,1.1402355
146,ch2_ohr_ncp_20260331T1105235288_d_img_d18,D:\ISRO\OHRC_raws\ch2_ohr_ncp_20260331T1105235288_d_img_d18,2026-03-31T11:05:23.5288Z,14,6,14336,6144,2048,256,512.0,0.25,8.0236493644,296.15315252,89.38302,1.895764,88.104236,TDI64,msb,Ascending,True,0.0,D:\ISRO\OHRC_tiles\ch2_ohr_ncp_20260331T1105235288_d_img_d18\ch2_ohr_ncp_20260331T1105235288_d_img_d18_r00014_c006_structural.jpg,D:\ISRO\OHRC_tiles\ch2_ohr_ncp_20260331T1105235288_d_img_d18\ch2_ohr_ncp_20260331T1105235288_d_img_d18_r00014_c006_illum.jpg,9.573726,-1.8733236,-1.1864978
147,ch2_ohr_ncp_20260331T1105235288_d_img_d18,D:\ISRO\OHRC_raws\ch2_ohr_ncp_20260331T1105235288_d_img_d18,2026-03-31T11:05:23.5288Z,14,7,14336,7168,2048,256,512.0,0.25,8.0235382549,296.16222716000004,89.38302,1.895764,88.104236,TDI64,msb,Ascending,True,0.0,D:\ISRO\OHRC_tiles\ch2_ohr_ncp_20260331T1105235288_d_img_d18\ch2_ohr_ncp_20260331T1105235288_d_img_d18_r00014_c007_structural.jpg,D:\ISRO\OHRC_tiles\ch2_ohr_ncp_20260331T1105235288_d_img_d18\ch2_ohr_ncp_20260331T1105235288_d_img_d18_r00014_c007_illum.jpg,9.417114,-1.5772105,-1.3447096
148,ch2_ohr_ncp_20260331T1105235288_d_img_d18,D:\ISRO\OHRC_raws\ch2_ohr_ncp_20260331T1105235288_d_img_d18,2026-03-31T11:05:23.5288Z,14,8,14336,8192,2048,256,512.0,0.25,8.0234264501,296.17130945,89.38302,1.895764,88.104236,TDI64,msb,Ascending,True,0.0,D:\ISRO\OHRC_tiles\ch2_ohr_ncp_20260331T1105235288_d_img_d18\ch2_ohr_ncp_20260331T1105235288_d_img_d18_r00014_c008_structural.jpg,D:\ISRO\OHRC_tiles\ch2_ohr_ncp_20260331T1105235288_d_img_d18\ch2_ohr_ncp_20260331T1105235288_d_img_d18_r00014_c008_illum.jpg,7.7936745,-0.94980717,-0.3352295
149,ch2_ohr_ncp_20260331T1105235288_d_img_d18,D:\ISRO\OHRC_raws\ch2_ohr_ncp_20260331T1105235288_d_img_d18,2026-03-31T11:05:23.5288Z,14,9,14336,9216,2048,256,512.0,0.25,8.0233139451,296.18039957,89.38302,1.895764,88.104236,TDI64,msb,Ascending,True,0.0,D:\ISRO\OHRC_tiles\ch2_ohr_ncp_20260331T1105235288_d_img_d18\ch2_ohr_ncp_20260331T1105235288_d_img_d18_r00014_c009_structural.jpg,D:\ISRO\OHRC_tiles\ch2_ohr_ncp_20260331T1105235288_d_img_d18\ch2_ohr_ncp_20260331T1105235288_d_img_d18_r00014_c009_illum.jpg,8.279632,-1.0123006,0.50781924
150,ch2_ohr_ncp_20260331T1105235288_d_img_d18,D:\ISRO\OHRC_raws\ch2_ohr_ncp_20260331T1105235288_d_img_d18,2026-03-31T11:05:23.5288Z,15,0,15360,0,2048,256,512.0,0.25,8.015158713400002,296.09909271000004,89.38302,1.895764,88.104236,TDI64,msb,Ascending,True,0.0,D:\ISRO\OHRC_tiles\ch2_ohr_ncp_20260331T1105235288_d_img_d18\ch2_ohr_ncp_20260331T1105235288_d_img_d18_r00015_c000_structural.jpg,D:\ISRO\OHRC_tiles\ch2_ohr_ncp_20260331T1105235288_d_img_d18\ch2_ohr_ncp_20260331T1105235288_d_img_d18_r00015_c000_illum.jpg,8.303511,-0.12683956,1.0529149
151,ch2_ohr_ncp_20260331T1105235288_d_img_d18,D:\ISRO\OHRC_raws\ch2_ohr_ncp_20260331T1105235288_d_img_d18,2026-03-31T11:05:23.5288Z,15,1,15360,1024,2048,256,512.0,0.25,8.01505176,296.1081226399999,89.38302,1.895764,88.104236,TDI64,msb,Ascending,True,0.0,D:\ISRO\OHRC_tiles\ch2_ohr_ncp_20260331T1105235288_d_img_d18\ch2_ohr_ncp_20260331T1105235288_d_img_d18_r00015_c001_structural.jpg,D:\ISRO\OHRC_tiles\ch2_ohr_ncp_20260331T1105235288_d_img_d18\ch2_ohr_ncp_20260331T1105235288_d_img_d18_r00015_c001_illum.jpg,7.173553,0.9069639,-0.06279663
152,ch2_ohr_ncp_20260331T1105235288_d_img_d18,D:\ISRO\OHRC_raws\ch2_ohr_ncp_20260331T1105235288_d_img_d18,2026-03-31T11:05:23.5288Z,15,2,15360,2048,2048,256,512.0,0.25,8.0149441117,296.11716004999994,89.38302,1.895764,88.104236,TDI64,msb,Ascending,True,0.0,D:\ISRO\OHRC_tiles\ch2_ohr_ncp_20260331T1105235288_d_img_d18\ch2_ohr_ncp_20260331T1105235288_d_img_d18_r00015_c002_structural.jpg,D:\ISRO\OHRC_tiles\ch2_ohr_ncp_20260331T1105235288_d_img_d18\ch2_ohr_ncp_20260331T1105235288_d_img_d18_r00015_c002_illum.jpg,7.9708047,-1.4175335,-0.48162925
153,ch2_ohr_ncp_20260331T1105235288_d_img_d18,D:\ISRO\OHRC_raws\ch2_ohr_ncp_20260331T1105235288_d_img_d18,2026-03-31T11:05:23.5288Z,15,3,15360,3072,2048,256,512.0,0.25,8.0148357835,296.12620501000004,89.38302,1.895764,88.104236,TDI64,msb,Ascending,True,0.0,D:\ISRO\OHRC_tiles\ch2_ohr_ncp_20260331T1105235288_d_img_d18\ch2_ohr_ncp_20260331T1105235288_d_img_d18_r00015_c003_structural.jpg,D:\ISRO\OHRC_tiles\ch2_ohr_ncp_20260331T1105235288_d_img_d18\ch2_ohr_ncp_20260331T1105235288_d_img_d18_r00015_c003_illum.jpg,8.064065,-1.02695,0.9022063
154,ch2_ohr_ncp_20260331T1105235288_d_img_d18,D:\ISRO\OHRC_raws\ch2_ohr_ncp_20260331T1105235288_d_img_d18,2026-03-31T11:05:23.5288Z,15,4,15360,4096,2048,256,512.0,0.25,8.014726760999999,296.1352581,89.38302,1.895764,88.104236,TDI64,msb,Ascending,True,0.0,D:\ISRO\OHRC_tiles\ch2_ohr_ncp_20260331T1105235288_d_img_d18\ch2_ohr_ncp_20260331T1105235288_d_img_d18_r00015_c004_structural.jpg,D:\ISRO\OHRC_tiles\ch2_ohr_ncp_20260331T1105235288_d_img_d18\ch2_ohr_ncp_20260331T1105235288_d_img_d18_r00015_c004_illum.jpg,7.898492,0.49044532,-0.15853125
155,ch2_ohr_ncp_20260331T1105235288_d_img_d18,D:\ISRO\OHRC_raws\ch2_ohr_ncp_20260331T1105235288_d_img_d18,2026-03-31T11:05:23.5288Z,15,5,15360,5120,2048,256,512.0,0.25,8.0146170429,296.14431771,89.38302,1.895764,88.104236,TDI64,msb,Ascending,True,0.0,D:\ISRO\OHRC_tiles\ch2_ohr_ncp_20260331T1105235288_d_img_d18\ch2_ohr_ncp_20260331T1105235288_d_img_d18_r00015_c005_structural.jpg,D:\ISRO\OHRC_tiles\ch2_ohr_ncp_20260331T1105235288_d_img_d18\ch2_ohr_ncp_20260331T1105235288_d_img_d18_r00015_c005_illum.jpg,8.831688,-1.5307459,1.0174104
156,ch2_ohr_ncp_20260331T1105235288_d_img_d18,D:\ISRO\OHRC_raws\ch2_ohr_ncp_20260331T1105235288_d_img_d18,2026-03-31T11:05:23.5288Z,15,6,15360,6144,2048,256,512.0,0.25,8.014506636299998,296.1533848,89.38302,1.895764,88.104236,TDI64,msb,Ascending,True,0.0,D:\ISRO\OHRC_tiles\ch2_ohr_ncp_20260331T1105235288_d_img_d18\ch2_ohr_ncp_20260331T1105235288_d_img_d18_r00015_c006_structural.jpg,D:\ISRO\OHRC_tiles\ch2_ohr_ncp_20260331T1105235288_d_img_d18\ch2_ohr_ncp_20260331T1105235288_d_img_d18_r00015_c006_illum.jpg,9.039241,-2.6597724,0.9016888
157,ch2_ohr_ncp_20260331T1105235288_d_img_d18,D:\ISRO\OHRC_raws\ch2_ohr_ncp_20260331T1105235288_d_img_d18,2026-03-31T11:05:23.5288Z,15,7,15360,7168,2048,256,512.0,0.25,8.0143955282,296.16245951,89.38302,1.895764,88.104236,TDI64,msb,Ascending,True,0.0,D:\ISRO\OHRC_tiles\ch2_ohr_ncp_20260331T1105235288_d_img_d18\ch2_ohr_ncp_20260331T1105235288_d_img_d18_r00015_c007_structural.jpg,D:\ISRO\OHRC_tiles\ch2_ohr_ncp_20260331T1105235288_d_img_d18\ch2_ohr_ncp_20260331T1105235288_d_img_d18_r00015_c007_illum.jpg,8.503812,-1.3459563,0.4649953
158,ch2_ohr_ncp_20260331T1105235288_d_img_d18,D:\ISRO\OHRC_raws\ch2_ohr_ncp_20260331T1105235288_d_img_d18,2026-03-31T11:05:23.5288Z,15,8,15360,8192,2048,256,512.0,0.25,8.0142837327,296.17154225,89.38302,1.895764,88.104236,TDI64,msb,Ascending,True,0.0,D:\ISRO\OHRC_tiles\ch2_ohr_ncp_20260331T1105235288_d_img_d18\ch2_ohr_ncp_20260331T1105235288_d_img_d18_r00015_c008_structural.jpg,D:\ISRO\OHRC_tiles\ch2_ohr_ncp_20260331T1105235288_d_img_d18\ch2_ohr_ncp_20260331T1105235288_d_img_d18_r00015_c008_illum.jpg,8.851658,-1.5000228,-0.8256722
159,ch2_ohr_ncp_20260331T1105235288_d_img_d18,D:\ISRO\OHRC_raws\ch2_ohr_ncp_20260331T1105235288_d_img_d18,2026-03-31T11:05:23.5288Z,15,9,15360,9216,2048,256,512.0,0.25,8.0141712277,296.18063161000003,89.38302,1.895764,88.104236,TDI64,msb,Ascending,True,0.0,D:\ISRO\OHRC_tiles\ch2_ohr_ncp_20260331T1105235288_d_img_d18\ch2_ohr_ncp_20260331T1105235288_d_img_d18_r00015_c009_structural.jpg,D:\ISRO\OHRC_tiles\ch2_ohr_ncp_20260331T1105235288_d_img_d18\ch2_ohr_ncp_20260331T1105235288_d_img_d18_r00015_c009_illum.jpg,6.7247925,-0.09845491,0.38679376
160,ch2_ohr_ncp_20260331T1105235288_d_img_d18,D:\ISRO\OHRC_raws\ch2_ohr_ncp_20260331T1105235288_d_img_d18,2026-03-31T11:05:23.5288Z,16,0,16384,0,2048,256,512.0,0.25,8.0060219599,296.09931723999995,89.38302,1.895764,88.104236,TDI64,msb,Ascending,True,0.0,D:\ISRO\OHRC_tiles\ch2_ohr_ncp_20260331T1105235288_d_img_d18\ch2_ohr_ncp_20260331T1105235288_d_img_d18_r00016_c000_structural.jpg,D:\ISRO\OHRC_tiles\ch2_ohr_ncp_20260331T1105235288_d_img_d18\ch2_ohr_ncp_20260331T1105235288_d_img_d18_r00016_c000_illum.jpg,8.568,0.13868138,1.3279139
161,ch2_ohr_ncp_20260331T1105235288_d_img_d18,D:\ISRO\OHRC_raws\ch2_ohr_ncp_20260331T1105235288_d_img_d18,2026-03-31T11:05:23.5288Z,16,1,16384,1024,2048,256,512.0,0.25,8.005915008,296.10834709,89.38302,1.895764,88.104236,TDI64,msb,Ascending,True,0.0,D:\ISRO\OHRC_tiles\ch2_ohr_ncp_20260331T1105235288_d_img_d18\ch2_ohr_ncp_20260331T1105235288_d_img_d18_r00016_c001_structural.jpg,D:\ISRO\OHRC_tiles\ch2_ohr_ncp_20260331T1105235288_d_img_d18\ch2_ohr_ncp_20260331T1105235288_d_img_d18_r00016_c001_illum.jpg,8.303087,-0.23403446,-1.9029493
162,ch2_ohr_ncp_20260331T1105235288_d_img_d18,D:\ISRO\OHRC_raws\ch2_ohr_ncp_20260331T1105235288_d_img_d18,2026-03-31T11:05:23.5288Z,16,2,16384,2048,2048,256,512.0,0.25,8.005807369,296.11738477,89.38302,1.895764,88.104236,TDI64,msb,Ascending,True,0.0,D:\ISRO\OHRC_tiles\ch2_ohr_ncp_20260331T1105235288_d_img_d18\ch2_ohr_ncp_20260331T1105235288_d_img_d18_r00016_c002_structural.jpg,D:\ISRO\OHRC_tiles\ch2_ohr_ncp_20260331T1105235288_d_img_d18\ch2_ohr_ncp_20260331T1105235288_d_img_d18_r00016_c002_illum.jpg,9.305007,-2.2254376,-1.8640784
163,ch2_ohr_ncp_20260331T1105235288_d_img_d18,D:\ISRO\OHRC_raws\ch2_ohr_ncp_20260331T1105235288_d_img_d18,2026-03-31T11:05:23.5288Z,16,3,16384,3072,2048,256,512.0,0.25,8.0056990432,296.12642942,89.38302,1.895764,88.104236,TDI64,msb,Ascending,True,0.0,D:\ISRO\OHRC_tiles\ch2_ohr_ncp_20260331T1105235288_d_img_d18\ch2_ohr_ncp_20260331T1105235288_d_img_d18_r00016_c003_structural.jpg,D:\ISRO\OHRC_tiles\ch2_ohr_ncp_20260331T1105235288_d_img_d18\ch2_ohr_ncp_20260331T1105235288_d_img_d18_r00016_c003_illum.jpg,8.95606,-1.9181947,-0.2498932
164,ch2_ohr_ncp_20260331T1105235288_d_img_d18,D:\ISRO\OHRC_raws\ch2_ohr_ncp_20260331T1105235288_d_img_d18,2026-03-31T11:05:23.5288Z,16,4,16384,4096,2048,256,512.0,0.25,8.0055900321,296.13548176,89.38302,1.895764,88.104236,TDI64,msb,Ascending,True,0.0,D:\ISRO\OHRC_tiles\ch2_ohr_ncp_20260331T1105235288_d_img_d18\ch2_ohr_ncp_20260331T1105235288_d_img_d18_r00016_c004_structural.jpg,D:\ISRO\OHRC_tiles\ch2_ohr_ncp_20260331T1105235288_d_img_d18\ch2_ohr_ncp_20260331T1105235288_d_img_d18_r00016_c004_illum.jpg,8.644773,-1.2160639,0.053580567
165,ch2_ohr_ncp_20260331T1105235288_d_img_d18,D:\ISRO\OHRC_raws\ch2_ohr_ncp_20260331T1105235288_d_img_d18,2026-03-31T11:05:23.5288Z,16,5,16384,5120,2048,256,512.0,0.25,8.0054803219,296.14454199,89.38302,1.895764,88.104236,TDI64,msb,Ascending,True,0.0,D:\ISRO\OHRC_tiles\ch2_ohr_ncp_20260331T1105235288_d_img_d18\ch2_ohr_ncp_20260331T1105235288_d_img_d18_r00016_c005_structural.jpg,D:\ISRO\OHRC_tiles\ch2_ohr_ncp_20260331T1105235288_d_img_d18\ch2_ohr_ncp_20260331T1105235288_d_img_d18_r00016_c005_illum.jpg,9.136761,-2.5551202,1.9619192
166,ch2_ohr_ncp_20260331T1105235288_d_img_d18,D:\ISRO\OHRC_raws\ch2_ohr_ncp_20260331T1105235288_d_img_d18,2026-03-31T11:05:23.5288Z,16,6,16384,6144,2048,256,512.0,0.25,8.0053699208,296.15360908,89.38302,1.895764,88.104236,TDI64,msb,Ascending,True,0.0,D:\ISRO\OHRC_tiles\ch2_ohr_ncp_20260331T1105235288_d_img_d18\ch2_ohr_ncp_20260331T1105235288_d_img_d18_r00016_c006_structural.jpg,D:\ISRO\OHRC_tiles\ch2_ohr_ncp_20260331T1105235288_d_img_d18\ch2_ohr_ncp_20260331T1105235288_d_img_d18_r00016_c006_illum.jpg,9.432995,-3.0527556,3.1736145
167,ch2_ohr_ncp_20260331T1105235288_d_img_d18,D:\ISRO\OHRC_raws\ch2_ohr_ncp_20260331T1105235288_d_img_d18,2026-03-31T11:05:23.5288Z,16,7,16384,7168,2048,256,512.0,0.25,8.0052588265,296.16268365,89.38302,1.895764,88.104236,TDI64,msb,Ascending,True,0.0,D:\ISRO\OHRC_tiles\ch2_ohr_ncp_20260331T1105235288_d_img_d18\ch2_ohr_ncp_20260331T1105235288_d_img_d18_r00016_c007_structural.jpg,D:\ISRO\OHRC_tiles\ch2_ohr_ncp_20260331T1105235288_d_img_d18\ch2_ohr_ncp_20260331T1105235288_d_img_d18_r00016_c007_illum.jpg,7.888541,-1.088381,1.9608442
168,ch2_ohr_ncp_20260331T1105235288_d_img_d18,D:\ISRO\OHRC_raws\ch2_ohr_ncp_20260331T1105235288_d_img_d18,2026-03-31T11:05:23.5288Z,16,8,16384,8192,2048,256,512.0,0.25,8.0051470334,296.1717657,89.38302,1.895764,88.104236,TDI64,msb,Ascending,True,0.0,D:\ISRO\OHRC_tiles\ch2_ohr_ncp_20260331T1105235288_d_img_d18\ch2_ohr_ncp_20260331T1105235288_d_img_d18_r00016_c008_structural.jpg,D:\ISRO\OHRC_tiles\ch2_ohr_ncp_20260331T1105235288_d_img_d18\ch2_ohr_ncp_20260331T1105235288_d_img_d18_r00016_c008_illum.jpg,8.629929,-1.4356974,-0.04940463
169,ch2_ohr_ncp_20260331T1105235288_d_img_d18,D:\ISRO\OHRC_raws\ch2_ohr_ncp_20260331T1105235288_d_img_d18,2026-03-31T11:05:23.5288Z,16,9,16384,9216,2048,256,512.0,0.25,8.0050345467,296.18085499,89.38302,1.895764,88.104236,TDI64,msb,Ascending,True,0.0,D:\ISRO\OHRC_tiles\ch2_ohr_ncp_20260331T1105235288_d_img_d18\ch2_ohr_ncp_20260331T1105235288_d_img_d18_r00016_c009_structural.jpg,D:\ISRO\OHRC_tiles\ch2_ohr_ncp_20260331T1105235288_d_img_d18\ch2_ohr_ncp_20260331T1105235288_d_img_d18_r00016_c009_illum.jpg,7.100387,-0.54881126,0.5916776
170,ch2_ohr_ncp_20260331T1105235288_d_img_d18,D:\ISRO\OHRC_raws\ch2_ohr_ncp_20260331T1105235288_d_img_d18,2026-03-31T11:05:23.5288Z,17,0,17408,0,2048,256,512.0,0.25,7.996889461399999,296.09955552,89.38302,1.895764,88.104236,TDI64,msb,Ascending,True,0.0,D:\ISRO\OHRC_tiles\ch2_ohr_ncp_20260331T1105235288_d_img_d18\ch2_ohr_ncp_20260331T1105235288_d_img_d18_r00017_c000_structural.jpg,D:\ISRO\OHRC_tiles\ch2_ohr_ncp_20260331T1105235288_d_img_d18\ch2_ohr_ncp_20260331T1105235288_d_img_d18_r00017_c000_illum.jpg,7.7258906,0.0419536,1.1268702
171,ch2_ohr_ncp_20260331T1105235288_d_img_d18,D:\ISRO\OHRC_raws\ch2_ohr_ncp_20260331T1105235288_d_img_d18,2026-03-31T11:05:23.5288Z,17,1,17408,1024,2048,256,512.0,0.25,7.9967825187,296.1085852,89.38302,1.895764,88.104236,TDI64,msb,Ascending,True,0.0,D:\ISRO\OHRC_tiles\ch2_ohr_ncp_20260331T1105235288_d_img_d18\ch2_ohr_ncp_20260331T1105235288_d_img_d18_r00017_c001_structural.jpg,D:\ISRO\OHRC_tiles\ch2_ohr_ncp_20260331T1105235288_d_img_d18\ch2_ohr_ncp_20260331T1105235288_d_img_d18_r00017_c001_illum.jpg,8.559499,-0.6805226,-0.62809837
172,ch2_ohr_ncp_20260331T1105235288_d_img_d18,D:\ISRO\OHRC_raws\ch2_ohr_ncp_20260331T1105235288_d_img_d18,2026-03-31T11:05:23.5288Z,17,2,17408,2048,2048,256,512.0,0.25,7.996674889699999,296.11762261,89.38302,1.895764,88.104236,TDI64,msb,Ascending,True,0.0,D:\ISRO\OHRC_tiles\ch2_ohr_ncp_20260331T1105235288_d_img_d18\ch2_ohr_ncp_20260331T1105235288_d_img_d18_r00017_c002_structural.jpg,D:\ISRO\OHRC_tiles\ch2_ohr_ncp_20260331T1105235288_d_img_d18\ch2_ohr_ncp_20260331T1105235288_d_img_d18_r00017_c002_illum.jpg,9.133037,-1.8200004,0.1570643
173,ch2_ohr_ncp_20260331T1105235288_d_img_d18,D:\ISRO\OHRC_raws\ch2_ohr_ncp_20260331T1105235288_d_img_d18,2026-03-31T11:05:23.5288Z,17,3,17408,3072,2048,256,512.0,0.25,7.996566568099999,296.1266675,89.38302,1.895764,88.104236,TDI64,msb,Ascending,True,0.0,D:\ISRO\OHRC_tiles\ch2_ohr_ncp_20260331T1105235288_d_img_d18\ch2_ohr_ncp_20260331T1105235288_d_img_d18_r00017_c003_structural.jpg,D:\ISRO\OHRC_tiles\ch2_ohr_ncp_20260331T1105235288_d_img_d18\ch2_ohr_ncp_20260331T1105235288_d_img_d18_r00017_c003_illum.jpg,9.053248,-2.4751935,0.91495717
174,ch2_ohr_ncp_20260331T1105235288_d_img_d18,D:\ISRO\OHRC_raws\ch2_ohr_ncp_20260331T1105235288_d_img_d18,2026-03-31T11:05:23.5288Z,17,4,17408,4096,2048,256,512.0,0.25,7.996457558999999,296.13571966,89.38302,1.895764,88.104236,TDI64,msb,Ascending,True,0.0,D:\ISRO\OHRC_tiles\ch2_ohr_ncp_20260331T1105235288_d_img_d18\ch2_ohr_ncp_20260331T1105235288_d_img_d18_r00017_c004_structural.jpg,D:\ISRO\OHRC_tiles\ch2_ohr_ncp_20260331T1105235288_d_img_d18\ch2_ohr_ncp_20260331T1105235288_d_img_d18_r00017_c004_illum.jpg,8.680387,-2.715576,1.2458946
175,ch2_ohr_ncp_20260331T1105235288_d_img_d18,D:\ISRO\OHRC_raws\ch2_ohr_ncp_20260331T1105235288_d_img_d18,2026-03-31T11:05:23.5288Z,17,5,17408,5120,2048,256,512.0,0.25,7.9963478564,296.14477927,89.38302,1.895764,88.104236,TDI64,msb,Ascending,True,0.0,D:\ISRO\OHRC_tiles\ch2_ohr_ncp_20260331T1105235288_d_img_d18\ch2_ohr_ncp_20260331T1105235288_d_img_d18_r00017_c005_structural.jpg,D:\ISRO\OHRC_tiles\ch2_ohr_ncp_20260331T1105235288_d_img_d18\ch2_ohr_ncp_20260331T1105235288_d_img_d18_r00017_c005_illum.jpg,8.730288,-2.764663,1.1060839
176,ch2_ohr_ncp_20260331T1105235288_d_img_d18,D:\ISRO\OHRC_raws\ch2_ohr_ncp_20260331T1105235288_d_img_d18,2026-03-31T11:05:23.5288Z,17,6,17408,6144,2048,256,512.0,0.25,7.996237460899999,296.15384636,89.38302,1.895764,88.104236,TDI64,msb,Ascending,True,0.0,D:\ISRO\OHRC_tiles\ch2_ohr_ncp_20260331T1105235288_d_img_d18\ch2_ohr_ncp_20260331T1105235288_d_img_d18_r00017_c006_structural.jpg,D:\ISRO\OHRC_tiles\ch2_ohr_ncp_20260331T1105235288_d_img_d18\ch2_ohr_ncp_20260331T1105235288_d_img_d18_r00017_c006_illum.jpg,9.494678,-2.8634179,1.7932017
177,ch2_ohr_ncp_20260331T1105235288_d_img_d18,D:\ISRO\OHRC_raws\ch2_ohr_ncp_20260331T1105235288_d_img_d18,2026-03-31T11:05:23.5288Z,17,7,17408,7168,2048,256,512.0,0.25,7.9961263755,296.16292052000006,89.38302,1.895764,88.104236,TDI64,msb,Ascending,True,0.0,D:\ISRO\OHRC_tiles\ch2_ohr_ncp_20260331T1105235288_d_img_d18\ch2_ohr_ncp_20260331T1105235288_d_img_d18_r00017_c007_structural.jpg,D:\ISRO\OHRC_tiles\ch2_ohr_ncp_20260331T1105235288_d_img_d18\ch2_ohr_ncp_20260331T1105235288_d_img_d18_r00017_c007_illum.jpg,9.168792,-2.5554366,1.3802586
178,ch2_ohr_ncp_20260331T1105235288_d_img_d18,D:\ISRO\OHRC_raws\ch2_ohr_ncp_20260331T1105235288_d_img_d18,2026-03-31T11:05:23.5288Z,17,8,17408,8192,2048,256,512.0,0.25,7.9960145883,296.1720024,89.38302,1.895764,88.104236,TDI64,msb,Ascending,True,0.0,D:\ISRO\OHRC_tiles\ch2_ohr_ncp_20260331T1105235288_d_img_d18\ch2_ohr_ncp_20260331T1105235288_d_img_d18_r00017_c008_structural.jpg,D:\ISRO\OHRC_tiles\ch2_ohr_ncp_20260331T1105235288_d_img_d18\ch2_ohr_ncp_20260331T1105235288_d_img_d18_r00017_c008_illum.jpg,9.4085245,-2.427839,-0.12513483
179,ch2_ohr_ncp_20260331T1105235288_d_img_d18,D:\ISRO\OHRC_raws\ch2_ohr_ncp_20260331T1105235288_d_img_d18,2026-03-31T11:05:23.5288Z,17,9,17408,9216,2048,256,512.0,0.25,7.995902105699999,296.1810921,89.38302,1.895764,88.104236,TDI64,msb,Ascending,True,0.0,D:\ISRO\OHRC_tiles\ch2_ohr_ncp_20260331T1105235288_d_img_d18\ch2_ohr_ncp_20260331T1105235288_d_img_d18_r00017_c009_structural.jpg,D:\ISRO\OHRC_tiles\ch2_ohr_ncp_20260331T1105235288_d_img_d18\ch2_ohr_ncp_20260331T1105235288_d_img_d18_r00017_c009_illum.jpg,8.489974,-1.9213088,-0.4597446
180,ch2_ohr_ncp_20260331T1105235288_d_img_d18,D:\ISRO\OHRC_raws\ch2_ohr_ncp_20260331T1105235288_d_img_d18,2026-03-31T11:05:23.5288Z,18,0,18432,0,2048,256,512.0,0.25,7.987747488999999,296.09978320000005,89.38302,1.895764,88.104236,TDI64,msb,Ascending,True,0.0,D:\ISRO\OHRC_tiles\ch2_ohr_ncp_20260331T1105235288_d_img_d18\ch2_ohr_ncp_20260331T1105235288_d_img_d18_r00018_c000_structural.jpg,D:\ISRO\OHRC_tiles\ch2_ohr_ncp_20260331T1105235288_d_img_d18\ch2_ohr_ncp_20260331T1105235288_d_img_d18_r00018_c000_illum.jpg,7.9774084,-0.06899506,0.87844294
181,ch2_ohr_ncp_20260331T1105235288_d_img_d18,D:\ISRO\OHRC_raws\ch2_ohr_ncp_20260331T1105235288_d_img_d18,2026-03-31T11:05:23.5288Z,18,1,18432,1024,2048,256,512.0,0.25,7.9876405463,296.10881313,89.38302,1.895764,88.104236,TDI64,msb,Ascending,True,0.0,D:\ISRO\OHRC_tiles\ch2_ohr_ncp_20260331T1105235288_d_img_d18\ch2_ohr_ncp_20260331T1105235288_d_img_d18_r00018_c001_structural.jpg,D:\ISRO\OHRC_tiles\ch2_ohr_ncp_20260331T1105235288_d_img_d18\ch2_ohr_ncp_20260331T1105235288_d_img_d18_r00018_c001_illum.jpg,8.521431,-0.6939364,0.6060229
182,ch2_ohr_ncp_20260331T1105235288_d_img_d18,D:\ISRO\OHRC_raws\ch2_ohr_ncp_20260331T1105235288_d_img_d18,2026-03-31T11:05:23.5288Z,18,2,18432,2048,2048,256,512.0,0.25,7.9875329235,296.11784989,89.38302,1.895764,88.104236,TDI64,msb,Ascending,True,0.0,D:\ISRO\OHRC_tiles\ch2_ohr_ncp_20260331T1105235288_d_img_d18\ch2_ohr_ncp_20260331T1105235288_d_img_d18_r00018_c002_structural.jpg,D:\ISRO\OHRC_tiles\ch2_ohr_ncp_20260331T1105235288_d_img_d18\ch2_ohr_ncp_20260331T1105235288_d_img_d18_r00018_c002_illum.jpg,8.605752,-2.477045,0.96256405
183,ch2_ohr_ncp_20260331T1105235288_d_img_d18,D:\ISRO\OHRC_raws\ch2_ohr_ncp_20260331T1105235288_d_img_d18,2026-03-31T11:05:23.5288Z,18,3,18432,3072,2048,256,512.0,0.25,7.9874246095,296.12689478,89.38302,1.895764,88.104236,TDI64,msb,Ascending,True,0.0,D:\ISRO\OHRC_tiles\ch2_ohr_ncp_20260331T1105235288_d_img_d18\ch2_ohr_ncp_20260331T1105235288_d_img_d18_r00018_c003_structural.jpg,D:\ISRO\OHRC_tiles\ch2_ohr_ncp_20260331T1105235288_d_img_d18\ch2_ohr_ncp_20260331T1105235288_d_img_d18_r00018_c003_illum.jpg,7.6739836,-2.2895105,1.5392462
184,ch2_ohr_ncp_20260331T1105235288_d_img_d18,D:\ISRO\OHRC_raws\ch2_ohr_ncp_20260331T1105235288_d_img_d18,2026-03-31T11:05:23.5288Z,18,4,18432,4096,2048,256,512.0,0.25,7.9873156022,296.13594659,89.38302,1.895764,88.104236,TDI64,msb,Ascending,True,0.0,D:\ISRO\OHRC_tiles\ch2_ohr_ncp_20260331T1105235288_d_img_d18\ch2_ohr_ncp_20260331T1105235288_d_img_d18_r00018_c004_structural.jpg,D:\ISRO\OHRC_tiles\ch2_ohr_ncp_20260331T1105235288_d_img_d18\ch2_ohr_ncp_20260331T1105235288_d_img_d18_r00018_c004_illum.jpg,8.337154,-2.1171896,0.1667895
185,ch2_ohr_ncp_20260331T1105235288_d_img_d18,D:\ISRO\OHRC_raws\ch2_ohr_ncp_20260331T1105235288_d_img_d18,2026-03-31T11:05:23.5288Z,18,5,18432,5120,2048,256,512.0,0.25,7.9872059075,296.14500554999995,89.38302,1.895764,88.104236,TDI64,msb,Ascending,True,0.0,D:\ISRO\OHRC_tiles\ch2_ohr_ncp_20260331T1105235288_d_img_d18\ch2_ohr_ncp_20260331T1105235288_d_img_d18_r00018_c005_structural.jpg,D:\ISRO\OHRC_tiles\ch2_ohr_ncp_20260331T1105235288_d_img_d18\ch2_ohr_ncp_20260331T1105235288_d_img_d18_r00018_c005_illum.jpg,9.113579,-1.9715437,-0.8492812
186,ch2_ohr_ncp_20260331T1105235288_d_img_d18,D:\ISRO\OHRC_raws\ch2_ohr_ncp_20260331T1105235288_d_img_d18,2026-03-31T11:05:23.5288Z,18,6,18432,6144,2048,256,512.0,0.25,7.987095516100001,296.15407264000004,89.38302,1.895764,88.104236,TDI64,msb,Ascending,True,0.0,D:\ISRO\OHRC_tiles\ch2_ohr_ncp_20260331T1105235288_d_img_d18\ch2_ohr_ncp_20260331T1105235288_d_img_d18_r00018_c006_structural.jpg,D:\ISRO\OHRC_tiles\ch2_ohr_ncp_20260331T1105235288_d_img_d18\ch2_ohr_ncp_20260331T1105235288_d_img_d18_r00018_c006_illum.jpg,9.194802,-2.2301955,1.3273908
187,ch2_ohr_ncp_20260331T1105235288_d_img_d18,D:\ISRO\OHRC_raws\ch2_ohr_ncp_20260331T1105235288_d_img_d18,2026-03-31T11:05:23.5288Z,18,7,18432,7168,2048,256,512.0,0.25,7.986984436599999,296.16314686,89.38302,1.895764,88.104236,TDI64,msb,Ascending,True,0.0,D:\ISRO\OHRC_tiles\ch2_ohr_ncp_20260331T1105235288_d_img_d18\ch2_ohr_ncp_20260331T1105235288_d_img_d18_r00018_c007_structural.jpg,D:\ISRO\OHRC_tiles\ch2_ohr_ncp_20260331T1105235288_d_img_d18\ch2_ohr_ncp_20260331T1105235288_d_img_d18_r00018_c007_illum.jpg,8.660544,-0.8429635,1.2816721
188,ch2_ohr_ncp_20260331T1105235288_d_img_d18,D:\ISRO\OHRC_raws\ch2_ohr_ncp_20260331T1105235288_d_img_d18,2026-03-31T11:05:23.5288Z,18,8,18432,8192,2048,256,512.0,0.25,7.9868726535,296.17222826,89.38302,1.895764,88.104236,TDI64,msb,Ascending,True,0.0,D:\ISRO\OHRC_tiles\ch2_ohr_ncp_20260331T1105235288_d_img_d18\ch2_ohr_ncp_20260331T1105235288_d_img_d18_r00018_c008_structural.jpg,D:\ISRO\OHRC_tiles\ch2_ohr_ncp_20260331T1105235288_d_img_d18\ch2_ohr_ncp_20260331T1105235288_d_img_d18_r00018_c008_illum.jpg,8.534354,-1.9008598,0.031523153
189,ch2_ohr_ncp_20260331T1105235288_d_img_d18,D:\ISRO\OHRC_raws\ch2_ohr_ncp_20260331T1105235288_d_img_d18,2026-03-31T11:05:23.5288Z,18,9,18432,9216,2048,256,512.0,0.25,7.9867601768,296.18131738,89.38302,1.895764,88.104236,TDI64,msb,Ascending,True,0.0,D:\ISRO\OHRC_tiles\ch2_ohr_ncp_20260331T1105235288_d_img_d18\ch2_ohr_ncp_20260331T1105235288_d_img_d18_r00018_c009_structural.jpg,D:\ISRO\OHRC_tiles\ch2_ohr_ncp_20260331T1105235288_d_img_d18\ch2_ohr_ncp_20260331T1105235288_d_img_d18_r00018_c009_illum.jpg,8.842949,-3.067194,0.6825146
190,ch2_ohr_ncp_20260331T1105235288_d_img_d18,D:\ISRO\OHRC_raws\ch2_ohr_ncp_20260331T1105235288_d_img_d18,2026-03-31T11:05:23.5288Z,19,0,19456,0,2048,256,512.0,0.25,7.978611686000001,296.10001608000005,89.38302,1.895764,88.104236,TDI64,msb,Ascending,True,0.0,D:\ISRO\OHRC_tiles\ch2_ohr_ncp_20260331T1105235288_d_img_d18\ch2_ohr_ncp_20260331T1105235288_d_img_d18_r00019_c000_structural.jpg,D:\ISRO\OHRC_tiles\ch2_ohr_ncp_20260331T1105235288_d_img_d18\ch2_ohr_ncp_20260331T1105235288_d_img_d18_r00019_c000_illum.jpg,8.325381,-0.74976283,0.5252325
191,ch2_ohr_ncp_20260331T1105235288_d_img_d18,D:\ISRO\OHRC_raws\ch2_ohr_ncp_20260331T1105235288_d_img_d18,2026-03-31T11:05:23.5288Z,19,1,19456,1024,2048,256,512.0,0.25,7.978504754400001,296.10904587,89.38302,1.895764,88.104236,TDI64,msb,Ascending,True,0.0,D:\ISRO\OHRC_tiles\ch2_ohr_ncp_20260331T1105235288_d_img_d18\ch2_ohr_ncp_20260331T1105235288_d_img_d18_r00019_c001_structural.jpg,D:\ISRO\OHRC_tiles\ch2_ohr_ncp_20260331T1105235288_d_img_d18\ch2_ohr_ncp_20260331T1105235288_d_img_d18_r00019_c001_illum.jpg,8.717706,-1.7927215,0.4039131
192,ch2_ohr_ncp_20260331T1105235288_d_img_d18,D:\ISRO\OHRC_raws\ch2_ohr_ncp_20260331T1105235288_d_img_d18,2026-03-31T11:05:23.5288Z,19,2,19456,2048,2048,256,512.0,0.25,7.978397144300001,296.11808317,89.38302,1.895764,88.104236,TDI64,msb,Ascending,True,0.0,D:\ISRO\OHRC_tiles\ch2_ohr_ncp_20260331T1105235288_d_img_d18\ch2_ohr_ncp_20260331T1105235288_d_img_d18_r00019_c002_structural.jpg,D:\ISRO\OHRC_tiles\ch2_ohr_ncp_20260331T1105235288_d_img_d18\ch2_ohr_ncp_20260331T1105235288_d_img_d18_r00019_c002_illum.jpg,7.513802,-2.0153813,1.0519273
193,ch2_ohr_ncp_20260331T1105235288_d_img_d18,D:\ISRO\OHRC_raws\ch2_ohr_ncp_20260331T1105235288_d_img_d18,2026-03-31T11:05:23.5288Z,19,3,19456,3072,2048,256,512.0,0.25,7.9782888379,296.12712717,89.38302,1.895764,88.104236,TDI64,msb,Ascending,True,0.0,D:\ISRO\OHRC_tiles\ch2_ohr_ncp_20260331T1105235288_d_img_d18\ch2_ohr_ncp_20260331T1105235288_d_img_d18_r00019_c003_structural.jpg,D:\ISRO\OHRC_tiles\ch2_ohr_ncp_20260331T1105235288_d_img_d18\ch2_ohr_ncp_20260331T1105235288_d_img_d18_r00019_c003_illum.jpg,6.6492734,-1.0450768,1.8146838
194,ch2_ohr_ncp_20260331T1105235288_d_img_d18,D:\ISRO\OHRC_raws\ch2_ohr_ncp_20260331T1105235288_d_img_d18,2026-03-31T11:05:23.5288Z,19,4,19456,4096,2048,256,512.0,0.25,7.9781798557,296.13617854,89.38302,1.895764,88.104236,TDI64,msb,Ascending,True,0.0,D:\ISRO\OHRC_tiles\ch2_ohr_ncp_20260331T1105235288_d_img_d18\ch2_ohr_ncp_20260331T1105235288_d_img_d18_r00019_c004_structural.jpg,D:\ISRO\OHRC_tiles\ch2_ohr_ncp_20260331T1105235288_d_img_d18\ch2_ohr_ncp_20260331T1105235288_d_img_d18_r00019_c004_illum.jpg,8.052407,-1.722944,0.18583614
195,ch2_ohr_ncp_20260331T1105235288_d_img_d18,D:\ISRO\OHRC_raws\ch2_ohr_ncp_20260331T1105235288_d_img_d18,2026-03-31T11:05:23.5288Z,19,5,19456,5120,2048,256,512.0,0.25,7.978070171,296.14523794,89.38302,1.895764,88.104236,TDI64,msb,Ascending,True,0.0,D:\ISRO\OHRC_tiles\ch2_ohr_ncp_20260331T1105235288_d_img_d18\ch2_ohr_ncp_20260331T1105235288_d_img_d18_r00019_c005_structural.jpg,D:\ISRO\OHRC_tiles\ch2_ohr_ncp_20260331T1105235288_d_img_d18\ch2_ohr_ncp_20260331T1105235288_d_img_d18_r00019_c005_illum.jpg,8.666546,-1.0296274,-1.1214492
196,ch2_ohr_ncp_20260331T1105235288_d_img_d18,D:\ISRO\OHRC_raws\ch2_ohr_ncp_20260331T1105235288_d_img_d18,2026-03-31T11:05:23.5288Z,19,6,19456,6144,2048,256,512.0,0.25,7.9779597996,296.15430492,89.38302,1.895764,88.104236,TDI64,msb,Ascending,True,0.0,D:\ISRO\OHRC_tiles\ch2_ohr_ncp_20260331T1105235288_d_img_d18\ch2_ohr_ncp_20260331T1105235288_d_img_d18_r00019_c006_structural.jpg,D:\ISRO\OHRC_tiles\ch2_ohr_ncp_20260331T1105235288_d_img_d18\ch2_ohr_ncp_20260331T1105235288_d_img_d18_r00019_c006_illum.jpg,8.992682,-1.9957595,0.3417298
197,ch2_ohr_ncp_20260331T1105235288_d_img_d18,D:\ISRO\OHRC_raws\ch2_ohr_ncp_20260331T1105235288_d_img_d18,2026-03-31T11:05:23.5288Z,19,7,19456,7168,2048,256,512.0,0.25,7.977848730099999,296.1633786,89.38302,1.895764,88.104236,TDI64,msb,Ascending,True,0.0,D:\ISRO\OHRC_tiles\ch2_ohr_ncp_20260331T1105235288_d_img_d18\ch2_ohr_ncp_20260331T1105235288_d_img_d18_r00019_c007_structural.jpg,D:\ISRO\OHRC_tiles\ch2_ohr_ncp_20260331T1105235288_d_img_d18\ch2_ohr_ncp_20260331T1105235288_d_img_d18_r00019_c007_illum.jpg,8.821491,-1.2032804,0.07478345
198,ch2_ohr_ncp_20260331T1105235288_d_img_d18,D:\ISRO\OHRC_raws\ch2_ohr_ncp_20260331T1105235288_d_img_d18,2026-03-31T11:05:23.5288Z,19,8,19456,8192,2048,256,512.0,0.25,7.977736967,296.17246048,89.38302,1.895764,88.104236,TDI64,msb,Ascending,True,0.0,D:\ISRO\OHRC_tiles\ch2_ohr_ncp_20260331T1105235288_d_img_d18\ch2_ohr_ncp_20260331T1105235288_d_img_d18_r00019_c008_structural.jpg,D:\ISRO\OHRC_tiles\ch2_ohr_ncp_20260331T1105235288_d_img_d18\ch2_ohr_ncp_20260331T1105235288_d_img_d18_r00019_c008_illum.jpg,7.973153,-1.550975,1.0658281
199,ch2_ohr_ncp_20260331T1105235288_d_img_d18,D:\ISRO\OHRC_raws\ch2_ohr_ncp_20260331T1105235288_d_img_d18,2026-03-31T11:05:23.5288Z,19,9,19456,9216,2048,256,512.0,0.25,7.9776245014,296.18154877,89.38302,1.895764,88.104236,TDI64,msb,Ascending,True,0.0,D:\ISRO\OHRC_tiles\ch2_ohr_ncp_20260331T1105235288_d_img_d18\ch2_ohr_ncp_20260331T1105235288_d_img_d18_r00019_c009_structural.jpg,D:\ISRO\OHRC_tiles\ch2_ohr_ncp_20260331T1105235288_d_img_d18\ch2_ohr_ncp_20260331T1105235288_d_img_d18_r00019_c009_illum.jpg,8.926495,-2.7849877,1.0957112
200,ch2_ohr_ncp_20260331T1105235288_d_img_d18,D:\ISRO\OHRC_raws\ch2_ohr_ncp_20260331T1105235288_d_img_d18,2026-03-31T11:05:23.5288Z,20,0,20480,0,2048,256,512.0,0.25,7.9694727511,296.10023124,89.38302,1.895764,88.104236,TDI64,msb,Ascending,True,0.0,D:\ISRO\OHRC_tiles\ch2_ohr_ncp_20260331T1105235288_d_img_d18\ch2_ohr_ncp_20260331T1105235288_d_img_d18_r00020_c000_structural.jpg,D:\ISRO\OHRC_tiles\ch2_ohr_ncp_20260331T1105235288_d_img_d18\ch2_ohr_ncp_20260331T1105235288_d_img_d18_r00020_c000_illum.jpg,9.955761,-3.7418222,-1.4194524
201,ch2_ohr_ncp_20260331T1105235288_d_img_d18,D:\ISRO\OHRC_raws\ch2_ohr_ncp_20260331T1105235288_d_img_d18,2026-03-31T11:05:23.5288Z,20,1,20480,1024,2048,256,512.0,0.25,7.9693658197,296.10926104000004,89.38302,1.895764,88.104236,TDI64,msb,Ascending,True,0.0,D:\ISRO\OHRC_tiles\ch2_ohr_ncp_20260331T1105235288_d_img_d18\ch2_ohr_ncp_20260331T1105235288_d_img_d18_r00020_c001_structural.jpg,D:\ISRO\OHRC_tiles\ch2_ohr_ncp_20260331T1105235288_d_img_d18\ch2_ohr_ncp_20260331T1105235288_d_img_d18_r00020_c001_illum.jpg,8.282365,-2.5329022,0.86223793
202,ch2_ohr_ncp_20260331T1105235288_d_img_d18,D:\ISRO\OHRC_raws\ch2_ohr_ncp_20260331T1105235288_d_img_d18,2026-03-31T11:05:23.5288Z,20,2,20480,2048,2048,256,512.0,0.25,7.9692582107,296.11829745,89.38302,1.895764,88.104236,TDI64,msb,Ascending,True,0.0,D:\ISRO\OHRC_tiles\ch2_ohr_ncp_20260331T1105235288_d_img_d18\ch2_ohr_ncp_20260331T1105235288_d_img_d18_r00020_c002_structural.jpg,D:\ISRO\OHRC_tiles\ch2_ohr_ncp_20260331T1105235288_d_img_d18\ch2_ohr_ncp_20260331T1105235288_d_img_d18_r00020_c002_illum.jpg,7.6211863,-1.8521215,1.7600733
203,ch2_ohr_ncp_20260331T1105235288_d_img_d18,D:\ISRO\OHRC_raws\ch2_ohr_ncp_20260331T1105235288_d_img_d18,2026-03-31T11:05:23.5288Z,20,3,20480,3072,2048,256,512.0,0.25,7.9691499045,296.1273415,89.38302,1.895764,88.104236,TDI64,msb,Ascending,True,0.0,D:\ISRO\OHRC_tiles\ch2_ohr_ncp_20260331T1105235288_d_img_d18\ch2_ohr_ncp_20260331T1105235288_d_img_d18_r00020_c003_structural.jpg,D:\ISRO\OHRC_tiles\ch2_ohr_ncp_20260331T1105235288_d_img_d18\ch2_ohr_ncp_20260331T1105235288_d_img_d18_r00020_c003_illum.jpg,8.098131,-2.1158504,-0.1620025
204,ch2_ohr_ncp_20260331T1105235288_d_img_d18,D:\ISRO\OHRC_raws\ch2_ohr_ncp_20260331T1105235288_d_img_d18,2026-03-31T11:05:23.5288Z,20,4,20480,4096,2048,256,512.0,0.25,7.969040913400001,296.13639271000005,89.38302,1.895764,88.104236,TDI64,msb,Ascending,True,0.0,D:\ISRO\OHRC_tiles\ch2_ohr_ncp_20260331T1105235288_d_img_d18\ch2_ohr_ncp_20260331T1105235288_d_img_d18_r00020_c004_structural.jpg,D:\ISRO\OHRC_tiles\ch2_ohr_ncp_20260331T1105235288_d_img_d18\ch2_ohr_ncp_20260331T1105235288_d_img_d18_r00020_c004_illum.jpg,8.622853,-2.182792,0.54840124
205,ch2_ohr_ncp_20260331T1105235288_d_img_d18,D:\ISRO\OHRC_raws\ch2_ohr_ncp_20260331T1105235288_d_img_d18,2026-03-31T11:05:23.5288Z,20,5,20480,5120,2048,256,512.0,0.25,7.968931233199999,296.14545211,89.38302,1.895764,88.104236,TDI64,msb,Ascending,True,0.0,D:\ISRO\OHRC_tiles\ch2_ohr_ncp_20260331T1105235288_d_img_d18\ch2_ohr_ncp_20260331T1105235288_d_img_d18_r00020_c005_structural.jpg,D:\ISRO\OHRC_tiles\ch2_ohr_ncp_20260331T1105235288_d_img_d18\ch2_ohr_ncp_20260331T1105235288_d_img_d18_r00020_c005_illum.jpg,7.5228934,-0.050356776,0.9107318
206,ch2_ohr_ncp_20260331T1105235288_d_img_d18,D:\ISRO\OHRC_raws\ch2_ohr_ncp_20260331T1105235288_d_img_d18,2026-03-31T11:05:23.5288Z,20,6,20480,6144,2048,256,512.0,0.25,7.9688208604,296.15451833,89.38302,1.895764,88.104236,TDI64,msb,Ascending,True,0.0,D:\ISRO\OHRC_tiles\ch2_ohr_ncp_20260331T1105235288_d_img_d18\ch2_ohr_ncp_20260331T1105235288_d_img_d18_r00020_c006_structural.jpg,D:\ISRO\OHRC_tiles\ch2_ohr_ncp_20260331T1105235288_d_img_d18\ch2_ohr_ncp_20260331T1105235288_d_img_d18_r00020_c006_illum.jpg,8.744625,-1.2759699,-0.24367125
207,ch2_ohr_ncp_20260331T1105235288_d_img_d18,D:\ISRO\OHRC_raws\ch2_ohr_ncp_20260331T1105235288_d_img_d18,2026-03-31T11:05:23.5288Z,20,7,20480,7168,2048,256,512.0,0.25,7.968709798399999,296.16359197,89.38302,1.895764,88.104236,TDI64,msb,Ascending,True,0.0,D:\ISRO\OHRC_tiles\ch2_ohr_ncp_20260331T1105235288_d_img_d18\ch2_ohr_ncp_20260331T1105235288_d_img_d18_r00020_c007_structural.jpg,D:\ISRO\OHRC_tiles\ch2_ohr_ncp_20260331T1105235288_d_img_d18\ch2_ohr_ncp_20260331T1105235288_d_img_d18_r00020_c007_illum.jpg,10.032138,-2.5432644,-1.0250157
208,ch2_ohr_ncp_20260331T1105235288_d_img_d18,D:\ISRO\OHRC_raws\ch2_ohr_ncp_20260331T1105235288_d_img_d18,2026-03-31T11:05:23.5288Z,20,8,20480,8192,2048,256,512.0,0.25,7.9685980356,296.17267365,89.38302,1.895764,88.104236,TDI64,msb,Ascending,True,0.0,D:\ISRO\OHRC_tiles\ch2_ohr_ncp_20260331T1105235288_d_img_d18\ch2_ohr_ncp_20260331T1105235288_d_img_d18_r00020_c008_structural.jpg,D:\ISRO\OHRC_tiles\ch2_ohr_ncp_20260331T1105235288_d_img_d18\ch2_ohr_ncp_20260331T1105235288_d_img_d18_r00020_c008_illum.jpg,8.615407,-2.0604837,0.34017575
209,ch2_ohr_ncp_20260331T1105235288_d_img_d18,D:\ISRO\OHRC_raws\ch2_ohr_ncp_20260331T1105235288_d_img_d18,2026-03-31T11:05:23.5288Z,20,9,20480,9216,2048,256,512.0,0.25,7.9684855693,296.18176207,89.38302,1.895764,88.104236,TDI64,msb,Ascending,True,0.0,D:\ISRO\OHRC_tiles\ch2_ohr_ncp_20260331T1105235288_d_img_d18\ch2_ohr_ncp_20260331T1105235288_d_img_d18_r00020_c009_structural.jpg,D:\ISRO\OHRC_tiles\ch2_ohr_ncp_20260331T1105235288_d_img_d18\ch2_ohr_ncp_20260331T1105235288_d_img_d18_r00020_c009_illum.jpg,7.574308,-1.1015497,0.6896485
210,ch2_ohr_ncp_20260331T1105235288_d_img_d18,D:\ISRO\OHRC_raws\ch2_ohr_ncp_20260331T1105235288_d_img_d18,2026-03-31T11:05:23.5288Z,21,0,21504,0,2048,256,512.0,0.25,7.9603348599,296.10045964,89.38302,1.895764,88.104236,TDI64,msb,Ascending,True,0.0,D:\ISRO\OHRC_tiles\ch2_ohr_ncp_20260331T1105235288_d_img_d18\ch2_ohr_ncp_20260331T1105235288_d_img_d18_r00021_c000_structural.jpg,D:\ISRO\OHRC_tiles\ch2_ohr_ncp_20260331T1105235288_d_img_d18\ch2_ohr_ncp_20260331T1105235288_d_img_d18_r00021_c000_illum.jpg,9.879708,-4.004233,-0.9807233
211,ch2_ohr_ncp_20260331T1105235288_d_img_d18,D:\ISRO\OHRC_raws\ch2_ohr_ncp_20260331T1105235288_d_img_d18,2026-03-31T11:05:23.5288Z,21,1,21504,1024,2048,256,512.0,0.25,7.9602279321,296.10948932,89.38302,1.895764,88.104236,TDI64,msb,Ascending,True,0.0,D:\ISRO\OHRC_tiles\ch2_ohr_ncp_20260331T1105235288_d_img_d18\ch2_ohr_ncp_20260331T1105235288_d_img_d18_r00021_c001_structural.jpg,D:\ISRO\OHRC_tiles\ch2_ohr_ncp_20260331T1105235288_d_img_d18\ch2_ohr_ncp_20260331T1105235288_d_img_d18_r00021_c001_illum.jpg,8.214206,-2.4191482,1.2559601
212,ch2_ohr_ncp_20260331T1105235288_d_img_d18,D:\ISRO\OHRC_raws\ch2_ohr_ncp_20260331T1105235288_d_img_d18,2026-03-31T11:05:23.5288Z,21,2,21504,2048,2048,256,512.0,0.25,7.960120318199999,296.11852573,89.38302,1.895764,88.104236,TDI64,msb,Ascending,True,0.0,D:\ISRO\OHRC_tiles\ch2_ohr_ncp_20260331T1105235288_d_img_d18\ch2_ohr_ncp_20260331T1105235288_d_img_d18_r00021_c002_structural.jpg,D:\ISRO\OHRC_tiles\ch2_ohr_ncp_20260331T1105235288_d_img_d18\ch2_ohr_ncp_20260331T1105235288_d_img_d18_r00021_c002_illum.jpg,9.095936,-3.253596,2.1095579
213,ch2_ohr_ncp_20260331T1105235288_d_img_d18,D:\ISRO\OHRC_raws\ch2_ohr_ncp_20260331T1105235288_d_img_d18,2026-03-31T11:05:23.5288Z,21,3,21504,3072,2048,256,512.0,0.25,7.9600120233,296.12756962000003,89.38302,1.895764,88.104236,TDI64,msb,Ascending,True,0.0,D:\ISRO\OHRC_tiles\ch2_ohr_ncp_20260331T1105235288_d_img_d18\ch2_ohr_ncp_20260331T1105235288_d_img_d18_r00021_c003_structural.jpg,D:\ISRO\OHRC_tiles\ch2_ohr_ncp_20260331T1105235288_d_img_d18\ch2_ohr_ncp_20260331T1105235288_d_img_d18_r00021_c003_illum.jpg,8.123808,-1.7565434,-0.08141649
214,ch2_ohr_ncp_20260331T1105235288_d_img_d18,D:\ISRO\OHRC_raws\ch2_ohr_ncp_20260331T1105235288_d_img_d18,2026-03-31T11:05:23.5288Z,21,4,21504,4096,2048,256,512.0,0.25,7.9599030359,296.13662078000004,89.38302,1.895764,88.104236,TDI64,msb,Ascending,True,0.0,D:\ISRO\OHRC_tiles\ch2_ohr_ncp_20260331T1105235288_d_img_d18\ch2_ohr_ncp_20260331T1105235288_d_img_d18_r00021_c004_structural.jpg,D:\ISRO\OHRC_tiles\ch2_ohr_ncp_20260331T1105235288_d_img_d18\ch2_ohr_ncp_20260331T1105235288_d_img_d18_r00021_c004_illum.jpg,8.258921,-0.76401246,-0.0049578445
215,ch2_ohr_ncp_20260331T1105235288_d_img_d18,D:\ISRO\OHRC_raws\ch2_ohr_ncp_20260331T1105235288_d_img_d18,2026-03-31T11:05:23.5288Z,21,5,21504,5120,2048,256,512.0,0.25,7.959793357500001,296.14567939,89.38302,1.895764,88.104236,TDI64,msb,Ascending,True,0.0,D:\ISRO\OHRC_tiles\ch2_ohr_ncp_20260331T1105235288_d_img_d18\ch2_ohr_ncp_20260331T1105235288_d_img_d18_r00021_c005_structural.jpg,D:\ISRO\OHRC_tiles\ch2_ohr_ncp_20260331T1105235288_d_img_d18\ch2_ohr_ncp_20260331T1105235288_d_img_d18_r00021_c005_illum.jpg,7.578062,0.33932382,1.2347333
216,ch2_ohr_ncp_20260331T1105235288_d_img_d18,D:\ISRO\OHRC_raws\ch2_ohr_ncp_20260331T1105235288_d_img_d18,2026-03-31T11:05:23.5288Z,21,6,21504,6144,2048,256,512.0,0.25,7.9596829861,296.15474548,89.38302,1.895764,88.104236,TDI64,msb,Ascending,True,0.0,D:\ISRO\OHRC_tiles\ch2_ohr_ncp_20260331T1105235288_d_img_d18\ch2_ohr_ncp_20260331T1105235288_d_img_d18_r00021_c006_structural.jpg,D:\ISRO\OHRC_tiles\ch2_ohr_ncp_20260331T1105235288_d_img_d18\ch2_ohr_ncp_20260331T1105235288_d_img_d18_r00021_c006_illum.jpg,7.7675076,-0.79335326,1.0653622
217,ch2_ohr_ncp_20260331T1105235288_d_img_d18,D:\ISRO\OHRC_raws\ch2_ohr_ncp_20260331T1105235288_d_img_d18,2026-03-31T11:05:23.5288Z,21,7,21504,7168,2048,256,512.0,0.25,7.9595719259,296.16381912,89.38302,1.895764,88.104236,TDI64,msb,Ascending,True,0.0,D:\ISRO\OHRC_tiles\ch2_ohr_ncp_20260331T1105235288_d_img_d18\ch2_ohr_ncp_20260331T1105235288_d_img_d18_r00021_c007_structural.jpg,D:\ISRO\OHRC_tiles\ch2_ohr_ncp_20260331T1105235288_d_img_d18\ch2_ohr_ncp_20260331T1105235288_d_img_d18_r00021_c007_illum.jpg,8.996382,-2.2806726,1.1179875
218,ch2_ohr_ncp_20260331T1105235288_d_img_d18,D:\ISRO\OHRC_raws\ch2_ohr_ncp_20260331T1105235288_d_img_d18,2026-03-31T11:05:23.5288Z,21,8,21504,8192,2048,256,512.0,0.25,7.959460163499999,296.17290093,89.38302,1.895764,88.104236,TDI64,msb,Ascending,True,0.0,D:\ISRO\OHRC_tiles\ch2_ohr_ncp_20260331T1105235288_d_img_d18\ch2_ohr_ncp_20260331T1105235288_d_img_d18_r00021_c008_structural.jpg,D:\ISRO\OHRC_tiles\ch2_ohr_ncp_20260331T1105235288_d_img_d18\ch2_ohr_ncp_20260331T1105235288_d_img_d18_r00021_c008_illum.jpg,8.439908,-1.516722,1.3757807
219,ch2_ohr_ncp_20260331T1105235288_d_img_d18,D:\ISRO\OHRC_raws\ch2_ohr_ncp_20260331T1105235288_d_img_d18,2026-03-31T11:05:23.5288Z,21,9,21504,9216,2048,256,512.0,0.25,7.9593477031,296.18198922,89.38302,1.895764,88.104236,TDI64,msb,Ascending,True,0.0,D:\ISRO\OHRC_tiles\ch2_ohr_ncp_20260331T1105235288_d_img_d18\ch2_ohr_ncp_20260331T1105235288_d_img_d18_r00021_c009_structural.jpg,D:\ISRO\OHRC_tiles\ch2_ohr_ncp_20260331T1105235288_d_img_d18\ch2_ohr_ncp_20260331T1105235288_d_img_d18_r00021_c009_illum.jpg,7.1830583,0.8797939,1.3867614
220,ch2_ohr_ncp_20260331T1105235288_d_img_d18,D:\ISRO\OHRC_raws\ch2_ohr_ncp_20260331T1105235288_d_img_d18,2026-03-31T11:05:23.5288Z,22,0,22528,0,2048,256,512.0,0.25,7.9511955089,296.10068489,89.38302,1.895764,88.104236,TDI64,msb,Ascending,True,0.0,D:\ISRO\OHRC_tiles\ch2_ohr_ncp_20260331T1105235288_d_img_d18\ch2_ohr_ncp_20260331T1105235288_d_img_d18_r00022_c000_structural.jpg,D:\ISRO\OHRC_tiles\ch2_ohr_ncp_20260331T1105235288_d_img_d18\ch2_ohr_ncp_20260331T1105235288_d_img_d18_r00022_c000_illum.jpg,6.356687,-0.6147761,1.9141235
221,ch2_ohr_ncp_20260331T1105235288_d_img_d18,D:\ISRO\OHRC_raws\ch2_ohr_ncp_20260331T1105235288_d_img_d18,2026-03-31T11:05:23.5288Z,22,1,22528,1024,2048,256,512.0,0.25,7.9510886062,296.10971382,89.38302,1.895764,88.104236,TDI64,msb,Ascending,True,0.0,D:\ISRO\OHRC_tiles\ch2_ohr_ncp_20260331T1105235288_d_img_d18\ch2_ohr_ncp_20260331T1105235288_d_img_d18_r00022_c001_structural.jpg,D:\ISRO\OHRC_tiles\ch2_ohr_ncp_20260331T1105235288_d_img_d18\ch2_ohr_ncp_20260331T1105235288_d_img_d18_r00022_c001_illum.jpg,7.5482955,-1.822152,1.6488144
222,ch2_ohr_ncp_20260331T1105235288_d_img_d18,D:\ISRO\OHRC_raws\ch2_ohr_ncp_20260331T1105235288_d_img_d18,2026-03-31T11:05:23.5288Z,22,2,22528,2048,2048,256,512.0,0.25,7.9509810172,296.11875023,89.38302,1.895764,88.104236,TDI64,msb,Ascending,True,0.0,D:\ISRO\OHRC_tiles\ch2_ohr_ncp_20260331T1105235288_d_img_d18\ch2_ohr_ncp_20260331T1105235288_d_img_d18_r00022_c002_structural.jpg,D:\ISRO\OHRC_tiles\ch2_ohr_ncp_20260331T1105235288_d_img_d18\ch2_ohr_ncp_20260331T1105235288_d_img_d18_r00022_c002_illum.jpg,9.52567,-2.2754478,1.5368758
223,ch2_ohr_ncp_20260331T1105235288_d_img_d18,D:\ISRO\OHRC_raws\ch2_ohr_ncp_20260331T1105235288_d_img_d18,2026-03-31T11:05:23.5288Z,22,3,22528,3072,2048,256,512.0,0.25,7.950872739399999,296.12779412000003,89.38302,1.895764,88.104236,TDI64,msb,Ascending,True,0.0,D:\ISRO\OHRC_tiles\ch2_ohr_ncp_20260331T1105235288_d_img_d18\ch2_ohr_ncp_20260331T1105235288_d_img_d18_r00022_c003_structural.jpg,D:\ISRO\OHRC_tiles\ch2_ohr_ncp_20260331T1105235288_d_img_d18\ch2_ohr_ncp_20260331T1105235288_d_img_d18_r00022_c003_illum.jpg,8.044001,-0.8650316,0.6967065
224,ch2_ohr_ncp_20260331T1105235288_d_img_d18,D:\ISRO\OHRC_raws\ch2_ohr_ncp_20260331T1105235288_d_img_d18,2026-03-31T11:05:23.5288Z,22,4,22528,4096,2048,256,512.0,0.25,7.9507637707,296.13684528,89.38302,1.895764,88.104236,TDI64,msb,Ascending,True,0.0,D:\ISRO\OHRC_tiles\ch2_ohr_ncp_20260331T1105235288_d_img_d18\ch2_ohr_ncp_20260331T1105235288_d_img_d18_r00022_c004_structural.jpg,D:\ISRO\OHRC_tiles\ch2_ohr_ncp_20260331T1105235288_d_img_d18\ch2_ohr_ncp_20260331T1105235288_d_img_d18_r00022_c004_illum.jpg,7.4947276,0.34196064,0.8977159
225,ch2_ohr_ncp_20260331T1105235288_d_img_d18,D:\ISRO\OHRC_raws\ch2_ohr_ncp_20260331T1105235288_d_img_d18,2026-03-31T11:05:23.5288Z,22,5,22528,5120,2048,256,512.0,0.25,7.9506541184,296.14590389,89.38302,1.895764,88.104236,TDI64,msb,Ascending,True,0.0,D:\ISRO\OHRC_tiles\ch2_ohr_ncp_20260331T1105235288_d_img_d18\ch2_ohr_ncp_20260331T1105235288_d_img_d18_r00022_c005_structural.jpg,D:\ISRO\OHRC_tiles\ch2_ohr_ncp_20260331T1105235288_d_img_d18\ch2_ohr_ncp_20260331T1105235288_d_img_d18_r00022_c005_illum.jpg,7.25137,0.38392967,1.4385036
226,ch2_ohr_ncp_20260331T1105235288_d_img_d18,D:\ISRO\OHRC_raws\ch2_ohr_ncp_20260331T1105235288_d_img_d18,2026-03-31T11:05:23.5288Z,22,6,22528,6144,2048,256,512.0,0.25,7.950543772500001,296.15496937,89.38302,1.895764,88.104236,TDI64,msb,Ascending,True,0.0,D:\ISRO\OHRC_tiles\ch2_ohr_ncp_20260331T1105235288_d_img_d18\ch2_ohr_ncp_20260331T1105235288_d_img_d18_r00022_c006_structural.jpg,D:\ISRO\OHRC_tiles\ch2_ohr_ncp_20260331T1105235288_d_img_d18\ch2_ohr_ncp_20260331T1105235288_d_img_d18_r00022_c006_illum.jpg,8.6574955,-1.7501851,1.4732226
227,ch2_ohr_ncp_20260331T1105235288_d_img_d18,D:\ISRO\OHRC_raws\ch2_ohr_ncp_20260331T1105235288_d_img_d18,2026-03-31T11:05:23.5288Z,22,7,22528,7168,2048,256,512.0,0.25,7.950432732299999,296.16404293999994,89.38302,1.895764,88.104236,TDI64,msb,Ascending,True,0.0,D:\ISRO\OHRC_tiles\ch2_ohr_ncp_20260331T1105235288_d_img_d18\ch2_ohr_ncp_20260331T1105235288_d_img_d18_r00022_c007_structural.jpg,D:\ISRO\OHRC_tiles\ch2_ohr_ncp_20260331T1105235288_d_img_d18\ch2_ohr_ncp_20260331T1105235288_d_img_d18_r00022_c007_illum.jpg,8.551104,-1.802656,0.39806762
228,ch2_ohr_ncp_20260331T1105235288_d_img_d18,D:\ISRO\OHRC_raws\ch2_ohr_ncp_20260331T1105235288_d_img_d18,2026-03-31T11:05:23.5288Z,22,8,22528,8192,2048,256,512.0,0.25,7.9503209899,296.17312382,89.38302,1.895764,88.104236,TDI64,msb,Ascending,True,0.0,D:\ISRO\OHRC_tiles\ch2_ohr_ncp_20260331T1105235288_d_img_d18\ch2_ohr_ncp_20260331T1105235288_d_img_d18_r00022_c008_structural.jpg,D:\ISRO\OHRC_tiles\ch2_ohr_ncp_20260331T1105235288_d_img_d18\ch2_ohr_ncp_20260331T1105235288_d_img_d18_r00022_c008_illum.jpg,8.60602,-0.8984124,-0.81350887
229,ch2_ohr_ncp_20260331T1105235288_d_img_d18,D:\ISRO\OHRC_raws\ch2_ohr_ncp_20260331T1105235288_d_img_d18,2026-03-31T11:05:23.5288Z,22,9,22528,9216,2048,256,512.0,0.25,7.9502085573,296.18221272,89.38302,1.895764,88.104236,TDI64,msb,Ascending,True,0.0,D:\ISRO\OHRC_tiles\ch2_ohr_ncp_20260331T1105235288_d_img_d18\ch2_ohr_ncp_20260331T1105235288_d_img_d18_r00022_c009_structural.jpg,D:\ISRO\OHRC_tiles\ch2_ohr_ncp_20260331T1105235288_d_img_d18\ch2_ohr_ncp_20260331T1105235288_d_img_d18_r00022_c009_illum.jpg,7.9380183,0.39054924,0.26637164
230,ch2_ohr_ncp_20260331T1105235288_d_img_d18,D:\ISRO\OHRC_raws\ch2_ohr_ncp_20260331T1105235288_d_img_d18,2026-03-31T11:05:23.5288Z,23,0,23552,0,2048,256,512.0,0.25,7.942059518999999,296.1009211,89.38302,1.895764,88.104236,TDI64,msb,Ascending,True,0.0,D:\ISRO\OHRC_tiles\ch2_ohr_ncp_20260331T1105235288_d_img_d18\ch2_ohr_ncp_20260331T1105235288_d_img_d18_r00023_c000_structural.jpg,D:\ISRO\OHRC_tiles\ch2_ohr_ncp_20260331T1105235288_d_img_d18\ch2_ohr_ncp_20260331T1105235288_d_img_d18_r00023_c000_illum.jpg,5.718384,0.20224132,1.0062294
231,ch2_ohr_ncp_20260331T1105235288_d_img_d18,D:\ISRO\OHRC_raws\ch2_ohr_ncp_20260331T1105235288_d_img_d18,2026-03-31T11:05:23.5288Z,23,1,23552,1024,2048,256,512.0,0.25,7.941952617199999,296.10995003,89.38302,1.895764,88.104236,TDI64,msb,Ascending,True,0.0,D:\ISRO\OHRC_tiles\ch2_ohr_ncp_20260331T1105235288_d_img_d18\ch2_ohr_ncp_20260331T1105235288_d_img_d18_r00023_c001_structural.jpg,D:\ISRO\OHRC_tiles\ch2_ohr_ncp_20260331T1105235288_d_img_d18\ch2_ohr_ncp_20260331T1105235288_d_img_d18_r00023_c001_illum.jpg,8.2545805,-2.335788,1.2006384
232,ch2_ohr_ncp_20260331T1105235288_d_img_d18,D:\ISRO\OHRC_raws\ch2_ohr_ncp_20260331T1105235288_d_img_d18,2026-03-31T11:05:23.5288Z,23,2,23552,2048,2048,256,512.0,0.25,7.941845033299999,296.11898571,89.38302,1.895764,88.104236,TDI64,msb,Ascending,True,0.0,D:\ISRO\OHRC_tiles\ch2_ohr_ncp_20260331T1105235288_d_img_d18\ch2_ohr_ncp_20260331T1105235288_d_img_d18_r00023_c002_structural.jpg,D:\ISRO\OHRC_tiles\ch2_ohr_ncp_20260331T1105235288_d_img_d18\ch2_ohr_ncp_20260331T1105235288_d_img_d18_r00023_c002_illum.jpg,9.016491,-2.2492344,1.2320144
233,ch2_ohr_ncp_20260331T1105235288_d_img_d18,D:\ISRO\OHRC_raws\ch2_ohr_ncp_20260331T1105235288_d_img_d18,2026-03-31T11:05:23.5288Z,23,3,23552,3072,2048,256,512.0,0.25,7.941736755499999,296.12802936,89.38302,1.895764,88.104236,TDI64,msb,Ascending,True,0.0,D:\ISRO\OHRC_tiles\ch2_ohr_ncp_20260331T1105235288_d_img_d18\ch2_ohr_ncp_20260331T1105235288_d_img_d18_r00023_c003_structural.jpg,D:\ISRO\OHRC_tiles\ch2_ohr_ncp_20260331T1105235288_d_img_d18\ch2_ohr_ncp_20260331T1105235288_d_img_d18_r00023_c003_illum.jpg,8.971493,-1.1797845,-0.27055612
234,ch2_ohr_ncp_20260331T1105235288_d_img_d18,D:\ISRO\OHRC_raws\ch2_ohr_ncp_20260331T1105235288_d_img_d18,2026-03-31T11:05:23.5288Z,23,4,23552,4096,2048,256,512.0,0.25,7.941627794699999,296.13708049,89.38302,1.895764,88.104236,TDI64,msb,Ascending,True,0.0,D:\ISRO\OHRC_tiles\ch2_ohr_ncp_20260331T1105235288_d_img_d18\ch2_ohr_ncp_20260331T1105235288_d_img_d18_r00023_c004_structural.jpg,D:\ISRO\OHRC_tiles\ch2_ohr_ncp_20260331T1105235288_d_img_d18\ch2_ohr_ncp_20260331T1105235288_d_img_d18_r00023_c004_illum.jpg,8.239257,-0.01070471,0.4642669
235,ch2_ohr_ncp_20260331T1105235288_d_img_d18,D:\ISRO\OHRC_raws\ch2_ohr_ncp_20260331T1105235288_d_img_d18,2026-03-31T11:05:23.5288Z,23,5,23552,5120,2048,256,512.0,0.25,7.941518139999999,296.1461391,89.38302,1.895764,88.104236,TDI64,msb,Ascending,True,0.0,D:\ISRO\OHRC_tiles\ch2_ohr_ncp_20260331T1105235288_d_img_d18\ch2_ohr_ncp_20260331T1105235288_d_img_d18_r00023_c005_structural.jpg,D:\ISRO\OHRC_tiles\ch2_ohr_ncp_20260331T1105235288_d_img_d18\ch2_ohr_ncp_20260331T1105235288_d_img_d18_r00023_c005_illum.jpg,7.7878184,0.18085279,2.2973762
236,ch2_ohr_ncp_20260331T1105235288_d_img_d18,D:\ISRO\OHRC_raws\ch2_ohr_ncp_20260331T1105235288_d_img_d18,2026-03-31T11:05:23.5288Z,23,6,23552,6144,2048,256,512.0,0.25,7.941407798599999,296.1552045,89.38302,1.895764,88.104236,TDI64,msb,Ascending,True,0.0,D:\ISRO\OHRC_tiles\ch2_ohr_ncp_20260331T1105235288_d_img_d18\ch2_ohr_ncp_20260331T1105235288_d_img_d18_r00023_c006_structural.jpg,D:\ISRO\OHRC_tiles\ch2_ohr_ncp_20260331T1105235288_d_img_d18\ch2_ohr_ncp_20260331T1105235288_d_img_d18_r00023_c006_illum.jpg,8.014734,-0.06785981,2.4013407
237,ch2_ohr_ncp_20260331T1105235288_d_img_d18,D:\ISRO\OHRC_raws\ch2_ohr_ncp_20260331T1105235288_d_img_d18,2026-03-31T11:05:23.5288Z,23,7,23552,7168,2048,256,512.0,0.25,7.9412967584,296.16427782999995,89.38302,1.895764,88.104236,TDI64,msb,Ascending,True,0.0,D:\ISRO\OHRC_tiles\ch2_ohr_ncp_20260331T1105235288_d_img_d18\ch2_ohr_ncp_20260331T1105235288_d_img_d18_r00023_c007_structural.jpg,D:\ISRO\OHRC_tiles\ch2_ohr_ncp_20260331T1105235288_d_img_d18\ch2_ohr_ncp_20260331T1105235288_d_img_d18_r00023_c007_illum.jpg,8.45511,-0.6752468,0.9016764
238,ch2_ohr_ncp_20260331T1105235288_d_img_d18,D:\ISRO\OHRC_raws\ch2_ohr_ncp_20260331T1105235288_d_img_d18,2026-03-31T11:05:23.5288Z,23,8,23552,8192,2048,256,512.0,0.25,7.941185025999999,296.17335864,89.38302,1.895764,88.104236,TDI64,msb,Ascending,True,0.0,D:\ISRO\OHRC_tiles\ch2_ohr_ncp_20260331T1105235288_d_img_d18\ch2_ohr_ncp_20260331T1105235288_d_img_d18_r00023_c008_structural.jpg,D:\ISRO\OHRC_tiles\ch2_ohr_ncp_20260331T1105235288_d_img_d18\ch2_ohr_ncp_20260331T1105235288_d_img_d18_r00023_c008_illum.jpg,8.715749,-0.89653474,-0.8680728
239,ch2_ohr_ncp_20260331T1105235288_d_img_d18,D:\ISRO\OHRC_raws\ch2_ohr_ncp_20260331T1105235288_d_img_d18,2026-03-31T11:05:23.5288Z,23,9,23552,9216,2048,256,512.0,0.25,7.9410725934,296.18244693,89.38302,1.895764,88.104236,TDI64,msb,Ascending,True,0.0,D:\ISRO\OHRC_tiles\ch2_ohr_ncp_20260331T1105235288_d_img_d18\ch2_ohr_ncp_20260331T1105235288_d_img_d18_r00023_c009_structural.jpg,D:\ISRO\OHRC_tiles\ch2_ohr_ncp_20260331T1105235288_d_img_d18\ch2_ohr_ncp_20260331T1105235288_d_img_d18_r00023_c009_illum.jpg,8.319601,0.56855834,-0.9541116
240,ch2_ohr_ncp_20260331T1105235288_d_img_d18,D:\ISRO\OHRC_raws\ch2_ohr_ncp_20260331T1105235288_d_img_d18,2026-03-31T11:05:23.5288Z,24,0,24576,0,2048,256,512.0,0.25,7.9329181685,296.10115132,89.38302,1.895764,88.104236,TDI64,msb,Ascending,True,0.0,D:\ISRO\OHRC_tiles\ch2_ohr_ncp_20260331T1105235288_d_img_d18\ch2_ohr_ncp_20260331T1105235288_d_img_d18_r00024_c000_structural.jpg,D:\ISRO\OHRC_tiles\ch2_ohr_ncp_20260331T1105235288_d_img_d18\ch2_ohr_ncp_20260331T1105235288_d_img_d18_r00024_c000_illum.jpg,7.295889,-0.24493168,0.05941493
241,ch2_ohr_ncp_20260331T1105235288_d_img_d18,D:\ISRO\OHRC_raws\ch2_ohr_ncp_20260331T1105235288_d_img_d18,2026-03-31T11:05:23.5288Z,24,1,24576,1024,2048,256,512.0,0.25,7.9328112607,296.11017925,89.38302,1.895764,88.104236,TDI64,msb,Ascending,True,0.0,D:\ISRO\OHRC_tiles\ch2_ohr_ncp_20260331T1105235288_d_img_d18\ch2_ohr_ncp_20260331T1105235288_d_img_d18_r00024_c001_structural.jpg,D:\ISRO\OHRC_tiles\ch2_ohr_ncp_20260331T1105235288_d_img_d18\ch2_ohr_ncp_20260331T1105235288_d_img_d18_r00024_c001_illum.jpg,8.92226,-2.4737306,0.5276138
242,ch2_ohr_ncp_20260331T1105235288_d_img_d18,D:\ISRO\OHRC_raws\ch2_ohr_ncp_20260331T1105235288_d_img_d18,2026-03-31T11:05:23.5288Z,24,2,24576,2048,2048,256,512.0,0.25,7.932703674100001,296.11921566,89.38302,1.895764,88.104236,TDI64,msb,Ascending,True,0.0,D:\ISRO\OHRC_tiles\ch2_ohr_ncp_20260331T1105235288_d_img_d18\ch2_ohr_ncp_20260331T1105235288_d_img_d18_r00024_c002_structural.jpg,D:\ISRO\OHRC_tiles\ch2_ohr_ncp_20260331T1105235288_d_img_d18\ch2_ohr_ncp_20260331T1105235288_d_img_d18_r00024_c002_illum.jpg,9.28936,-2.3713381,1.157789
243,ch2_ohr_ncp_20260331T1105235288_d_img_d18,D:\ISRO\OHRC_raws\ch2_ohr_ncp_20260331T1105235288_d_img_d18,2026-03-31T11:05:23.5288Z,24,3,24576,3072,2048,256,512.0,0.25,7.932595399,296.12825858,89.38302,1.895764,88.104236,TDI64,msb,Ascending,True,0.0,D:\ISRO\OHRC_tiles\ch2_ohr_ncp_20260331T1105235288_d_img_d18\ch2_ohr_ncp_20260331T1105235288_d_img_d18_r00024_c003_structural.jpg,D:\ISRO\OHRC_tiles\ch2_ohr_ncp_20260331T1105235288_d_img_d18\ch2_ohr_ncp_20260331T1105235288_d_img_d18_r00024_c003_illum.jpg,9.111295,-2.1487978,-0.47012633
244,ch2_ohr_ncp_20260331T1105235288_d_img_d18,D:\ISRO\OHRC_raws\ch2_ohr_ncp_20260331T1105235288_d_img_d18,2026-03-31T11:05:23.5288Z,24,4,24576,4096,2048,256,512.0,0.25,7.9324864303,296.13730971,89.38302,1.895764,88.104236,TDI64,msb,Ascending,True,0.0,D:\ISRO\OHRC_tiles\ch2_ohr_ncp_20260331T1105235288_d_img_d18\ch2_ohr_ncp_20260331T1105235288_d_img_d18_r00024_c004_structural.jpg,D:\ISRO\OHRC_tiles\ch2_ohr_ncp_20260331T1105235288_d_img_d18\ch2_ohr_ncp_20260331T1105235288_d_img_d18_r00024_c004_illum.jpg,8.855396,-1.4946016,-0.37353602
245,ch2_ohr_ncp_20260331T1105235288_d_img_d18,D:\ISRO\OHRC_raws\ch2_ohr_ncp_20260331T1105235288_d_img_d18,2026-03-31T11:05:23.5288Z,24,5,24576,5120,2048,256,512.0,0.25,7.932376778900001,296.14636823,89.38302,1.895764,88.104236,TDI64,msb,Ascending,True,0.0,D:\ISRO\OHRC_tiles\ch2_ohr_ncp_20260331T1105235288_d_img_d18\ch2_ohr_ncp_20260331T1105235288_d_img_d18_r00024_c005_structural.jpg,D:\ISRO\OHRC_tiles\ch2_ohr_ncp_20260331T1105235288_d_img_d18\ch2_ohr_ncp_20260331T1105235288_d_img_d18_r00024_c005_illum.jpg,8.09912,-0.5037916,-0.2957804
246,ch2_ohr_ncp_20260331T1105235288_d_img_d18,D:\ISRO\OHRC_raws\ch2_ohr_ncp_20260331T1105235288_d_img_d18,2026-03-31T11:05:23.5288Z,24,6,24576,6144,2048,256,512.0,0.25,7.932266433000001,296.15543341,89.38302,1.895764,88.104236,TDI64,msb,Ascending,True,0.0,D:\ISRO\OHRC_tiles\ch2_ohr_ncp_20260331T1105235288_d_img_d18\ch2_ohr_ncp_20260331T1105235288_d_img_d18_r00024_c006_structural.jpg,D:\ISRO\OHRC_tiles\ch2_ohr_ncp_20260331T1105235288_d_img_d18\ch2_ohr_ncp_20260331T1105235288_d_img_d18_r00024_c006_illum.jpg,8.987963,-1.3518872,-1.2070318
247,ch2_ohr_ncp_20260331T1105235288_d_img_d18,D:\ISRO\OHRC_raws\ch2_ohr_ncp_20260331T1105235288_d_img_d18,2026-03-31T11:05:23.5288Z,24,7,24576,7168,2048,256,512.0,0.25,7.932155402599999,296.16450696000004,89.38302,1.895764,88.104236,TDI64,msb,Ascending,True,0.0,D:\ISRO\OHRC_tiles\ch2_ohr_ncp_20260331T1105235288_d_img_d18\ch2_ohr_ncp_20260331T1105235288_d_img_d18_r00024_c007_structural.jpg,D:\ISRO\OHRC_tiles\ch2_ohr_ncp_20260331T1105235288_d_img_d18\ch2_ohr_ncp_20260331T1105235288_d_img_d18_r00024_c007_illum.jpg,8.752796,-1.9122854,-0.67698085
248,ch2_ohr_ncp_20260331T1105235288_d_img_d18,D:\ISRO\OHRC_raws\ch2_ohr_ncp_20260331T1105235288_d_img_d18,2026-03-31T11:05:23.5288Z,24,8,24576,8192,2048,256,512.0,0.25,7.9320436612,296.17358693999995,89.38302,1.895764,88.104236,TDI64,msb,Ascending,True,0.0,D:\ISRO\OHRC_tiles\ch2_ohr_ncp_20260331T1105235288_d_img_d18\ch2_ohr_ncp_20260331T1105235288_d_img_d18_r00024_c008_structural.jpg,D:\ISRO\OHRC_tiles\ch2_ohr_ncp_20260331T1105235288_d_img_d18\ch2_ohr_ncp_20260331T1105235288_d_img_d18_r00024_c008_illum.jpg,8.91768,-1.9557366,-0.7771041
249,ch2_ohr_ncp_20260331T1105235288_d_img_d18,D:\ISRO\OHRC_raws\ch2_ohr_ncp_20260331T1105235288_d_img_d18,2026-03-31T11:05:23.5288Z,24,9,24576,9216,2048,256,512.0,0.25,7.931931236900001,296.18267515,89.38302,1.895764,88.104236,TDI64,msb,Ascending,True,0.0,D:\ISRO\OHRC_tiles\ch2_ohr_ncp_20260331T1105235288_d_img_d18\ch2_ohr_ncp_20260331T1105235288_d_img_d18_r00024_c009_structural.jpg,D:\ISRO\OHRC_tiles\ch2_ohr_ncp_20260331T1105235288_d_img_d18\ch2_ohr_ncp_20260331T1105235288_d_img_d18_r00024_c009_illum.jpg,6.9903765,0.72733337,1.4351641
250,ch2_ohr_ncp_20260331T1105235288_d_img_d18,D:\ISRO\OHRC_raws\ch2_ohr_ncp_20260331T1105235288_d_img_d18,2026-03-31T11:05:23.5288Z,25,0,25600,0,2048,256,512.0,0.25,7.9237841728,296.10137651,89.38302,1.895764,88.104236,TDI64,msb,Ascending,True,0.0,D:\ISRO\OHRC_tiles\ch2_ohr_ncp_20260331T1105235288_d_img_d18\ch2_ohr_ncp_20260331T1105235288_d_img_d18_r00025_c000_structural.jpg,D:\ISRO\OHRC_tiles\ch2_ohr_ncp_20260331T1105235288_d_img_d18\ch2_ohr_ncp_20260331T1105235288_d_img_d18_r00025_c000_illum.jpg,7.581461,-1.0961807,0.5481172
251,ch2_ohr_ncp_20260331T1105235288_d_img_d18,D:\ISRO\OHRC_raws\ch2_ohr_ncp_20260331T1105235288_d_img_d18,2026-03-31T11:05:23.5288Z,25,1,25600,1024,2048,256,512.0,0.25,7.923677275799999,296.11040511,89.38302,1.895764,88.104236,TDI64,msb,Ascending,True,0.0,D:\ISRO\OHRC_tiles\ch2_ohr_ncp_20260331T1105235288_d_img_d18\ch2_ohr_ncp_20260331T1105235288_d_img_d18_r00025_c001_structural.jpg,D:\ISRO\OHRC_tiles\ch2_ohr_ncp_20260331T1105235288_d_img_d18\ch2_ohr_ncp_20260331T1105235288_d_img_d18_r00025_c001_illum.jpg,8.470712,-1.4542874,0.07659946
252,ch2_ohr_ncp_20260331T1105235288_d_img_d18,D:\ISRO\OHRC_raws\ch2_ohr_ncp_20260331T1105235288_d_img_d18,2026-03-31T11:05:23.5288Z,25,2,25600,2048,2048,256,512.0,0.25,7.9235696992,296.11944085,89.38302,1.895764,88.104236,TDI64,msb,Ascending,True,0.0,D:\ISRO\OHRC_tiles\ch2_ohr_ncp_20260331T1105235288_d_img_d18\ch2_ohr_ncp_20260331T1105235288_d_img_d18_r00025_c002_structural.jpg,D:\ISRO\OHRC_tiles\ch2_ohr_ncp_20260331T1105235288_d_img_d18\ch2_ohr_ncp_20260331T1105235288_d_img_d18_r00025_c002_illum.jpg,9.114819,-2.3913832,0.676926
253,ch2_ohr_ncp_20260331T1105235288_d_img_d18,D:\ISRO\OHRC_raws\ch2_ohr_ncp_20260331T1105235288_d_img_d18,2026-03-31T11:05:23.5288Z,25,3,25600,3072,2048,256,512.0,0.25,7.923461440800001,296.12848444,89.38302,1.895764,88.104236,TDI64,msb,Ascending,True,0.0,D:\ISRO\OHRC_tiles\ch2_ohr_ncp_20260331T1105235288_d_img_d18\ch2_ohr_ncp_20260331T1105235288_d_img_d18_r00025_c003_structural.jpg,D:\ISRO\OHRC_tiles\ch2_ohr_ncp_20260331T1105235288_d_img_d18\ch2_ohr_ncp_20260331T1105235288_d_img_d18_r00025_c003_illum.jpg,9.460506,-2.542519,-0.94149584
254,ch2_ohr_ncp_20260331T1105235288_d_img_d18,D:\ISRO\OHRC_raws\ch2_ohr_ncp_20260331T1105235288_d_img_d18,2026-03-31T11:05:23.5288Z,25,4,25600,4096,2048,256,512.0,0.25,7.92335249,296.13753477999995,89.38302,1.895764,88.104236,TDI64,msb,Ascending,True,0.0,D:\ISRO\OHRC_tiles\ch2_ohr_ncp_20260331T1105235288_d_img_d18\ch2_ohr_ncp_20260331T1105235288_d_img_d18_r00025_c004_structural.jpg,D:\ISRO\OHRC_tiles\ch2_ohr_ncp_20260331T1105235288_d_img_d18\ch2_ohr_ncp_20260331T1105235288_d_img_d18_r00025_c004_illum.jpg,8.990954,-1.6088814,-0.9693912
255,ch2_ohr_ncp_20260331T1105235288_d_img_d18,D:\ISRO\OHRC_raws\ch2_ohr_ncp_20260331T1105235288_d_img_d18,2026-03-31T11:05:23.5288Z,25,5,25600,5120,2048,256,512.0,0.25,7.923242849799999,296.14659318,89.38302,1.895764,88.104236,TDI64,msb,Ascending,True,0.0,D:\ISRO\OHRC_tiles\ch2_ohr_ncp_20260331T1105235288_d_img_d18\ch2_ohr_ncp_20260331T1105235288_d_img_d18_r00025_c005_structural.jpg,D:\ISRO\OHRC_tiles\ch2_ohr_ncp_20260331T1105235288_d_img_d18\ch2_ohr_ncp_20260331T1105235288_d_img_d18_r00025_c005_illum.jpg,8.630237,-1.3702246,-0.28385937
256,ch2_ohr_ncp_20260331T1105235288_d_img_d18,D:\ISRO\OHRC_raws\ch2_ohr_ncp_20260331T1105235288_d_img_d18,2026-03-31T11:05:23.5288Z,25,6,25600,6144,2048,256,512.0,0.25,7.923132517499999,296.15565827,89.38302,1.895764,88.104236,TDI64,msb,Ascending,True,0.0,D:\ISRO\OHRC_tiles\ch2_ohr_ncp_20260331T1105235288_d_img_d18\ch2_ohr_ncp_20260331T1105235288_d_img_d18_r00025_c006_structural.jpg,D:\ISRO\OHRC_tiles\ch2_ohr_ncp_20260331T1105235288_d_img_d18\ch2_ohr_ncp_20260331T1105235288_d_img_d18_r00025_c006_illum.jpg,9.657816,-2.660795,-1.1934608
257,ch2_ohr_ncp_20260331T1105235288_d_img_d18,D:\ISRO\OHRC_raws\ch2_ohr_ncp_20260331T1105235288_d_img_d18,2026-03-31T11:05:23.5288Z,25,7,25600,7168,2048,256,512.0,0.25,7.9230214911,296.16473091,89.38302,1.895764,88.104236,TDI64,msb,Ascending,True,0.0,D:\ISRO\OHRC_tiles\ch2_ohr_ncp_20260331T1105235288_d_img_d18\ch2_ohr_ncp_20260331T1105235288_d_img_d18_r00025_c007_structural.jpg,D:\ISRO\OHRC_tiles\ch2_ohr_ncp_20260331T1105235288_d_img_d18\ch2_ohr_ncp_20260331T1105235288_d_img_d18_r00025_c007_illum.jpg,8.672035,-1.2066625,-0.4158671
258,ch2_ohr_ncp_20260331T1105235288_d_img_d18,D:\ISRO\OHRC_raws\ch2_ohr_ncp_20260331T1105235288_d_img_d18,2026-03-31T11:05:23.5288Z,25,8,25600,8192,2048,256,512.0,0.25,7.922909778,296.17381172,89.38302,1.895764,88.104236,TDI64,msb,Ascending,True,0.0,D:\ISRO\OHRC_tiles\ch2_ohr_ncp_20260331T1105235288_d_img_d18\ch2_ohr_ncp_20260331T1105235288_d_img_d18_r00025_c008_structural.jpg,D:\ISRO\OHRC_tiles\ch2_ohr_ncp_20260331T1105235288_d_img_d18\ch2_ohr_ncp_20260331T1105235288_d_img_d18_r00025_c008_illum.jpg,9.22708,-1.7502786,-1.0996702
259,ch2_ohr_ncp_20260331T1105235288_d_img_d18,D:\ISRO\OHRC_raws\ch2_ohr_ncp_20260331T1105235288_d_img_d18,2026-03-31T11:05:23.5288Z,25,9,25600,9216,2048,256,512.0,0.25,7.9227973613,296.18289933999995,89.38302,1.895764,88.104236,TDI64,msb,Ascending,True,0.0,D:\ISRO\OHRC_tiles\ch2_ohr_ncp_20260331T1105235288_d_img_d18\ch2_ohr_ncp_20260331T1105235288_d_img_d18_r00025_c009_structural.jpg,D:\ISRO\OHRC_tiles\ch2_ohr_ncp_20260331T1105235288_d_img_d18\ch2_ohr_ncp_20260331T1105235288_d_img_d18_r00025_c009_illum.jpg,7.47546,0.5748746,0.51653004
260,ch2_ohr_ncp_20260331T1105235288_d_img_d18,D:\ISRO\OHRC_raws\ch2_ohr_ncp_20260331T1105235288_d_img_d18,2026-03-31T11:05:23.5288Z,26,0,26624,0,2048,256,512.0,0.25,7.9146479675,296.10160993,89.38302,1.895764,88.104236,TDI64,msb,Ascending,True,0.0,D:\ISRO\OHRC_tiles\ch2_ohr_ncp_20260331T1105235288_d_img_d18\ch2_ohr_ncp_20260331T1105235288_d_img_d18_r00026_c000_structural.jpg,D:\ISRO\OHRC_tiles\ch2_ohr_ncp_20260331T1105235288_d_img_d18\ch2_ohr_ncp_20260331T1105235288_d_img_d18_r00026_c000_illum.jpg,7.71767,-0.6156799,1.5441813
261,ch2_ohr_ncp_20260331T1105235288_d_img_d18,D:\ISRO\OHRC_raws\ch2_ohr_ncp_20260331T1105235288_d_img_d18,2026-03-31T11:05:23.5288Z,26,1,26624,1024,2048,256,512.0,0.25,7.914541095400001,296.11063786000005,89.38302,1.895764,88.104236,TDI64,msb,Ascending,True,0.0,D:\ISRO\OHRC_tiles\ch2_ohr_ncp_20260331T1105235288_d_img_d18\ch2_ohr_ncp_20260331T1105235288_d_img_d18_r00026_c001_structural.jpg,D:\ISRO\OHRC_tiles\ch2_ohr_ncp_20260331T1105235288_d_img_d18\ch2_ohr_ncp_20260331T1105235288_d_img_d18_r00026_c001_illum.jpg,8.236629,-0.53919536,0.8661693
262,ch2_ohr_ncp_20260331T1105235288_d_img_d18,D:\ISRO\OHRC_raws\ch2_ohr_ncp_20260331T1105235288_d_img_d18,2026-03-31T11:05:23.5288Z,26,2,26624,2048,2048,256,512.0,0.25,7.9144335315,296.11967354,89.38302,1.895764,88.104236,TDI64,msb,Ascending,True,0.0,D:\ISRO\OHRC_tiles\ch2_ohr_ncp_20260331T1105235288_d_img_d18\ch2_ohr_ncp_20260331T1105235288_d_img_d18_r00026_c002_structural.jpg,D:\ISRO\OHRC_tiles\ch2_ohr_ncp_20260331T1105235288_d_img_d18\ch2_ohr_ncp_20260331T1105235288_d_img_d18_r00026_c002_illum.jpg,8.726772,-1.6152202,1.6120269
263,ch2_ohr_ncp_20260331T1105235288_d_img_d18,D:\ISRO\OHRC_raws\ch2_ohr_ncp_20260331T1105235288_d_img_d18,2026-03-31T11:05:23.5288Z,26,3,26624,3072,2048,256,512.0,0.25,7.9143252837,296.12871662000003,89.38302,1.895764,88.104236,TDI64,msb,Ascending,True,0.0,D:\ISRO\OHRC_tiles\ch2_ohr_ncp_20260331T1105235288_d_img_d18\ch2_ohr_ncp_20260331T1105235288_d_img_d18_r00026_c003_structural.jpg,D:\ISRO\OHRC_tiles\ch2_ohr_ncp_20260331T1105235288_d_img_d18\ch2_ohr_ncp_20260331T1105235288_d_img_d18_r00026_c003_illum.jpg,8.433131,-1.0370123,0.498068
264,ch2_ohr_ncp_20260331T1105235288_d_img_d18,D:\ISRO\OHRC_raws\ch2_ohr_ncp_20260331T1105235288_d_img_d18,2026-03-31T11:05:23.5288Z,26,4,26624,4096,2048,256,512.0,0.25,7.914216350699999,296.13776696,89.38302,1.895764,88.104236,TDI64,msb,Ascending,True,0.0,D:\ISRO\OHRC_tiles\ch2_ohr_ncp_20260331T1105235288_d_img_d18\ch2_ohr_ncp_20260331T1105235288_d_img_d18_r00026_c004_structural.jpg,D:\ISRO\OHRC_tiles\ch2_ohr_ncp_20260331T1105235288_d_img_d18\ch2_ohr_ncp_20260331T1105235288_d_img_d18_r00026_c004_illum.jpg,7.8423653,0.10431827,-0.023794359
265,ch2_ohr_ncp_20260331T1105235288_d_img_d18,D:\ISRO\OHRC_raws\ch2_ohr_ncp_20260331T1105235288_d_img_d18,2026-03-31T11:05:23.5288Z,26,5,26624,5120,2048,256,512.0,0.25,7.9141067284,296.14682493,89.38302,1.895764,88.104236,TDI64,msb,Ascending,True,0.0,D:\ISRO\OHRC_tiles\ch2_ohr_ncp_20260331T1105235288_d_img_d18\ch2_ohr_ncp_20260331T1105235288_d_img_d18_r00026_c005_structural.jpg,D:\ISRO\OHRC_tiles\ch2_ohr_ncp_20260331T1105235288_d_img_d18\ch2_ohr_ncp_20260331T1105235288_d_img_d18_r00026_c005_illum.jpg,8.487872,-0.23479359,1.6435441
266,ch2_ohr_ncp_20260331T1105235288_d_img_d18,D:\ISRO\OHRC_raws\ch2_ohr_ncp_20260331T1105235288_d_img_d18,2026-03-31T11:05:23.5288Z,26,6,26624,6144,2048,256,512.0,0.25,7.913996412499999,296.15589002,89.38302,1.895764,88.104236,TDI64,msb,Ascending,True,0.0,D:\ISRO\OHRC_tiles\ch2_ohr_ncp_20260331T1105235288_d_img_d18\ch2_ohr_ncp_20260331T1105235288_d_img_d18_r00026_c006_structural.jpg,D:\ISRO\OHRC_tiles\ch2_ohr_ncp_20260331T1105235288_d_img_d18\ch2_ohr_ncp_20260331T1105235288_d_img_d18_r00026_c006_illum.jpg,8.71414,-2.3036141,0.6699507
267,ch2_ohr_ncp_20260331T1105235288_d_img_d18,D:\ISRO\OHRC_raws\ch2_ohr_ncp_20260331T1105235288_d_img_d18,2026-03-31T11:05:23.5288Z,26,7,26624,7168,2048,256,512.0,0.25,7.9138854023,296.16496266,89.38302,1.895764,88.104236,TDI64,msb,Ascending,True,0.0,D:\ISRO\OHRC_tiles\ch2_ohr_ncp_20260331T1105235288_d_img_d18\ch2_ohr_ncp_20260331T1105235288_d_img_d18_r00026_c007_structural.jpg,D:\ISRO\OHRC_tiles\ch2_ohr_ncp_20260331T1105235288_d_img_d18\ch2_ohr_ncp_20260331T1105235288_d_img_d18_r00026_c007_illum.jpg,7.7010846,-0.914277,1.334718
268,ch2_ohr_ncp_20260331T1105235288_d_img_d18,D:\ISRO\OHRC_raws\ch2_ohr_ncp_20260331T1105235288_d_img_d18,2026-03-31T11:05:23.5288Z,26,8,26624,8192,2048,256,512.0,0.25,7.9137736999,296.1740429,89.38302,1.895764,88.104236,TDI64,msb,Ascending,True,0.0,D:\ISRO\OHRC_tiles\ch2_ohr_ncp_20260331T1105235288_d_img_d18\ch2_ohr_ncp_20260331T1105235288_d_img_d18_r00026_c008_structural.jpg,D:\ISRO\OHRC_tiles\ch2_ohr_ncp_20260331T1105235288_d_img_d18\ch2_ohr_ncp_20260331T1105235288_d_img_d18_r00026_c008_illum.jpg,7.8064013,0.077746406,-0.008108914
269,ch2_ohr_ncp_20260331T1105235288_d_img_d18,D:\ISRO\OHRC_raws\ch2_ohr_ncp_20260331T1105235288_d_img_d18,2026-03-31T11:05:23.5288Z,26,9,26624,9216,2048,256,512.0,0.25,7.913661303,296.18313076000004,89.38302,1.895764,88.104236,TDI64,msb,Ascending,True,0.0,D:\ISRO\OHRC_tiles\ch2_ohr_ncp_20260331T1105235288_d_img_d18\ch2_ohr_ncp_20260331T1105235288_d_img_d18_r00026_c009_structural.jpg,D:\ISRO\OHRC_tiles\ch2_ohr_ncp_20260331T1105235288_d_img_d18\ch2_ohr_ncp_20260331T1105235288_d_img_d18_r00026_c009_illum.jpg,7.9333887,0.72478074,0.1278887
270,ch2_ohr_ncp_20260331T1105235288_d_img_d18,D:\ISRO\OHRC_raws\ch2_ohr_ncp_20260331T1105235288_d_img_d18,2026-03-31T11:05:23.5288Z,27,0,27648,0,2048,256,512.0,0.25,7.905505359099999,296.10183113,89.38302,1.895764,88.104236,TDI64,msb,Ascending,True,0.0,D:\ISRO\OHRC_tiles\ch2_ohr_ncp_20260331T1105235288_d_img_d18\ch2_ohr_ncp_20260331T1105235288_d_img_d18_r00027_c000_structural.jpg,D:\ISRO\OHRC_tiles\ch2_ohr_ncp_20260331T1105235288_d_img_d18\ch2_ohr_ncp_20260331T1105235288_d_img_d18_r00027_c000_illum.jpg,7.128719,1.2447839,1.4529896
271,ch2_ohr_ncp_20260331T1105235288_d_img_d18,D:\ISRO\OHRC_raws\ch2_ohr_ncp_20260331T1105235288_d_img_d18,2026-03-31T11:05:23.5288Z,27,1,27648,1024,2048,256,512.0,0.25,7.9053984794,296.110859,89.38302,1.895764,88.104236,TDI64,msb,Ascending,True,0.0,D:\ISRO\OHRC_tiles\ch2_ohr_ncp_20260331T1105235288_d_img_d18\ch2_ohr_ncp_20260331T1105235288_d_img_d18_r00027_c001_structural.jpg,D:\ISRO\OHRC_tiles\ch2_ohr_ncp_20260331T1105235288_d_img_d18\ch2_ohr_ncp_20260331T1105235288_d_img_d18_r00027_c001_illum.jpg,7.6403365,0.1697054,1.3778837
272,ch2_ohr_ncp_20260331T1105235288_d_img_d18,D:\ISRO\OHRC_raws\ch2_ohr_ncp_20260331T1105235288_d_img_d18,2026-03-31T11:05:23.5288Z,27,2,27648,2048,2048,256,512.0,0.25,7.905290912800001,296.11989449000004,89.38302,1.895764,88.104236,TDI64,msb,Ascending,True,0.0,D:\ISRO\OHRC_tiles\ch2_ohr_ncp_20260331T1105235288_d_img_d18\ch2_ohr_ncp_20260331T1105235288_d_img_d18_r00027_c002_structural.jpg,D:\ISRO\OHRC_tiles\ch2_ohr_ncp_20260331T1105235288_d_img_d18\ch2_ohr_ncp_20260331T1105235288_d_img_d18_r00027_c002_illum.jpg,8.641987,-1.3720974,2.1566582
273,ch2_ohr_ncp_20260331T1105235288_d_img_d18,D:\ISRO\OHRC_raws\ch2_ohr_ncp_20260331T1105235288_d_img_d18,2026-03-31T11:05:23.5288Z,27,3,27648,3072,2048,256,512.0,0.25,7.9051826577,296.1289373,89.38302,1.895764,88.104236,TDI64,msb,Ascending,True,0.0,D:\ISRO\OHRC_tiles\ch2_ohr_ncp_20260331T1105235288_d_img_d18\ch2_ohr_ncp_20260331T1105235288_d_img_d18_r00027_c003_structural.jpg,D:\ISRO\OHRC_tiles\ch2_ohr_ncp_20260331T1105235288_d_img_d18\ch2_ohr_ncp_20260331T1105235288_d_img_d18_r00027_c003_illum.jpg,7.660667,-0.18907876,1.5158466
274,ch2_ohr_ncp_20260331T1105235288_d_img_d18,D:\ISRO\OHRC_raws\ch2_ohr_ncp_20260331T1105235288_d_img_d18,2026-03-31T11:05:23.5288Z,27,4,27648,4096,2048,256,512.0,0.25,7.905073717099999,296.13798748,89.38302,1.895764,88.104236,TDI64,msb,Ascending,True,0.0,D:\ISRO\OHRC_tiles\ch2_ohr_ncp_20260331T1105235288_d_img_d18\ch2_ohr_ncp_20260331T1105235288_d_img_d18_r00027_c004_structural.jpg,D:\ISRO\OHRC_tiles\ch2_ohr_ncp_20260331T1105235288_d_img_d18\ch2_ohr_ncp_20260331T1105235288_d_img_d18_r00027_c004_illum.jpg,7.7548766,-0.4953956,0.9464564
275,ch2_ohr_ncp_20260331T1105235288_d_img_d18,D:\ISRO\OHRC_raws\ch2_ohr_ncp_20260331T1105235288_d_img_d18,2026-03-31T11:05:23.5288Z,27,5,27648,5120,2048,256,512.0,0.25,7.9049640928999985,296.14704507,89.38302,1.895764,88.104236,TDI64,msb,Ascending,True,0.0,D:\ISRO\OHRC_tiles\ch2_ohr_ncp_20260331T1105235288_d_img_d18\ch2_ohr_ncp_20260331T1105235288_d_img_d18_r00027_c005_structural.jpg,D:\ISRO\OHRC_tiles\ch2_ohr_ncp_20260331T1105235288_d_img_d18\ch2_ohr_ncp_20260331T1105235288_d_img_d18_r00027_c005_illum.jpg,7.820402,-0.9198806,1.2223213
276,ch2_ohr_ncp_20260331T1105235288_d_img_d18,D:\ISRO\OHRC_raws\ch2_ohr_ncp_20260331T1105235288_d_img_d18,2026-03-31T11:05:23.5288Z,27,6,27648,6144,2048,256,512.0,0.25,7.9048537758,296.15611028,89.38302,1.895764,88.104236,TDI64,msb,Ascending,True,0.0,D:\ISRO\OHRC_tiles\ch2_ohr_ncp_20260331T1105235288_d_img_d18\ch2_ohr_ncp_20260331T1105235288_d_img_d18_r00027_c006_structural.jpg,D:\ISRO\OHRC_tiles\ch2_ohr_ncp_20260331T1105235288_d_img_d18\ch2_ohr_ncp_20260331T1105235288_d_img_d18_r00027_c006_illum.jpg,8.290966,-1.2701672,1.3285109
277,ch2_ohr_ncp_20260331T1105235288_d_img_d18,D:\ISRO\OHRC_raws\ch2_ohr_ncp_20260331T1105235288_d_img_d18,2026-03-31T11:05:23.5288Z,27,7,27648,7168,2048,256,512.0,0.25,7.904742757499999,296.16518273,89.38302,1.895764,88.104236,TDI64,msb,Ascending,True,0.0,D:\ISRO\OHRC_tiles\ch2_ohr_ncp_20260331T1105235288_d_img_d18\ch2_ohr_ncp_20260331T1105235288_d_img_d18_r00027_c007_structural.jpg,D:\ISRO\OHRC_tiles\ch2_ohr_ncp_20260331T1105235288_d_img_d18\ch2_ohr_ncp_20260331T1105235288_d_img_d18_r00027_c007_illum.jpg,8.091421,-0.6527638,1.1575279
278,ch2_ohr_ncp_20260331T1105235288_d_img_d18,D:\ISRO\OHRC_raws\ch2_ohr_ncp_20260331T1105235288_d_img_d18,2026-03-31T11:05:23.5288Z,27,8,27648,8192,2048,256,512.0,0.25,7.904631056100001,296.17426342000005,89.38302,1.895764,88.104236,TDI64,msb,Ascending,True,0.0,D:\ISRO\OHRC_tiles\ch2_ohr_ncp_20260331T1105235288_d_img_d18\ch2_ohr_ncp_20260331T1105235288_d_img_d18_r00027_c008_structural.jpg,D:\ISRO\OHRC_tiles\ch2_ohr_ncp_20260331T1105235288_d_img_d18\ch2_ohr_ncp_20260331T1105235288_d_img_d18_r00027_c008_illum.jpg,7.7229176,0.104713,0.51128423
279,ch2_ohr_ncp_20260331T1105235288_d_img_d18,D:\ISRO\OHRC_raws\ch2_ohr_ncp_20260331T1105235288_d_img_d18,2026-03-31T11:05:23.5288Z,27,9,27648,9216,2048,256,512.0,0.25,7.9045186499,296.18335071,89.38302,1.895764,88.104236,TDI64,msb,Ascending,True,0.0,D:\ISRO\OHRC_tiles\ch2_ohr_ncp_20260331T1105235288_d_img_d18\ch2_ohr_ncp_20260331T1105235288_d_img_d18_r00027_c009_structural.jpg,D:\ISRO\OHRC_tiles\ch2_ohr_ncp_20260331T1105235288_d_img_d18\ch2_ohr_ncp_20260331T1105235288_d_img_d18_r00027_c009_illum.jpg,7.664378,0.31204346,0.6982202
280,ch2_ohr_ncp_20260331T1105235288_d_img_d18,D:\ISRO\OHRC_raws\ch2_ohr_ncp_20260331T1105235288_d_img_d18,2026-03-31T11:05:23.5288Z,28,0,28672,0,2048,256,512.0,0.25,7.8963712775,296.1020674,89.38302,1.895764,88.104236,TDI64,msb,Ascending,True,0.0,D:\ISRO\OHRC_tiles\ch2_ohr_ncp_20260331T1105235288_d_img_d18\ch2_ohr_ncp_20260331T1105235288_d_img_d18_r00028_c000_structural.jpg,D:\ISRO\OHRC_tiles\ch2_ohr_ncp_20260331T1105235288_d_img_d18\ch2_ohr_ncp_20260331T1105235288_d_img_d18_r00028_c000_illum.jpg,8.2563,-1.0481356,0.42570063
281,ch2_ohr_ncp_20260331T1105235288_d_img_d18,D:\ISRO\OHRC_raws\ch2_ohr_ncp_20260331T1105235288_d_img_d18,2026-03-31T11:05:23.5288Z,28,1,28672,1024,2048,256,512.0,0.25,7.896264414599999,296.11109533,89.38302,1.895764,88.104236,TDI64,msb,Ascending,True,0.0,D:\ISRO\OHRC_tiles\ch2_ohr_ncp_20260331T1105235288_d_img_d18\ch2_ohr_ncp_20260331T1105235288_d_img_d18_r00028_c001_structural.jpg,D:\ISRO\OHRC_tiles\ch2_ohr_ncp_20260331T1105235288_d_img_d18\ch2_ohr_ncp_20260331T1105235288_d_img_d18_r00028_c001_illum.jpg,8.278988,-1.0439694,1.2535826
282,ch2_ohr_ncp_20260331T1105235288_d_img_d18,D:\ISRO\OHRC_raws\ch2_ohr_ncp_20260331T1105235288_d_img_d18,2026-03-31T11:05:23.5288Z,28,2,28672,2048,2048,256,512.0,0.25,7.8961568653,296.12013074,89.38302,1.895764,88.104236,TDI64,msb,Ascending,True,0.0,D:\ISRO\OHRC_tiles\ch2_ohr_ncp_20260331T1105235288_d_img_d18\ch2_ohr_ncp_20260331T1105235288_d_img_d18_r00028_c002_structural.jpg,D:\ISRO\OHRC_tiles\ch2_ohr_ncp_20260331T1105235288_d_img_d18\ch2_ohr_ncp_20260331T1105235288_d_img_d18_r00028_c002_illum.jpg,8.338402,-1.5934232,1.1573464
283,ch2_ohr_ncp_20260331T1105235288_d_img_d18,D:\ISRO\OHRC_raws\ch2_ohr_ncp_20260331T1105235288_d_img_d18,2026-03-31T11:05:23.5288Z,28,3,28672,3072,2048,256,512.0,0.25,7.8960486375,296.12917361,89.38302,1.895764,88.104236,TDI64,msb,Ascending,True,0.0,D:\ISRO\OHRC_tiles\ch2_ohr_ncp_20260331T1105235288_d_img_d18\ch2_ohr_ncp_20260331T1105235288_d_img_d18_r00028_c003_structural.jpg,D:\ISRO\OHRC_tiles\ch2_ohr_ncp_20260331T1105235288_d_img_d18\ch2_ohr_ncp_20260331T1105235288_d_img_d18_r00028_c003_illum.jpg,8.031529,-1.2061261,1.8152504
284,ch2_ohr_ncp_20260331T1105235288_d_img_d18,D:\ISRO\OHRC_raws\ch2_ohr_ncp_20260331T1105235288_d_img_d18,2026-03-31T11:05:23.5288Z,28,4,28672,4096,2048,256,512.0,0.25,7.8959397188,296.138223,89.38302,1.895764,88.104236,TDI64,msb,Ascending,True,0.0,D:\ISRO\OHRC_tiles\ch2_ohr_ncp_20260331T1105235288_d_img_d18\ch2_ohr_ncp_20260331T1105235288_d_img_d18_r00028_c004_structural.jpg,D:\ISRO\OHRC_tiles\ch2_ohr_ncp_20260331T1105235288_d_img_d18\ch2_ohr_ncp_20260331T1105235288_d_img_d18_r00028_c004_illum.jpg,8.883318,-1.4387301,1.1626556
285,ch2_ohr_ncp_20260331T1105235288_d_img_d18,D:\ISRO\OHRC_raws\ch2_ohr_ncp_20260331T1105235288_d_img_d18,2026-03-31T11:05:23.5288Z,28,5,28672,5120,2048,256,512.0,0.25,7.8958301065,296.1472804,89.38302,1.895764,88.104236,TDI64,msb,Ascending,True,0.0,D:\ISRO\OHRC_tiles\ch2_ohr_ncp_20260331T1105235288_d_img_d18\ch2_ohr_ncp_20260331T1105235288_d_img_d18_r00028_c005_structural.jpg,D:\ISRO\OHRC_tiles\ch2_ohr_ncp_20260331T1105235288_d_img_d18\ch2_ohr_ncp_20260331T1105235288_d_img_d18_r00028_c005_illum.jpg,7.3944154,-0.1622413,0.91989845
286,ch2_ohr_ncp_20260331T1105235288_d_img_d18,D:\ISRO\OHRC_raws\ch2_ohr_ncp_20260331T1105235288_d_img_d18,2026-03-31T11:05:23.5288Z,28,6,28672,6144,2048,256,512.0,0.25,7.8957198106,296.15634549,89.38302,1.895764,88.104236,TDI64,msb,Ascending,True,0.0,D:\ISRO\OHRC_tiles\ch2_ohr_ncp_20260331T1105235288_d_img_d18\ch2_ohr_ncp_20260331T1105235288_d_img_d18_r00028_c006_structural.jpg,D:\ISRO\OHRC_tiles\ch2_ohr_ncp_20260331T1105235288_d_img_d18\ch2_ohr_ncp_20260331T1105235288_d_img_d18_r00028_c006_illum.jpg,7.536971,0.228027,-0.29812685
287,ch2_ohr_ncp_20260331T1105235288_d_img_d18,D:\ISRO\OHRC_raws\ch2_ohr_ncp_20260331T1105235288_d_img_d18,2026-03-31T11:05:23.5288Z,28,7,28672,7168,2048,256,512.0,0.25,7.8956088199,296.16541806000004,89.38302,1.895764,88.104236,TDI64,msb,Ascending,True,0.0,D:\ISRO\OHRC_tiles\ch2_ohr_ncp_20260331T1105235288_d_img_d18\ch2_ohr_ncp_20260331T1105235288_d_img_d18_r00028_c007_structural.jpg,D:\ISRO\OHRC_tiles\ch2_ohr_ncp_20260331T1105235288_d_img_d18\ch2_ohr_ncp_20260331T1105235288_d_img_d18_r00028_c007_illum.jpg,7.0955505,1.4203032,0.99552333
288,ch2_ohr_ncp_20260331T1105235288_d_img_d18,D:\ISRO\OHRC_raws\ch2_ohr_ncp_20260331T1105235288_d_img_d18,2026-03-31T11:05:23.5288Z,28,8,28672,8192,2048,256,512.0,0.25,7.895497138700001,296.17449794,89.38302,1.895764,88.104236,TDI64,msb,Ascending,True,0.0,D:\ISRO\OHRC_tiles\ch2_ohr_ncp_20260331T1105235288_d_img_d18\ch2_ohr_ncp_20260331T1105235288_d_img_d18_r00028_c008_structural.jpg,D:\ISRO\OHRC_tiles\ch2_ohr_ncp_20260331T1105235288_d_img_d18\ch2_ohr_ncp_20260331T1105235288_d_img_d18_r00028_c008_illum.jpg,8.426429,0.14595677,-0.60064197
289,ch2_ohr_ncp_20260331T1105235288_d_img_d18,D:\ISRO\OHRC_raws\ch2_ohr_ncp_20260331T1105235288_d_img_d18,2026-03-31T11:05:23.5288Z,28,9,28672,9216,2048,256,512.0,0.25,7.8953847549,296.18358522999995,89.38302,1.895764,88.104236,TDI64,msb,Ascending,True,0.0,D:\ISRO\OHRC_tiles\ch2_ohr_ncp_20260331T1105235288_d_img_d18\ch2_ohr_ncp_20260331T1105235288_d_img_d18_r00028_c009_structural.jpg,D:\ISRO\OHRC_tiles\ch2_ohr_ncp_20260331T1105235288_d_img_d18\ch2_ohr_ncp_20260331T1105235288_d_img_d18_r00028_c009_illum.jpg,7.9797277,-0.08467678,-1.392491
290,ch2_ohr_ncp_20260331T1105235288_d_img_d18,D:\ISRO\OHRC_raws\ch2_ohr_ncp_20260331T1105235288_d_img_d18,2026-03-31T11:05:23.5288Z,29,0,29696,0,2048,256,512.0,0.25,7.887235907799999,296.10228592,89.38302,1.895764,88.104236,TDI64,msb,Ascending,True,0.0,D:\ISRO\OHRC_tiles\ch2_ohr_ncp_20260331T1105235288_d_img_d18\ch2_ohr_ncp_20260331T1105235288_d_img_d18_r00029_c000_structural.jpg,D:\ISRO\OHRC_tiles\ch2_ohr_ncp_20260331T1105235288_d_img_d18\ch2_ohr_ncp_20260331T1105235288_d_img_d18_r00029_c000_illum.jpg,9.086727,-2.7202952,0.23312776
291,ch2_ohr_ncp_20260331T1105235288_d_img_d18,D:\ISRO\OHRC_raws\ch2_ohr_ncp_20260331T1105235288_d_img_d18,2026-03-31T11:05:23.5288Z,29,1,29696,1024,2048,256,512.0,0.25,7.887129067500001,296.11131385,89.38302,1.895764,88.104236,TDI64,msb,Ascending,True,0.0,D:\ISRO\OHRC_tiles\ch2_ohr_ncp_20260331T1105235288_d_img_d18\ch2_ohr_ncp_20260331T1105235288_d_img_d18_r00029_c001_structural.jpg,D:\ISRO\OHRC_tiles\ch2_ohr_ncp_20260331T1105235288_d_img_d18\ch2_ohr_ncp_20260331T1105235288_d_img_d18_r00029_c001_illum.jpg,9.183739,-2.462043,1.3881578
292,ch2_ohr_ncp_20260331T1105235288_d_img_d18,D:\ISRO\OHRC_raws\ch2_ohr_ncp_20260331T1105235288_d_img_d18,2026-03-31T11:05:23.5288Z,29,2,29696,2048,2048,256,512.0,0.25,7.887021540900001,296.12034826,89.38302,1.895764,88.104236,TDI64,msb,Ascending,True,0.0,D:\ISRO\OHRC_tiles\ch2_ohr_ncp_20260331T1105235288_d_img_d18\ch2_ohr_ncp_20260331T1105235288_d_img_d18_r00029_c002_structural.jpg,D:\ISRO\OHRC_tiles\ch2_ohr_ncp_20260331T1105235288_d_img_d18\ch2_ohr_ncp_20260331T1105235288_d_img_d18_r00029_c002_illum.jpg,9.305699,-2.8692272,0.67655694
293,ch2_ohr_ncp_20260331T1105235288_d_img_d18,D:\ISRO\OHRC_raws\ch2_ohr_ncp_20260331T1105235288_d_img_d18,2026-03-31T11:05:23.5288Z,29,3,29696,3072,2048,256,512.0,0.25,7.8869133358,296.12939114999995,89.38302,1.895764,88.104236,TDI64,msb,Ascending,True,0.0,D:\ISRO\OHRC_tiles\ch2_ohr_ncp_20260331T1105235288_d_img_d18\ch2_ohr_ncp_20260331T1105235288_d_img_d18_r00029_c003_structural.jpg,D:\ISRO\OHRC_tiles\ch2_ohr_ncp_20260331T1105235288_d_img_d18\ch2_ohr_ncp_20260331T1105235288_d_img_d18_r00029_c003_illum.jpg,9.200597,-3.046475,2.0696309
294,ch2_ohr_ncp_20260331T1105235288_d_img_d18,D:\ISRO\OHRC_raws\ch2_ohr_ncp_20260331T1105235288_d_img_d18,2026-03-31T11:05:23.5288Z,29,4,29696,4096,2048,256,512.0,0.25,7.886804437099999,296.13844052,89.38302,1.895764,88.104236,TDI64,msb,Ascending,True,0.0,D:\ISRO\OHRC_tiles\ch2_ohr_ncp_20260331T1105235288_d_img_d18\ch2_ohr_ncp_20260331T1105235288_d_img_d18_r00029_c004_structural.jpg,D:\ISRO\OHRC_tiles\ch2_ohr_ncp_20260331T1105235288_d_img_d18\ch2_ohr_ncp_20260331T1105235288_d_img_d18_r00029_c004_illum.jpg,8.776626,-1.1759057,2.4529366
295,ch2_ohr_ncp_20260331T1105235288_d_img_d18,D:\ISRO\OHRC_raws\ch2_ohr_ncp_20260331T1105235288_d_img_d18,2026-03-31T11:05:23.5288Z,29,5,29696,5120,2048,256,512.0,0.25,7.886694851899999,296.14749792,89.38302,1.895764,88.104236,TDI64,msb,Ascending,True,0.0,D:\ISRO\OHRC_tiles\ch2_ohr_ncp_20260331T1105235288_d_img_d18\ch2_ohr_ncp_20260331T1105235288_d_img_d18_r00029_c005_structural.jpg,D:\ISRO\OHRC_tiles\ch2_ohr_ncp_20260331T1105235288_d_img_d18\ch2_ohr_ncp_20260331T1105235288_d_img_d18_r00029_c005_illum.jpg,7.339763,0.83335584,1.1319789
296,ch2_ohr_ncp_20260331T1105235288_d_img_d18,D:\ISRO\OHRC_raws\ch2_ohr_ncp_20260331T1105235288_d_img_d18,2026-03-31T11:05:23.5288Z,29,6,29696,6144,2048,256,512.0,0.25,7.886584582899999,296.15656301,89.38302,1.895764,88.104236,TDI64,msb,Ascending,True,0.0,D:\ISRO\OHRC_tiles\ch2_ohr_ncp_20260331T1105235288_d_img_d18\ch2_ohr_ncp_20260331T1105235288_d_img_d18_r00029_c006_structural.jpg,D:\ISRO\OHRC_tiles\ch2_ohr_ncp_20260331T1105235288_d_img_d18\ch2_ohr_ncp_20260331T1105235288_d_img_d18_r00029_c006_illum.jpg,7.41871,0.8230743,-0.4416836
297,ch2_ohr_ncp_20260331T1105235288_d_img_d18,D:\ISRO\OHRC_raws\ch2_ohr_ncp_20260331T1105235288_d_img_d18,2026-03-31T11:05:23.5288Z,29,7,29696,7168,2048,256,512.0,0.25,7.886473615799999,296.16563465,89.38302,1.895764,88.104236,TDI64,msb,Ascending,True,0.0,D:\ISRO\OHRC_tiles\ch2_ohr_ncp_20260331T1105235288_d_img_d18\ch2_ohr_ncp_20260331T1105235288_d_img_d18_r00029_c007_structural.jpg,D:\ISRO\OHRC_tiles\ch2_ohr_ncp_20260331T1105235288_d_img_d18\ch2_ohr_ncp_20260331T1105235288_d_img_d18_r00029_c007_illum.jpg,6.9879336,1.858157,0.48852816
298,ch2_ohr_ncp_20260331T1105235288_d_img_d18,D:\ISRO\OHRC_raws\ch2_ohr_ncp_20260331T1105235288_d_img_d18,2026-03-31T11:05:23.5288Z,29,8,29696,8192,2048,256,512.0,0.25,7.8863619551,296.17471446,89.38302,1.895764,88.104236,TDI64,msb,Ascending,True,0.0,D:\ISRO\OHRC_tiles\ch2_ohr_ncp_20260331T1105235288_d_img_d18\ch2_ohr_ncp_20260331T1105235288_d_img_d18_r00029_c008_structural.jpg,D:\ISRO\OHRC_tiles\ch2_ohr_ncp_20260331T1105235288_d_img_d18\ch2_ohr_ncp_20260331T1105235288_d_img_d18_r00029_c008_illum.jpg,8.502111,-0.007700946,-1.3381125
299,ch2_ohr_ncp_20260331T1105235288_d_img_d18,D:\ISRO\OHRC_raws\ch2_ohr_ncp_20260331T1105235288_d_img_d18,2026-03-31T11:05:23.5288Z,29,9,29696,9216,2048,256,512.0,0.25,7.886249600799999,296.18380175,89.38302,1.895764,88.104236,TDI64,msb,Ascending,True,0.0,D:\ISRO\OHRC_tiles\ch2_ohr_ncp_20260331T1105235288_d_img_d18\ch2_ohr_ncp_20260331T1105235288_d_img_d18_r00029_c009_structural.jpg,D:\ISRO\OHRC_tiles\ch2_ohr_ncp_20260331T1105235288_d_img_d18\ch2_ohr_ncp_20260331T1105235288_d_img_d18_r00029_c009_illum.jpg,7.7546864,0.45500118,-1.003503
300,ch2_ohr_ncp_20260331T1105235288_d_img_d18,D:\ISRO\OHRC_raws\ch2_ohr_ncp_20260331T1105235288_d_img_d18,2026-03-31T11:05:23.5288Z,30,0,30720,0,2048,256,512.0,0.25,7.8780936212,296.10252362999995,89.38302,1.895764,88.104236,TDI64,msb,Ascending,True,0.0,D:\ISRO\OHRC_tiles\ch2_ohr_ncp_20260331T1105235288_d_img_d18\ch2_ohr_ncp_20260331T1105235288_d_img_d18_r00030_c000_structural.jpg,D:\ISRO\OHRC_tiles\ch2_ohr_ncp_20260331T1105235288_d_img_d18\ch2_ohr_ncp_20260331T1105235288_d_img_d18_r00030_c000_illum.jpg,8.750585,-2.6861384,2.2831786
301,ch2_ohr_ncp_20260331T1105235288_d_img_d18,D:\ISRO\OHRC_raws\ch2_ohr_ncp_20260331T1105235288_d_img_d18,2026-03-31T11:05:23.5288Z,30,1,30720,1024,2048,256,512.0,0.25,7.8779867758,296.11155131,89.38302,1.895764,88.104236,TDI64,msb,Ascending,True,0.0,D:\ISRO\OHRC_tiles\ch2_ohr_ncp_20260331T1105235288_d_img_d18\ch2_ohr_ncp_20260331T1105235288_d_img_d18_r00030_c001_structural.jpg,D:\ISRO\OHRC_tiles\ch2_ohr_ncp_20260331T1105235288_d_img_d18\ch2_ohr_ncp_20260331T1105235288_d_img_d18_r00030_c001_illum.jpg,9.192618,-2.8373368,-0.4805789
302,ch2_ohr_ncp_20260331T1105235288_d_img_d18,D:\ISRO\OHRC_raws\ch2_ohr_ncp_20260331T1105235288_d_img_d18,2026-03-31T11:05:23.5288Z,30,2,30720,2048,2048,256,512.0,0.25,7.877879247000001,296.12058599,89.38302,1.895764,88.104236,TDI64,msb,Ascending,True,0.0,D:\ISRO\OHRC_tiles\ch2_ohr_ncp_20260331T1105235288_d_img_d18\ch2_ohr_ncp_20260331T1105235288_d_img_d18_r00030_c002_structural.jpg,D:\ISRO\OHRC_tiles\ch2_ohr_ncp_20260331T1105235288_d_img_d18\ch2_ohr_ncp_20260331T1105235288_d_img_d18_r00030_c002_illum.jpg,9.777223,-3.2063015,-1.9691106
303,ch2_ohr_ncp_20260331T1105235288_d_img_d18,D:\ISRO\OHRC_raws\ch2_ohr_ncp_20260331T1105235288_d_img_d18,2026-03-31T11:05:23.5288Z,30,3,30720,3072,2048,256,512.0,0.25,7.8777710345,296.12962816999993,89.38302,1.895764,88.104236,TDI64,msb,Ascending,True,0.0,D:\ISRO\OHRC_tiles\ch2_ohr_ncp_20260331T1105235288_d_img_d18\ch2_ohr_ncp_20260331T1105235288_d_img_d18_r00030_c003_structural.jpg,D:\ISRO\OHRC_tiles\ch2_ohr_ncp_20260331T1105235288_d_img_d18\ch2_ohr_ncp_20260331T1105235288_d_img_d18_r00030_c003_illum.jpg,8.587281,-2.347774,-0.5275187
304,ch2_ohr_ncp_20260331T1105235288_d_img_d18,D:\ISRO\OHRC_raws\ch2_ohr_ncp_20260331T1105235288_d_img_d18,2026-03-31T11:05:23.5288Z,30,4,30720,4096,2048,256,512.0,0.25,7.8776621311,296.1386777700001,89.38302,1.895764,88.104236,TDI64,msb,Ascending,True,0.0,D:\ISRO\OHRC_tiles\ch2_ohr_ncp_20260331T1105235288_d_img_d18\ch2_ohr_ncp_20260331T1105235288_d_img_d18_r00030_c004_structural.jpg,D:\ISRO\OHRC_tiles\ch2_ohr_ncp_20260331T1105235288_d_img_d18\ch2_ohr_ncp_20260331T1105235288_d_img_d18_r00030_c004_illum.jpg,7.41538,0.067148365,1.3458616
305,ch2_ohr_ncp_20260331T1105235288_d_img_d18,D:\ISRO\OHRC_raws\ch2_ohr_ncp_20260331T1105235288_d_img_d18,2026-03-31T11:05:23.5288Z,30,5,30720,5120,2048,256,512.0,0.25,7.877552538800001,296.14773491000005,89.38302,1.895764,88.104236,TDI64,msb,Ascending,True,0.0,D:\ISRO\OHRC_tiles\ch2_ohr_ncp_20260331T1105235288_d_img_d18\ch2_ohr_ncp_20260331T1105235288_d_img_d18_r00030_c005_structural.jpg,D:\ISRO\OHRC_tiles\ch2_ohr_ncp_20260331T1105235288_d_img_d18\ch2_ohr_ncp_20260331T1105235288_d_img_d18_r00030_c005_illum.jpg,7.178962,0.5078637,0.29925248
306,ch2_ohr_ncp_20260331T1105235288_d_img_d18,D:\ISRO\OHRC_raws\ch2_ohr_ncp_20260331T1105235288_d_img_d18,2026-03-31T11:05:23.5288Z,30,6,30720,6144,2048,256,512.0,0.25,7.8774422598,296.15679947,89.38302,1.895764,88.104236,TDI64,msb,Ascending,True,0.0,D:\ISRO\OHRC_tiles\ch2_ohr_ncp_20260331T1105235288_d_img_d18\ch2_ohr_ncp_20260331T1105235288_d_img_d18_r00030_c006_structural.jpg,D:\ISRO\OHRC_tiles\ch2_ohr_ncp_20260331T1105235288_d_img_d18\ch2_ohr_ncp_20260331T1105235288_d_img_d18_r00030_c006_illum.jpg,7.2362576,1.2682508,0.51490134
307,ch2_ohr_ncp_20260331T1105235288_d_img_d18,D:\ISRO\OHRC_raws\ch2_ohr_ncp_20260331T1105235288_d_img_d18,2026-03-31T11:05:23.5288Z,30,7,30720,7168,2048,256,512.0,0.25,7.877331292700001,296.16587111,89.38302,1.895764,88.104236,TDI64,msb,Ascending,True,0.0,D:\ISRO\OHRC_tiles\ch2_ohr_ncp_20260331T1105235288_d_img_d18\ch2_ohr_ncp_20260331T1105235288_d_img_d18_r00030_c007_structural.jpg,D:\ISRO\OHRC_tiles\ch2_ohr_ncp_20260331T1105235288_d_img_d18\ch2_ohr_ncp_20260331T1105235288_d_img_d18_r00030_c007_illum.jpg,7.9820185,0.79871565,0.57645184
308,ch2_ohr_ncp_20260331T1105235288_d_img_d18,D:\ISRO\OHRC_raws\ch2_ohr_ncp_20260331T1105235288_d_img_d18,2026-03-31T11:05:23.5288Z,30,8,30720,8192,2048,256,512.0,0.25,7.8772196273,296.17495092,89.38302,1.895764,88.104236,TDI64,msb,Ascending,True,0.0,D:\ISRO\OHRC_tiles\ch2_ohr_ncp_20260331T1105235288_d_img_d18\ch2_ohr_ncp_20260331T1105235288_d_img_d18_r00030_c008_structural.jpg,D:\ISRO\OHRC_tiles\ch2_ohr_ncp_20260331T1105235288_d_img_d18\ch2_ohr_ncp_20260331T1105235288_d_img_d18_r00030_c008_illum.jpg,7.943978,-0.11828811,-0.859828
309,ch2_ohr_ncp_20260331T1105235288_d_img_d18,D:\ISRO\OHRC_raws\ch2_ohr_ncp_20260331T1105235288_d_img_d18,2026-03-31T11:05:23.5288Z,30,9,30720,9216,2048,256,512.0,0.25,7.877107262999999,296.1840378,89.38302,1.895764,88.104236,TDI64,msb,Ascending,True,0.0,D:\ISRO\OHRC_tiles\ch2_ohr_ncp_20260331T1105235288_d_img_d18\ch2_ohr_ncp_20260331T1105235288_d_img_d18_r00030_c009_structural.jpg,D:\ISRO\OHRC_tiles\ch2_ohr_ncp_20260331T1105235288_d_img_d18\ch2_ohr_ncp_20260331T1105235288_d_img_d18_r00030_c009_illum.jpg,7.6297617,0.80098265,-0.31471896
310,ch2_ohr_ncp_20260331T1105235288_d_img_d18,D:\ISRO\OHRC_raws\ch2_ohr_ncp_20260331T1105235288_d_img_d18,2026-03-31T11:05:23.5288Z,31,0,31744,0,2048,256,512.0,0.25,7.8689522455,296.10274819,89.38302,1.895764,88.104236,TDI64,msb,Ascending,True,0.0,D:\ISRO\OHRC_tiles\ch2_ohr_ncp_20260331T1105235288_d_img_d18\ch2_ohr_ncp_20260331T1105235288_d_img_d18_r00031_c000_structural.jpg,D:\ISRO\OHRC_tiles\ch2_ohr_ncp_20260331T1105235288_d_img_d18\ch2_ohr_ncp_20260331T1105235288_d_img_d18_r00031_c000_illum.jpg,8.540942,-2.4879606,2.8329206
311,ch2_ohr_ncp_20260331T1105235288_d_img_d18,D:\ISRO\OHRC_raws\ch2_ohr_ncp_20260331T1105235288_d_img_d18,2026-03-31T11:05:23.5288Z,31,1,31744,1024,2048,256,512.0,0.25,7.868845402400001,296.11177512000006,89.38302,1.895764,88.104236,TDI64,msb,Ascending,True,0.0,D:\ISRO\OHRC_tiles\ch2_ohr_ncp_20260331T1105235288_d_img_d18\ch2_ohr_ncp_20260331T1105235288_d_img_d18_r00031_c001_structural.jpg,D:\ISRO\OHRC_tiles\ch2_ohr_ncp_20260331T1105235288_d_img_d18\ch2_ohr_ncp_20260331T1105235288_d_img_d18_r00031_c001_illum.jpg,9.245845,-2.7410014,1.1937149
312,ch2_ohr_ncp_20260331T1105235288_d_img_d18,D:\ISRO\OHRC_raws\ch2_ohr_ncp_20260331T1105235288_d_img_d18,2026-03-31T11:05:23.5288Z,31,2,31744,2048,2048,256,512.0,0.25,7.8687378709,296.12081053,89.38302,1.895764,88.104236,TDI64,msb,Ascending,True,0.0,D:\ISRO\OHRC_tiles\ch2_ohr_ncp_20260331T1105235288_d_img_d18\ch2_ohr_ncp_20260331T1105235288_d_img_d18_r00031_c002_structural.jpg,D:\ISRO\OHRC_tiles\ch2_ohr_ncp_20260331T1105235288_d_img_d18\ch2_ohr_ncp_20260331T1105235288_d_img_d18_r00031_c002_illum.jpg,9.80203,-1.5192002,-2.1386673
313,ch2_ohr_ncp_20260331T1105235288_d_img_d18,D:\ISRO\OHRC_raws\ch2_ohr_ncp_20260331T1105235288_d_img_d18,2026-03-31T11:05:23.5288Z,31,3,31744,3072,2048,256,512.0,0.25,7.8686296558,296.12985219,89.38302,1.895764,88.104236,TDI64,msb,Ascending,True,0.0,D:\ISRO\OHRC_tiles\ch2_ohr_ncp_20260331T1105235288_d_img_d18\ch2_ohr_ncp_20260331T1105235288_d_img_d18_r00031_c003_structural.jpg,D:\ISRO\OHRC_tiles\ch2_ohr_ncp_20260331T1105235288_d_img_d18\ch2_ohr_ncp_20260331T1105235288_d_img_d18_r00031_c003_illum.jpg,8.790557,-1.1739992,-1.529797
314,ch2_ohr_ncp_20260331T1105235288_d_img_d18,D:\ISRO\OHRC_raws\ch2_ohr_ncp_20260331T1105235288_d_img_d18,2026-03-31T11:05:23.5288Z,31,4,31744,4096,2048,256,512.0,0.25,7.868520757100001,296.13890158,89.38302,1.895764,88.104236,TDI64,msb,Ascending,True,0.0,D:\ISRO\OHRC_tiles\ch2_ohr_ncp_20260331T1105235288_d_img_d18\ch2_ohr_ncp_20260331T1105235288_d_img_d18_r00031_c004_structural.jpg,D:\ISRO\OHRC_tiles\ch2_ohr_ncp_20260331T1105235288_d_img_d18\ch2_ohr_ncp_20260331T1105235288_d_img_d18_r00031_c004_illum.jpg,7.7516747,-0.77861947,-0.19559106
315,ch2_ohr_ncp_20260331T1105235288_d_img_d18,D:\ISRO\OHRC_raws\ch2_ohr_ncp_20260331T1105235288_d_img_d18,2026-03-31T11:05:23.5288Z,31,5,31744,5120,2048,256,512.0,0.25,7.8684111716,296.14795819,89.38302,1.895764,88.104236,TDI64,msb,Ascending,True,0.0,D:\ISRO\OHRC_tiles\ch2_ohr_ncp_20260331T1105235288_d_img_d18\ch2_ohr_ncp_20260331T1105235288_d_img_d18_r00031_c005_structural.jpg,D:\ISRO\OHRC_tiles\ch2_ohr_ncp_20260331T1105235288_d_img_d18\ch2_ohr_ncp_20260331T1105235288_d_img_d18_r00031_c005_illum.jpg,8.872564,-2.5190148,-1.1574587
316,ch2_ohr_ncp_20260331T1105235288_d_img_d18,D:\ISRO\OHRC_raws\ch2_ohr_ncp_20260331T1105235288_d_img_d18,2026-03-31T11:05:23.5288Z,31,6,31744,6144,2048,256,512.0,0.25,7.868300888900001,296.15702259,89.38302,1.895764,88.104236,TDI64,msb,Ascending,True,0.0,D:\ISRO\OHRC_tiles\ch2_ohr_ncp_20260331T1105235288_d_img_d18\ch2_ohr_ncp_20260331T1105235288_d_img_d18_r00031_c006_structural.jpg,D:\ISRO\OHRC_tiles\ch2_ohr_ncp_20260331T1105235288_d_img_d18\ch2_ohr_ncp_20260331T1105235288_d_img_d18_r00031_c006_illum.jpg,8.488675,-1.458521,0.5949573
317,ch2_ohr_ncp_20260331T1105235288_d_img_d18,D:\ISRO\OHRC_raws\ch2_ohr_ncp_20260331T1105235288_d_img_d18,2026-03-31T11:05:23.5288Z,31,7,31744,7168,2048,256,512.0,0.25,7.868189921,296.16609492,89.38302,1.895764,88.104236,TDI64,msb,Ascending,True,0.0,D:\ISRO\OHRC_tiles\ch2_ohr_ncp_20260331T1105235288_d_img_d18\ch2_ohr_ncp_20260331T1105235288_d_img_d18_r00031_c007_structural.jpg,D:\ISRO\OHRC_tiles\ch2_ohr_ncp_20260331T1105235288_d_img_d18\ch2_ohr_ncp_20260331T1105235288_d_img_d18_r00031_c007_illum.jpg,7.6119432,0.87492025,0.5753439
318,ch2_ohr_ncp_20260331T1105235288_d_img_d18,D:\ISRO\OHRC_raws\ch2_ohr_ncp_20260331T1105235288_d_img_d18,2026-03-31T11:05:23.5288Z,31,8,31744,8192,2048,256,512.0,0.25,7.868078260299999,296.17517373,89.38302,1.895764,88.104236,TDI64,msb,Ascending,True,0.0,D:\ISRO\OHRC_tiles\ch2_ohr_ncp_20260331T1105235288_d_img_d18\ch2_ohr_ncp_20260331T1105235288_d_img_d18_r00031_c008_structural.jpg,D:\ISRO\OHRC_tiles\ch2_ohr_ncp_20260331T1105235288_d_img_d18\ch2_ohr_ncp_20260331T1105235288_d_img_d18_r00031_c008_illum.jpg,7.3500457,0.9112665,0.8212076
319,ch2_ohr_ncp_20260331T1105235288_d_img_d18,D:\ISRO\OHRC_raws\ch2_ohr_ncp_20260331T1105235288_d_img_d18,2026-03-31T11:05:23.5288Z,31,9,31744,9216,2048,256,512.0,0.25,7.867965900100001,296.18426102,89.38302,1.895764,88.104236,TDI64,msb,Ascending,True,0.0,D:\ISRO\OHRC_tiles\ch2_ohr_ncp_20260331T1105235288_d_img_d18\ch2_ohr_ncp_20260331T1105235288_d_img_d18_r00031_c009_structural.jpg,D:\ISRO\OHRC_tiles\ch2_ohr_ncp_20260331T1105235288_d_img_d18\ch2_ohr_ncp_20260331T1105235288_d_img_d18_r00031_c009_illum.jpg,8.089937,0.40800744,-0.5888597
320,ch2_ohr_ncp_20260331T1105235288_d_img_d18,D:\ISRO\OHRC_raws\ch2_ohr_ncp_20260331T1105235288_d_img_d18,2026-03-31T11:05:23.5288Z,32,0,32768,0,2048,256,512.0,0.25,7.859823255999999,296.10297947,89.38302,1.895764,88.104236,TDI64,msb,Ascending,True,0.0,D:\ISRO\OHRC_tiles\ch2_ohr_ncp_20260331T1105235288_d_img_d18\ch2_ohr_ncp_20260331T1105235288_d_img_d18_r00032_c000_structural.jpg,D:\ISRO\OHRC_tiles\ch2_ohr_ncp_20260331T1105235288_d_img_d18\ch2_ohr_ncp_20260331T1105235288_d_img_d18_r00032_c000_illum.jpg,9.8897915,-3.7443645,2.1407971
321,ch2_ohr_ncp_20260331T1105235288_d_img_d18,D:\ISRO\OHRC_raws\ch2_ohr_ncp_20260331T1105235288_d_img_d18,2026-03-31T11:05:23.5288Z,32,1,32768,1024,2048,256,512.0,0.25,7.8597164305,296.11200691,89.38302,1.895764,88.104236,TDI64,msb,Ascending,True,0.0,D:\ISRO\OHRC_tiles\ch2_ohr_ncp_20260331T1105235288_d_img_d18\ch2_ohr_ncp_20260331T1105235288_d_img_d18_r00032_c001_structural.jpg,D:\ISRO\OHRC_tiles\ch2_ohr_ncp_20260331T1105235288_d_img_d18\ch2_ohr_ncp_20260331T1105235288_d_img_d18_r00032_c001_illum.jpg,8.899369,-1.6956867,1.8055251
322,ch2_ohr_ncp_20260331T1105235288_d_img_d18,D:\ISRO\OHRC_raws\ch2_ohr_ncp_20260331T1105235288_d_img_d18,2026-03-31T11:05:23.5288Z,32,2,32768,2048,2048,256,512.0,0.25,7.859608918999999,296.1210418,89.38302,1.895764,88.104236,TDI64,msb,Ascending,True,0.0,D:\ISRO\OHRC_tiles\ch2_ohr_ncp_20260331T1105235288_d_img_d18\ch2_ohr_ncp_20260331T1105235288_d_img_d18_r00032_c002_structural.jpg,D:\ISRO\OHRC_tiles\ch2_ohr_ncp_20260331T1105235288_d_img_d18\ch2_ohr_ncp_20260331T1105235288_d_img_d18_r00032_c002_illum.jpg,8.227936,-0.13094623,0.24814339
323,ch2_ohr_ncp_20260331T1105235288_d_img_d18,D:\ISRO\OHRC_raws\ch2_ohr_ncp_20260331T1105235288_d_img_d18,2026-03-31T11:05:23.5288Z,32,3,32768,3072,2048,256,512.0,0.25,7.859500723799999,296.13008369,89.38302,1.895764,88.104236,TDI64,msb,Ascending,True,0.0,D:\ISRO\OHRC_tiles\ch2_ohr_ncp_20260331T1105235288_d_img_d18\ch2_ohr_ncp_20260331T1105235288_d_img_d18_r00032_c003_structural.jpg,D:\ISRO\OHRC_tiles\ch2_ohr_ncp_20260331T1105235288_d_img_d18\ch2_ohr_ncp_20260331T1105235288_d_img_d18_r00032_c003_illum.jpg,8.049592,-0.7997411,-0.11539664
324,ch2_ohr_ncp_20260331T1105235288_d_img_d18,D:\ISRO\OHRC_raws\ch2_ohr_ncp_20260331T1105235288_d_img_d18,2026-03-31T11:05:23.5288Z,32,4,32768,4096,2048,256,512.0,0.25,7.859391845100001,296.13913285,89.38302,1.895764,88.104236,TDI64,msb,Ascending,True,0.0,D:\ISRO\OHRC_tiles\ch2_ohr_ncp_20260331T1105235288_d_img_d18\ch2_ohr_ncp_20260331T1105235288_d_img_d18_r00032_c004_structural.jpg,D:\ISRO\OHRC_tiles\ch2_ohr_ncp_20260331T1105235288_d_img_d18\ch2_ohr_ncp_20260331T1105235288_d_img_d18_r00032_c004_illum.jpg,8.809608,-1.8516502,0.32901725
325,ch2_ohr_ncp_20260331T1105235288_d_img_d18,D:\ISRO\OHRC_raws\ch2_ohr_ncp_20260331T1105235288_d_img_d18,2026-03-31T11:05:23.5288Z,32,5,32768,5120,2048,256,512.0,0.25,7.8592822772,296.14818946,89.38302,1.895764,88.104236,TDI64,msb,Ascending,True,0.0,D:\ISRO\OHRC_tiles\ch2_ohr_ncp_20260331T1105235288_d_img_d18\ch2_ohr_ncp_20260331T1105235288_d_img_d18_r00032_c005_structural.jpg,D:\ISRO\OHRC_tiles\ch2_ohr_ncp_20260331T1105235288_d_img_d18\ch2_ohr_ncp_20260331T1105235288_d_img_d18_r00032_c005_illum.jpg,10.019129,-3.6799572,-0.72861093
326,ch2_ohr_ncp_20260331T1105235288_d_img_d18,D:\ISRO\OHRC_raws\ch2_ohr_ncp_20260331T1105235288_d_img_d18,2026-03-31T11:05:23.5288Z,32,6,32768,6144,2048,256,512.0,0.25,7.8591720137,296.15725355,89.38302,1.895764,88.104236,TDI64,msb,Ascending,True,0.0,D:\ISRO\OHRC_tiles\ch2_ohr_ncp_20260331T1105235288_d_img_d18\ch2_ohr_ncp_20260331T1105235288_d_img_d18_r00032_c006_structural.jpg,D:\ISRO\OHRC_tiles\ch2_ohr_ncp_20260331T1105235288_d_img_d18\ch2_ohr_ncp_20260331T1105235288_d_img_d18_r00032_c006_illum.jpg,9.950763,-2.7441885,-0.47311145
327,ch2_ohr_ncp_20260331T1105235288_d_img_d18,D:\ISRO\OHRC_raws\ch2_ohr_ncp_20260331T1105235288_d_img_d18,2026-03-31T11:05:23.5288Z,32,7,32768,7168,2048,256,512.0,0.25,7.8590610665,296.16632518999995,89.38302,1.895764,88.104236,TDI64,msb,Ascending,True,0.0,D:\ISRO\OHRC_tiles\ch2_ohr_ncp_20260331T1105235288_d_img_d18\ch2_ohr_ncp_20260331T1105235288_d_img_d18_r00032_c007_structural.jpg,D:\ISRO\OHRC_tiles\ch2_ohr_ncp_20260331T1105235288_d_img_d18\ch2_ohr_ncp_20260331T1105235288_d_img_d18_r00032_c007_illum.jpg,9.21054,-1.6707572,-0.40651342
328,ch2_ohr_ncp_20260331T1105235288_d_img_d18,D:\ISRO\OHRC_raws\ch2_ohr_ncp_20260331T1105235288_d_img_d18,2026-03-31T11:05:23.5288Z,32,8,32768,8192,2048,256,512.0,0.25,7.8589494258,296.175404,89.38302,1.895764,88.104236,TDI64,msb,Ascending,True,0.0,D:\ISRO\OHRC_tiles\ch2_ohr_ncp_20260331T1105235288_d_img_d18\ch2_ohr_ncp_20260331T1105235288_d_img_d18_r00032_c008_structural.jpg,D:\ISRO\OHRC_tiles\ch2_ohr_ncp_20260331T1105235288_d_img_d18\ch2_ohr_ncp_20260331T1105235288_d_img_d18_r00032_c008_illum.jpg,9.096372,-1.2459509,-0.8695538
329,ch2_ohr_ncp_20260331T1105235288_d_img_d18,D:\ISRO\OHRC_raws\ch2_ohr_ncp_20260331T1105235288_d_img_d18,2026-03-31T11:05:23.5288Z,32,9,32768,9216,2048,256,512.0,0.25,7.8588370855,296.18449088,89.38302,1.895764,88.104236,TDI64,msb,Ascending,True,0.0,D:\ISRO\OHRC_tiles\ch2_ohr_ncp_20260331T1105235288_d_img_d18\ch2_ohr_ncp_20260331T1105235288_d_img_d18_r00032_c009_structural.jpg,D:\ISRO\OHRC_tiles\ch2_ohr_ncp_20260331T1105235288_d_img_d18\ch2_ohr_ncp_20260331T1105235288_d_img_d18_r00032_c009_illum.jpg,8.085233,0.2404426,-0.9618841
330,ch2_ohr_ncp_20260331T1105235288_d_img_d18,D:\ISRO\OHRC_raws\ch2_ohr_ncp_20260331T1105235288_d_img_d18,2026-03-31T11:05:23.5288Z,33,0,33792,0,2048,256,512.0,0.25,7.8506812825,296.103206,89.38302,1.895764,88.104236,TDI64,msb,Ascending,True,0.0,D:\ISRO\OHRC_tiles\ch2_ohr_ncp_20260331T1105235288_d_img_d18\ch2_ohr_ncp_20260331T1105235288_d_img_d18_r00033_c000_structural.jpg,D:\ISRO\OHRC_tiles\ch2_ohr_ncp_20260331T1105235288_d_img_d18\ch2_ohr_ncp_20260331T1105235288_d_img_d18_r00033_c000_illum.jpg,9.216369,-2.491642,2.7555068
331,ch2_ohr_ncp_20260331T1105235288_d_img_d18,D:\ISRO\OHRC_raws\ch2_ohr_ncp_20260331T1105235288_d_img_d18,2026-03-31T11:05:23.5288Z,33,1,33792,1024,2048,256,512.0,0.25,7.8505744596,296.11223293,89.38302,1.895764,88.104236,TDI64,msb,Ascending,True,0.0,D:\ISRO\OHRC_tiles\ch2_ohr_ncp_20260331T1105235288_d_img_d18\ch2_ohr_ncp_20260331T1105235288_d_img_d18_r00033_c001_structural.jpg,D:\ISRO\OHRC_tiles\ch2_ohr_ncp_20260331T1105235288_d_img_d18\ch2_ohr_ncp_20260331T1105235288_d_img_d18_r00033_c001_illum.jpg,8.280398,-1.649429,1.6311482
332,ch2_ohr_ncp_20260331T1105235288_d_img_d18,D:\ISRO\OHRC_raws\ch2_ohr_ncp_20260331T1105235288_d_img_d18,2026-03-31T11:05:23.5288Z,33,2,33792,2048,2048,256,512.0,0.25,7.8504669581,296.12126734,89.38302,1.895764,88.104236,TDI64,msb,Ascending,True,0.0,D:\ISRO\OHRC_tiles\ch2_ohr_ncp_20260331T1105235288_d_img_d18\ch2_ohr_ncp_20260331T1105235288_d_img_d18_r00033_c002_structural.jpg,D:\ISRO\OHRC_tiles\ch2_ohr_ncp_20260331T1105235288_d_img_d18\ch2_ohr_ncp_20260331T1105235288_d_img_d18_r00033_c002_illum.jpg,8.375163,-0.34275812,0.07134392
333,ch2_ohr_ncp_20260331T1105235288_d_img_d18,D:\ISRO\OHRC_raws\ch2_ohr_ncp_20260331T1105235288_d_img_d18,2026-03-31T11:05:23.5288Z,33,3,33792,3072,2048,256,512.0,0.25,7.850358765199999,296.13030926,89.38302,1.895764,88.104236,TDI64,msb,Ascending,True,0.0,D:\ISRO\OHRC_tiles\ch2_ohr_ncp_20260331T1105235288_d_img_d18\ch2_ohr_ncp_20260331T1105235288_d_img_d18_r00033_c003_structural.jpg,D:\ISRO\OHRC_tiles\ch2_ohr_ncp_20260331T1105235288_d_img_d18\ch2_ohr_ncp_20260331T1105235288_d_img_d18_r00033_c003_illum.jpg,7.6050053,0.2523537,0.5784601
334,ch2_ohr_ncp_20260331T1105235288_d_img_d18,D:\ISRO\OHRC_raws\ch2_ohr_ncp_20260331T1105235288_d_img_d18,2026-03-31T11:05:23.5288Z,33,4,33792,4096,2048,256,512.0,0.25,7.8502498889,296.13935839,89.38302,1.895764,88.104236,TDI64,msb,Ascending,True,0.0,D:\ISRO\OHRC_tiles\ch2_ohr_ncp_20260331T1105235288_d_img_d18\ch2_ohr_ncp_20260331T1105235288_d_img_d18_r00033_c004_structural.jpg,D:\ISRO\OHRC_tiles\ch2_ohr_ncp_20260331T1105235288_d_img_d18\ch2_ohr_ncp_20260331T1105235288_d_img_d18_r00033_c004_illum.jpg,8.548623,-0.33436626,0.77993166
335,ch2_ohr_ncp_20260331T1105235288_d_img_d18,D:\ISRO\OHRC_raws\ch2_ohr_ncp_20260331T1105235288_d_img_d18,2026-03-31T11:05:23.5288Z,33,5,33792,5120,2048,256,512.0,0.25,7.8501403245,296.148415,89.38302,1.895764,88.104236,TDI64,msb,Ascending,True,0.0,D:\ISRO\OHRC_tiles\ch2_ohr_ncp_20260331T1105235288_d_img_d18\ch2_ohr_ncp_20260331T1105235288_d_img_d18_r00033_c005_structural.jpg,D:\ISRO\OHRC_tiles\ch2_ohr_ncp_20260331T1105235288_d_img_d18\ch2_ohr_ncp_20260331T1105235288_d_img_d18_r00033_c005_illum.jpg,8.901899,-1.1679264,0.29614866
336,ch2_ohr_ncp_20260331T1105235288_d_img_d18,D:\ISRO\OHRC_raws\ch2_ohr_ncp_20260331T1105235288_d_img_d18,2026-03-31T11:05:23.5288Z,33,6,33792,6144,2048,256,512.0,0.25,7.8500300705,296.1574784,89.38302,1.895764,88.104236,TDI64,msb,Ascending,True,0.0,D:\ISRO\OHRC_tiles\ch2_ohr_ncp_20260331T1105235288_d_img_d18\ch2_ohr_ncp_20260331T1105235288_d_img_d18_r00033_c006_structural.jpg,D:\ISRO\OHRC_tiles\ch2_ohr_ncp_20260331T1105235288_d_img_d18\ch2_ohr_ncp_20260331T1105235288_d_img_d18_r00033_c006_illum.jpg,9.818162,-1.9396551,-2.1558256
337,ch2_ohr_ncp_20260331T1105235288_d_img_d18,D:\ISRO\OHRC_raws\ch2_ohr_ncp_20260331T1105235288_d_img_d18,2026-03-31T11:05:23.5288Z,33,7,33792,7168,2048,256,512.0,0.25,7.8499191327,296.16654973,89.38302,1.895764,88.104236,TDI64,msb,Ascending,True,0.0,D:\ISRO\OHRC_tiles\ch2_ohr_ncp_20260331T1105235288_d_img_d18\ch2_ohr_ncp_20260331T1105235288_d_img_d18_r00033_c007_structural.jpg,D:\ISRO\OHRC_tiles\ch2_ohr_ncp_20260331T1105235288_d_img_d18\ch2_ohr_ncp_20260331T1105235288_d_img_d18_r00033_c007_illum.jpg,9.315615,-1.4378536,-1.2235801
338,ch2_ohr_ncp_20260331T1105235288_d_img_d18,D:\ISRO\OHRC_raws\ch2_ohr_ncp_20260331T1105235288_d_img_d18,2026-03-31T11:05:23.5288Z,33,8,33792,8192,2048,256,512.0,0.25,7.849807494399999,296.17562854,89.38302,1.895764,88.104236,TDI64,msb,Ascending,True,0.0,D:\ISRO\OHRC_tiles\ch2_ohr_ncp_20260331T1105235288_d_img_d18\ch2_ohr_ncp_20260331T1105235288_d_img_d18_r00033_c008_structural.jpg,D:\ISRO\OHRC_tiles\ch2_ohr_ncp_20260331T1105235288_d_img_d18\ch2_ohr_ncp_20260331T1105235288_d_img_d18_r00033_c008_illum.jpg,8.91896,-0.81952393,-0.7180749
339,ch2_ohr_ncp_20260331T1105235288_d_img_d18,D:\ISRO\OHRC_raws\ch2_ohr_ncp_20260331T1105235288_d_img_d18,2026-03-31T11:05:23.5288Z,33,9,33792,9216,2048,256,512.0,0.25,7.8496951634,296.18471542,89.38302,1.895764,88.104236,TDI64,msb,Ascending,True,0.0,D:\ISRO\OHRC_tiles\ch2_ohr_ncp_20260331T1105235288_d_img_d18\ch2_ohr_ncp_20260331T1105235288_d_img_d18_r00033_c009_structural.jpg,D:\ISRO\OHRC_tiles\ch2_ohr_ncp_20260331T1105235288_d_img_d18\ch2_ohr_ncp_20260331T1105235288_d_img_d18_r00033_c009_illum.jpg,7.2259274,1.2953262,0.77318984
340,ch2_ohr_ncp_20260331T1105235288_d_img_d18,D:\ISRO\OHRC_raws\ch2_ohr_ncp_20260331T1105235288_d_img_d18,2026-03-31T11:05:23.5288Z,34,0,34816,0,2048,256,512.0,0.25,7.8415388086,296.10343603,89.38302,1.895764,88.104236,TDI64,msb,Ascending,True,0.0,D:\ISRO\OHRC_tiles\ch2_ohr_ncp_20260331T1105235288_d_img_d18\ch2_ohr_ncp_20260331T1105235288_d_img_d18_r00034_c000_structural.jpg,D:\ISRO\OHRC_tiles\ch2_ohr_ncp_20260331T1105235288_d_img_d18\ch2_ohr_ncp_20260331T1105235288_d_img_d18_r00034_c000_illum.jpg,7.4890647,-0.834094,2.3638957
341,ch2_ohr_ncp_20260331T1105235288_d_img_d18,D:\ISRO\OHRC_raws\ch2_ohr_ncp_20260331T1105235288_d_img_d18,2026-03-31T11:05:23.5288Z,34,1,34816,1024,2048,256,512.0,0.25,7.8414319832,296.11246296,89.38302,1.895764,88.104236,TDI64,msb,Ascending,True,0.0,D:\ISRO\OHRC_tiles\ch2_ohr_ncp_20260331T1105235288_d_img_d18\ch2_ohr_ncp_20260331T1105235288_d_img_d18_r00034_c001_structural.jpg,D:\ISRO\OHRC_tiles\ch2_ohr_ncp_20260331T1105235288_d_img_d18\ch2_ohr_ncp_20260331T1105235288_d_img_d18_r00034_c001_illum.jpg,8.130337,-0.71293503,-0.12801862
342,ch2_ohr_ncp_20260331T1105235288_d_img_d18,D:\ISRO\OHRC_raws\ch2_ohr_ncp_20260331T1105235288_d_img_d18,2026-03-31T11:05:23.5288Z,34,2,34816,2048,2048,256,512.0,0.25,7.8413244717,296.12149664,89.38302,1.895764,88.104236,TDI64,msb,Ascending,True,0.0,D:\ISRO\OHRC_tiles\ch2_ohr_ncp_20260331T1105235288_d_img_d18\ch2_ohr_ncp_20260331T1105235288_d_img_d18_r00034_c002_structural.jpg,D:\ISRO\OHRC_tiles\ch2_ohr_ncp_20260331T1105235288_d_img_d18\ch2_ohr_ncp_20260331T1105235288_d_img_d18_r00034_c002_illum.jpg,8.373556,0.30028155,-1.3986237
343,ch2_ohr_ncp_20260331T1105235288_d_img_d18,D:\ISRO\OHRC_raws\ch2_ohr_ncp_20260331T1105235288_d_img_d18,2026-03-31T11:05:23.5288Z,34,3,34816,3072,2048,256,512.0,0.25,7.8412162815,296.13053829,89.38302,1.895764,88.104236,TDI64,msb,Ascending,True,0.0,D:\ISRO\OHRC_tiles\ch2_ohr_ncp_20260331T1105235288_d_img_d18\ch2_ohr_ncp_20260331T1105235288_d_img_d18_r00034_c003_structural.jpg,D:\ISRO\OHRC_tiles\ch2_ohr_ncp_20260331T1105235288_d_img_d18\ch2_ohr_ncp_20260331T1105235288_d_img_d18_r00034_c003_illum.jpg,7.5725408,1.4434129,-0.33469325
344,ch2_ohr_ncp_20260331T1105235288_d_img_d18,D:\ISRO\OHRC_raws\ch2_ohr_ncp_20260331T1105235288_d_img_d18,2026-03-31T11:05:23.5288Z,34,4,34816,4096,2048,256,512.0,0.25,7.8411074,296.13958742,89.38302,1.895764,88.104236,TDI64,msb,Ascending,True,0.0,D:\ISRO\OHRC_tiles\ch2_ohr_ncp_20260331T1105235288_d_img_d18\ch2_ohr_ncp_20260331T1105235288_d_img_d18_r00034_c004_structural.jpg,D:\ISRO\OHRC_tiles\ch2_ohr_ncp_20260331T1105235288_d_img_d18\ch2_ohr_ncp_20260331T1105235288_d_img_d18_r00034_c004_illum.jpg,7.7475615,1.3684129,0.6340152
345,ch2_ohr_ncp_20260331T1105235288_d_img_d18,D:\ISRO\OHRC_raws\ch2_ohr_ncp_20260331T1105235288_d_img_d18,2026-03-31T11:05:23.5288Z,34,5,34816,5120,2048,256,512.0,0.25,7.8409978356,296.14864358,89.38302,1.895764,88.104236,TDI64,msb,Ascending,True,0.0,D:\ISRO\OHRC_tiles\ch2_ohr_ncp_20260331T1105235288_d_img_d18\ch2_ohr_ncp_20260331T1105235288_d_img_d18_r00034_c005_structural.jpg,D:\ISRO\OHRC_tiles\ch2_ohr_ncp_20260331T1105235288_d_img_d18\ch2_ohr_ncp_20260331T1105235288_d_img_d18_r00034_c005_illum.jpg,7.8330827,0.8646973,1.2429035
346,ch2_ohr_ncp_20260331T1105235288_d_img_d18,D:\ISRO\OHRC_raws\ch2_ohr_ncp_20260331T1105235288_d_img_d18,2026-03-31T11:05:23.5288Z,34,6,34816,6144,2048,256,512.0,0.25,7.8408875766,296.15770743,89.38302,1.895764,88.104236,TDI64,msb,Ascending,True,0.0,D:\ISRO\OHRC_tiles\ch2_ohr_ncp_20260331T1105235288_d_img_d18\ch2_ohr_ncp_20260331T1105235288_d_img_d18_r00034_c006_structural.jpg,D:\ISRO\OHRC_tiles\ch2_ohr_ncp_20260331T1105235288_d_img_d18\ch2_ohr_ncp_20260331T1105235288_d_img_d18_r00034_c006_illum.jpg,7.7626953,0.26818714,1.1361809
347,ch2_ohr_ncp_20260331T1105235288_d_img_d18,D:\ISRO\OHRC_raws\ch2_ohr_ncp_20260331T1105235288_d_img_d18,2026-03-31T11:05:23.5288Z,34,7,34816,7168,2048,256,512.0,0.25,7.840776634399999,296.16677876000006,89.38302,1.895764,88.104236,TDI64,msb,Ascending,True,0.0,D:\ISRO\OHRC_tiles\ch2_ohr_ncp_20260331T1105235288_d_img_d18\ch2_ohr_ncp_20260331T1105235288_d_img_d18_r00034_c007_structural.jpg,D:\ISRO\OHRC_tiles\ch2_ohr_ncp_20260331T1105235288_d_img_d18\ch2_ohr_ncp_20260331T1105235288_d_img_d18_r00034_c007_illum.jpg,8.2844715,0.35997295,0.60517263
348,ch2_ohr_ncp_20260331T1105235288_d_img_d18,D:\ISRO\OHRC_raws\ch2_ohr_ncp_20260331T1105235288_d_img_d18,2026-03-31T11:05:23.5288Z,34,8,34816,8192,2048,256,512.0,0.25,7.840664993699999,296.17585757,89.38302,1.895764,88.104236,TDI64,msb,Ascending,True,0.0,D:\ISRO\OHRC_tiles\ch2_ohr_ncp_20260331T1105235288_d_img_d18\ch2_ohr_ncp_20260331T1105235288_d_img_d18_r00034_c008_structural.jpg,D:\ISRO\OHRC_tiles\ch2_ohr_ncp_20260331T1105235288_d_img_d18\ch2_ohr_ncp_20260331T1105235288_d_img_d18_r00034_c008_illum.jpg,7.8103466,1.6256244,0.64255184
349,ch2_ohr_ncp_20260331T1105235288_d_img_d18,D:\ISRO\OHRC_raws\ch2_ohr_ncp_20260331T1105235288_d_img_d18,2026-03-31T11:05:23.5288Z,34,9,34816,9216,2048,256,512.0,0.25,7.8405526635,296.18494345000005,89.38302,1.895764,88.104236,TDI64,msb,Ascending,True,0.0,D:\ISRO\OHRC_tiles\ch2_ohr_ncp_20260331T1105235288_d_img_d18\ch2_ohr_ncp_20260331T1105235288_d_img_d18_r00034_c009_structural.jpg,D:\ISRO\OHRC_tiles\ch2_ohr_ncp_20260331T1105235288_d_img_d18\ch2_ohr_ncp_20260331T1105235288_d_img_d18_r00034_c009_illum.jpg,7.2829204,2.4600835,0.35959834
350,ch2_ohr_ncp_20260331T1105235288_d_img_d18,D:\ISRO\OHRC_raws\ch2_ohr_ncp_20260331T1105235288_d_img_d18,2026-03-31T11:05:23.5288Z,35,0,35840,0,2048,256,512.0,0.25,7.832407006,296.10366504,89.38302,1.895764,88.104236,TDI64,msb,Ascending,True,0.0,D:\ISRO\OHRC_tiles\ch2_ohr_ncp_20260331T1105235288_d_img_d18\ch2_ohr_ncp_20260331T1105235288_d_img_d18_r00035_c000_structural.jpg,D:\ISRO\OHRC_tiles\ch2_ohr_ncp_20260331T1105235288_d_img_d18\ch2_ohr_ncp_20260331T1105235288_d_img_d18_r00035_c000_illum.jpg,9.503371,-2.9606001,0.4778614
351,ch2_ohr_ncp_20260331T1105235288_d_img_d18,D:\ISRO\OHRC_raws\ch2_ohr_ncp_20260331T1105235288_d_img_d18,2026-03-31T11:05:23.5288Z,35,1,35840,1024,2048,256,512.0,0.25,7.8323001911,296.11269197,89.38302,1.895764,88.104236,TDI64,msb,Ascending,True,0.0,D:\ISRO\OHRC_tiles\ch2_ohr_ncp_20260331T1105235288_d_img_d18\ch2_ohr_ncp_20260331T1105235288_d_img_d18_r00035_c001_structural.jpg,D:\ISRO\OHRC_tiles\ch2_ohr_ncp_20260331T1105235288_d_img_d18\ch2_ohr_ncp_20260331T1105235288_d_img_d18_r00035_c001_illum.jpg,8.267327,-0.7503973,1.1340717
352,ch2_ohr_ncp_20260331T1105235288_d_img_d18,D:\ISRO\OHRC_raws\ch2_ohr_ncp_20260331T1105235288_d_img_d18,2026-03-31T11:05:23.5288Z,35,2,35840,2048,2048,256,512.0,0.25,7.8321926945,296.12172565000003,89.38302,1.895764,88.104236,TDI64,msb,Ascending,True,0.0,D:\ISRO\OHRC_tiles\ch2_ohr_ncp_20260331T1105235288_d_img_d18\ch2_ohr_ncp_20260331T1105235288_d_img_d18_r00035_c002_structural.jpg,D:\ISRO\OHRC_tiles\ch2_ohr_ncp_20260331T1105235288_d_img_d18\ch2_ohr_ncp_20260331T1105235288_d_img_d18_r00035_c002_illum.jpg,8.162744,1.299304,-0.69869184
353,ch2_ohr_ncp_20260331T1105235288_d_img_d18,D:\ISRO\OHRC_raws\ch2_ohr_ncp_20260331T1105235288_d_img_d18,2026-03-31T11:05:23.5288Z,35,3,35840,3072,2048,256,512.0,0.25,7.8320845191,296.1307673,89.38302,1.895764,88.104236,TDI64,msb,Ascending,True,0.0,D:\ISRO\OHRC_tiles\ch2_ohr_ncp_20260331T1105235288_d_img_d18\ch2_ohr_ncp_20260331T1105235288_d_img_d18_r00035_c003_structural.jpg,D:\ISRO\OHRC_tiles\ch2_ohr_ncp_20260331T1105235288_d_img_d18\ch2_ohr_ncp_20260331T1105235288_d_img_d18_r00035_c003_illum.jpg,7.664724,1.9675417,-0.4077522
354,ch2_ohr_ncp_20260331T1105235288_d_img_d18,D:\ISRO\OHRC_raws\ch2_ohr_ncp_20260331T1105235288_d_img_d18,2026-03-31T11:05:23.5288Z,35,4,35840,4096,2048,256,512.0,0.25,7.8319756507,296.13981564000005,89.38302,1.895764,88.104236,TDI64,msb,Ascending,True,0.0,D:\ISRO\OHRC_tiles\ch2_ohr_ncp_20260331T1105235288_d_img_d18\ch2_ohr_ncp_20260331T1105235288_d_img_d18_r00035_c004_structural.jpg,D:\ISRO\OHRC_tiles\ch2_ohr_ncp_20260331T1105235288_d_img_d18\ch2_ohr_ncp_20260331T1105235288_d_img_d18_r00035_c004_illum.jpg,7.5353646,1.5963435,0.30871543
355,ch2_ohr_ncp_20260331T1105235288_d_img_d18,D:\ISRO\OHRC_raws\ch2_ohr_ncp_20260331T1105235288_d_img_d18,2026-03-31T11:05:23.5288Z,35,5,35840,5120,2048,256,512.0,0.25,7.8318661029,296.14887204,89.38302,1.895764,88.104236,TDI64,msb,Ascending,True,0.0,D:\ISRO\OHRC_tiles\ch2_ohr_ncp_20260331T1105235288_d_img_d18\ch2_ohr_ncp_20260331T1105235288_d_img_d18_r00035_c005_structural.jpg,D:\ISRO\OHRC_tiles\ch2_ohr_ncp_20260331T1105235288_d_img_d18\ch2_ohr_ncp_20260331T1105235288_d_img_d18_r00035_c005_illum.jpg,7.768962,0.31840155,0.37191483
356,ch2_ohr_ncp_20260331T1105235288_d_img_d18,D:\ISRO\OHRC_raws\ch2_ohr_ncp_20260331T1105235288_d_img_d18,2026-03-31T11:05:23.5288Z,35,6,35840,6144,2048,256,512.0,0.25,7.831755859399999,296.15793544,89.38302,1.895764,88.104236,TDI64,msb,Ascending,True,0.0,D:\ISRO\OHRC_tiles\ch2_ohr_ncp_20260331T1105235288_d_img_d18\ch2_ohr_ncp_20260331T1105235288_d_img_d18_r00035_c006_structural.jpg,D:\ISRO\OHRC_tiles\ch2_ohr_ncp_20260331T1105235288_d_img_d18\ch2_ohr_ncp_20260331T1105235288_d_img_d18_r00035_c006_illum.jpg,8.079439,0.3434801,0.48568517
357,ch2_ohr_ncp_20260331T1105235288_d_img_d18,D:\ISRO\OHRC_raws\ch2_ohr_ncp_20260331T1105235288_d_img_d18,2026-03-31T11:05:23.5288Z,35,7,35840,7168,2048,256,512.0,0.25,7.831644924999999,296.16700677,89.38302,1.895764,88.104236,TDI64,msb,Ascending,True,0.0,D:\ISRO\OHRC_tiles\ch2_ohr_ncp_20260331T1105235288_d_img_d18\ch2_ohr_ncp_20260331T1105235288_d_img_d18_r00035_c007_structural.jpg,D:\ISRO\OHRC_tiles\ch2_ohr_ncp_20260331T1105235288_d_img_d18\ch2_ohr_ncp_20260331T1105235288_d_img_d18_r00035_c007_illum.jpg,8.014695,0.6587481,0.6304092
358,ch2_ohr_ncp_20260331T1105235288_d_img_d18,D:\ISRO\OHRC_raws\ch2_ohr_ncp_20260331T1105235288_d_img_d18,2026-03-31T11:05:23.5288Z,35,8,35840,8192,2048,256,512.0,0.25,7.831533306,296.17608531,89.38302,1.895764,88.104236,TDI64,msb,Ascending,True,0.0,D:\ISRO\OHRC_tiles\ch2_ohr_ncp_20260331T1105235288_d_img_d18\ch2_ohr_ncp_20260331T1105235288_d_img_d18_r00035_c008_structural.jpg,D:\ISRO\OHRC_tiles\ch2_ohr_ncp_20260331T1105235288_d_img_d18\ch2_ohr_ncp_20260331T1105235288_d_img_d18_r00035_c008_illum.jpg,7.8039703,0.56555647,-0.4332138
359,ch2_ohr_ncp_20260331T1105235288_d_img_d18,D:\ISRO\OHRC_raws\ch2_ohr_ncp_20260331T1105235288_d_img_d18,2026-03-31T11:05:23.5288Z,35,9,35840,9216,2048,256,512.0,0.25,7.831420986799999,296.18517119,89.38302,1.895764,88.104236,TDI64,msb,Ascending,True,0.0,D:\ISRO\OHRC_tiles\ch2_ohr_ncp_20260331T1105235288_d_img_d18\ch2_ohr_ncp_20260331T1105235288_d_img_d18_r00035_c009_structural.jpg,D:\ISRO\OHRC_tiles\ch2_ohr_ncp_20260331T1105235288_d_img_d18\ch2_ohr_ncp_20260331T1105235288_d_img_d18_r00035_c009_illum.jpg,7.547923,1.4411216,-0.6822991
360,ch2_ohr_ncp_20260331T1105235288_d_img_d18,D:\ISRO\OHRC_raws\ch2_ohr_ncp_20260331T1105235288_d_img_d18,2026-03-31T11:05:23.5288Z,36,0,36864,0,2048,256,512.0,0.25,7.8232719225,296.10389459,89.38302,1.895764,88.104236,TDI64,msb,Ascending,True,0.0,D:\ISRO\OHRC_tiles\ch2_ohr_ncp_20260331T1105235288_d_img_d18\ch2_ohr_ncp_20260331T1105235288_d_img_d18_r00036_c000_structural.jpg,D:\ISRO\OHRC_tiles\ch2_ohr_ncp_20260331T1105235288_d_img_d18\ch2_ohr_ncp_20260331T1105235288_d_img_d18_r00036_c000_illum.jpg,9.80474,-3.3447747,-0.93757915
361,ch2_ohr_ncp_20260331T1105235288_d_img_d18,D:\ISRO\OHRC_raws\ch2_ohr_ncp_20260331T1105235288_d_img_d18,2026-03-31T11:05:23.5288Z,36,1,36864,1024,2048,256,512.0,0.25,7.8231651171,296.11292055,89.38302,1.895764,88.104236,TDI64,msb,Ascending,True,0.0,D:\ISRO\OHRC_tiles\ch2_ohr_ncp_20260331T1105235288_d_img_d18\ch2_ohr_ncp_20260331T1105235288_d_img_d18_r00036_c001_structural.jpg,D:\ISRO\OHRC_tiles\ch2_ohr_ncp_20260331T1105235288_d_img_d18\ch2_ohr_ncp_20260331T1105235288_d_img_d18_r00036_c001_illum.jpg,8.366776,-1.4832704,-0.23321944
362,ch2_ohr_ncp_20260331T1105235288_d_img_d18,D:\ISRO\OHRC_raws\ch2_ohr_ncp_20260331T1105235288_d_img_d18,2026-03-31T11:05:23.5288Z,36,2,36864,2048,2048,256,512.0,0.25,7.8230576329,296.12195423,89.38302,1.895764,88.104236,TDI64,msb,Ascending,True,0.0,D:\ISRO\OHRC_tiles\ch2_ohr_ncp_20260331T1105235288_d_img_d18\ch2_ohr_ncp_20260331T1105235288_d_img_d18_r00036_c002_structural.jpg,D:\ISRO\OHRC_tiles\ch2_ohr_ncp_20260331T1105235288_d_img_d18\ch2_ohr_ncp_20260331T1105235288_d_img_d18_r00036_c002_illum.jpg,7.0283318,1.1057303,0.7544436
363,ch2_ohr_ncp_20260331T1105235288_d_img_d18,D:\ISRO\OHRC_raws\ch2_ohr_ncp_20260331T1105235288_d_img_d18,2026-03-31T11:05:23.5288Z,36,3,36864,3072,2048,256,512.0,0.25,7.8229494605,296.1309958500001,89.38302,1.895764,88.104236,TDI64,msb,Ascending,True,0.0,D:\ISRO\OHRC_tiles\ch2_ohr_ncp_20260331T1105235288_d_img_d18\ch2_ohr_ncp_20260331T1105235288_d_img_d18_r00036_c003_structural.jpg,D:\ISRO\OHRC_tiles\ch2_ohr_ncp_20260331T1105235288_d_img_d18\ch2_ohr_ncp_20260331T1105235288_d_img_d18_r00036_c003_illum.jpg,7.1066523,1.3570129,0.058463164
364,ch2_ohr_ncp_20260331T1105235288_d_img_d18,D:\ISRO\OHRC_raws\ch2_ohr_ncp_20260331T1105235288_d_img_d18,2026-03-31T11:05:23.5288Z,36,4,36864,4096,2048,256,512.0,0.25,7.822840611499999,296.14004401,89.38302,1.895764,88.104236,TDI64,msb,Ascending,True,0.0,D:\ISRO\OHRC_tiles\ch2_ohr_ncp_20260331T1105235288_d_img_d18\ch2_ohr_ncp_20260331T1105235288_d_img_d18_r00036_c004_structural.jpg,D:\ISRO\OHRC_tiles\ch2_ohr_ncp_20260331T1105235288_d_img_d18\ch2_ohr_ncp_20260331T1105235288_d_img_d18_r00036_c004_illum.jpg,7.5972853,1.989093,0.41087708
365,ch2_ohr_ncp_20260331T1105235288_d_img_d18,D:\ISRO\OHRC_raws\ch2_ohr_ncp_20260331T1105235288_d_img_d18,2026-03-31T11:05:23.5288Z,36,5,36864,5120,2048,256,512.0,0.25,7.8227310637,296.14910014,89.38302,1.895764,88.104236,TDI64,msb,Ascending,True,0.0,D:\ISRO\OHRC_tiles\ch2_ohr_ncp_20260331T1105235288_d_img_d18\ch2_ohr_ncp_20260331T1105235288_d_img_d18_r00036_c005_structural.jpg,D:\ISRO\OHRC_tiles\ch2_ohr_ncp_20260331T1105235288_d_img_d18\ch2_ohr_ncp_20260331T1105235288_d_img_d18_r00036_c005_illum.jpg,7.6714425,0.4986546,-0.728875
366,ch2_ohr_ncp_20260331T1105235288_d_img_d18,D:\ISRO\OHRC_raws\ch2_ohr_ncp_20260331T1105235288_d_img_d18,2026-03-31T11:05:23.5288Z,36,6,36864,6144,2048,256,512.0,0.25,7.822620836799999,296.15816368,89.38302,1.895764,88.104236,TDI64,msb,Ascending,True,0.0,D:\ISRO\OHRC_tiles\ch2_ohr_ncp_20260331T1105235288_d_img_d18\ch2_ohr_ncp_20260331T1105235288_d_img_d18_r00036_c006_structural.jpg,D:\ISRO\OHRC_tiles\ch2_ohr_ncp_20260331T1105235288_d_img_d18\ch2_ohr_ncp_20260331T1105235288_d_img_d18_r00036_c006_illum.jpg,7.8872457,0.3768239,-0.6913377
367,ch2_ohr_ncp_20260331T1105235288_d_img_d18,D:\ISRO\OHRC_raws\ch2_ohr_ncp_20260331T1105235288_d_img_d18,2026-03-31T11:05:23.5288Z,36,7,36864,7168,2048,256,512.0,0.25,7.822509912799999,296.16723435000006,89.38302,1.895764,88.104236,TDI64,msb,Ascending,True,0.0,D:\ISRO\OHRC_tiles\ch2_ohr_ncp_20260331T1105235288_d_img_d18\ch2_ohr_ncp_20260331T1105235288_d_img_d18_r00036_c007_structural.jpg,D:\ISRO\OHRC_tiles\ch2_ohr_ncp_20260331T1105235288_d_img_d18\ch2_ohr_ncp_20260331T1105235288_d_img_d18_r00036_c007_illum.jpg,8.7730665,-0.1788168,-1.298136
368,ch2_ohr_ncp_20260331T1105235288_d_img_d18,D:\ISRO\OHRC_raws\ch2_ohr_ncp_20260331T1105235288_d_img_d18,2026-03-31T11:05:23.5288Z,36,8,36864,8192,2048,256,512.0,0.25,7.8223983038,296.17631313,89.38302,1.895764,88.104236,TDI64,msb,Ascending,True,0.0,D:\ISRO\OHRC_tiles\ch2_ohr_ncp_20260331T1105235288_d_img_d18\ch2_ohr_ncp_20260331T1105235288_d_img_d18_r00036_c008_structural.jpg,D:\ISRO\OHRC_tiles\ch2_ohr_ncp_20260331T1105235288_d_img_d18\ch2_ohr_ncp_20260331T1105235288_d_img_d18_r00036_c008_illum.jpg,8.653042,-0.29306063,-2.319786
369,ch2_ohr_ncp_20260331T1105235288_d_img_d18,D:\ISRO\OHRC_raws\ch2_ohr_ncp_20260331T1105235288_d_img_d18,2026-03-31T11:05:23.5288Z,36,9,36864,9216,2048,256,512.0,0.25,7.8222859975,296.18539845,89.38302,1.895764,88.104236,TDI64,msb,Ascending,True,0.0,D:\ISRO\OHRC_tiles\ch2_ohr_ncp_20260331T1105235288_d_img_d18\ch2_ohr_ncp_20260331T1105235288_d_img_d18_r00036_c009_structural.jpg,D:\ISRO\OHRC_tiles\ch2_ohr_ncp_20260331T1105235288_d_img_d18\ch2_ohr_ncp_20260331T1105235288_d_img_d18_r00036_c009_illum.jpg,7.7263274,0.6671023,-1.375088
370,ch2_ohr_ncp_20260331T1105235288_d_img_d18,D:\ISRO\OHRC_raws\ch2_ohr_ncp_20260331T1105235288_d_img_d18,2026-03-31T11:05:23.5288Z,37,0,37888,0,2048,256,512.0,0.25,7.814128496799999,296.10412987000007,89.38302,1.895764,88.104236,TDI64,msb,Ascending,True,0.0,D:\ISRO\OHRC_tiles\ch2_ohr_ncp_20260331T1105235288_d_img_d18\ch2_ohr_ncp_20260331T1105235288_d_img_d18_r00037_c000_structural.jpg,D:\ISRO\OHRC_tiles\ch2_ohr_ncp_20260331T1105235288_d_img_d18\ch2_ohr_ncp_20260331T1105235288_d_img_d18_r00037_c000_illum.jpg,10.007216,-4.0745587,1.1104114
371,ch2_ohr_ncp_20260331T1105235288_d_img_d18,D:\ISRO\OHRC_raws\ch2_ohr_ncp_20260331T1105235288_d_img_d18,2026-03-31T11:05:23.5288Z,37,1,37888,1024,2048,256,512.0,0.25,7.814021691400001,296.1131558,89.38302,1.895764,88.104236,TDI64,msb,Ascending,True,0.0,D:\ISRO\OHRC_tiles\ch2_ohr_ncp_20260331T1105235288_d_img_d18\ch2_ohr_ncp_20260331T1105235288_d_img_d18_r00037_c001_structural.jpg,D:\ISRO\OHRC_tiles\ch2_ohr_ncp_20260331T1105235288_d_img_d18\ch2_ohr_ncp_20260331T1105235288_d_img_d18_r00037_c001_illum.jpg,7.6471186,-0.58542114,0.15336683
372,ch2_ohr_ncp_20260331T1105235288_d_img_d18,D:\ISRO\OHRC_raws\ch2_ohr_ncp_20260331T1105235288_d_img_d18,2026-03-31T11:05:23.5288Z,37,2,37888,2048,2048,256,512.0,0.25,7.8139142099,296.12218921,89.38302,1.895764,88.104236,TDI64,msb,Ascending,True,0.0,D:\ISRO\OHRC_tiles\ch2_ohr_ncp_20260331T1105235288_d_img_d18\ch2_ohr_ncp_20260331T1105235288_d_img_d18_r00037_c002_structural.jpg,D:\ISRO\OHRC_tiles\ch2_ohr_ncp_20260331T1105235288_d_img_d18\ch2_ohr_ncp_20260331T1105235288_d_img_d18_r00037_c002_illum.jpg,6.4597335,2.2051148,1.1263748
373,ch2_ohr_ncp_20260331T1105235288_d_img_d18,D:\ISRO\OHRC_raws\ch2_ohr_ncp_20260331T1105235288_d_img_d18,2026-03-31T11:05:23.5288Z,37,3,37888,3072,2048,256,512.0,0.25,7.8138060366,296.13123013,89.38302,1.895764,88.104236,TDI64,msb,Ascending,True,0.0,D:\ISRO\OHRC_tiles\ch2_ohr_ncp_20260331T1105235288_d_img_d18\ch2_ohr_ncp_20260331T1105235288_d_img_d18_r00037_c003_structural.jpg,D:\ISRO\OHRC_tiles\ch2_ohr_ncp_20260331T1105235288_d_img_d18\ch2_ohr_ncp_20260331T1105235288_d_img_d18_r00037_c003_illum.jpg,7.5885596,0.85396636,0.51841456
374,ch2_ohr_ncp_20260331T1105235288_d_img_d18,D:\ISRO\OHRC_raws\ch2_ohr_ncp_20260331T1105235288_d_img_d18,2026-03-31T11:05:23.5288Z,37,4,37888,4096,2048,256,512.0,0.25,7.8136971882,296.14027847,89.38302,1.895764,88.104236,TDI64,msb,Ascending,True,0.0,D:\ISRO\OHRC_tiles\ch2_ohr_ncp_20260331T1105235288_d_img_d18\ch2_ohr_ncp_20260331T1105235288_d_img_d18_r00037_c004_structural.jpg,D:\ISRO\OHRC_tiles\ch2_ohr_ncp_20260331T1105235288_d_img_d18\ch2_ohr_ncp_20260331T1105235288_d_img_d18_r00037_c004_illum.jpg,7.220656,1.7270213,1.2841119
375,ch2_ohr_ncp_20260331T1105235288_d_img_d18,D:\ISRO\OHRC_raws\ch2_ohr_ncp_20260331T1105235288_d_img_d18,2026-03-31T11:05:23.5288Z,37,5,37888,5120,2048,256,512.0,0.25,7.8135876483,296.14933463,89.38302,1.895764,88.104236,TDI64,msb,Ascending,True,0.0,D:\ISRO\OHRC_tiles\ch2_ohr_ncp_20260331T1105235288_d_img_d18\ch2_ohr_ncp_20260331T1105235288_d_img_d18_r00037_c005_structural.jpg,D:\ISRO\OHRC_tiles\ch2_ohr_ncp_20260331T1105235288_d_img_d18\ch2_ohr_ncp_20260331T1105235288_d_img_d18_r00037_c005_illum.jpg,7.5325346,1.5274819,1.1717708
376,ch2_ohr_ncp_20260331T1105235288_d_img_d18,D:\ISRO\OHRC_raws\ch2_ohr_ncp_20260331T1105235288_d_img_d18,2026-03-31T11:05:23.5288Z,37,6,37888,6144,2048,256,512.0,0.25,7.8134774169,296.15839727,89.38302,1.895764,88.104236,TDI64,msb,Ascending,True,0.0,D:\ISRO\OHRC_tiles\ch2_ohr_ncp_20260331T1105235288_d_img_d18\ch2_ohr_ncp_20260331T1105235288_d_img_d18_r00037_c006_structural.jpg,D:\ISRO\OHRC_tiles\ch2_ohr_ncp_20260331T1105235288_d_img_d18\ch2_ohr_ncp_20260331T1105235288_d_img_d18_r00037_c006_illum.jpg,7.184034,1.2511867,0.5059076
377,ch2_ohr_ncp_20260331T1105235288_d_img_d18,D:\ISRO\OHRC_raws\ch2_ohr_ncp_20260331T1105235288_d_img_d18,2026-03-31T11:05:23.5288Z,37,7,37888,7168,2048,256,512.0,0.25,7.8133664991,296.1674686,89.38302,1.895764,88.104236,TDI64,msb,Ascending,True,0.0,D:\ISRO\OHRC_tiles\ch2_ohr_ncp_20260331T1105235288_d_img_d18\ch2_ohr_ncp_20260331T1105235288_d_img_d18_r00037_c007_structural.jpg,D:\ISRO\OHRC_tiles\ch2_ohr_ncp_20260331T1105235288_d_img_d18\ch2_ohr_ncp_20260331T1105235288_d_img_d18_r00037_c007_illum.jpg,8.940269,-1.5688782,-1.4511744
378,ch2_ohr_ncp_20260331T1105235288_d_img_d18,D:\ISRO\OHRC_raws\ch2_ohr_ncp_20260331T1105235288_d_img_d18,2026-03-31T11:05:23.5288Z,37,8,37888,8192,2048,256,512.0,0.25,7.8132548891,296.17654641,89.38302,1.895764,88.104236,TDI64,msb,Ascending,True,0.0,D:\ISRO\OHRC_tiles\ch2_ohr_ncp_20260331T1105235288_d_img_d18\ch2_ohr_ncp_20260331T1105235288_d_img_d18_r00037_c008_structural.jpg,D:\ISRO\OHRC_tiles\ch2_ohr_ncp_20260331T1105235288_d_img_d18\ch2_ohr_ncp_20260331T1105235288_d_img_d18_r00037_c008_illum.jpg,8.097453,-0.7863802,-1.4337523
379,ch2_ohr_ncp_20260331T1105235288_d_img_d18,D:\ISRO\OHRC_raws\ch2_ohr_ncp_20260331T1105235288_d_img_d18,2026-03-31T11:05:23.5288Z,37,9,37888,9216,2048,256,512.0,0.25,7.813142584800001,296.18563229,89.38302,1.895764,88.104236,TDI64,msb,Ascending,True,0.0,D:\ISRO\OHRC_tiles\ch2_ohr_ncp_20260331T1105235288_d_img_d18\ch2_ohr_ncp_20260331T1105235288_d_img_d18_r00037_c009_structural.jpg,D:\ISRO\OHRC_tiles\ch2_ohr_ncp_20260331T1105235288_d_img_d18\ch2_ohr_ncp_20260331T1105235288_d_img_d18_r00037_c009_illum.jpg,6.894354,1.9368514,0.55786186
380,ch2_ohr_ncp_20260331T1105235288_d_img_d18,D:\ISRO\OHRC_raws\ch2_ohr_ncp_20260331T1105235288_d_img_d18,2026-03-31T11:05:23.5288Z,38,0,38912,0,2048,256,512.0,0.25,7.804995361,296.10435070000005,89.38302,1.895764,88.104236,TDI64,msb,Ascending,True,0.0,D:\ISRO\OHRC_tiles\ch2_ohr_ncp_20260331T1105235288_d_img_d18\ch2_ohr_ncp_20260331T1105235288_d_img_d18_r00038_c000_structural.jpg,D:\ISRO\OHRC_tiles\ch2_ohr_ncp_20260331T1105235288_d_img_d18\ch2_ohr_ncp_20260331T1105235288_d_img_d18_r00038_c000_illum.jpg,8.346426,-2.6697547,2.3364422
381,ch2_ohr_ncp_20260331T1105235288_d_img_d18,D:\ISRO\OHRC_raws\ch2_ohr_ncp_20260331T1105235288_d_img_d18,2026-03-31T11:05:23.5288Z,38,1,38912,1024,2048,256,512.0,0.25,7.804888565600001,296.11337663,89.38302,1.895764,88.104236,TDI64,msb,Ascending,True,0.0,D:\ISRO\OHRC_tiles\ch2_ohr_ncp_20260331T1105235288_d_img_d18\ch2_ohr_ncp_20260331T1105235288_d_img_d18_r00038_c001_structural.jpg,D:\ISRO\OHRC_tiles\ch2_ohr_ncp_20260331T1105235288_d_img_d18\ch2_ohr_ncp_20260331T1105235288_d_img_d18_r00038_c001_illum.jpg,6.8308225,0.5376363,1.6844392
382,ch2_ohr_ncp_20260331T1105235288_d_img_d18,D:\ISRO\OHRC_raws\ch2_ohr_ncp_20260331T1105235288_d_img_d18,2026-03-31T11:05:23.5288Z,38,2,38912,2048,2048,256,512.0,0.25,7.8047810886,296.12241004,89.38302,1.895764,88.104236,TDI64,msb,Ascending,True,0.0,D:\ISRO\OHRC_tiles\ch2_ohr_ncp_20260331T1105235288_d_img_d18\ch2_ohr_ncp_20260331T1105235288_d_img_d18_r00038_c002_structural.jpg,D:\ISRO\OHRC_tiles\ch2_ohr_ncp_20260331T1105235288_d_img_d18\ch2_ohr_ncp_20260331T1105235288_d_img_d18_r00038_c002_illum.jpg,7.5009923,0.25129443,-0.11395741
383,ch2_ohr_ncp_20260331T1105235288_d_img_d18,D:\ISRO\OHRC_raws\ch2_ohr_ncp_20260331T1105235288_d_img_d18,2026-03-31T11:05:23.5288Z,38,3,38912,3072,2048,256,512.0,0.25,7.8046729232,296.13145096,89.38302,1.895764,88.104236,TDI64,msb,Ascending,True,0.0,D:\ISRO\OHRC_tiles\ch2_ohr_ncp_20260331T1105235288_d_img_d18\ch2_ohr_ncp_20260331T1105235288_d_img_d18_r00038_c003_structural.jpg,D:\ISRO\OHRC_tiles\ch2_ohr_ncp_20260331T1105235288_d_img_d18\ch2_ohr_ncp_20260331T1105235288_d_img_d18_r00038_c003_illum.jpg,8.163716,-0.3754329,-0.03635697
384,ch2_ohr_ncp_20260331T1105235288_d_img_d18,D:\ISRO\OHRC_raws\ch2_ohr_ncp_20260331T1105235288_d_img_d18,2026-03-31T11:05:23.5288Z,38,4,38912,4096,2048,256,512.0,0.25,7.8045640748,296.14049909000005,89.38302,1.895764,88.104236,TDI64,msb,Ascending,True,0.0,D:\ISRO\OHRC_tiles\ch2_ohr_ncp_20260331T1105235288_d_img_d18\ch2_ohr_ncp_20260331T1105235288_d_img_d18_r00038_c004_structural.jpg,D:\ISRO\OHRC_tiles\ch2_ohr_ncp_20260331T1105235288_d_img_d18\ch2_ohr_ncp_20260331T1105235288_d_img_d18_r00038_c004_illum.jpg,7.3102627,1.4530478,0.9298305
385,ch2_ohr_ncp_20260331T1105235288_d_img_d18,D:\ISRO\OHRC_raws\ch2_ohr_ncp_20260331T1105235288_d_img_d18,2026-03-31T11:05:23.5288Z,38,5,38912,5120,2048,256,512.0,0.25,7.804454547000001,296.14955469999995,89.38302,1.895764,88.104236,TDI64,msb,Ascending,True,0.0,D:\ISRO\OHRC_tiles\ch2_ohr_ncp_20260331T1105235288_d_img_d18\ch2_ohr_ncp_20260331T1105235288_d_img_d18_r00038_c005_structural.jpg,D:\ISRO\OHRC_tiles\ch2_ohr_ncp_20260331T1105235288_d_img_d18\ch2_ohr_ncp_20260331T1105235288_d_img_d18_r00038_c005_illum.jpg,6.9545407,2.6053264,0.8270967
386,ch2_ohr_ncp_20260331T1105235288_d_img_d18,D:\ISRO\OHRC_raws\ch2_ohr_ncp_20260331T1105235288_d_img_d18,2026-03-31T11:05:23.5288Z,38,6,38912,6144,2048,256,512.0,0.25,7.8043443235,296.15861779000005,89.38302,1.895764,88.104236,TDI64,msb,Ascending,True,0.0,D:\ISRO\OHRC_tiles\ch2_ohr_ncp_20260331T1105235288_d_img_d18\ch2_ohr_ncp_20260331T1105235288_d_img_d18_r00038_c006_structural.jpg,D:\ISRO\OHRC_tiles\ch2_ohr_ncp_20260331T1105235288_d_img_d18\ch2_ohr_ncp_20260331T1105235288_d_img_d18_r00038_c006_illum.jpg,6.646461,2.2277386,0.20331301
387,ch2_ohr_ncp_20260331T1105235288_d_img_d18,D:\ISRO\OHRC_raws\ch2_ohr_ncp_20260331T1105235288_d_img_d18,2026-03-31T11:05:23.5288Z,38,7,38912,7168,2048,256,512.0,0.25,7.804233411899999,296.16768836,89.38302,1.895764,88.104236,TDI64,msb,Ascending,True,0.0,D:\ISRO\OHRC_tiles\ch2_ohr_ncp_20260331T1105235288_d_img_d18\ch2_ohr_ncp_20260331T1105235288_d_img_d18_r00038_c007_structural.jpg,D:\ISRO\OHRC_tiles\ch2_ohr_ncp_20260331T1105235288_d_img_d18\ch2_ohr_ncp_20260331T1105235288_d_img_d18_r00038_c007_illum.jpg,9.468355,-1.729507,-2.8128562
388,ch2_ohr_ncp_20260331T1105235288_d_img_d18,D:\ISRO\OHRC_raws\ch2_ohr_ncp_20260331T1105235288_d_img_d18,2026-03-31T11:05:23.5288Z,38,8,38912,8192,2048,256,512.0,0.25,7.8041218074,296.17676624,89.38302,1.895764,88.104236,TDI64,msb,Ascending,True,0.0,D:\ISRO\OHRC_tiles\ch2_ohr_ncp_20260331T1105235288_d_img_d18\ch2_ohr_ncp_20260331T1105235288_d_img_d18_r00038_c008_structural.jpg,D:\ISRO\OHRC_tiles\ch2_ohr_ncp_20260331T1105235288_d_img_d18\ch2_ohr_ncp_20260331T1105235288_d_img_d18_r00038_c008_illum.jpg,8.375898,-0.3172648,-2.1749666
389,ch2_ohr_ncp_20260331T1105235288_d_img_d18,D:\ISRO\OHRC_raws\ch2_ohr_ncp_20260331T1105235288_d_img_d18,2026-03-31T11:05:23.5288Z,38,9,38912,9216,2048,256,512.0,0.25,7.804009511399999,296.18585153,89.38302,1.895764,88.104236,TDI64,msb,Ascending,True,0.0,D:\ISRO\OHRC_tiles\ch2_ohr_ncp_20260331T1105235288_d_img_d18\ch2_ohr_ncp_20260331T1105235288_d_img_d18_r00038_c009_structural.jpg,D:\ISRO\OHRC_tiles\ch2_ohr_ncp_20260331T1105235288_d_img_d18\ch2_ohr_ncp_20260331T1105235288_d_img_d18_r00038_c009_illum.jpg,7.238271,1.9402677,-0.7388204
390,ch2_ohr_ncp_20260331T1105235288_d_img_d18,D:\ISRO\OHRC_raws\ch2_ohr_ncp_20260331T1105235288_d_img_d18,2026-03-31T11:05:23.5288Z,39,0,39936,0,2048,256,512.0,0.25,7.795863519999999,296.10458512,89.38302,1.895764,88.104236,TDI64,msb,Ascending,True,0.0,D:\ISRO\OHRC_tiles\ch2_ohr_ncp_20260331T1105235288_d_img_d18\ch2_ohr_ncp_20260331T1105235288_d_img_d18_r00039_c000_structural.jpg,D:\ISRO\OHRC_tiles\ch2_ohr_ncp_20260331T1105235288_d_img_d18\ch2_ohr_ncp_20260331T1105235288_d_img_d18_r00039_c000_illum.jpg,8.231306,-1.8867526,2.1382482
391,ch2_ohr_ncp_20260331T1105235288_d_img_d18,D:\ISRO\OHRC_raws\ch2_ohr_ncp_20260331T1105235288_d_img_d18,2026-03-31T11:05:23.5288Z,39,1,39936,1024,2048,256,512.0,0.25,7.795756735199999,296.11361105,89.38302,1.895764,88.104236,TDI64,msb,Ascending,True,0.0,D:\ISRO\OHRC_tiles\ch2_ohr_ncp_20260331T1105235288_d_img_d18\ch2_ohr_ncp_20260331T1105235288_d_img_d18_r00039_c001_structural.jpg,D:\ISRO\OHRC_tiles\ch2_ohr_ncp_20260331T1105235288_d_img_d18\ch2_ohr_ncp_20260331T1105235288_d_img_d18_r00039_c001_illum.jpg,6.7202764,0.64253294,1.7532209
392,ch2_ohr_ncp_20260331T1105235288_d_img_d18,D:\ISRO\OHRC_raws\ch2_ohr_ncp_20260331T1105235288_d_img_d18,2026-03-31T11:05:23.5288Z,39,2,39936,2048,2048,256,512.0,0.25,7.7956492806,296.12264442,89.38302,1.895764,88.104236,TDI64,msb,Ascending,True,0.0,D:\ISRO\OHRC_tiles\ch2_ohr_ncp_20260331T1105235288_d_img_d18\ch2_ohr_ncp_20260331T1105235288_d_img_d18_r00039_c002_structural.jpg,D:\ISRO\OHRC_tiles\ch2_ohr_ncp_20260331T1105235288_d_img_d18\ch2_ohr_ncp_20260331T1105235288_d_img_d18_r00039_c002_illum.jpg,8.320274,0.023288328,-1.6612037
393,ch2_ohr_ncp_20260331T1105235288_d_img_d18,D:\ISRO\OHRC_raws\ch2_ohr_ncp_20260331T1105235288_d_img_d18,2026-03-31T11:05:23.5288Z,39,3,39936,3072,2048,256,512.0,0.25,7.7955411352,296.13168438,89.38302,1.895764,88.104236,TDI64,msb,Ascending,True,0.0,D:\ISRO\OHRC_tiles\ch2_ohr_ncp_20260331T1105235288_d_img_d18\ch2_ohr_ncp_20260331T1105235288_d_img_d18_r00039_c003_structural.jpg,D:\ISRO\OHRC_tiles\ch2_ohr_ncp_20260331T1105235288_d_img_d18\ch2_ohr_ncp_20260331T1105235288_d_img_d18_r00039_c003_illum.jpg,7.6565495,0.4700851,-1.447009
394,ch2_ohr_ncp_20260331T1105235288_d_img_d18,D:\ISRO\OHRC_raws\ch2_ohr_ncp_20260331T1105235288_d_img_d18,2026-03-31T11:05:23.5288Z,39,4,39936,4096,2048,256,512.0,0.25,7.7954323089,296.14073251,89.38302,1.895764,88.104236,TDI64,msb,Ascending,True,0.0,D:\ISRO\OHRC_tiles\ch2_ohr_ncp_20260331T1105235288_d_img_d18\ch2_ohr_ncp_20260331T1105235288_d_img_d18_r00039_c004_structural.jpg,D:\ISRO\OHRC_tiles\ch2_ohr_ncp_20260331T1105235288_d_img_d18\ch2_ohr_ncp_20260331T1105235288_d_img_d18_r00039_c004_illum.jpg,6.767911,1.7763088,0.52549356
395,ch2_ohr_ncp_20260331T1105235288_d_img_d18,D:\ISRO\OHRC_raws\ch2_ohr_ncp_20260331T1105235288_d_img_d18,2026-03-31T11:05:23.5288Z,39,5,39936,5120,2048,256,512.0,0.25,7.7953227935,296.14978812,89.38302,1.895764,88.104236,TDI64,msb,Ascending,True,0.0,D:\ISRO\OHRC_tiles\ch2_ohr_ncp_20260331T1105235288_d_img_d18\ch2_ohr_ncp_20260331T1105235288_d_img_d18_r00039_c005_structural.jpg,D:\ISRO\OHRC_tiles\ch2_ohr_ncp_20260331T1105235288_d_img_d18\ch2_ohr_ncp_20260331T1105235288_d_img_d18_r00039_c005_illum.jpg,7.799202,1.9212502,-0.15857491
396,ch2_ohr_ncp_20260331T1105235288_d_img_d18,D:\ISRO\OHRC_raws\ch2_ohr_ncp_20260331T1105235288_d_img_d18,2026-03-31T11:05:23.5288Z,39,6,39936,6144,2048,256,512.0,0.25,7.795212589299999,296.1588509,89.38302,1.895764,88.104236,TDI64,msb,Ascending,True,0.0,D:\ISRO\OHRC_tiles\ch2_ohr_ncp_20260331T1105235288_d_img_d18\ch2_ohr_ncp_20260331T1105235288_d_img_d18_r00039_c006_structural.jpg,D:\ISRO\OHRC_tiles\ch2_ohr_ncp_20260331T1105235288_d_img_d18\ch2_ohr_ncp_20260331T1105235288_d_img_d18_r00039_c006_illum.jpg,6.695339,2.4351482,0.9695563
397,ch2_ohr_ncp_20260331T1105235288_d_img_d18,D:\ISRO\OHRC_raws\ch2_ohr_ncp_20260331T1105235288_d_img_d18,2026-03-31T11:05:23.5288Z,39,7,39936,7168,2048,256,512.0,0.25,7.7951016977,296.16792085,89.38302,1.895764,88.104236,TDI64,msb,Ascending,True,0.0,D:\ISRO\OHRC_tiles\ch2_ohr_ncp_20260331T1105235288_d_img_d18\ch2_ohr_ncp_20260331T1105235288_d_img_d18_r00039_c007_structural.jpg,D:\ISRO\OHRC_tiles\ch2_ohr_ncp_20260331T1105235288_d_img_d18\ch2_ohr_ncp_20260331T1105235288_d_img_d18_r00039_c007_illum.jpg,7.732319,0.73779076,-1.7869054
398,ch2_ohr_ncp_20260331T1105235288_d_img_d18,D:\ISRO\OHRC_raws\ch2_ohr_ncp_20260331T1105235288_d_img_d18,2026-03-31T11:05:23.5288Z,39,8,39936,8192,2048,256,512.0,0.25,7.7949901163,296.17699866,89.38302,1.895764,88.104236,TDI64,msb,Ascending,True,0.0,D:\ISRO\OHRC_tiles\ch2_ohr_ncp_20260331T1105235288_d_img_d18\ch2_ohr_ncp_20260331T1105235288_d_img_d18_r00039_c008_structural.jpg,D:\ISRO\OHRC_tiles\ch2_ohr_ncp_20260331T1105235288_d_img_d18\ch2_ohr_ncp_20260331T1105235288_d_img_d18_r00039_c008_illum.jpg,8.0643635,0.17293592,-1.9316177
399,ch2_ohr_ncp_20260331T1105235288_d_img_d18,D:\ISRO\OHRC_raws\ch2_ohr_ncp_20260331T1105235288_d_img_d18,2026-03-31T11:05:23.5288Z,39,9,39936,9216,2048,256,512.0,0.25,7.7948778444,296.18608454,89.38302,1.895764,88.104236,TDI64,msb,Ascending,True,0.0,D:\ISRO\OHRC_tiles\ch2_ohr_ncp_20260331T1105235288_d_img_d18\ch2_ohr_ncp_20260331T1105235288_d_img_d18_r00039_c009_structural.jpg,D:\ISRO\OHRC_tiles\ch2_ohr_ncp_20260331T1105235288_d_img_d18\ch2_ohr_ncp_20260331T1105235288_d_img_d18_r00039_c009_illum.jpg,8.016033,0.99529994,-1.485776
400,ch2_ohr_ncp_20260331T1105235288_d_img_d18,D:\ISRO\OHRC_raws\ch2_ohr_ncp_20260331T1105235288_d_img_d18,2026-03-31T11:05:23.5288Z,40,0,40960,0,2048,256,512.0,0.25,7.786718359,296.10480464,89.38302,1.895764,88.104236,TDI64,msb,Ascending,True,0.0,D:\ISRO\OHRC_tiles\ch2_ohr_ncp_20260331T1105235288_d_img_d18\ch2_ohr_ncp_20260331T1105235288_d_img_d18_r00040_c000_structural.jpg,D:\ISRO\OHRC_tiles\ch2_ohr_ncp_20260331T1105235288_d_img_d18\ch2_ohr_ncp_20260331T1105235288_d_img_d18_r00040_c000_illum.jpg,9.628766,-2.4709344,1.840328
401,ch2_ohr_ncp_20260331T1105235288_d_img_d18,D:\ISRO\OHRC_raws\ch2_ohr_ncp_20260331T1105235288_d_img_d18,2026-03-31T11:05:23.5288Z,40,1,40960,1024,2048,256,512.0,0.25,7.786611581100001,296.11383057000006,89.38302,1.895764,88.104236,TDI64,msb,Ascending,True,0.0,D:\ISRO\OHRC_tiles\ch2_ohr_ncp_20260331T1105235288_d_img_d18\ch2_ohr_ncp_20260331T1105235288_d_img_d18_r00040_c001_structural.jpg,D:\ISRO\OHRC_tiles\ch2_ohr_ncp_20260331T1105235288_d_img_d18\ch2_ohr_ncp_20260331T1105235288_d_img_d18_r00040_c001_illum.jpg,7.586079,-0.3033422,0.86527866
402,ch2_ohr_ncp_20260331T1105235288_d_img_d18,D:\ISRO\OHRC_raws\ch2_ohr_ncp_20260331T1105235288_d_img_d18,2026-03-31T11:05:23.5288Z,40,2,40960,2048,2048,256,512.0,0.25,7.786504119599999,296.12286325,89.38302,1.895764,88.104236,TDI64,msb,Ascending,True,0.0,D:\ISRO\OHRC_tiles\ch2_ohr_ncp_20260331T1105235288_d_img_d18\ch2_ohr_ncp_20260331T1105235288_d_img_d18_r00040_c002_structural.jpg,D:\ISRO\OHRC_tiles\ch2_ohr_ncp_20260331T1105235288_d_img_d18\ch2_ohr_ncp_20260331T1105235288_d_img_d18_r00040_c002_illum.jpg,6.902549,0.9423081,0.047336932
403,ch2_ohr_ncp_20260331T1105235288_d_img_d18,D:\ISRO\OHRC_raws\ch2_ohr_ncp_20260331T1105235288_d_img_d18,2026-03-31T11:05:23.5288Z,40,3,40960,3072,2048,256,512.0,0.25,7.786395974199999,296.1319039,89.38302,1.895764,88.104236,TDI64,msb,Ascending,True,0.0,D:\ISRO\OHRC_tiles\ch2_ohr_ncp_20260331T1105235288_d_img_d18\ch2_ohr_ncp_20260331T1105235288_d_img_d18_r00040_c003_structural.jpg,D:\ISRO\OHRC_tiles\ch2_ohr_ncp_20260331T1105235288_d_img_d18\ch2_ohr_ncp_20260331T1105235288_d_img_d18_r00040_c003_illum.jpg,6.018443,2.923608,1.1831177
404,ch2_ohr_ncp_20260331T1105235288_d_img_d18,D:\ISRO\OHRC_raws\ch2_ohr_ncp_20260331T1105235288_d_img_d18,2026-03-31T11:05:23.5288Z,40,4,40960,4096,2048,256,512.0,0.25,7.7862871472,296.14095203,89.38302,1.895764,88.104236,TDI64,msb,Ascending,True,0.0,D:\ISRO\OHRC_tiles\ch2_ohr_ncp_20260331T1105235288_d_img_d18\ch2_ohr_ncp_20260331T1105235288_d_img_d18_r00040_c004_structural.jpg,D:\ISRO\OHRC_tiles\ch2_ohr_ncp_20260331T1105235288_d_img_d18\ch2_ohr_ncp_20260331T1105235288_d_img_d18_r00040_c004_illum.jpg,6.4592056,2.2914336,0.865358
405,ch2_ohr_ncp_20260331T1105235288_d_img_d18,D:\ISRO\OHRC_raws\ch2_ohr_ncp_20260331T1105235288_d_img_d18,2026-03-31T11:05:23.5288Z,40,5,40960,5120,2048,256,512.0,0.25,7.7861776373,296.15000664,89.38302,1.895764,88.104236,TDI64,msb,Ascending,True,0.0,D:\ISRO\OHRC_tiles\ch2_ohr_ncp_20260331T1105235288_d_img_d18\ch2_ohr_ncp_20260331T1105235288_d_img_d18_r00040_c005_structural.jpg,D:\ISRO\OHRC_tiles\ch2_ohr_ncp_20260331T1105235288_d_img_d18\ch2_ohr_ncp_20260331T1105235288_d_img_d18_r00040_c005_illum.jpg,6.8013277,2.167976,0.38366464
406,ch2_ohr_ncp_20260331T1105235288_d_img_d18,D:\ISRO\OHRC_raws\ch2_ohr_ncp_20260331T1105235288_d_img_d18,2026-03-31T11:05:23.5288Z,40,6,40960,6144,2048,256,512.0,0.25,7.7860674345,296.15906973,89.38302,1.895764,88.104236,TDI64,msb,Ascending,True,0.0,D:\ISRO\OHRC_tiles\ch2_ohr_ncp_20260331T1105235288_d_img_d18\ch2_ohr_ncp_20260331T1105235288_d_img_d18_r00040_c006_structural.jpg,D:\ISRO\OHRC_tiles\ch2_ohr_ncp_20260331T1105235288_d_img_d18\ch2_ohr_ncp_20260331T1105235288_d_img_d18_r00040_c006_illum.jpg,7.473678,1.4850359,-0.47335082
407,ch2_ohr_ncp_20260331T1105235288_d_img_d18,D:\ISRO\OHRC_raws\ch2_ohr_ncp_20260331T1105235288_d_img_d18,2026-03-31T11:05:23.5288Z,40,7,40960,7168,2048,256,512.0,0.25,7.785956545999999,296.16813937,89.38302,1.895764,88.104236,TDI64,msb,Ascending,True,0.0,D:\ISRO\OHRC_tiles\ch2_ohr_ncp_20260331T1105235288_d_img_d18\ch2_ohr_ncp_20260331T1105235288_d_img_d18_r00040_c007_structural.jpg,D:\ISRO\OHRC_tiles\ch2_ohr_ncp_20260331T1105235288_d_img_d18\ch2_ohr_ncp_20260331T1105235288_d_img_d18_r00040_c007_illum.jpg,7.6891294,1.852074,-0.81610817
408,ch2_ohr_ncp_20260331T1105235288_d_img_d18,D:\ISRO\OHRC_raws\ch2_ohr_ncp_20260331T1105235288_d_img_d18,2026-03-31T11:05:23.5288Z,40,8,40960,8192,2048,256,512.0,0.25,7.7858449584,296.17721718,89.38302,1.895764,88.104236,TDI64,msb,Ascending,True,0.0,D:\ISRO\OHRC_tiles\ch2_ohr_ncp_20260331T1105235288_d_img_d18\ch2_ohr_ncp_20260331T1105235288_d_img_d18_r00040_c008_structural.jpg,D:\ISRO\OHRC_tiles\ch2_ohr_ncp_20260331T1105235288_d_img_d18\ch2_ohr_ncp_20260331T1105235288_d_img_d18_r00040_c008_illum.jpg,8.259513,0.5751603,-1.6733875
409,ch2_ohr_ncp_20260331T1105235288_d_img_d18,D:\ISRO\OHRC_raws\ch2_ohr_ncp_20260331T1105235288_d_img_d18,2026-03-31T11:05:23.5288Z,40,9,40960,9216,2048,256,512.0,0.25,7.785732685799999,296.18630247,89.38302,1.895764,88.104236,TDI64,msb,Ascending,True,0.0,D:\ISRO\OHRC_tiles\ch2_ohr_ncp_20260331T1105235288_d_img_d18\ch2_ohr_ncp_20260331T1105235288_d_img_d18_r00040_c009_structural.jpg,D:\ISRO\OHRC_tiles\ch2_ohr_ncp_20260331T1105235288_d_img_d18\ch2_ohr_ncp_20260331T1105235288_d_img_d18_r00040_c009_illum.jpg,8.217042,0.49254623,-1.7481883
410,ch2_ohr_ncp_20260331T1105235288_d_img_d18,D:\ISRO\OHRC_raws\ch2_ohr_ncp_20260331T1105235288_d_img_d18,2026-03-31T11:05:23.5288Z,41,0,41984,0,2048,256,512.0,0.25,7.777582046300001,296.10503799,89.38302,1.895764,88.104236,TDI64,msb,Ascending,True,0.0,D:\ISRO\OHRC_tiles\ch2_ohr_ncp_20260331T1105235288_d_img_d18\ch2_ohr_ncp_20260331T1105235288_d_img_d18_r00041_c000_structural.jpg,D:\ISRO\OHRC_tiles\ch2_ohr_ncp_20260331T1105235288_d_img_d18\ch2_ohr_ncp_20260331T1105235288_d_img_d18_r00041_c000_illum.jpg,9.362273,-2.312539,0.18056858
411,ch2_ohr_ncp_20260331T1105235288_d_img_d18,D:\ISRO\OHRC_raws\ch2_ohr_ncp_20260331T1105235288_d_img_d18,2026-03-31T11:05:23.5288Z,41,1,41984,1024,2048,256,512.0,0.25,7.7774752684,296.11406292000004,89.38302,1.895764,88.104236,TDI64,msb,Ascending,True,0.0,D:\ISRO\OHRC_tiles\ch2_ohr_ncp_20260331T1105235288_d_img_d18\ch2_ohr_ncp_20260331T1105235288_d_img_d18_r00041_c001_structural.jpg,D:\ISRO\OHRC_tiles\ch2_ohr_ncp_20260331T1105235288_d_img_d18\ch2_ohr_ncp_20260331T1105235288_d_img_d18_r00041_c001_illum.jpg,7.8618374,-0.8787242,1.4496952
412,ch2_ohr_ncp_20260331T1105235288_d_img_d18,D:\ISRO\OHRC_raws\ch2_ohr_ncp_20260331T1105235288_d_img_d18,2026-03-31T11:05:23.5288Z,41,2,41984,2048,2048,256,512.0,0.25,7.7773678152,296.1230956,89.38302,1.895764,88.104236,TDI64,msb,Ascending,True,0.0,D:\ISRO\OHRC_tiles\ch2_ohr_ncp_20260331T1105235288_d_img_d18\ch2_ohr_ncp_20260331T1105235288_d_img_d18_r00041_c002_structural.jpg,D:\ISRO\OHRC_tiles\ch2_ohr_ncp_20260331T1105235288_d_img_d18\ch2_ohr_ncp_20260331T1105235288_d_img_d18_r00041_c002_illum.jpg,7.8946376,-0.99066967,0.67444485
413,ch2_ohr_ncp_20260331T1105235288_d_img_d18,D:\ISRO\OHRC_raws\ch2_ohr_ncp_20260331T1105235288_d_img_d18,2026-03-31T11:05:23.5288Z,41,3,41984,3072,2048,256,512.0,0.25,7.777259679799999,296.13213625,89.38302,1.895764,88.104236,TDI64,msb,Ascending,True,0.0,D:\ISRO\OHRC_tiles\ch2_ohr_ncp_20260331T1105235288_d_img_d18\ch2_ohr_ncp_20260331T1105235288_d_img_d18_r00041_c003_structural.jpg,D:\ISRO\OHRC_tiles\ch2_ohr_ncp_20260331T1105235288_d_img_d18\ch2_ohr_ncp_20260331T1105235288_d_img_d18_r00041_c003_illum.jpg,7.225366,0.87541497,0.5087603
414,ch2_ohr_ncp_20260331T1105235288_d_img_d18,D:\ISRO\OHRC_raws\ch2_ohr_ncp_20260331T1105235288_d_img_d18,2026-03-31T11:05:23.5288Z,41,4,41984,4096,2048,256,512.0,0.25,7.777150853499999,296.14118354999994,89.38302,1.895764,88.104236,TDI64,msb,Ascending,True,0.0,D:\ISRO\OHRC_tiles\ch2_ohr_ncp_20260331T1105235288_d_img_d18\ch2_ohr_ncp_20260331T1105235288_d_img_d18_r00041_c004_structural.jpg,D:\ISRO\OHRC_tiles\ch2_ohr_ncp_20260331T1105235288_d_img_d18\ch2_ohr_ncp_20260331T1105235288_d_img_d18_r00041_c004_illum.jpg,6.818222,2.2461538,-0.17886446
415,ch2_ohr_ncp_20260331T1105235288_d_img_d18,D:\ISRO\OHRC_raws\ch2_ohr_ncp_20260331T1105235288_d_img_d18,2026-03-31T11:05:23.5288Z,41,5,41984,5120,2048,256,512.0,0.25,7.7770413436,296.15023899,89.38302,1.895764,88.104236,TDI64,msb,Ascending,True,0.0,D:\ISRO\OHRC_tiles\ch2_ohr_ncp_20260331T1105235288_d_img_d18\ch2_ohr_ncp_20260331T1105235288_d_img_d18_r00041_c005_structural.jpg,D:\ISRO\OHRC_tiles\ch2_ohr_ncp_20260331T1105235288_d_img_d18\ch2_ohr_ncp_20260331T1105235288_d_img_d18_r00041_c005_illum.jpg,7.9289474,0.9421002,-1.3206822
416,ch2_ohr_ncp_20260331T1105235288_d_img_d18,D:\ISRO\OHRC_raws\ch2_ohr_ncp_20260331T1105235288_d_img_d18,2026-03-31T11:05:23.5288Z,41,6,41984,6144,2048,256,512.0,0.25,7.776931146999999,296.15930139,89.38302,1.895764,88.104236,TDI64,msb,Ascending,True,0.0,D:\ISRO\OHRC_tiles\ch2_ohr_ncp_20260331T1105235288_d_img_d18\ch2_ohr_ncp_20260331T1105235288_d_img_d18_r00041_c006_structural.jpg,D:\ISRO\OHRC_tiles\ch2_ohr_ncp_20260331T1105235288_d_img_d18\ch2_ohr_ncp_20260331T1105235288_d_img_d18_r00041_c006_illum.jpg,9.410651,-1.1730394,-2.0376458
417,ch2_ohr_ncp_20260331T1105235288_d_img_d18,D:\ISRO\OHRC_raws\ch2_ohr_ncp_20260331T1105235288_d_img_d18,2026-03-31T11:05:23.5288Z,41,7,41984,7168,2048,256,512.0,0.25,7.7768202623,296.16837172000004,89.38302,1.895764,88.104236,TDI64,msb,Ascending,True,0.0,D:\ISRO\OHRC_tiles\ch2_ohr_ncp_20260331T1105235288_d_img_d18\ch2_ohr_ncp_20260331T1105235288_d_img_d18_r00041_c007_structural.jpg,D:\ISRO\OHRC_tiles\ch2_ohr_ncp_20260331T1105235288_d_img_d18\ch2_ohr_ncp_20260331T1105235288_d_img_d18_r00041_c007_illum.jpg,7.499568,0.84466296,-0.23223975
418,ch2_ohr_ncp_20260331T1105235288_d_img_d18,D:\ISRO\OHRC_raws\ch2_ohr_ncp_20260331T1105235288_d_img_d18,2026-03-31T11:05:23.5288Z,41,8,41984,8192,2048,256,512.0,0.25,7.776708684,296.17744853000005,89.38302,1.895764,88.104236,TDI64,msb,Ascending,True,0.0,D:\ISRO\OHRC_tiles\ch2_ohr_ncp_20260331T1105235288_d_img_d18\ch2_ohr_ncp_20260331T1105235288_d_img_d18_r00041_c008_structural.jpg,D:\ISRO\OHRC_tiles\ch2_ohr_ncp_20260331T1105235288_d_img_d18\ch2_ohr_ncp_20260331T1105235288_d_img_d18_r00041_c008_illum.jpg,7.4319577,1.1565542,-1.442757
419,ch2_ohr_ncp_20260331T1105235288_d_img_d18,D:\ISRO\OHRC_raws\ch2_ohr_ncp_20260331T1105235288_d_img_d18,2026-03-31T11:05:23.5288Z,41,9,41984,9216,2048,256,512.0,0.25,7.7765964138,296.18653382,89.38302,1.895764,88.104236,TDI64,msb,Ascending,True,0.0,D:\ISRO\OHRC_tiles\ch2_ohr_ncp_20260331T1105235288_d_img_d18\ch2_ohr_ncp_20260331T1105235288_d_img_d18_r00041_c009_structural.jpg,D:\ISRO\OHRC_tiles\ch2_ohr_ncp_20260331T1105235288_d_img_d18\ch2_ohr_ncp_20260331T1105235288_d_img_d18_r00041_c009_illum.jpg,8.48365,0.6192422,-2.1040502
420,ch2_ohr_ncp_20260331T1105235288_d_img_d18,D:\ISRO\OHRC_raws\ch2_ohr_ncp_20260331T1105235288_d_img_d18,2026-03-31T11:05:23.5288Z,42,0,43008,0,2048,256,512.0,0.25,7.7684488339,296.10526409,89.38302,1.895764,88.104236,TDI64,msb,Ascending,True,0.0,D:\ISRO\OHRC_tiles\ch2_ohr_ncp_20260331T1105235288_d_img_d18\ch2_ohr_ncp_20260331T1105235288_d_img_d18_r00042_c000_structural.jpg,D:\ISRO\OHRC_tiles\ch2_ohr_ncp_20260331T1105235288_d_img_d18\ch2_ohr_ncp_20260331T1105235288_d_img_d18_r00042_c000_illum.jpg,7.865117,-0.3855055,1.0986983
421,ch2_ohr_ncp_20260331T1105235288_d_img_d18,D:\ISRO\OHRC_raws\ch2_ohr_ncp_20260331T1105235288_d_img_d18,2026-03-31T11:05:23.5288Z,42,1,43008,1024,2048,256,512.0,0.25,7.768342066000001,296.11429002,89.38302,1.895764,88.104236,TDI64,msb,Ascending,True,0.0,D:\ISRO\OHRC_tiles\ch2_ohr_ncp_20260331T1105235288_d_img_d18\ch2_ohr_ncp_20260331T1105235288_d_img_d18_r00042_c001_structural.jpg,D:\ISRO\OHRC_tiles\ch2_ohr_ncp_20260331T1105235288_d_img_d18\ch2_ohr_ncp_20260331T1105235288_d_img_d18_r00042_c001_illum.jpg,7.79917,-0.45326823,0.82531834
422,ch2_ohr_ncp_20260331T1105235288_d_img_d18,D:\ISRO\OHRC_raws\ch2_ohr_ncp_20260331T1105235288_d_img_d18,2026-03-31T11:05:23.5288Z,42,2,43008,2048,2048,256,512.0,0.25,7.768234614500001,296.12332243000003,89.38302,1.895764,88.104236,TDI64,msb,Ascending,True,0.0,D:\ISRO\OHRC_tiles\ch2_ohr_ncp_20260331T1105235288_d_img_d18\ch2_ohr_ncp_20260331T1105235288_d_img_d18_r00042_c002_structural.jpg,D:\ISRO\OHRC_tiles\ch2_ohr_ncp_20260331T1105235288_d_img_d18\ch2_ohr_ncp_20260331T1105235288_d_img_d18_r00042_c002_illum.jpg,9.456051,-2.712562,0.3380725
423,ch2_ohr_ncp_20260331T1105235288_d_img_d18,D:\ISRO\OHRC_raws\ch2_ohr_ncp_20260331T1105235288_d_img_d18,2026-03-31T11:05:23.5288Z,42,3,43008,3072,2048,256,512.0,0.25,7.768126479099999,296.13236235,89.38302,1.895764,88.104236,TDI64,msb,Ascending,True,0.0,D:\ISRO\OHRC_tiles\ch2_ohr_ncp_20260331T1105235288_d_img_d18\ch2_ohr_ncp_20260331T1105235288_d_img_d18_r00042_c003_structural.jpg,D:\ISRO\OHRC_tiles\ch2_ohr_ncp_20260331T1105235288_d_img_d18\ch2_ohr_ncp_20260331T1105235288_d_img_d18_r00042_c003_illum.jpg,8.6228,-1.009563,0.0037258659
424,ch2_ohr_ncp_20260331T1105235288_d_img_d18,D:\ISRO\OHRC_raws\ch2_ohr_ncp_20260331T1105235288_d_img_d18,2026-03-31T11:05:23.5288Z,42,4,43008,4096,2048,256,512.0,0.25,7.7680176628,296.14141007,89.38302,1.895764,88.104236,TDI64,msb,Ascending,True,0.0,D:\ISRO\OHRC_tiles\ch2_ohr_ncp_20260331T1105235288_d_img_d18\ch2_ohr_ncp_20260331T1105235288_d_img_d18_r00042_c004_structural.jpg,D:\ISRO\OHRC_tiles\ch2_ohr_ncp_20260331T1105235288_d_img_d18\ch2_ohr_ncp_20260331T1105235288_d_img_d18_r00042_c004_illum.jpg,6.4141483,2.5140734,0.7009483
425,ch2_ohr_ncp_20260331T1105235288_d_img_d18,D:\ISRO\OHRC_raws\ch2_ohr_ncp_20260331T1105235288_d_img_d18,2026-03-31T11:05:23.5288Z,42,5,43008,5120,2048,256,512.0,0.25,7.767908162900001,296.15046509,89.38302,1.895764,88.104236,TDI64,msb,Ascending,True,0.0,D:\ISRO\OHRC_tiles\ch2_ohr_ncp_20260331T1105235288_d_img_d18\ch2_ohr_ncp_20260331T1105235288_d_img_d18_r00042_c005_structural.jpg,D:\ISRO\OHRC_tiles\ch2_ohr_ncp_20260331T1105235288_d_img_d18\ch2_ohr_ncp_20260331T1105235288_d_img_d18_r00042_c005_illum.jpg,7.322898,1.4484351,-0.6164798
426,ch2_ohr_ncp_20260331T1105235288_d_img_d18,D:\ISRO\OHRC_raws\ch2_ohr_ncp_20260331T1105235288_d_img_d18,2026-03-31T11:05:23.5288Z,42,6,43008,6144,2048,256,512.0,0.25,7.767797976299999,296.15952677,89.38302,1.895764,88.104236,TDI64,msb,Ascending,True,0.0,D:\ISRO\OHRC_tiles\ch2_ohr_ncp_20260331T1105235288_d_img_d18\ch2_ohr_ncp_20260331T1105235288_d_img_d18_r00042_c006_structural.jpg,D:\ISRO\OHRC_tiles\ch2_ohr_ncp_20260331T1105235288_d_img_d18\ch2_ohr_ncp_20260331T1105235288_d_img_d18_r00042_c006_illum.jpg,8.907558,-0.62284756,-2.575323
427,ch2_ohr_ncp_20260331T1105235288_d_img_d18,D:\ISRO\OHRC_raws\ch2_ohr_ncp_20260331T1105235288_d_img_d18,2026-03-31T11:05:23.5288Z,42,7,43008,7168,2048,256,512.0,0.25,7.7676871009,296.16859682,89.38302,1.895764,88.104236,TDI64,msb,Ascending,True,0.0,D:\ISRO\OHRC_tiles\ch2_ohr_ncp_20260331T1105235288_d_img_d18\ch2_ohr_ncp_20260331T1105235288_d_img_d18_r00042_c007_structural.jpg,D:\ISRO\OHRC_tiles\ch2_ohr_ncp_20260331T1105235288_d_img_d18\ch2_ohr_ncp_20260331T1105235288_d_img_d18_r00042_c007_illum.jpg,6.699152,1.6137698,0.05569173
428,ch2_ohr_ncp_20260331T1105235288_d_img_d18,D:\ISRO\OHRC_raws\ch2_ohr_ncp_20260331T1105235288_d_img_d18,2026-03-31T11:05:23.5288Z,42,8,43008,8192,2048,256,512.0,0.25,7.7675755316,296.17767405,89.38302,1.895764,88.104236,TDI64,msb,Ascending,True,0.0,D:\ISRO\OHRC_tiles\ch2_ohr_ncp_20260331T1105235288_d_img_d18\ch2_ohr_ncp_20260331T1105235288_d_img_d18_r00042_c008_structural.jpg,D:\ISRO\OHRC_tiles\ch2_ohr_ncp_20260331T1105235288_d_img_d18\ch2_ohr_ncp_20260331T1105235288_d_img_d18_r00042_c008_illum.jpg,7.2616687,1.8863432,-1.2032739
429,ch2_ohr_ncp_20260331T1105235288_d_img_d18,D:\ISRO\OHRC_raws\ch2_ohr_ncp_20260331T1105235288_d_img_d18,2026-03-31T11:05:23.5288Z,42,9,43008,9216,2048,256,512.0,0.25,7.7674632655,296.18675851,89.38302,1.895764,88.104236,TDI64,msb,Ascending,True,0.0,D:\ISRO\OHRC_tiles\ch2_ohr_ncp_20260331T1105235288_d_img_d18\ch2_ohr_ncp_20260331T1105235288_d_img_d18_r00042_c009_structural.jpg,D:\ISRO\OHRC_tiles\ch2_ohr_ncp_20260331T1105235288_d_img_d18\ch2_ohr_ncp_20260331T1105235288_d_img_d18_r00042_c009_illum.jpg,7.9436364,1.4440622,-0.34552538
430,ch2_ohr_ncp_20260331T1105235288_d_img_d18,D:\ISRO\OHRC_raws\ch2_ohr_ncp_20260331T1105235288_d_img_d18,2026-03-31T11:05:23.5288Z,43,0,44032,0,2048,256,512.0,0.25,7.7593084005,296.1054999,89.38302,1.895764,88.104236,TDI64,msb,Ascending,True,0.0,D:\ISRO\OHRC_tiles\ch2_ohr_ncp_20260331T1105235288_d_img_d18\ch2_ohr_ncp_20260331T1105235288_d_img_d18_r00043_c000_structural.jpg,D:\ISRO\OHRC_tiles\ch2_ohr_ncp_20260331T1105235288_d_img_d18\ch2_ohr_ncp_20260331T1105235288_d_img_d18_r00043_c000_illum.jpg,8.042566,-0.9260758,1.366287
431,ch2_ohr_ncp_20260331T1105235288_d_img_d18,D:\ISRO\OHRC_raws\ch2_ohr_ncp_20260331T1105235288_d_img_d18,2026-03-31T11:05:23.5288Z,43,1,44032,1024,2048,256,512.0,0.25,7.7592016361,296.11452534,89.38302,1.895764,88.104236,TDI64,msb,Ascending,True,0.0,D:\ISRO\OHRC_tiles\ch2_ohr_ncp_20260331T1105235288_d_img_d18\ch2_ohr_ncp_20260331T1105235288_d_img_d18_r00043_c001_structural.jpg,D:\ISRO\OHRC_tiles\ch2_ohr_ncp_20260331T1105235288_d_img_d18\ch2_ohr_ncp_20260331T1105235288_d_img_d18_r00043_c001_illum.jpg,9.034326,-2.1339443,-0.167051
432,ch2_ohr_ncp_20260331T1105235288_d_img_d18,D:\ISRO\OHRC_raws\ch2_ohr_ncp_20260331T1105235288_d_img_d18,2026-03-31T11:05:23.5288Z,43,2,44032,2048,2048,256,512.0,0.25,7.7590941946,296.12355751,89.38302,1.895764,88.104236,TDI64,msb,Ascending,True,0.0,D:\ISRO\OHRC_tiles\ch2_ohr_ncp_20260331T1105235288_d_img_d18\ch2_ohr_ncp_20260331T1105235288_d_img_d18_r00043_c002_structural.jpg,D:\ISRO\OHRC_tiles\ch2_ohr_ncp_20260331T1105235288_d_img_d18\ch2_ohr_ncp_20260331T1105235288_d_img_d18_r00043_c002_illum.jpg,10.605578,-4.0250554,0.5466096
433,ch2_ohr_ncp_20260331T1105235288_d_img_d18,D:\ISRO\OHRC_raws\ch2_ohr_ncp_20260331T1105235288_d_img_d18,2026-03-31T11:05:23.5288Z,43,3,44032,3072,2048,256,512.0,0.25,7.758986069199999,296.13259716,89.38302,1.895764,88.104236,TDI64,msb,Ascending,True,0.0,D:\ISRO\OHRC_tiles\ch2_ohr_ncp_20260331T1105235288_d_img_d18\ch2_ohr_ncp_20260331T1105235288_d_img_d18_r00043_c003_structural.jpg,D:\ISRO\OHRC_tiles\ch2_ohr_ncp_20260331T1105235288_d_img_d18\ch2_ohr_ncp_20260331T1105235288_d_img_d18_r00043_c003_illum.jpg,7.5434756,-0.69052255,1.104732
434,ch2_ohr_ncp_20260331T1105235288_d_img_d18,D:\ISRO\OHRC_raws\ch2_ohr_ncp_20260331T1105235288_d_img_d18,2026-03-31T11:05:23.5288Z,43,4,44032,4096,2048,256,512.0,0.25,7.7588772594,296.14164473,89.38302,1.895764,88.104236,TDI64,msb,Ascending,True,0.0,D:\ISRO\OHRC_tiles\ch2_ohr_ncp_20260331T1105235288_d_img_d18\ch2_ohr_ncp_20260331T1105235288_d_img_d18_r00043_c004_structural.jpg,D:\ISRO\OHRC_tiles\ch2_ohr_ncp_20260331T1105235288_d_img_d18\ch2_ohr_ncp_20260331T1105235288_d_img_d18_r00043_c004_illum.jpg,6.19001,2.6554594,1.0465819
435,ch2_ohr_ncp_20260331T1105235288_d_img_d18,D:\ISRO\OHRC_raws\ch2_ohr_ncp_20260331T1105235288_d_img_d18,2026-03-31T11:05:23.5288Z,43,5,44032,5120,2048,256,512.0,0.25,7.758767763000001,296.1506991,89.38302,1.895764,88.104236,TDI64,msb,Ascending,True,0.0,D:\ISRO\OHRC_tiles\ch2_ohr_ncp_20260331T1105235288_d_img_d18\ch2_ohr_ncp_20260331T1105235288_d_img_d18_r00043_c005_structural.jpg,D:\ISRO\OHRC_tiles\ch2_ohr_ncp_20260331T1105235288_d_img_d18\ch2_ohr_ncp_20260331T1105235288_d_img_d18_r00043_c005_illum.jpg,6.3702745,3.167568,0.7944251
436,ch2_ohr_ncp_20260331T1105235288_d_img_d18,D:\ISRO\OHRC_raws\ch2_ohr_ncp_20260331T1105235288_d_img_d18,2026-03-31T11:05:23.5288Z,43,6,44032,6144,2048,256,512.0,0.25,7.7586575829,296.1597613,89.38302,1.895764,88.104236,TDI64,msb,Ascending,True,0.0,D:\ISRO\OHRC_tiles\ch2_ohr_ncp_20260331T1105235288_d_img_d18\ch2_ohr_ncp_20260331T1105235288_d_img_d18_r00043_c006_structural.jpg,D:\ISRO\OHRC_tiles\ch2_ohr_ncp_20260331T1105235288_d_img_d18\ch2_ohr_ncp_20260331T1105235288_d_img_d18_r00043_c006_illum.jpg,7.1451864,1.5993053,-0.69012433
437,ch2_ohr_ncp_20260331T1105235288_d_img_d18,D:\ISRO\OHRC_raws\ch2_ohr_ncp_20260331T1105235288_d_img_d18,2026-03-31T11:05:23.5288Z,43,7,44032,7168,2048,256,512.0,0.25,7.758546711699999,296.16883127999995,89.38302,1.895764,88.104236,TDI64,msb,Ascending,True,0.0,D:\ISRO\OHRC_tiles\ch2_ohr_ncp_20260331T1105235288_d_img_d18\ch2_ohr_ncp_20260331T1105235288_d_img_d18_r00043_c007_structural.jpg,D:\ISRO\OHRC_tiles\ch2_ohr_ncp_20260331T1105235288_d_img_d18\ch2_ohr_ncp_20260331T1105235288_d_img_d18_r00043_c007_illum.jpg,6.9927516,2.0587249,-0.5856778
438,ch2_ohr_ncp_20260331T1105235288_d_img_d18,D:\ISRO\OHRC_raws\ch2_ohr_ncp_20260331T1105235288_d_img_d18,2026-03-31T11:05:23.5288Z,43,8,44032,8192,2048,256,512.0,0.25,7.758435153399999,296.17790809,89.38302,1.895764,88.104236,TDI64,msb,Ascending,True,0.0,D:\ISRO\OHRC_tiles\ch2_ohr_ncp_20260331T1105235288_d_img_d18\ch2_ohr_ncp_20260331T1105235288_d_img_d18_r00043_c008_structural.jpg,D:\ISRO\OHRC_tiles\ch2_ohr_ncp_20260331T1105235288_d_img_d18\ch2_ohr_ncp_20260331T1105235288_d_img_d18_r00043_c008_illum.jpg,8.074683,1.8247834,-1.0402503
439,ch2_ohr_ncp_20260331T1105235288_d_img_d18,D:\ISRO\OHRC_raws\ch2_ohr_ncp_20260331T1105235288_d_img_d18,2026-03-31T11:05:23.5288Z,43,9,44032,9216,2048,256,512.0,0.25,7.7583229015,296.18699238000005,89.38302,1.895764,88.104236,TDI64,msb,Ascending,True,0.0,D:\ISRO\OHRC_tiles\ch2_ohr_ncp_20260331T1105235288_d_img_d18\ch2_ohr_ncp_20260331T1105235288_d_img_d18_r00043_c009_structural.jpg,D:\ISRO\OHRC_tiles\ch2_ohr_ncp_20260331T1105235288_d_img_d18\ch2_ohr_ncp_20260331T1105235288_d_img_d18_r00043_c009_illum.jpg,7.57435,1.5466026,-0.8092697
440,ch2_ohr_ncp_20260331T1105235288_d_img_d18,D:\ISRO\OHRC_raws\ch2_ohr_ncp_20260331T1105235288_d_img_d18,2026-03-31T11:05:23.5288Z,44,0,45056,0,2048,256,512.0,0.25,7.7501681789,296.10572972,89.38302,1.895764,88.104236,TDI64,msb,Ascending,True,0.0,D:\ISRO\OHRC_tiles\ch2_ohr_ncp_20260331T1105235288_d_img_d18\ch2_ohr_ncp_20260331T1105235288_d_img_d18_r00044_c000_structural.jpg,D:\ISRO\OHRC_tiles\ch2_ohr_ncp_20260331T1105235288_d_img_d18\ch2_ohr_ncp_20260331T1105235288_d_img_d18_r00044_c000_illum.jpg,8.469795,-1.0343817,-0.35289884
441,ch2_ohr_ncp_20260331T1105235288_d_img_d18,D:\ISRO\OHRC_raws\ch2_ohr_ncp_20260331T1105235288_d_img_d18,2026-03-31T11:05:23.5288Z,44,1,45056,1024,2048,256,512.0,0.25,7.7500614299,296.11475465,89.38302,1.895764,88.104236,TDI64,msb,Ascending,True,0.0,D:\ISRO\OHRC_tiles\ch2_ohr_ncp_20260331T1105235288_d_img_d18\ch2_ohr_ncp_20260331T1105235288_d_img_d18_r00044_c001_structural.jpg,D:\ISRO\OHRC_tiles\ch2_ohr_ncp_20260331T1105235288_d_img_d18\ch2_ohr_ncp_20260331T1105235288_d_img_d18_r00044_c001_illum.jpg,9.898798,-2.7131546,-2.6232939
442,ch2_ohr_ncp_20260331T1105235288_d_img_d18,D:\ISRO\OHRC_raws\ch2_ohr_ncp_20260331T1105235288_d_img_d18,2026-03-31T11:05:23.5288Z,44,2,45056,2048,2048,256,512.0,0.25,7.7499539884,296.12378733,89.38302,1.895764,88.104236,TDI64,msb,Ascending,True,0.0,D:\ISRO\OHRC_tiles\ch2_ohr_ncp_20260331T1105235288_d_img_d18\ch2_ohr_ncp_20260331T1105235288_d_img_d18_r00044_c002_structural.jpg,D:\ISRO\OHRC_tiles\ch2_ohr_ncp_20260331T1105235288_d_img_d18\ch2_ohr_ncp_20260331T1105235288_d_img_d18_r00044_c002_illum.jpg,10.665296,-4.2357535,-0.9570629
443,ch2_ohr_ncp_20260331T1105235288_d_img_d18,D:\ISRO\OHRC_raws\ch2_ohr_ncp_20260331T1105235288_d_img_d18,2026-03-31T11:05:23.5288Z,44,3,45056,3072,2048,256,512.0,0.25,7.7498458741,296.13282698,89.38302,1.895764,88.104236,TDI64,msb,Ascending,True,0.0,D:\ISRO\OHRC_tiles\ch2_ohr_ncp_20260331T1105235288_d_img_d18\ch2_ohr_ncp_20260331T1105235288_d_img_d18_r00044_c003_structural.jpg,D:\ISRO\OHRC_tiles\ch2_ohr_ncp_20260331T1105235288_d_img_d18\ch2_ohr_ncp_20260331T1105235288_d_img_d18_r00044_c003_illum.jpg,8.672879,-1.7618092,-0.35043886
444,ch2_ohr_ncp_20260331T1105235288_d_img_d18,D:\ISRO\OHRC_raws\ch2_ohr_ncp_20260331T1105235288_d_img_d18,2026-03-31T11:05:23.5288Z,44,4,45056,4096,2048,256,512.0,0.25,7.749737076700001,296.14187411,89.38302,1.895764,88.104236,TDI64,msb,Ascending,True,0.0,D:\ISRO\OHRC_tiles\ch2_ohr_ncp_20260331T1105235288_d_img_d18\ch2_ohr_ncp_20260331T1105235288_d_img_d18_r00044_c004_structural.jpg,D:\ISRO\OHRC_tiles\ch2_ohr_ncp_20260331T1105235288_d_img_d18\ch2_ohr_ncp_20260331T1105235288_d_img_d18_r00044_c004_illum.jpg,7.1254168,1.2606267,-0.30582985
445,ch2_ohr_ncp_20260331T1105235288_d_img_d18,D:\ISRO\OHRC_raws\ch2_ohr_ncp_20260331T1105235288_d_img_d18,2026-03-31T11:05:23.5288Z,44,5,45056,5120,2048,256,512.0,0.25,7.749627586800001,296.15092827,89.38302,1.895764,88.104236,TDI64,msb,Ascending,True,0.0,D:\ISRO\OHRC_tiles\ch2_ohr_ncp_20260331T1105235288_d_img_d18\ch2_ohr_ncp_20260331T1105235288_d_img_d18_r00044_c005_structural.jpg,D:\ISRO\OHRC_tiles\ch2_ohr_ncp_20260331T1105235288_d_img_d18\ch2_ohr_ncp_20260331T1105235288_d_img_d18_r00044_c005_illum.jpg,6.59512,2.2362735,0.4884658
446,ch2_ohr_ncp_20260331T1105235288_d_img_d18,D:\ISRO\OHRC_raws\ch2_ohr_ncp_20260331T1105235288_d_img_d18,2026-03-31T11:05:23.5288Z,44,6,45056,6144,2048,256,512.0,0.25,7.7495174202,296.15999012,89.38302,1.895764,88.104236,TDI64,msb,Ascending,True,0.0,D:\ISRO\OHRC_tiles\ch2_ohr_ncp_20260331T1105235288_d_img_d18\ch2_ohr_ncp_20260331T1105235288_d_img_d18_r00044_c006_structural.jpg,D:\ISRO\OHRC_tiles\ch2_ohr_ncp_20260331T1105235288_d_img_d18\ch2_ohr_ncp_20260331T1105235288_d_img_d18_r00044_c006_illum.jpg,7.4421744,1.5990413,-1.8924321
447,ch2_ohr_ncp_20260331T1105235288_d_img_d18,D:\ISRO\OHRC_raws\ch2_ohr_ncp_20260331T1105235288_d_img_d18,2026-03-31T11:05:23.5288Z,44,7,45056,7168,2048,256,512.0,0.25,7.7494065555,296.16905945,89.38302,1.895764,88.104236,TDI64,msb,Ascending,True,0.0,D:\ISRO\OHRC_tiles\ch2_ohr_ncp_20260331T1105235288_d_img_d18\ch2_ohr_ncp_20260331T1105235288_d_img_d18_r00044_c007_structural.jpg,D:\ISRO\OHRC_tiles\ch2_ohr_ncp_20260331T1105235288_d_img_d18\ch2_ohr_ncp_20260331T1105235288_d_img_d18_r00044_c007_illum.jpg,7.6635556,1.5557188,-1.8265641
448,ch2_ohr_ncp_20260331T1105235288_d_img_d18,D:\ISRO\OHRC_raws\ch2_ohr_ncp_20260331T1105235288_d_img_d18,2026-03-31T11:05:23.5288Z,44,8,45056,8192,2048,256,512.0,0.25,7.7492950061,296.17813637,89.38302,1.895764,88.104236,TDI64,msb,Ascending,True,0.0,D:\ISRO\OHRC_tiles\ch2_ohr_ncp_20260331T1105235288_d_img_d18\ch2_ohr_ncp_20260331T1105235288_d_img_d18_r00044_c008_structural.jpg,D:\ISRO\OHRC_tiles\ch2_ohr_ncp_20260331T1105235288_d_img_d18\ch2_ohr_ncp_20260331T1105235288_d_img_d18_r00044_c008_illum.jpg,7.6942225,1.5126104,-1.1273586
449,ch2_ohr_ncp_20260331T1105235288_d_img_d18,D:\ISRO\OHRC_raws\ch2_ohr_ncp_20260331T1105235288_d_img_d18,2026-03-31T11:05:23.5288Z,44,9,45056,9216,2048,256,512.0,0.25,7.7491827594,296.18722114,89.38302,1.895764,88.104236,TDI64,msb,Ascending,True,0.0,D:\ISRO\OHRC_tiles\ch2_ohr_ncp_20260331T1105235288_d_img_d18\ch2_ohr_ncp_20260331T1105235288_d_img_d18_r00044_c009_structural.jpg,D:\ISRO\OHRC_tiles\ch2_ohr_ncp_20260331T1105235288_d_img_d18\ch2_ohr_ncp_20260331T1105235288_d_img_d18_r00044_c009_illum.jpg,7.068961,2.036684,-0.21941206
450,ch2_ohr_ncp_20260331T1105235288_d_img_d18,D:\ISRO\OHRC_raws\ch2_ohr_ncp_20260331T1105235288_d_img_d18,2026-03-31T11:05:23.5288Z,45,0,46080,0,2048,256,512.0,0.25,7.741035883099999,296.10595998,89.38302,1.895764,88.104236,TDI64,msb,Ascending,True,0.0,D:\ISRO\OHRC_tiles\ch2_ohr_ncp_20260331T1105235288_d_img_d18\ch2_ohr_ncp_20260331T1105235288_d_img_d18_r00045_c000_structural.jpg,D:\ISRO\OHRC_tiles\ch2_ohr_ncp_20260331T1105235288_d_img_d18\ch2_ohr_ncp_20260331T1105235288_d_img_d18_r00045_c000_illum.jpg,8.652877,-2.5092127,1.1890801
451,ch2_ohr_ncp_20260331T1105235288_d_img_d18,D:\ISRO\OHRC_raws\ch2_ohr_ncp_20260331T1105235288_d_img_d18,2026-03-31T11:05:23.5288Z,45,1,46080,1024,2048,256,512.0,0.25,7.7409291265,296.11498491000003,89.38302,1.895764,88.104236,TDI64,msb,Ascending,True,0.0,D:\ISRO\OHRC_tiles\ch2_ohr_ncp_20260331T1105235288_d_img_d18\ch2_ohr_ncp_20260331T1105235288_d_img_d18_r00045_c001_structural.jpg,D:\ISRO\OHRC_tiles\ch2_ohr_ncp_20260331T1105235288_d_img_d18\ch2_ohr_ncp_20260331T1105235288_d_img_d18_r00045_c001_illum.jpg,9.307795,-3.3712282,0.18722737
452,ch2_ohr_ncp_20260331T1105235288_d_img_d18,D:\ISRO\OHRC_raws\ch2_ohr_ncp_20260331T1105235288_d_img_d18,2026-03-31T11:05:23.5288Z,45,2,46080,2048,2048,256,512.0,0.25,7.740821691,296.12401672,89.38302,1.895764,88.104236,TDI64,msb,Ascending,True,0.0,D:\ISRO\OHRC_tiles\ch2_ohr_ncp_20260331T1105235288_d_img_d18\ch2_ohr_ncp_20260331T1105235288_d_img_d18_r00045_c002_structural.jpg,D:\ISRO\OHRC_tiles\ch2_ohr_ncp_20260331T1105235288_d_img_d18\ch2_ohr_ncp_20260331T1105235288_d_img_d18_r00045_c002_illum.jpg,8.964091,-2.6996567,0.5607091
453,ch2_ohr_ncp_20260331T1105235288_d_img_d18,D:\ISRO\OHRC_raws\ch2_ohr_ncp_20260331T1105235288_d_img_d18,2026-03-31T11:05:23.5288Z,45,3,46080,3072,2048,256,512.0,0.25,7.7407135696,296.13305637,89.38302,1.895764,88.104236,TDI64,msb,Ascending,True,0.0,D:\ISRO\OHRC_tiles\ch2_ohr_ncp_20260331T1105235288_d_img_d18\ch2_ohr_ncp_20260331T1105235288_d_img_d18_r00045_c003_structural.jpg,D:\ISRO\OHRC_tiles\ch2_ohr_ncp_20260331T1105235288_d_img_d18\ch2_ohr_ncp_20260331T1105235288_d_img_d18_r00045_c003_illum.jpg,7.9203496,-0.43188217,-1.1279098
454,ch2_ohr_ncp_20260331T1105235288_d_img_d18,D:\ISRO\OHRC_raws\ch2_ohr_ncp_20260331T1105235288_d_img_d18,2026-03-31T11:05:23.5288Z,45,4,46080,4096,2048,256,512.0,0.25,7.7406047712,296.14210337,89.38302,1.895764,88.104236,TDI64,msb,Ascending,True,0.0,D:\ISRO\OHRC_tiles\ch2_ohr_ncp_20260331T1105235288_d_img_d18\ch2_ohr_ncp_20260331T1105235288_d_img_d18_r00045_c004_structural.jpg,D:\ISRO\OHRC_tiles\ch2_ohr_ncp_20260331T1105235288_d_img_d18\ch2_ohr_ncp_20260331T1105235288_d_img_d18_r00045_c004_illum.jpg,7.973669,1.1940866,-1.3953382
455,ch2_ohr_ncp_20260331T1105235288_d_img_d18,D:\ISRO\OHRC_raws\ch2_ohr_ncp_20260331T1105235288_d_img_d18,2026-03-31T11:05:23.5288Z,45,5,46080,5120,2048,256,512.0,0.25,7.7404952834,296.15115766,89.38302,1.895764,88.104236,TDI64,msb,Ascending,True,0.0,D:\ISRO\OHRC_tiles\ch2_ohr_ncp_20260331T1105235288_d_img_d18\ch2_ohr_ncp_20260331T1105235288_d_img_d18_r00045_c005_structural.jpg,D:\ISRO\OHRC_tiles\ch2_ohr_ncp_20260331T1105235288_d_img_d18\ch2_ohr_ncp_20260331T1105235288_d_img_d18_r00045_c005_illum.jpg,6.4204426,2.6133597,-0.04429898
456,ch2_ohr_ncp_20260331T1105235288_d_img_d18,D:\ISRO\OHRC_raws\ch2_ohr_ncp_20260331T1105235288_d_img_d18,2026-03-31T11:05:23.5288Z,45,6,46080,6144,2048,256,512.0,0.25,7.740385106800001,296.16021937999994,89.38302,1.895764,88.104236,TDI64,msb,Ascending,True,0.0,D:\ISRO\OHRC_tiles\ch2_ohr_ncp_20260331T1105235288_d_img_d18\ch2_ohr_ncp_20260331T1105235288_d_img_d18_r00045_c006_structural.jpg,D:\ISRO\OHRC_tiles\ch2_ohr_ncp_20260331T1105235288_d_img_d18\ch2_ohr_ncp_20260331T1105235288_d_img_d18_r00045_c006_illum.jpg,7.944693,1.3329738,-2.1095674
457,ch2_ohr_ncp_20260331T1105235288_d_img_d18,D:\ISRO\OHRC_raws\ch2_ohr_ncp_20260331T1105235288_d_img_d18,2026-03-31T11:05:23.5288Z,45,7,46080,7168,2048,256,512.0,0.25,7.7402742421,296.16928871000005,89.38302,1.895764,88.104236,TDI64,msb,Ascending,True,0.0,D:\ISRO\OHRC_tiles\ch2_ohr_ncp_20260331T1105235288_d_img_d18\ch2_ohr_ncp_20260331T1105235288_d_img_d18_r00045_c007_structural.jpg,D:\ISRO\OHRC_tiles\ch2_ohr_ncp_20260331T1105235288_d_img_d18\ch2_ohr_ncp_20260331T1105235288_d_img_d18_r00045_c007_illum.jpg,8.595671,0.79191023,-2.834272
458,ch2_ohr_ncp_20260331T1105235288_d_img_d18,D:\ISRO\OHRC_raws\ch2_ohr_ncp_20260331T1105235288_d_img_d18,2026-03-31T11:05:23.5288Z,45,8,46080,8192,2048,256,512.0,0.25,7.740162693799999,296.17836551999994,89.38302,1.895764,88.104236,TDI64,msb,Ascending,True,0.0,D:\ISRO\OHRC_tiles\ch2_ohr_ncp_20260331T1105235288_d_img_d18\ch2_ohr_ncp_20260331T1105235288_d_img_d18_r00045_c008_structural.jpg,D:\ISRO\OHRC_tiles\ch2_ohr_ncp_20260331T1105235288_d_img_d18\ch2_ohr_ncp_20260331T1105235288_d_img_d18_r00045_c008_illum.jpg,8.14229,1.6642637,-1.6705493
459,ch2_ohr_ncp_20260331T1105235288_d_img_d18,D:\ISRO\OHRC_raws\ch2_ohr_ncp_20260331T1105235288_d_img_d18,2026-03-31T11:05:23.5288Z,45,9,46080,9216,2048,256,512.0,0.25,7.7400504519,296.1874494,89.38302,1.895764,88.104236,TDI64,msb,Ascending,True,0.0,D:\ISRO\OHRC_tiles\ch2_ohr_ncp_20260331T1105235288_d_img_d18\ch2_ohr_ncp_20260331T1105235288_d_img_d18_r00045_c009_structural.jpg,D:\ISRO\OHRC_tiles\ch2_ohr_ncp_20260331T1105235288_d_img_d18\ch2_ohr_ncp_20260331T1105235288_d_img_d18_r00045_c009_illum.jpg,6.9216247,2.5826414,0.11884164
460,ch2_ohr_ncp_20260331T1105235288_d_img_d18,D:\ISRO\OHRC_raws\ch2_ohr_ncp_20260331T1105235288_d_img_d18,2026-03-31T11:05:23.5288Z,46,0,47104,0,2048,256,512.0,0.25,7.7318989645,296.10619513,89.38302,1.895764,88.104236,TDI64,msb,Ascending,True,0.0,D:\ISRO\OHRC_tiles\ch2_ohr_ncp_20260331T1105235288_d_img_d18\ch2_ohr_ncp_20260331T1105235288_d_img_d18_r00046_c000_structural.jpg,D:\ISRO\OHRC_tiles\ch2_ohr_ncp_20260331T1105235288_d_img_d18\ch2_ohr_ncp_20260331T1105235288_d_img_d18_r00046_c000_illum.jpg,8.503179,-2.5662334,1.7917401
461,ch2_ohr_ncp_20260331T1105235288_d_img_d18,D:\ISRO\OHRC_raws\ch2_ohr_ncp_20260331T1105235288_d_img_d18,2026-03-31T11:05:23.5288Z,46,1,47104,1024,2048,256,512.0,0.25,7.731792216600001,296.11521906,89.38302,1.895764,88.104236,TDI64,msb,Ascending,True,0.0,D:\ISRO\OHRC_tiles\ch2_ohr_ncp_20260331T1105235288_d_img_d18\ch2_ohr_ncp_20260331T1105235288_d_img_d18_r00046_c001_structural.jpg,D:\ISRO\OHRC_tiles\ch2_ohr_ncp_20260331T1105235288_d_img_d18\ch2_ohr_ncp_20260331T1105235288_d_img_d18_r00046_c001_illum.jpg,7.5724874,-1.5466757,1.4022783
462,ch2_ohr_ncp_20260331T1105235288_d_img_d18,D:\ISRO\OHRC_raws\ch2_ohr_ncp_20260331T1105235288_d_img_d18,2026-03-31T11:05:23.5288Z,46,2,47104,2048,2048,256,512.0,0.25,7.731684792399999,296.12425147,89.38302,1.895764,88.104236,TDI64,msb,Ascending,True,0.0,D:\ISRO\OHRC_tiles\ch2_ohr_ncp_20260331T1105235288_d_img_d18\ch2_ohr_ncp_20260331T1105235288_d_img_d18_r00046_c002_structural.jpg,D:\ISRO\OHRC_tiles\ch2_ohr_ncp_20260331T1105235288_d_img_d18\ch2_ohr_ncp_20260331T1105235288_d_img_d18_r00046_c002_illum.jpg,7.817981,-0.35242584,1.1184753
463,ch2_ohr_ncp_20260331T1105235288_d_img_d18,D:\ISRO\OHRC_raws\ch2_ohr_ncp_20260331T1105235288_d_img_d18,2026-03-31T11:05:23.5288Z,46,3,47104,3072,2048,256,512.0,0.25,7.7315766897,296.13329039,89.38302,1.895764,88.104236,TDI64,msb,Ascending,True,0.0,D:\ISRO\OHRC_tiles\ch2_ohr_ncp_20260331T1105235288_d_img_d18\ch2_ohr_ncp_20260331T1105235288_d_img_d18_r00046_c003_structural.jpg,D:\ISRO\OHRC_tiles\ch2_ohr_ncp_20260331T1105235288_d_img_d18\ch2_ohr_ncp_20260331T1105235288_d_img_d18_r00046_c003_illum.jpg,7.4000716,0.2966747,-0.656126
464,ch2_ohr_ncp_20260331T1105235288_d_img_d18,D:\ISRO\OHRC_raws\ch2_ohr_ncp_20260331T1105235288_d_img_d18,2026-03-31T11:05:23.5288Z,46,4,47104,4096,2048,256,512.0,0.25,7.7314679034,296.14233752,89.38302,1.895764,88.104236,TDI64,msb,Ascending,True,0.0,D:\ISRO\OHRC_tiles\ch2_ohr_ncp_20260331T1105235288_d_img_d18\ch2_ohr_ncp_20260331T1105235288_d_img_d18_r00046_c004_structural.jpg,D:\ISRO\OHRC_tiles\ch2_ohr_ncp_20260331T1105235288_d_img_d18\ch2_ohr_ncp_20260331T1105235288_d_img_d18_r00046_c004_illum.jpg,7.315103,1.9154761,0.25055295
465,ch2_ohr_ncp_20260331T1105235288_d_img_d18,D:\ISRO\OHRC_raws\ch2_ohr_ncp_20260331T1105235288_d_img_d18,2026-03-31T11:05:23.5288Z,46,5,47104,5120,2048,256,512.0,0.25,7.731358428,296.15139113,89.38302,1.895764,88.104236,TDI64,msb,Ascending,True,0.0,D:\ISRO\OHRC_tiles\ch2_ohr_ncp_20260331T1105235288_d_img_d18\ch2_ohr_ncp_20260331T1105235288_d_img_d18_r00046_c005_structural.jpg,D:\ISRO\OHRC_tiles\ch2_ohr_ncp_20260331T1105235288_d_img_d18\ch2_ohr_ncp_20260331T1105235288_d_img_d18_r00046_c005_illum.jpg,6.912489,2.0671966,0.42625326
466,ch2_ohr_ncp_20260331T1105235288_d_img_d18,D:\ISRO\OHRC_raws\ch2_ohr_ncp_20260331T1105235288_d_img_d18,2026-03-31T11:05:23.5288Z,46,6,47104,6144,2048,256,512.0,0.25,7.7312482669,296.16045316,89.38302,1.895764,88.104236,TDI64,msb,Ascending,True,0.0,D:\ISRO\OHRC_tiles\ch2_ohr_ncp_20260331T1105235288_d_img_d18\ch2_ohr_ncp_20260331T1105235288_d_img_d18_r00046_c006_structural.jpg,D:\ISRO\OHRC_tiles\ch2_ohr_ncp_20260331T1105235288_d_img_d18\ch2_ohr_ncp_20260331T1105235288_d_img_d18_r00046_c006_illum.jpg,7.873889,1.3467754,-1.2510313
467,ch2_ohr_ncp_20260331T1105235288_d_img_d18,D:\ISRO\OHRC_raws\ch2_ohr_ncp_20260331T1105235288_d_img_d18,2026-03-31T11:05:23.5288Z,46,7,47104,7168,2048,256,512.0,0.25,7.731137422200001,296.16952186000003,89.38302,1.895764,88.104236,TDI64,msb,Ascending,True,0.0,D:\ISRO\OHRC_tiles\ch2_ohr_ncp_20260331T1105235288_d_img_d18\ch2_ohr_ncp_20260331T1105235288_d_img_d18_r00046_c007_structural.jpg,D:\ISRO\OHRC_tiles\ch2_ohr_ncp_20260331T1105235288_d_img_d18\ch2_ohr_ncp_20260331T1105235288_d_img_d18_r00046_c007_illum.jpg,7.8084865,1.3321816,-1.39367
468,ch2_ohr_ncp_20260331T1105235288_d_img_d18,D:\ISRO\OHRC_raws\ch2_ohr_ncp_20260331T1105235288_d_img_d18,2026-03-31T11:05:23.5288Z,46,8,47104,8192,2048,256,512.0,0.25,7.731025883899999,296.17859867000004,89.38302,1.895764,88.104236,TDI64,msb,Ascending,True,0.0,D:\ISRO\OHRC_tiles\ch2_ohr_ncp_20260331T1105235288_d_img_d18\ch2_ohr_ncp_20260331T1105235288_d_img_d18_r00046_c008_structural.jpg,D:\ISRO\OHRC_tiles\ch2_ohr_ncp_20260331T1105235288_d_img_d18\ch2_ohr_ncp_20260331T1105235288_d_img_d18_r00046_c008_illum.jpg,7.245022,2.6026697,0.35069418
469,ch2_ohr_ncp_20260331T1105235288_d_img_d18,D:\ISRO\OHRC_raws\ch2_ohr_ncp_20260331T1105235288_d_img_d18,2026-03-31T11:05:23.5288Z,46,9,47104,9216,2048,256,512.0,0.25,7.7309136561,296.18768255000003,89.38302,1.895764,88.104236,TDI64,msb,Ascending,True,0.0,D:\ISRO\OHRC_tiles\ch2_ohr_ncp_20260331T1105235288_d_img_d18\ch2_ohr_ncp_20260331T1105235288_d_img_d18_r00046_c009_structural.jpg,D:\ISRO\OHRC_tiles\ch2_ohr_ncp_20260331T1105235288_d_img_d18\ch2_ohr_ncp_20260331T1105235288_d_img_d18_r00046_c009_illum.jpg,6.7375507,2.7419722,0.8927836
470,ch2_ohr_ncp_20260331T1105235288_d_img_d18,D:\ISRO\OHRC_raws\ch2_ohr_ncp_20260331T1105235288_d_img_d18,2026-03-31T11:05:23.5288Z,47,0,48128,0,2048,256,512.0,0.25,7.7227580727,296.10642342000006,89.38302,1.895764,88.104236,TDI64,msb,Ascending,True,0.0,D:\ISRO\OHRC_tiles\ch2_ohr_ncp_20260331T1105235288_d_img_d18\ch2_ohr_ncp_20260331T1105235288_d_img_d18_r00047_c000_structural.jpg,D:\ISRO\OHRC_tiles\ch2_ohr_ncp_20260331T1105235288_d_img_d18\ch2_ohr_ncp_20260331T1105235288_d_img_d18_r00047_c000_illum.jpg,7.101033,-1.0831039,1.6803415
471,ch2_ohr_ncp_20260331T1105235288_d_img_d18,D:\ISRO\OHRC_raws\ch2_ohr_ncp_20260331T1105235288_d_img_d18,2026-03-31T11:05:23.5288Z,47,1,48128,1024,2048,256,512.0,0.25,7.7226513348,296.1154476,89.38302,1.895764,88.104236,TDI64,msb,Ascending,True,0.0,D:\ISRO\OHRC_tiles\ch2_ohr_ncp_20260331T1105235288_d_img_d18\ch2_ohr_ncp_20260331T1105235288_d_img_d18_r00047_c001_structural.jpg,D:\ISRO\OHRC_tiles\ch2_ohr_ncp_20260331T1105235288_d_img_d18\ch2_ohr_ncp_20260331T1105235288_d_img_d18_r00047_c001_illum.jpg,6.421462,-0.43636534,1.6109942
472,ch2_ohr_ncp_20260331T1105235288_d_img_d18,D:\ISRO\OHRC_raws\ch2_ohr_ncp_20260331T1105235288_d_img_d18,2026-03-31T11:05:23.5288Z,47,2,48128,2048,2048,256,512.0,0.25,7.722543914500001,296.12447928,89.38302,1.895764,88.104236,TDI64,msb,Ascending,True,0.0,D:\ISRO\OHRC_tiles\ch2_ohr_ncp_20260331T1105235288_d_img_d18\ch2_ohr_ncp_20260331T1105235288_d_img_d18_r00047_c002_structural.jpg,D:\ISRO\OHRC_tiles\ch2_ohr_ncp_20260331T1105235288_d_img_d18\ch2_ohr_ncp_20260331T1105235288_d_img_d18_r00047_c002_illum.jpg,7.4017363,-0.01276078,1.6788789
473,ch2_ohr_ncp_20260331T1105235288_d_img_d18,D:\ISRO\OHRC_raws\ch2_ohr_ncp_20260331T1105235288_d_img_d18,2026-03-31T11:05:23.5288Z,47,3,48128,3072,2048,256,512.0,0.25,7.722435817599999,296.13351893,89.38302,1.895764,88.104236,TDI64,msb,Ascending,True,0.0,D:\ISRO\OHRC_tiles\ch2_ohr_ncp_20260331T1105235288_d_img_d18\ch2_ohr_ncp_20260331T1105235288_d_img_d18_r00047_c003_structural.jpg,D:\ISRO\OHRC_tiles\ch2_ohr_ncp_20260331T1105235288_d_img_d18\ch2_ohr_ncp_20260331T1105235288_d_img_d18_r00047_c003_illum.jpg,7.3492703,0.80958736,0.7947113
474,ch2_ohr_ncp_20260331T1105235288_d_img_d18,D:\ISRO\OHRC_raws\ch2_ohr_ncp_20260331T1105235288_d_img_d18,2026-03-31T11:05:23.5288Z,47,4,48128,4096,2048,256,512.0,0.25,7.722327031600001,296.14256506,89.38302,1.895764,88.104236,TDI64,msb,Ascending,True,0.0,D:\ISRO\OHRC_tiles\ch2_ohr_ncp_20260331T1105235288_d_img_d18\ch2_ohr_ncp_20260331T1105235288_d_img_d18_r00047_c004_structural.jpg,D:\ISRO\OHRC_tiles\ch2_ohr_ncp_20260331T1105235288_d_img_d18\ch2_ohr_ncp_20260331T1105235288_d_img_d18_r00047_c004_illum.jpg,7.3895907,1.3857526,0.756806
475,ch2_ohr_ncp_20260331T1105235288_d_img_d18,D:\ISRO\OHRC_raws\ch2_ohr_ncp_20260331T1105235288_d_img_d18,2026-03-31T11:05:23.5288Z,47,5,48128,5120,2048,256,512.0,0.25,7.722217561700001,296.15161922000004,89.38302,1.895764,88.104236,TDI64,msb,Ascending,True,0.0,D:\ISRO\OHRC_tiles\ch2_ohr_ncp_20260331T1105235288_d_img_d18\ch2_ohr_ncp_20260331T1105235288_d_img_d18_r00047_c005_structural.jpg,D:\ISRO\OHRC_tiles\ch2_ohr_ncp_20260331T1105235288_d_img_d18\ch2_ohr_ncp_20260331T1105235288_d_img_d18_r00047_c005_illum.jpg,6.511237,2.0225966,0.903243
476,ch2_ohr_ncp_20260331T1105235288_d_img_d18,D:\ISRO\OHRC_raws\ch2_ohr_ncp_20260331T1105235288_d_img_d18,2026-03-31T11:05:23.5288Z,47,6,48128,6144,2048,256,512.0,0.25,7.722107405899999,296.16068007,89.38302,1.895764,88.104236,TDI64,msb,Ascending,True,0.0,D:\ISRO\OHRC_tiles\ch2_ohr_ncp_20260331T1105235288_d_img_d18\ch2_ohr_ncp_20260331T1105235288_d_img_d18_r00047_c006_structural.jpg,D:\ISRO\OHRC_tiles\ch2_ohr_ncp_20260331T1105235288_d_img_d18\ch2_ohr_ncp_20260331T1105235288_d_img_d18_r00047_c006_illum.jpg,6.03045,3.108659,0.64358175
477,ch2_ohr_ncp_20260331T1105235288_d_img_d18,D:\ISRO\OHRC_raws\ch2_ohr_ncp_20260331T1105235288_d_img_d18,2026-03-31T11:05:23.5288Z,47,7,48128,7168,2048,256,512.0,0.25,7.7219965636,296.1697494,89.38302,1.895764,88.104236,TDI64,msb,Ascending,True,0.0,D:\ISRO\OHRC_tiles\ch2_ohr_ncp_20260331T1105235288_d_img_d18\ch2_ohr_ncp_20260331T1105235288_d_img_d18_r00047_c007_structural.jpg,D:\ISRO\OHRC_tiles\ch2_ohr_ncp_20260331T1105235288_d_img_d18\ch2_ohr_ncp_20260331T1105235288_d_img_d18_r00047_c007_illum.jpg,6.8218136,2.7213123,0.252527
478,ch2_ohr_ncp_20260331T1105235288_d_img_d18,D:\ISRO\OHRC_raws\ch2_ohr_ncp_20260331T1105235288_d_img_d18,2026-03-31T11:05:23.5288Z,47,8,48128,8192,2048,256,512.0,0.25,7.7218850321,296.1788256,89.38302,1.895764,88.104236,TDI64,msb,Ascending,True,0.0,D:\ISRO\OHRC_tiles\ch2_ohr_ncp_20260331T1105235288_d_img_d18\ch2_ohr_ncp_20260331T1105235288_d_img_d18_r00047_c008_structural.jpg,D:\ISRO\OHRC_tiles\ch2_ohr_ncp_20260331T1105235288_d_img_d18\ch2_ohr_ncp_20260331T1105235288_d_img_d18_r00047_c008_illum.jpg,7.0496135,2.7719798,0.29565182
479,ch2_ohr_ncp_20260331T1105235288_d_img_d18,D:\ISRO\OHRC_raws\ch2_ohr_ncp_20260331T1105235288_d_img_d18,2026-03-31T11:05:23.5288Z,47,9,48128,9216,2048,256,512.0,0.25,7.7217728141,296.1879095,89.38302,1.895764,88.104236,TDI64,msb,Ascending,True,0.0,D:\ISRO\OHRC_tiles\ch2_ohr_ncp_20260331T1105235288_d_img_d18\ch2_ohr_ncp_20260331T1105235288_d_img_d18_r00047_c009_structural.jpg,D:\ISRO\OHRC_tiles\ch2_ohr_ncp_20260331T1105235288_d_img_d18\ch2_ohr_ncp_20260331T1105235288_d_img_d18_r00047_c009_illum.jpg,7.206896,2.5968094,0.11496242
480,ch2_ohr_ncp_20260331T1105235288_d_img_d18,D:\ISRO\OHRC_raws\ch2_ohr_ncp_20260331T1105235288_d_img_d18,2026-03-31T11:05:23.5288Z,48,0,49152,0,2048,256,512.0,0.25,7.713622796999999,296.10665565,89.38302,1.895764,88.104236,TDI64,msb,Ascending,True,0.0,D:\ISRO\OHRC_tiles\ch2_ohr_ncp_20260331T1105235288_d_img_d18\ch2_ohr_ncp_20260331T1105235288_d_img_d18_r00048_c000_structural.jpg,D:\ISRO\OHRC_tiles\ch2_ohr_ncp_20260331T1105235288_d_img_d18\ch2_ohr_ncp_20260331T1105235288_d_img_d18_r00048_c000_illum.jpg,5.5469427,1.8940606,1.2603549
481,ch2_ohr_ncp_20260331T1105235288_d_img_d18,D:\ISRO\OHRC_raws\ch2_ohr_ncp_20260331T1105235288_d_img_d18,2026-03-31T11:05:23.5288Z,48,1,49152,1024,2048,256,512.0,0.25,7.7135160625,296.11567958,89.38302,1.895764,88.104236,TDI64,msb,Ascending,True,0.0,D:\ISRO\OHRC_tiles\ch2_ohr_ncp_20260331T1105235288_d_img_d18\ch2_ohr_ncp_20260331T1105235288_d_img_d18_r00048_c001_structural.jpg,D:\ISRO\OHRC_tiles\ch2_ohr_ncp_20260331T1105235288_d_img_d18\ch2_ohr_ncp_20260331T1105235288_d_img_d18_r00048_c001_illum.jpg,6.660946,-0.81369436,1.3920838
482,ch2_ohr_ncp_20260331T1105235288_d_img_d18,D:\ISRO\OHRC_raws\ch2_ohr_ncp_20260331T1105235288_d_img_d18,2026-03-31T11:05:23.5288Z,48,2,49152,2048,2048,256,512.0,0.25,7.7134086534,296.12471141000003,89.38302,1.895764,88.104236,TDI64,msb,Ascending,True,0.0,D:\ISRO\OHRC_tiles\ch2_ohr_ncp_20260331T1105235288_d_img_d18\ch2_ohr_ncp_20260331T1105235288_d_img_d18_r00048_c002_structural.jpg,D:\ISRO\OHRC_tiles\ch2_ohr_ncp_20260331T1105235288_d_img_d18\ch2_ohr_ncp_20260331T1105235288_d_img_d18_r00048_c002_illum.jpg,7.684075,0.010902599,1.4101331
483,ch2_ohr_ncp_20260331T1105235288_d_img_d18,D:\ISRO\OHRC_raws\ch2_ohr_ncp_20260331T1105235288_d_img_d18,2026-03-31T11:05:23.5288Z,48,3,49152,3072,2048,256,512.0,0.25,7.7133005604,296.13375006,89.38302,1.895764,88.104236,TDI64,msb,Ascending,True,0.0,D:\ISRO\OHRC_tiles\ch2_ohr_ncp_20260331T1105235288_d_img_d18\ch2_ohr_ncp_20260331T1105235288_d_img_d18_r00048_c003_structural.jpg,D:\ISRO\OHRC_tiles\ch2_ohr_ncp_20260331T1105235288_d_img_d18\ch2_ohr_ncp_20260331T1105235288_d_img_d18_r00048_c003_illum.jpg,7.750317,0.85394174,0.604536
484,ch2_ohr_ncp_20260331T1105235288_d_img_d18,D:\ISRO\OHRC_raws\ch2_ohr_ncp_20260331T1105235288_d_img_d18,2026-03-31T11:05:23.5288Z,48,4,49152,4096,2048,256,512.0,0.25,7.713191784400001,296.14279698,89.38302,1.895764,88.104236,TDI64,msb,Ascending,True,0.0,D:\ISRO\OHRC_tiles\ch2_ohr_ncp_20260331T1105235288_d_img_d18\ch2_ohr_ncp_20260331T1105235288_d_img_d18_r00048_c004_structural.jpg,D:\ISRO\OHRC_tiles\ch2_ohr_ncp_20260331T1105235288_d_img_d18\ch2_ohr_ncp_20260331T1105235288_d_img_d18_r00048_c004_illum.jpg,6.8750734,1.6569836,0.7963709
485,ch2_ohr_ncp_20260331T1105235288_d_img_d18,D:\ISRO\OHRC_raws\ch2_ohr_ncp_20260331T1105235288_d_img_d18,2026-03-31T11:05:23.5288Z,48,5,49152,5120,2048,256,512.0,0.25,7.7130823175,296.15185035,89.38302,1.895764,88.104236,TDI64,msb,Ascending,True,0.0,D:\ISRO\OHRC_tiles\ch2_ohr_ncp_20260331T1105235288_d_img_d18\ch2_ohr_ncp_20260331T1105235288_d_img_d18_r00048_c005_structural.jpg,D:\ISRO\OHRC_tiles\ch2_ohr_ncp_20260331T1105235288_d_img_d18\ch2_ohr_ncp_20260331T1105235288_d_img_d18_r00048_c005_illum.jpg,6.7436056,2.827008,0.4556022
486,ch2_ohr_ncp_20260331T1105235288_d_img_d18,D:\ISRO\OHRC_raws\ch2_ohr_ncp_20260331T1105235288_d_img_d18,2026-03-31T11:05:23.5288Z,48,6,49152,6144,2048,256,512.0,0.25,7.7129721764,296.16091189,89.38302,1.895764,88.104236,TDI64,msb,Ascending,True,0.0,D:\ISRO\OHRC_tiles\ch2_ohr_ncp_20260331T1105235288_d_img_d18\ch2_ohr_ncp_20260331T1105235288_d_img_d18_r00048_c006_structural.jpg,D:\ISRO\OHRC_tiles\ch2_ohr_ncp_20260331T1105235288_d_img_d18\ch2_ohr_ncp_20260331T1105235288_d_img_d18_r00048_c006_illum.jpg,6.696331,3.036986,0.3150054
487,ch2_ohr_ncp_20260331T1105235288_d_img_d18,D:\ISRO\OHRC_raws\ch2_ohr_ncp_20260331T1105235288_d_img_d18,2026-03-31T11:05:23.5288Z,48,7,49152,7168,2048,256,512.0,0.25,7.712861341,296.16998038,89.38302,1.895764,88.104236,TDI64,msb,Ascending,True,0.0,D:\ISRO\OHRC_tiles\ch2_ohr_ncp_20260331T1105235288_d_img_d18\ch2_ohr_ncp_20260331T1105235288_d_img_d18_r00048_c007_structural.jpg,D:\ISRO\OHRC_tiles\ch2_ohr_ncp_20260331T1105235288_d_img_d18\ch2_ohr_ncp_20260331T1105235288_d_img_d18_r00048_c007_illum.jpg,6.608562,2.999993,0.41461378
488,ch2_ohr_ncp_20260331T1105235288_d_img_d18,D:\ISRO\OHRC_raws\ch2_ohr_ncp_20260331T1105235288_d_img_d18,2026-03-31T11:05:23.5288Z,48,8,49152,8192,2048,256,512.0,0.25,7.7127498136,296.17905634,89.38302,1.895764,88.104236,TDI64,msb,Ascending,True,0.0,D:\ISRO\OHRC_tiles\ch2_ohr_ncp_20260331T1105235288_d_img_d18\ch2_ohr_ncp_20260331T1105235288_d_img_d18_r00048_c008_structural.jpg,D:\ISRO\OHRC_tiles\ch2_ohr_ncp_20260331T1105235288_d_img_d18\ch2_ohr_ncp_20260331T1105235288_d_img_d18_r00048_c008_illum.jpg,7.371923,1.4326754,-1.3257751
489,ch2_ohr_ncp_20260331T1105235288_d_img_d18,D:\ISRO\OHRC_raws\ch2_ohr_ncp_20260331T1105235288_d_img_d18,2026-03-31T11:05:23.5288Z,48,9,49152,9216,2048,256,512.0,0.25,7.7126376041,296.18814022,89.38302,1.895764,88.104236,TDI64,msb,Ascending,True,0.0,D:\ISRO\OHRC_tiles\ch2_ohr_ncp_20260331T1105235288_d_img_d18\ch2_ohr_ncp_20260331T1105235288_d_img_d18_r00048_c009_structural.jpg,D:\ISRO\OHRC_tiles\ch2_ohr_ncp_20260331T1105235288_d_img_d18\ch2_ohr_ncp_20260331T1105235288_d_img_d18_r00048_c009_illum.jpg,7.8026905,1.1587574,-1.4821794
490,ch2_ohr_ncp_20260331T1105235288_d_img_d18,D:\ISRO\OHRC_raws\ch2_ohr_ncp_20260331T1105235288_d_img_d18,2026-03-31T11:05:23.5288Z,49,0,50176,0,2048,256,512.0,0.25,7.7044828694,296.10688014,89.38302,1.895764,88.104236,TDI64,msb,Ascending,True,0.0,D:\ISRO\OHRC_tiles\ch2_ohr_ncp_20260331T1105235288_d_img_d18\ch2_ohr_ncp_20260331T1105235288_d_img_d18_r00049_c000_structural.jpg,D:\ISRO\OHRC_tiles\ch2_ohr_ncp_20260331T1105235288_d_img_d18\ch2_ohr_ncp_20260331T1105235288_d_img_d18_r00049_c000_illum.jpg,5.3191557,0.40585083,1.6606673
491,ch2_ohr_ncp_20260331T1105235288_d_img_d18,D:\ISRO\OHRC_raws\ch2_ohr_ncp_20260331T1105235288_d_img_d18,2026-03-31T11:05:23.5288Z,49,1,50176,1024,2048,256,512.0,0.25,7.704376126400001,296.11590407,89.38302,1.895764,88.104236,TDI64,msb,Ascending,True,0.0,D:\ISRO\OHRC_tiles\ch2_ohr_ncp_20260331T1105235288_d_img_d18\ch2_ohr_ncp_20260331T1105235288_d_img_d18_r00049_c001_structural.jpg,D:\ISRO\OHRC_tiles\ch2_ohr_ncp_20260331T1105235288_d_img_d18\ch2_ohr_ncp_20260331T1105235288_d_img_d18_r00049_c001_illum.jpg,7.625389,-1.7493526,1.826678
492,ch2_ohr_ncp_20260331T1105235288_d_img_d18,D:\ISRO\OHRC_raws\ch2_ohr_ncp_20260331T1105235288_d_img_d18,2026-03-31T11:05:23.5288Z,49,2,50176,2048,2048,256,512.0,0.25,7.7042687073,296.12493557,89.38302,1.895764,88.104236,TDI64,msb,Ascending,True,0.0,D:\ISRO\OHRC_tiles\ch2_ohr_ncp_20260331T1105235288_d_img_d18\ch2_ohr_ncp_20260331T1105235288_d_img_d18_r00049_c002_structural.jpg,D:\ISRO\OHRC_tiles\ch2_ohr_ncp_20260331T1105235288_d_img_d18\ch2_ohr_ncp_20260331T1105235288_d_img_d18_r00049_c002_illum.jpg,8.289976,-1.4488734,1.5171338
493,ch2_ohr_ncp_20260331T1105235288_d_img_d18,D:\ISRO\OHRC_raws\ch2_ohr_ncp_20260331T1105235288_d_img_d18,2026-03-31T11:05:23.5288Z,49,3,50176,3072,2048,256,512.0,0.25,7.7041606046,296.13397440000006,89.38302,1.895764,88.104236,TDI64,msb,Ascending,True,0.0,D:\ISRO\OHRC_tiles\ch2_ohr_ncp_20260331T1105235288_d_img_d18\ch2_ohr_ncp_20260331T1105235288_d_img_d18_r00049_c003_structural.jpg,D:\ISRO\OHRC_tiles\ch2_ohr_ncp_20260331T1105235288_d_img_d18\ch2_ohr_ncp_20260331T1105235288_d_img_d18_r00049_c003_illum.jpg,8.548502,-0.67351395,-0.1306318
494,ch2_ohr_ncp_20260331T1105235288_d_img_d18,D:\ISRO\OHRC_raws\ch2_ohr_ncp_20260331T1105235288_d_img_d18,2026-03-31T11:05:23.5288Z,49,4,50176,4096,2048,256,512.0,0.25,7.704051818300001,296.14302032,89.38302,1.895764,88.104236,TDI64,msb,Ascending,True,0.0,D:\ISRO\OHRC_tiles\ch2_ohr_ncp_20260331T1105235288_d_img_d18\ch2_ohr_ncp_20260331T1105235288_d_img_d18_r00049_c004_structural.jpg,D:\ISRO\OHRC_tiles\ch2_ohr_ncp_20260331T1105235288_d_img_d18\ch2_ohr_ncp_20260331T1105235288_d_img_d18_r00049_c004_illum.jpg,7.2404485,1.9338976,0.10505005
495,ch2_ohr_ncp_20260331T1105235288_d_img_d18,D:\ISRO\OHRC_raws\ch2_ohr_ncp_20260331T1105235288_d_img_d18,2026-03-31T11:05:23.5288Z,49,5,50176,5120,2048,256,512.0,0.25,7.7039423529,296.15207378,89.38302,1.895764,88.104236,TDI64,msb,Ascending,True,0.0,D:\ISRO\OHRC_tiles\ch2_ohr_ncp_20260331T1105235288_d_img_d18\ch2_ohr_ncp_20260331T1105235288_d_img_d18_r00049_c005_structural.jpg,D:\ISRO\OHRC_tiles\ch2_ohr_ncp_20260331T1105235288_d_img_d18\ch2_ohr_ncp_20260331T1105235288_d_img_d18_r00049_c005_illum.jpg,6.493109,3.1835854,0.34814176
496,ch2_ohr_ncp_20260331T1105235288_d_img_d18,D:\ISRO\OHRC_raws\ch2_ohr_ncp_20260331T1105235288_d_img_d18,2026-03-31T11:05:23.5288Z,49,6,50176,6144,2048,256,512.0,0.25,7.703832201800001,296.16113463,89.38302,1.895764,88.104236,TDI64,msb,Ascending,True,0.0,D:\ISRO\OHRC_tiles\ch2_ohr_ncp_20260331T1105235288_d_img_d18\ch2_ohr_ncp_20260331T1105235288_d_img_d18_r00049_c006_structural.jpg,D:\ISRO\OHRC_tiles\ch2_ohr_ncp_20260331T1105235288_d_img_d18\ch2_ohr_ncp_20260331T1105235288_d_img_d18_r00049_c006_illum.jpg,5.97382,2.9345496,0.6165694
497,ch2_ohr_ncp_20260331T1105235288_d_img_d18,D:\ISRO\OHRC_raws\ch2_ohr_ncp_20260331T1105235288_d_img_d18,2026-03-31T11:05:23.5288Z,49,7,50176,7168,2048,256,512.0,0.25,7.703721356399999,296.17020296,89.38302,1.895764,88.104236,TDI64,msb,Ascending,True,0.0,D:\ISRO\OHRC_tiles\ch2_ohr_ncp_20260331T1105235288_d_img_d18\ch2_ohr_ncp_20260331T1105235288_d_img_d18_r00049_c007_structural.jpg,D:\ISRO\OHRC_tiles\ch2_ohr_ncp_20260331T1105235288_d_img_d18\ch2_ohr_ncp_20260331T1105235288_d_img_d18_r00049_c007_illum.jpg,6.250493,2.955574,0.50479513
498,ch2_ohr_ncp_20260331T1105235288_d_img_d18,D:\ISRO\OHRC_raws\ch2_ohr_ncp_20260331T1105235288_d_img_d18,2026-03-31T11:05:23.5288Z,49,8,50176,8192,2048,256,512.0,0.25,7.703609828799999,296.17927960000003,89.38302,1.895764,88.104236,TDI64,msb,Ascending,True,0.0,D:\ISRO\OHRC_tiles\ch2_ohr_ncp_20260331T1105235288_d_img_d18\ch2_ohr_ncp_20260331T1105235288_d_img_d18_r00049_c008_structural.jpg,D:\ISRO\OHRC_tiles\ch2_ohr_ncp_20260331T1105235288_d_img_d18\ch2_ohr_ncp_20260331T1105235288_d_img_d18_r00049_c008_illum.jpg,8.372754,-0.05351379,-1.9412223
499,ch2_ohr_ncp_20260331T1105235288_d_img_d18,D:\ISRO\OHRC_raws\ch2_ohr_ncp_20260331T1105235288_d_img_d18,2026-03-31T11:05:23.5288Z,49,9,50176,9216,2048,256,512.0,0.25,7.703497606000001,296.18836265,89.38302,1.895764,88.104236,TDI64,msb,Ascending,True,0.0,D:\ISRO\OHRC_tiles\ch2_ohr_ncp_20260331T1105235288_d_img_d18\ch2_ohr_ncp_20260331T1105235288_d_img_d18_r00049_c009_structural.jpg,D:\ISRO\OHRC_tiles\ch2_ohr_ncp_20260331T1105235288_d_img_d18\ch2_ohr_ncp_20260331T1105235288_d_img_d18_r00049_c009_illum.jpg,7.9412875,0.4594835,-1.4594516
500,ch2_ohr_ncp_20260331T1105235288_d_img_d18,D:\ISRO\OHRC_raws\ch2_ohr_ncp_20260331T1105235288_d_img_d18,2026-03-31T11:05:23.5288Z,50,0,51200,0,2048,256,512.0,0.25,7.6953445939,296.10711784,89.38302,1.895764,88.104236,TDI64,msb,Ascending,True,0.0,D:\ISRO\OHRC_tiles\ch2_ohr_ncp_20260331T1105235288_d_img_d18\ch2_ohr_ncp_20260331T1105235288_d_img_d18_r00050_c000_structural.jpg,D:\ISRO\OHRC_tiles\ch2_ohr_ncp_20260331T1105235288_d_img_d18\ch2_ohr_ncp_20260331T1105235288_d_img_d18_r00050_c000_illum.jpg,7.208922,-1.6122944,1.8345265
501,ch2_ohr_ncp_20260331T1105235288_d_img_d18,D:\ISRO\OHRC_raws\ch2_ohr_ncp_20260331T1105235288_d_img_d18,2026-03-31T11:05:23.5288Z,50,1,51200,1024,2048,256,512.0,0.25,7.695237866,296.11614177,89.38302,1.895764,88.104236,TDI64,msb,Ascending,True,0.0,D:\ISRO\OHRC_tiles\ch2_ohr_ncp_20260331T1105235288_d_img_d18\ch2_ohr_ncp_20260331T1105235288_d_img_d18_r00050_c001_structural.jpg,D:\ISRO\OHRC_tiles\ch2_ohr_ncp_20260331T1105235288_d_img_d18\ch2_ohr_ncp_20260331T1105235288_d_img_d18_r00050_c001_illum.jpg,8.754023,-3.1134927,2.0017965
502,ch2_ohr_ncp_20260331T1105235288_d_img_d18,D:\ISRO\OHRC_raws\ch2_ohr_ncp_20260331T1105235288_d_img_d18,2026-03-31T11:05:23.5288Z,50,2,51200,2048,2048,256,512.0,0.25,7.6951304618,296.12517318,89.38302,1.895764,88.104236,TDI64,msb,Ascending,True,0.0,D:\ISRO\OHRC_tiles\ch2_ohr_ncp_20260331T1105235288_d_img_d18\ch2_ohr_ncp_20260331T1105235288_d_img_d18_r00050_c002_structural.jpg,D:\ISRO\OHRC_tiles\ch2_ohr_ncp_20260331T1105235288_d_img_d18\ch2_ohr_ncp_20260331T1105235288_d_img_d18_r00050_c002_illum.jpg,9.233925,-3.2339897,2.119718
503,ch2_ohr_ncp_20260331T1105235288_d_img_d18,D:\ISRO\OHRC_raws\ch2_ohr_ncp_20260331T1105235288_d_img_d18,2026-03-31T11:05:23.5288Z,50,3,51200,3072,2048,256,512.0,0.25,7.695022375799999,296.1342111,89.38302,1.895764,88.104236,TDI64,msb,Ascending,True,0.0,D:\ISRO\OHRC_tiles\ch2_ohr_ncp_20260331T1105235288_d_img_d18\ch2_ohr_ncp_20260331T1105235288_d_img_d18_r00050_c003_structural.jpg,D:\ISRO\OHRC_tiles\ch2_ohr_ncp_20260331T1105235288_d_img_d18\ch2_ohr_ncp_20260331T1105235288_d_img_d18_r00050_c003_illum.jpg,8.442958,-1.7440312,0.55164915
504,ch2_ohr_ncp_20260331T1105235288_d_img_d18,D:\ISRO\OHRC_raws\ch2_ohr_ncp_20260331T1105235288_d_img_d18,2026-03-31T11:05:23.5288Z,50,4,51200,4096,2048,256,512.0,0.25,7.6949136095,296.14325723,89.38302,1.895764,88.104236,TDI64,msb,Ascending,True,0.0,D:\ISRO\OHRC_tiles\ch2_ohr_ncp_20260331T1105235288_d_img_d18\ch2_ohr_ncp_20260331T1105235288_d_img_d18_r00050_c004_structural.jpg,D:\ISRO\OHRC_tiles\ch2_ohr_ncp_20260331T1105235288_d_img_d18\ch2_ohr_ncp_20260331T1105235288_d_img_d18_r00050_c004_illum.jpg,7.15107,2.3838065,-0.048821434
505,ch2_ohr_ncp_20260331T1105235288_d_img_d18,D:\ISRO\OHRC_raws\ch2_ohr_ncp_20260331T1105235288_d_img_d18,2026-03-31T11:05:23.5288Z,50,5,51200,5120,2048,256,512.0,0.25,7.6948041541,296.15231084000004,89.38302,1.895764,88.104236,TDI64,msb,Ascending,True,0.0,D:\ISRO\OHRC_tiles\ch2_ohr_ncp_20260331T1105235288_d_img_d18\ch2_ohr_ncp_20260331T1105235288_d_img_d18_r00050_c005_structural.jpg,D:\ISRO\OHRC_tiles\ch2_ohr_ncp_20260331T1105235288_d_img_d18\ch2_ohr_ncp_20260331T1105235288_d_img_d18_r00050_c005_illum.jpg,6.4324465,3.2009215,0.36662027
506,ch2_ohr_ncp_20260331T1105235288_d_img_d18,D:\ISRO\OHRC_raws\ch2_ohr_ncp_20260331T1105235288_d_img_d18,2026-03-31T11:05:23.5288Z,50,6,51200,6144,2048,256,512.0,0.25,7.6946940199,296.16137193,89.38302,1.895764,88.104236,TDI64,msb,Ascending,True,0.0,D:\ISRO\OHRC_tiles\ch2_ohr_ncp_20260331T1105235288_d_img_d18\ch2_ohr_ncp_20260331T1105235288_d_img_d18_r00050_c006_structural.jpg,D:\ISRO\OHRC_tiles\ch2_ohr_ncp_20260331T1105235288_d_img_d18\ch2_ohr_ncp_20260331T1105235288_d_img_d18_r00050_c006_illum.jpg,6.286978,2.961425,0.9429333
507,ch2_ohr_ncp_20260331T1105235288_d_img_d18,D:\ISRO\OHRC_raws\ch2_ohr_ncp_20260331T1105235288_d_img_d18,2026-03-31T11:05:23.5288Z,50,7,51200,7168,2048,256,512.0,0.25,7.6945831976,296.17044057,89.38302,1.895764,88.104236,TDI64,msb,Ascending,True,0.0,D:\ISRO\OHRC_tiles\ch2_ohr_ncp_20260331T1105235288_d_img_d18\ch2_ohr_ncp_20260331T1105235288_d_img_d18_r00050_c007_structural.jpg,D:\ISRO\OHRC_tiles\ch2_ohr_ncp_20260331T1105235288_d_img_d18\ch2_ohr_ncp_20260331T1105235288_d_img_d18_r00050_c007_illum.jpg,6.356205,2.7774358,0.9961376
508,ch2_ohr_ncp_20260331T1105235288_d_img_d18,D:\ISRO\OHRC_raws\ch2_ohr_ncp_20260331T1105235288_d_img_d18,2026-03-31T11:05:23.5288Z,50,8,51200,8192,2048,256,512.0,0.25,7.6944716867,296.17951621,89.38302,1.895764,88.104236,TDI64,msb,Ascending,True,0.0,D:\ISRO\OHRC_tiles\ch2_ohr_ncp_20260331T1105235288_d_img_d18\ch2_ohr_ncp_20260331T1105235288_d_img_d18_r00050_c008_structural.jpg,D:\ISRO\OHRC_tiles\ch2_ohr_ncp_20260331T1105235288_d_img_d18\ch2_ohr_ncp_20260331T1105235288_d_img_d18_r00050_c008_illum.jpg,8.1944275,-0.4823498,0.1829192
509,ch2_ohr_ncp_20260331T1105235288_d_img_d18,D:\ISRO\OHRC_raws\ch2_ohr_ncp_20260331T1105235288_d_img_d18,2026-03-31T11:05:23.5288Z,50,9,51200,9216,2048,256,512.0,0.25,7.694359478899999,296.18859926,89.38302,1.895764,88.104236,TDI64,msb,Ascending,True,0.0,D:\ISRO\OHRC_tiles\ch2_ohr_ncp_20260331T1105235288_d_img_d18\ch2_ohr_ncp_20260331T1105235288_d_img_d18_r00050_c009_structural.jpg,D:\ISRO\OHRC_tiles\ch2_ohr_ncp_20260331T1105235288_d_img_d18\ch2_ohr_ncp_20260331T1105235288_d_img_d18_r00050_c009_illum.jpg,7.751041,0.1869041,0.033462137
510,ch2_ohr_ncp_20260331T1105235288_d_img_d18,D:\ISRO\OHRC_raws\ch2_ohr_ncp_20260331T1105235288_d_img_d18,2026-03-31T11:05:23.5288Z,51,0,52224,0,2048,256,512.0,0.25,7.686207644100001,296.10734479,89.38302,1.895764,88.104236,TDI64,msb,Ascending,True,0.0,D:\ISRO\OHRC_tiles\ch2_ohr_ncp_20260331T1105235288_d_img_d18\ch2_ohr_ncp_20260331T1105235288_d_img_d18_r00051_c000_structural.jpg,D:\ISRO\OHRC_tiles\ch2_ohr_ncp_20260331T1105235288_d_img_d18\ch2_ohr_ncp_20260331T1105235288_d_img_d18_r00051_c000_illum.jpg,8.140576,-2.311041,1.4888313
511,ch2_ohr_ncp_20260331T1105235288_d_img_d18,D:\ISRO\OHRC_raws\ch2_ohr_ncp_20260331T1105235288_d_img_d18,2026-03-31T11:05:23.5288Z,51,1,52224,1024,2048,256,512.0,0.25,7.6861009262,296.11636823,89.38302,1.895764,88.104236,TDI64,msb,Ascending,True,0.0,D:\ISRO\OHRC_tiles\ch2_ohr_ncp_20260331T1105235288_d_img_d18\ch2_ohr_ncp_20260331T1105235288_d_img_d18_r00051_c001_structural.jpg,D:\ISRO\OHRC_tiles\ch2_ohr_ncp_20260331T1105235288_d_img_d18\ch2_ohr_ncp_20260331T1105235288_d_img_d18_r00051_c001_illum.jpg,8.254512,-2.6829104,2.0464432
512,ch2_ohr_ncp_20260331T1105235288_d_img_d18,D:\ISRO\OHRC_raws\ch2_ohr_ncp_20260331T1105235288_d_img_d18,2026-03-31T11:05:23.5288Z,51,2,52224,2048,2048,256,512.0,0.25,7.6859935277,296.12539940000005,89.38302,1.895764,88.104236,TDI64,msb,Ascending,True,0.0,D:\ISRO\OHRC_tiles\ch2_ohr_ncp_20260331T1105235288_d_img_d18\ch2_ohr_ncp_20260331T1105235288_d_img_d18_r00051_c002_structural.jpg,D:\ISRO\OHRC_tiles\ch2_ohr_ncp_20260331T1105235288_d_img_d18\ch2_ohr_ncp_20260331T1105235288_d_img_d18_r00051_c002_illum.jpg,9.365069,-2.7145603,1.9586262
513,ch2_ohr_ncp_20260331T1105235288_d_img_d18,D:\ISRO\OHRC_raws\ch2_ohr_ncp_20260331T1105235288_d_img_d18,2026-03-31T11:05:23.5288Z,51,3,52224,3072,2048,256,512.0,0.25,7.685885454700001,296.13443751,89.38302,1.895764,88.104236,TDI64,msb,Ascending,True,0.0,D:\ISRO\OHRC_tiles\ch2_ohr_ncp_20260331T1105235288_d_img_d18\ch2_ohr_ncp_20260331T1105235288_d_img_d18_r00051_c003_structural.jpg,D:\ISRO\OHRC_tiles\ch2_ohr_ncp_20260331T1105235288_d_img_d18\ch2_ohr_ncp_20260331T1105235288_d_img_d18_r00051_c003_illum.jpg,7.5518723,-0.34819633,1.4914471
514,ch2_ohr_ncp_20260331T1105235288_d_img_d18,D:\ISRO\OHRC_raws\ch2_ohr_ncp_20260331T1105235288_d_img_d18,2026-03-31T11:05:23.5288Z,51,4,52224,4096,2048,256,512.0,0.25,7.685776690800001,296.14348361,89.38302,1.895764,88.104236,TDI64,msb,Ascending,True,0.0,D:\ISRO\OHRC_tiles\ch2_ohr_ncp_20260331T1105235288_d_img_d18\ch2_ohr_ncp_20260331T1105235288_d_img_d18_r00051_c004_structural.jpg,D:\ISRO\OHRC_tiles\ch2_ohr_ncp_20260331T1105235288_d_img_d18\ch2_ohr_ncp_20260331T1105235288_d_img_d18_r00051_c004_illum.jpg,7.0574074,2.891502,0.3851938
515,ch2_ohr_ncp_20260331T1105235288_d_img_d18,D:\ISRO\OHRC_raws\ch2_ohr_ncp_20260331T1105235288_d_img_d18,2026-03-31T11:05:23.5288Z,51,5,52224,5120,2048,256,512.0,0.25,7.685667249,296.15253722,89.38302,1.895764,88.104236,TDI64,msb,Ascending,True,0.0,D:\ISRO\OHRC_tiles\ch2_ohr_ncp_20260331T1105235288_d_img_d18\ch2_ohr_ncp_20260331T1105235288_d_img_d18_r00051_c005_structural.jpg,D:\ISRO\OHRC_tiles\ch2_ohr_ncp_20260331T1105235288_d_img_d18\ch2_ohr_ncp_20260331T1105235288_d_img_d18_r00051_c005_illum.jpg,6.155828,3.1977808,0.29929405
516,ch2_ohr_ncp_20260331T1105235288_d_img_d18,D:\ISRO\OHRC_raws\ch2_ohr_ncp_20260331T1105235288_d_img_d18,2026-03-31T11:05:23.5288Z,51,6,52224,6144,2048,256,512.0,0.25,7.6855571179,296.16159762,89.38302,1.895764,88.104236,TDI64,msb,Ascending,True,0.0,D:\ISRO\OHRC_tiles\ch2_ohr_ncp_20260331T1105235288_d_img_d18\ch2_ohr_ncp_20260331T1105235288_d_img_d18_r00051_c006_structural.jpg,D:\ISRO\OHRC_tiles\ch2_ohr_ncp_20260331T1105235288_d_img_d18\ch2_ohr_ncp_20260331T1105235288_d_img_d18_r00051_c006_illum.jpg,6.625431,2.7160392,0.46214005
517,ch2_ohr_ncp_20260331T1105235288_d_img_d18,D:\ISRO\OHRC_raws\ch2_ohr_ncp_20260331T1105235288_d_img_d18,2026-03-31T11:05:23.5288Z,51,7,52224,7168,2048,256,512.0,0.25,7.6854463025,296.17066595,89.38302,1.895764,88.104236,TDI64,msb,Ascending,True,0.0,D:\ISRO\OHRC_tiles\ch2_ohr_ncp_20260331T1105235288_d_img_d18\ch2_ohr_ncp_20260331T1105235288_d_img_d18_r00051_c007_structural.jpg,D:\ISRO\OHRC_tiles\ch2_ohr_ncp_20260331T1105235288_d_img_d18\ch2_ohr_ncp_20260331T1105235288_d_img_d18_r00051_c007_illum.jpg,6.5053267,2.5625904,0.49014327
518,ch2_ohr_ncp_20260331T1105235288_d_img_d18,D:\ISRO\OHRC_raws\ch2_ohr_ncp_20260331T1105235288_d_img_d18,2026-03-31T11:05:23.5288Z,51,8,52224,8192,2048,256,512.0,0.25,7.6853348006,296.17974116,89.38302,1.895764,88.104236,TDI64,msb,Ascending,True,0.0,D:\ISRO\OHRC_tiles\ch2_ohr_ncp_20260331T1105235288_d_img_d18\ch2_ohr_ncp_20260331T1105235288_d_img_d18_r00051_c008_structural.jpg,D:\ISRO\OHRC_tiles\ch2_ohr_ncp_20260331T1105235288_d_img_d18\ch2_ohr_ncp_20260331T1105235288_d_img_d18_r00051_c008_illum.jpg,8.333033,0.99942374,0.42877936
519,ch2_ohr_ncp_20260331T1105235288_d_img_d18,D:\ISRO\OHRC_raws\ch2_ohr_ncp_20260331T1105235288_d_img_d18,2026-03-31T11:05:23.5288Z,51,9,52224,9216,2048,256,512.0,0.25,7.6852226085,296.18882462,89.38302,1.895764,88.104236,TDI64,msb,Ascending,True,0.0,D:\ISRO\OHRC_tiles\ch2_ohr_ncp_20260331T1105235288_d_img_d18\ch2_ohr_ncp_20260331T1105235288_d_img_d18_r00051_c009_structural.jpg,D:\ISRO\OHRC_tiles\ch2_ohr_ncp_20260331T1105235288_d_img_d18\ch2_ohr_ncp_20260331T1105235288_d_img_d18_r00051_c009_illum.jpg,7.650976,0.9027767,0.81578135
520,ch2_ohr_ncp_20260331T1105235288_d_img_d18,D:\ISRO\OHRC_raws\ch2_ohr_ncp_20260331T1105235288_d_img_d18,2026-03-31T11:05:23.5288Z,52,0,53248,0,2048,256,512.0,0.25,7.6770696237,296.10758088,89.38302,1.895764,88.104236,TDI64,msb,Ascending,True,0.0,D:\ISRO\OHRC_tiles\ch2_ohr_ncp_20260331T1105235288_d_img_d18\ch2_ohr_ncp_20260331T1105235288_d_img_d18_r00052_c000_structural.jpg,D:\ISRO\OHRC_tiles\ch2_ohr_ncp_20260331T1105235288_d_img_d18\ch2_ohr_ncp_20260331T1105235288_d_img_d18_r00052_c000_illum.jpg,7.3823867,-1.5106984,1.8360144
521,ch2_ohr_ncp_20260331T1105235288_d_img_d18,D:\ISRO\OHRC_raws\ch2_ohr_ncp_20260331T1105235288_d_img_d18,2026-03-31T11:05:23.5288Z,52,1,53248,1024,2048,256,512.0,0.25,7.676962898300001,296.116604,89.38302,1.895764,88.104236,TDI64,msb,Ascending,True,0.0,D:\ISRO\OHRC_tiles\ch2_ohr_ncp_20260331T1105235288_d_img_d18\ch2_ohr_ncp_20260331T1105235288_d_img_d18_r00052_c001_structural.jpg,D:\ISRO\OHRC_tiles\ch2_ohr_ncp_20260331T1105235288_d_img_d18\ch2_ohr_ncp_20260331T1105235288_d_img_d18_r00052_c001_illum.jpg,8.396704,-2.685543,2.6295035
522,ch2_ohr_ncp_20260331T1105235288_d_img_d18,D:\ISRO\OHRC_raws\ch2_ohr_ncp_20260331T1105235288_d_img_d18,2026-03-31T11:05:23.5288Z,52,2,53248,2048,2048,256,512.0,0.25,7.6768554941,296.12563468,89.38302,1.895764,88.104236,TDI64,msb,Ascending,True,0.0,D:\ISRO\OHRC_tiles\ch2_ohr_ncp_20260331T1105235288_d_img_d18\ch2_ohr_ncp_20260331T1105235288_d_img_d18_r00052_c002_structural.jpg,D:\ISRO\OHRC_tiles\ch2_ohr_ncp_20260331T1105235288_d_img_d18\ch2_ohr_ncp_20260331T1105235288_d_img_d18_r00052_c002_illum.jpg,8.878051,-2.0585597,0.9995026
523,ch2_ohr_ncp_20260331T1105235288_d_img_d18,D:\ISRO\OHRC_raws\ch2_ohr_ncp_20260331T1105235288_d_img_d18,2026-03-31T11:05:23.5288Z,52,3,53248,3072,2048,256,512.0,0.25,7.6767474111,296.13467333,89.38302,1.895764,88.104236,TDI64,msb,Ascending,True,0.0,D:\ISRO\OHRC_tiles\ch2_ohr_ncp_20260331T1105235288_d_img_d18\ch2_ohr_ncp_20260331T1105235288_d_img_d18_r00052_c003_structural.jpg,D:\ISRO\OHRC_tiles\ch2_ohr_ncp_20260331T1105235288_d_img_d18\ch2_ohr_ncp_20260331T1105235288_d_img_d18_r00052_c003_illum.jpg,9.129038,-0.88892305,-1.2360209
524,ch2_ohr_ncp_20260331T1105235288_d_img_d18,D:\ISRO\OHRC_raws\ch2_ohr_ncp_20260331T1105235288_d_img_d18,2026-03-31T11:05:23.5288Z,52,4,53248,4096,2048,256,512.0,0.25,7.6766386451,296.14371925,89.38302,1.895764,88.104236,TDI64,msb,Ascending,True,0.0,D:\ISRO\OHRC_tiles\ch2_ohr_ncp_20260331T1105235288_d_img_d18\ch2_ohr_ncp_20260331T1105235288_d_img_d18_r00052_c004_structural.jpg,D:\ISRO\OHRC_tiles\ch2_ohr_ncp_20260331T1105235288_d_img_d18\ch2_ohr_ncp_20260331T1105235288_d_img_d18_r00052_c004_illum.jpg,7.196647,2.6538577,-0.16461746
525,ch2_ohr_ncp_20260331T1105235288_d_img_d18,D:\ISRO\OHRC_raws\ch2_ohr_ncp_20260331T1105235288_d_img_d18,2026-03-31T11:05:23.5288Z,52,5,53248,5120,2048,256,512.0,0.25,7.676529197800001,296.15277207,89.38302,1.895764,88.104236,TDI64,msb,Ascending,True,0.0,D:\ISRO\OHRC_tiles\ch2_ohr_ncp_20260331T1105235288_d_img_d18\ch2_ohr_ncp_20260331T1105235288_d_img_d18_r00052_c005_structural.jpg,D:\ISRO\OHRC_tiles\ch2_ohr_ncp_20260331T1105235288_d_img_d18\ch2_ohr_ncp_20260331T1105235288_d_img_d18_r00052_c005_illum.jpg,6.4660006,3.1890678,0.13128169
526,ch2_ohr_ncp_20260331T1105235288_d_img_d18,D:\ISRO\OHRC_raws\ch2_ohr_ncp_20260331T1105235288_d_img_d18,2026-03-31T11:05:23.5288Z,52,6,53248,6144,2048,256,512.0,0.25,7.676419063599999,296.1618324699999,89.38302,1.895764,88.104236,TDI64,msb,Ascending,True,0.0,D:\ISRO\OHRC_tiles\ch2_ohr_ncp_20260331T1105235288_d_img_d18\ch2_ohr_ncp_20260331T1105235288_d_img_d18_r00052_c006_structural.jpg,D:\ISRO\OHRC_tiles\ch2_ohr_ncp_20260331T1105235288_d_img_d18\ch2_ohr_ncp_20260331T1105235288_d_img_d18_r00052_c006_illum.jpg,6.7161865,2.628455,0.02853091
527,ch2_ohr_ncp_20260331T1105235288_d_img_d18,D:\ISRO\OHRC_raws\ch2_ohr_ncp_20260331T1105235288_d_img_d18,2026-03-31T11:05:23.5288Z,52,7,53248,7168,2048,256,512.0,0.25,7.676308243899999,296.1709008,89.38302,1.895764,88.104236,TDI64,msb,Ascending,True,0.0,D:\ISRO\OHRC_tiles\ch2_ohr_ncp_20260331T1105235288_d_img_d18\ch2_ohr_ncp_20260331T1105235288_d_img_d18_r00052_c007_structural.jpg,D:\ISRO\OHRC_tiles\ch2_ohr_ncp_20260331T1105235288_d_img_d18\ch2_ohr_ncp_20260331T1105235288_d_img_d18_r00052_c007_illum.jpg,7.069717,2.0767543,-0.5462183
528,ch2_ohr_ncp_20260331T1105235288_d_img_d18,D:\ISRO\OHRC_raws\ch2_ohr_ncp_20260331T1105235288_d_img_d18,2026-03-31T11:05:23.5288Z,52,8,53248,8192,2048,256,512.0,0.25,7.6761967373,296.17997561,89.38302,1.895764,88.104236,TDI64,msb,Ascending,True,0.0,D:\ISRO\OHRC_tiles\ch2_ohr_ncp_20260331T1105235288_d_img_d18\ch2_ohr_ncp_20260331T1105235288_d_img_d18_r00052_c008_structural.jpg,D:\ISRO\OHRC_tiles\ch2_ohr_ncp_20260331T1105235288_d_img_d18\ch2_ohr_ncp_20260331T1105235288_d_img_d18_r00052_c008_illum.jpg,7.6916804,1.5470102,-0.40576556
529,ch2_ohr_ncp_20260331T1105235288_d_img_d18,D:\ISRO\OHRC_raws\ch2_ohr_ncp_20260331T1105235288_d_img_d18,2026-03-31T11:05:23.5288Z,52,9,53248,9216,2048,256,512.0,0.25,7.6760845378,296.1890589,89.38302,1.895764,88.104236,TDI64,msb,Ascending,True,0.0,D:\ISRO\OHRC_tiles\ch2_ohr_ncp_20260331T1105235288_d_img_d18\ch2_ohr_ncp_20260331T1105235288_d_img_d18_r00052_c009_structural.jpg,D:\ISRO\OHRC_tiles\ch2_ohr_ncp_20260331T1105235288_d_img_d18\ch2_ohr_ncp_20260331T1105235288_d_img_d18_r00052_c009_illum.jpg,7.253003,1.634305,0.3487639
530,ch2_ohr_ncp_20260331T1105235288_d_img_d18,D:\ISRO\OHRC_raws\ch2_ohr_ncp_20260331T1105235288_d_img_d18,2026-03-31T11:05:23.5288Z,53,0,54272,0,2048,256,512.0,0.25,7.667931746499999,296.1078054,89.38302,1.895764,88.104236,TDI64,msb,Ascending,True,0.0,D:\ISRO\OHRC_tiles\ch2_ohr_ncp_20260331T1105235288_d_img_d18\ch2_ohr_ncp_20260331T1105235288_d_img_d18_r00053_c000_structural.jpg,D:\ISRO\OHRC_tiles\ch2_ohr_ncp_20260331T1105235288_d_img_d18\ch2_ohr_ncp_20260331T1105235288_d_img_d18_r00053_c000_illum.jpg,6.54041,-0.69643563,1.3438323
531,ch2_ohr_ncp_20260331T1105235288_d_img_d18,D:\ISRO\OHRC_raws\ch2_ohr_ncp_20260331T1105235288_d_img_d18,2026-03-31T11:05:23.5288Z,53,1,54272,1024,2048,256,512.0,0.25,7.6678250335,296.11682884000004,89.38302,1.895764,88.104236,TDI64,msb,Ascending,True,0.0,D:\ISRO\OHRC_tiles\ch2_ohr_ncp_20260331T1105235288_d_img_d18\ch2_ohr_ncp_20260331T1105235288_d_img_d18_r00053_c001_structural.jpg,D:\ISRO\OHRC_tiles\ch2_ohr_ncp_20260331T1105235288_d_img_d18\ch2_ohr_ncp_20260331T1105235288_d_img_d18_r00053_c001_illum.jpg,6.5348115,-0.72118086,2.1478019
532,ch2_ohr_ncp_20260331T1105235288_d_img_d18,D:\ISRO\OHRC_raws\ch2_ohr_ncp_20260331T1105235288_d_img_d18,2026-03-31T11:05:23.5288Z,53,2,54272,2048,2048,256,512.0,0.25,7.6677176439,296.12586001000005,89.38302,1.895764,88.104236,TDI64,msb,Ascending,True,0.0,D:\ISRO\OHRC_tiles\ch2_ohr_ncp_20260331T1105235288_d_img_d18\ch2_ohr_ncp_20260331T1105235288_d_img_d18_r00053_c002_structural.jpg,D:\ISRO\OHRC_tiles\ch2_ohr_ncp_20260331T1105235288_d_img_d18\ch2_ohr_ncp_20260331T1105235288_d_img_d18_r00053_c002_illum.jpg,7.4548254,-1.5019436,0.86949605
533,ch2_ohr_ncp_20260331T1105235288_d_img_d18,D:\ISRO\OHRC_raws\ch2_ohr_ncp_20260331T1105235288_d_img_d18,2026-03-31T11:05:23.5288Z,53,3,54272,3072,2048,256,512.0,0.25,7.6676095712,296.13489766,89.38302,1.895764,88.104236,TDI64,msb,Ascending,True,0.0,D:\ISRO\OHRC_tiles\ch2_ohr_ncp_20260331T1105235288_d_img_d18\ch2_ohr_ncp_20260331T1105235288_d_img_d18_r00053_c003_structural.jpg,D:\ISRO\OHRC_tiles\ch2_ohr_ncp_20260331T1105235288_d_img_d18\ch2_ohr_ncp_20260331T1105235288_d_img_d18_r00053_c003_illum.jpg,8.550882,-0.2766635,-1.9471074
534,ch2_ohr_ncp_20260331T1105235288_d_img_d18,D:\ISRO\OHRC_raws\ch2_ohr_ncp_20260331T1105235288_d_img_d18,2026-03-31T11:05:23.5288Z,53,4,54272,4096,2048,256,512.0,0.25,7.6675008175,296.14394353,89.38302,1.895764,88.104236,TDI64,msb,Ascending,True,0.0,D:\ISRO\OHRC_tiles\ch2_ohr_ncp_20260331T1105235288_d_img_d18\ch2_ohr_ncp_20260331T1105235288_d_img_d18_r00053_c004_structural.jpg,D:\ISRO\OHRC_tiles\ch2_ohr_ncp_20260331T1105235288_d_img_d18\ch2_ohr_ncp_20260331T1105235288_d_img_d18_r00053_c004_illum.jpg,7.3899426,1.2919699,-1.1342266
535,ch2_ohr_ncp_20260331T1105235288_d_img_d18,D:\ISRO\OHRC_raws\ch2_ohr_ncp_20260331T1105235288_d_img_d18,2026-03-31T11:05:23.5288Z,53,5,54272,5120,2048,256,512.0,0.25,7.66739138,296.15299595,89.38302,1.895764,88.104236,TDI64,msb,Ascending,True,0.0,D:\ISRO\OHRC_tiles\ch2_ohr_ncp_20260331T1105235288_d_img_d18\ch2_ohr_ncp_20260331T1105235288_d_img_d18_r00053_c005_structural.jpg,D:\ISRO\OHRC_tiles\ch2_ohr_ncp_20260331T1105235288_d_img_d18\ch2_ohr_ncp_20260331T1105235288_d_img_d18_r00053_c005_illum.jpg,7.383705,1.9178772,-1.1939822
536,ch2_ohr_ncp_20260331T1105235288_d_img_d18,D:\ISRO\OHRC_raws\ch2_ohr_ncp_20260331T1105235288_d_img_d18,2026-03-31T11:05:23.5288Z,53,6,54272,6144,2048,256,512.0,0.25,7.667281258399999,296.16205675,89.38302,1.895764,88.104236,TDI64,msb,Ascending,True,0.0,D:\ISRO\OHRC_tiles\ch2_ohr_ncp_20260331T1105235288_d_img_d18\ch2_ohr_ncp_20260331T1105235288_d_img_d18_r00053_c006_structural.jpg,D:\ISRO\OHRC_tiles\ch2_ohr_ncp_20260331T1105235288_d_img_d18\ch2_ohr_ncp_20260331T1105235288_d_img_d18_r00053_c006_illum.jpg,5.9576907,2.754874,0.754253
537,ch2_ohr_ncp_20260331T1105235288_d_img_d18,D:\ISRO\OHRC_raws\ch2_ohr_ncp_20260331T1105235288_d_img_d18,2026-03-31T11:05:23.5288Z,53,7,54272,7168,2048,256,512.0,0.25,7.667170452999999,296.17112412999995,89.38302,1.895764,88.104236,TDI64,msb,Ascending,True,0.0,D:\ISRO\OHRC_tiles\ch2_ohr_ncp_20260331T1105235288_d_img_d18\ch2_ohr_ncp_20260331T1105235288_d_img_d18_r00053_c007_structural.jpg,D:\ISRO\OHRC_tiles\ch2_ohr_ncp_20260331T1105235288_d_img_d18\ch2_ohr_ncp_20260331T1105235288_d_img_d18_r00053_c007_illum.jpg,7.187641,1.9335437,-0.27251306
538,ch2_ohr_ncp_20260331T1105235288_d_img_d18,D:\ISRO\OHRC_raws\ch2_ohr_ncp_20260331T1105235288_d_img_d18,2026-03-31T11:05:23.5288Z,53,8,54272,8192,2048,256,512.0,0.25,7.6670589571,296.18019976999994,89.38302,1.895764,88.104236,TDI64,msb,Ascending,True,0.0,D:\ISRO\OHRC_tiles\ch2_ohr_ncp_20260331T1105235288_d_img_d18\ch2_ohr_ncp_20260331T1105235288_d_img_d18_r00053_c008_structural.jpg,D:\ISRO\OHRC_tiles\ch2_ohr_ncp_20260331T1105235288_d_img_d18\ch2_ohr_ncp_20260331T1105235288_d_img_d18_r00053_c008_illum.jpg,8.257286,0.82885754,-1.2434093
539,ch2_ohr_ncp_20260331T1105235288_d_img_d18,D:\ISRO\OHRC_raws\ch2_ohr_ncp_20260331T1105235288_d_img_d18,2026-03-31T11:05:23.5288Z,53,9,54272,9216,2048,256,512.0,0.25,7.666946777099999,296.18928218,89.38302,1.895764,88.104236,TDI64,msb,Ascending,True,0.0,D:\ISRO\OHRC_tiles\ch2_ohr_ncp_20260331T1105235288_d_img_d18\ch2_ohr_ncp_20260331T1105235288_d_img_d18_r00053_c009_structural.jpg,D:\ISRO\OHRC_tiles\ch2_ohr_ncp_20260331T1105235288_d_img_d18\ch2_ohr_ncp_20260331T1105235288_d_img_d18_r00053_c009_illum.jpg,6.660743,1.9800497,-0.12265475
540,ch2_ohr_ncp_20260331T1105235288_d_img_d18,D:\ISRO\OHRC_raws\ch2_ohr_ncp_20260331T1105235288_d_img_d18,2026-03-31T11:05:23.5288Z,54,0,55296,0,2048,256,512.0,0.25,7.658799228199999,296.10804109,89.38302,1.895764,88.104236,TDI64,msb,Ascending,True,0.0,D:\ISRO\OHRC_tiles\ch2_ohr_ncp_20260331T1105235288_d_img_d18\ch2_ohr_ncp_20260331T1105235288_d_img_d18_r00054_c000_structural.jpg,D:\ISRO\OHRC_tiles\ch2_ohr_ncp_20260331T1105235288_d_img_d18\ch2_ohr_ncp_20260331T1105235288_d_img_d18_r00054_c000_illum.jpg,8.595173,-2.1196144,0.7496853
541,ch2_ohr_ncp_20260331T1105235288_d_img_d18,D:\ISRO\OHRC_raws\ch2_ohr_ncp_20260331T1105235288_d_img_d18,2026-03-31T11:05:23.5288Z,54,1,55296,1024,2048,256,512.0,0.25,7.658692525199999,296.11706407,89.38302,1.895764,88.104236,TDI64,msb,Ascending,True,0.0,D:\ISRO\OHRC_tiles\ch2_ohr_ncp_20260331T1105235288_d_img_d18\ch2_ohr_ncp_20260331T1105235288_d_img_d18_r00054_c001_structural.jpg,D:\ISRO\OHRC_tiles\ch2_ohr_ncp_20260331T1105235288_d_img_d18\ch2_ohr_ncp_20260331T1105235288_d_img_d18_r00054_c001_illum.jpg,6.5357037,1.1296687,1.4591713
542,ch2_ohr_ncp_20260331T1105235288_d_img_d18,D:\ISRO\OHRC_raws\ch2_ohr_ncp_20260331T1105235288_d_img_d18,2026-03-31T11:05:23.5288Z,54,2,55296,2048,2048,256,512.0,0.25,7.6585851461,296.12609495000004,89.38302,1.895764,88.104236,TDI64,msb,Ascending,True,0.0,D:\ISRO\OHRC_tiles\ch2_ohr_ncp_20260331T1105235288_d_img_d18\ch2_ohr_ncp_20260331T1105235288_d_img_d18_r00054_c002_structural.jpg,D:\ISRO\OHRC_tiles\ch2_ohr_ncp_20260331T1105235288_d_img_d18\ch2_ohr_ncp_20260331T1105235288_d_img_d18_r00054_c002_illum.jpg,8.153857,-2.4934218,1.1314774
543,ch2_ohr_ncp_20260331T1105235288_d_img_d18,D:\ISRO\OHRC_raws\ch2_ohr_ncp_20260331T1105235288_d_img_d18,2026-03-31T11:05:23.5288Z,54,3,55296,3072,2048,256,512.0,0.25,7.6584770863,296.13513289,89.38302,1.895764,88.104236,TDI64,msb,Ascending,True,0.0,D:\ISRO\OHRC_tiles\ch2_ohr_ncp_20260331T1105235288_d_img_d18\ch2_ohr_ncp_20260331T1105235288_d_img_d18_r00054_c003_structural.jpg,D:\ISRO\OHRC_tiles\ch2_ohr_ncp_20260331T1105235288_d_img_d18\ch2_ohr_ncp_20260331T1105235288_d_img_d18_r00054_c003_illum.jpg,9.595856,-2.0864322,-1.500444
544,ch2_ohr_ncp_20260331T1105235288_d_img_d18,D:\ISRO\OHRC_raws\ch2_ohr_ncp_20260331T1105235288_d_img_d18,2026-03-31T11:05:23.5288Z,54,4,55296,4096,2048,256,512.0,0.25,7.658368349200001,296.14417781,89.38302,1.895764,88.104236,TDI64,msb,Ascending,True,0.0,D:\ISRO\OHRC_tiles\ch2_ohr_ncp_20260331T1105235288_d_img_d18\ch2_ohr_ncp_20260331T1105235288_d_img_d18_r00054_c004_structural.jpg,D:\ISRO\OHRC_tiles\ch2_ohr_ncp_20260331T1105235288_d_img_d18\ch2_ohr_ncp_20260331T1105235288_d_img_d18_r00054_c004_illum.jpg,8.363453,0.20378244,-1.4783376
545,ch2_ohr_ncp_20260331T1105235288_d_img_d18,D:\ISRO\OHRC_raws\ch2_ohr_ncp_20260331T1105235288_d_img_d18,2026-03-31T11:05:23.5288Z,54,5,55296,5120,2048,256,512.0,0.25,7.6582589246,296.15323062999994,89.38302,1.895764,88.104236,TDI64,msb,Ascending,True,0.0,D:\ISRO\OHRC_tiles\ch2_ohr_ncp_20260331T1105235288_d_img_d18\ch2_ohr_ncp_20260331T1105235288_d_img_d18_r00054_c005_structural.jpg,D:\ISRO\OHRC_tiles\ch2_ohr_ncp_20260331T1105235288_d_img_d18\ch2_ohr_ncp_20260331T1105235288_d_img_d18_r00054_c005_illum.jpg,7.1980352,1.9200394,-0.5024111
546,ch2_ohr_ncp_20260331T1105235288_d_img_d18,D:\ISRO\OHRC_raws\ch2_ohr_ncp_20260331T1105235288_d_img_d18,2026-03-31T11:05:23.5288Z,54,6,55296,6144,2048,256,512.0,0.25,7.658148817499999,296.16229102999995,89.38302,1.895764,88.104236,TDI64,msb,Ascending,True,0.0,D:\ISRO\OHRC_tiles\ch2_ohr_ncp_20260331T1105235288_d_img_d18\ch2_ohr_ncp_20260331T1105235288_d_img_d18_r00054_c006_structural.jpg,D:\ISRO\OHRC_tiles\ch2_ohr_ncp_20260331T1105235288_d_img_d18\ch2_ohr_ncp_20260331T1105235288_d_img_d18_r00054_c006_illum.jpg,6.951088,2.1926992,-0.41505483
547,ch2_ohr_ncp_20260331T1105235288_d_img_d18,D:\ISRO\OHRC_raws\ch2_ohr_ncp_20260331T1105235288_d_img_d18,2026-03-31T11:05:23.5288Z,54,7,55296,7168,2048,256,512.0,0.25,7.658038025199999,296.17135836,89.38302,1.895764,88.104236,TDI64,msb,Ascending,True,0.0,D:\ISRO\OHRC_tiles\ch2_ohr_ncp_20260331T1105235288_d_img_d18\ch2_ohr_ncp_20260331T1105235288_d_img_d18_r00054_c007_structural.jpg,D:\ISRO\OHRC_tiles\ch2_ohr_ncp_20260331T1105235288_d_img_d18\ch2_ohr_ncp_20260331T1105235288_d_img_d18_r00054_c007_illum.jpg,6.587322,3.123475,0.4261964
548,ch2_ohr_ncp_20260331T1105235288_d_img_d18,D:\ISRO\OHRC_raws\ch2_ohr_ncp_20260331T1105235288_d_img_d18,2026-03-31T11:05:23.5288Z,54,8,55296,8192,2048,256,512.0,0.25,7.6579265422,296.18043317,89.38302,1.895764,88.104236,TDI64,msb,Ascending,True,0.0,D:\ISRO\OHRC_tiles\ch2_ohr_ncp_20260331T1105235288_d_img_d18\ch2_ohr_ncp_20260331T1105235288_d_img_d18_r00054_c008_structural.jpg,D:\ISRO\OHRC_tiles\ch2_ohr_ncp_20260331T1105235288_d_img_d18\ch2_ohr_ncp_20260331T1105235288_d_img_d18_r00054_c008_illum.jpg,8.113727,0.9468364,-0.20115459
549,ch2_ohr_ncp_20260331T1105235288_d_img_d18,D:\ISRO\OHRC_raws\ch2_ohr_ncp_20260331T1105235288_d_img_d18,2026-03-31T11:05:23.5288Z,54,9,55296,9216,2048,256,512.0,0.25,7.657814372699999,296.18951604999995,89.38302,1.895764,88.104236,TDI64,msb,Ascending,True,0.0,D:\ISRO\OHRC_tiles\ch2_ohr_ncp_20260331T1105235288_d_img_d18\ch2_ohr_ncp_20260331T1105235288_d_img_d18_r00054_c009_structural.jpg,D:\ISRO\OHRC_tiles\ch2_ohr_ncp_20260331T1105235288_d_img_d18\ch2_ohr_ncp_20260331T1105235288_d_img_d18_r00054_c009_illum.jpg,7.7063794,0.3742833,-0.46012425
550,ch2_ohr_ncp_20260331T1105235288_d_img_d18,D:\ISRO\OHRC_raws\ch2_ohr_ncp_20260331T1105235288_d_img_d18,2026-03-31T11:05:23.5288Z,55,0,56320,0,2048,256,512.0,0.25,7.649657571800001,296.10826497000005,89.38302,1.895764,88.104236,TDI64,msb,Ascending,True,0.0,D:\ISRO\OHRC_tiles\ch2_ohr_ncp_20260331T1105235288_d_img_d18\ch2_ohr_ncp_20260331T1105235288_d_img_d18_r00055_c000_structural.jpg,D:\ISRO\OHRC_tiles\ch2_ohr_ncp_20260331T1105235288_d_img_d18\ch2_ohr_ncp_20260331T1105235288_d_img_d18_r00055_c000_illum.jpg,9.641162,-3.1477702,1.547858
551,ch2_ohr_ncp_20260331T1105235288_d_img_d18,D:\ISRO\OHRC_raws\ch2_ohr_ncp_20260331T1105235288_d_img_d18,2026-03-31T11:05:23.5288Z,55,1,56320,1024,2048,256,512.0,0.25,7.649550863900001,296.11728841,89.38302,1.895764,88.104236,TDI64,msb,Ascending,True,0.0,D:\ISRO\OHRC_tiles\ch2_ohr_ncp_20260331T1105235288_d_img_d18\ch2_ohr_ncp_20260331T1105235288_d_img_d18_r00055_c001_structural.jpg,D:\ISRO\OHRC_tiles\ch2_ohr_ncp_20260331T1105235288_d_img_d18\ch2_ohr_ncp_20260331T1105235288_d_img_d18_r00055_c001_illum.jpg,9.216951,-3.202465,2.3111212
552,ch2_ohr_ncp_20260331T1105235288_d_img_d18,D:\ISRO\OHRC_raws\ch2_ohr_ncp_20260331T1105235288_d_img_d18,2026-03-31T11:05:23.5288Z,55,2,56320,2048,2048,256,512.0,0.25,7.6494434797,296.12631858000003,89.38302,1.895764,88.104236,TDI64,msb,Ascending,True,0.0,D:\ISRO\OHRC_tiles\ch2_ohr_ncp_20260331T1105235288_d_img_d18\ch2_ohr_ncp_20260331T1105235288_d_img_d18_r00055_c002_structural.jpg,D:\ISRO\OHRC_tiles\ch2_ohr_ncp_20260331T1105235288_d_img_d18\ch2_ohr_ncp_20260331T1105235288_d_img_d18_r00055_c002_illum.jpg,8.869161,-3.0998769,2.8211014
553,ch2_ohr_ncp_20260331T1105235288_d_img_d18,D:\ISRO\OHRC_raws\ch2_ohr_ncp_20260331T1105235288_d_img_d18,2026-03-31T11:05:23.5288Z,55,3,56320,3072,2048,256,512.0,0.25,7.6493354123,296.13535623,89.38302,1.895764,88.104236,TDI64,msb,Ascending,True,0.0,D:\ISRO\OHRC_tiles\ch2_ohr_ncp_20260331T1105235288_d_img_d18\ch2_ohr_ncp_20260331T1105235288_d_img_d18_r00055_c003_structural.jpg,D:\ISRO\OHRC_tiles\ch2_ohr_ncp_20260331T1105235288_d_img_d18\ch2_ohr_ncp_20260331T1105235288_d_img_d18_r00055_c003_illum.jpg,8.626207,-1.746583,0.66109353
554,ch2_ohr_ncp_20260331T1105235288_d_img_d18,D:\ISRO\OHRC_raws\ch2_ohr_ncp_20260331T1105235288_d_img_d18,2026-03-31T11:05:23.5288Z,55,4,56320,4096,2048,256,512.0,0.25,7.649226668100001,296.14440136,89.38302,1.895764,88.104236,TDI64,msb,Ascending,True,0.0,D:\ISRO\OHRC_tiles\ch2_ohr_ncp_20260331T1105235288_d_img_d18\ch2_ohr_ncp_20260331T1105235288_d_img_d18_r00055_c004_structural.jpg,D:\ISRO\OHRC_tiles\ch2_ohr_ncp_20260331T1105235288_d_img_d18\ch2_ohr_ncp_20260331T1105235288_d_img_d18_r00055_c004_illum.jpg,8.399641,-1.3322941,-0.0899769
555,ch2_ohr_ncp_20260331T1105235288_d_img_d18,D:\ISRO\OHRC_raws\ch2_ohr_ncp_20260331T1105235288_d_img_d18,2026-03-31T11:05:23.5288Z,55,5,56320,5120,2048,256,512.0,0.25,7.649117240600001,296.15345397000004,89.38302,1.895764,88.104236,TDI64,msb,Ascending,True,0.0,D:\ISRO\OHRC_tiles\ch2_ohr_ncp_20260331T1105235288_d_img_d18\ch2_ohr_ncp_20260331T1105235288_d_img_d18_r00055_c005_structural.jpg,D:\ISRO\OHRC_tiles\ch2_ohr_ncp_20260331T1105235288_d_img_d18\ch2_ohr_ncp_20260331T1105235288_d_img_d18_r00055_c005_illum.jpg,8.241551,-0.16951208,-0.09063098
556,ch2_ohr_ncp_20260331T1105235288_d_img_d18,D:\ISRO\OHRC_raws\ch2_ohr_ncp_20260331T1105235288_d_img_d18,2026-03-31T11:05:23.5288Z,55,6,56320,6144,2048,256,512.0,0.25,7.6490071248,296.16251406,89.38302,1.895764,88.104236,TDI64,msb,Ascending,True,0.0,D:\ISRO\OHRC_tiles\ch2_ohr_ncp_20260331T1105235288_d_img_d18\ch2_ohr_ncp_20260331T1105235288_d_img_d18_r00055_c006_structural.jpg,D:\ISRO\OHRC_tiles\ch2_ohr_ncp_20260331T1105235288_d_img_d18\ch2_ohr_ncp_20260331T1105235288_d_img_d18_r00055_c006_illum.jpg,7.8082304,1.1879433,-1.1229441
557,ch2_ohr_ncp_20260331T1105235288_d_img_d18,D:\ISRO\OHRC_raws\ch2_ohr_ncp_20260331T1105235288_d_img_d18,2026-03-31T11:05:23.5288Z,55,7,56320,7168,2048,256,512.0,0.25,7.6488963294,296.1715817,89.38302,1.895764,88.104236,TDI64,msb,Ascending,True,0.0,D:\ISRO\OHRC_tiles\ch2_ohr_ncp_20260331T1105235288_d_img_d18\ch2_ohr_ncp_20260331T1105235288_d_img_d18_r00055_c007_structural.jpg,D:\ISRO\OHRC_tiles\ch2_ohr_ncp_20260331T1105235288_d_img_d18\ch2_ohr_ncp_20260331T1105235288_d_img_d18_r00055_c007_illum.jpg,6.829619,2.013153,-0.5354005
558,ch2_ohr_ncp_20260331T1105235288_d_img_d18,D:\ISRO\OHRC_raws\ch2_ohr_ncp_20260331T1105235288_d_img_d18,2026-03-31T11:05:23.5288Z,55,8,56320,8192,2048,256,512.0,0.25,7.648784838799999,296.18065634000004,89.38302,1.895764,88.104236,TDI64,msb,Ascending,True,0.0,D:\ISRO\OHRC_tiles\ch2_ohr_ncp_20260331T1105235288_d_img_d18\ch2_ohr_ncp_20260331T1105235288_d_img_d18_r00055_c008_structural.jpg,D:\ISRO\OHRC_tiles\ch2_ohr_ncp_20260331T1105235288_d_img_d18\ch2_ohr_ncp_20260331T1105235288_d_img_d18_r00055_c008_illum.jpg,7.906982,0.017904978,-0.7830003
559,ch2_ohr_ncp_20260331T1105235288_d_img_d18,D:\ISRO\OHRC_raws\ch2_ohr_ncp_20260331T1105235288_d_img_d18,2026-03-31T11:05:23.5288Z,55,9,56320,9216,2048,256,512.0,0.25,7.6486726646,296.18973839,89.38302,1.895764,88.104236,TDI64,msb,Ascending,True,0.0,D:\ISRO\OHRC_tiles\ch2_ohr_ncp_20260331T1105235288_d_img_d18\ch2_ohr_ncp_20260331T1105235288_d_img_d18_r00055_c009_structural.jpg,D:\ISRO\OHRC_tiles\ch2_ohr_ncp_20260331T1105235288_d_img_d18\ch2_ohr_ncp_20260331T1105235288_d_img_d18_r00055_c009_illum.jpg,7.8997793,-0.05069701,-0.64488876
560,ch2_ohr_ncp_20260331T1105235288_d_img_d18,D:\ISRO\OHRC_raws\ch2_ohr_ncp_20260331T1105235288_d_img_d18,2026-03-31T11:05:23.5288Z,56,0,57344,0,2048,256,512.0,0.25,7.6405175358,296.10849642,89.38302,1.895764,88.104236,TDI64,msb,Ascending,True,0.0,D:\ISRO\OHRC_tiles\ch2_ohr_ncp_20260331T1105235288_d_img_d18\ch2_ohr_ncp_20260331T1105235288_d_img_d18_r00056_c000_structural.jpg,D:\ISRO\OHRC_tiles\ch2_ohr_ncp_20260331T1105235288_d_img_d18\ch2_ohr_ncp_20260331T1105235288_d_img_d18_r00056_c000_illum.jpg,10.037042,-3.8977072,2.4668415
561,ch2_ohr_ncp_20260331T1105235288_d_img_d18,D:\ISRO\OHRC_raws\ch2_ohr_ncp_20260331T1105235288_d_img_d18,2026-03-31T11:05:23.5288Z,56,1,57344,1024,2048,256,512.0,0.25,7.6404108351,296.11751935,89.38302,1.895764,88.104236,TDI64,msb,Ascending,True,0.0,D:\ISRO\OHRC_tiles\ch2_ohr_ncp_20260331T1105235288_d_img_d18\ch2_ohr_ncp_20260331T1105235288_d_img_d18_r00056_c001_structural.jpg,D:\ISRO\OHRC_tiles\ch2_ohr_ncp_20260331T1105235288_d_img_d18\ch2_ohr_ncp_20260331T1105235288_d_img_d18_r00056_c001_illum.jpg,9.830214,-4.4674993,1.6802378
562,ch2_ohr_ncp_20260331T1105235288_d_img_d18,D:\ISRO\OHRC_raws\ch2_ohr_ncp_20260331T1105235288_d_img_d18,2026-03-31T11:05:23.5288Z,56,2,57344,2048,2048,256,512.0,0.25,7.640303456,296.12654903,89.38302,1.895764,88.104236,TDI64,msb,Ascending,True,0.0,D:\ISRO\OHRC_tiles\ch2_ohr_ncp_20260331T1105235288_d_img_d18\ch2_ohr_ncp_20260331T1105235288_d_img_d18_r00056_c002_structural.jpg,D:\ISRO\OHRC_tiles\ch2_ohr_ncp_20260331T1105235288_d_img_d18\ch2_ohr_ncp_20260331T1105235288_d_img_d18_r00056_c002_illum.jpg,9.450351,-3.6407294,1.7034166
563,ch2_ohr_ncp_20260331T1105235288_d_img_d18,D:\ISRO\OHRC_raws\ch2_ohr_ncp_20260331T1105235288_d_img_d18,2026-03-31T11:05:23.5288Z,56,3,57344,3072,2048,256,512.0,0.25,7.640195403,296.13558668,89.38302,1.895764,88.104236,TDI64,msb,Ascending,True,0.0,D:\ISRO\OHRC_tiles\ch2_ohr_ncp_20260331T1105235288_d_img_d18\ch2_ohr_ncp_20260331T1105235288_d_img_d18_r00056_c003_structural.jpg,D:\ISRO\OHRC_tiles\ch2_ohr_ncp_20260331T1105235288_d_img_d18\ch2_ohr_ncp_20260331T1105235288_d_img_d18_r00056_c003_illum.jpg,8.762559,-1.665587,2.6104841
564,ch2_ohr_ncp_20260331T1105235288_d_img_d18,D:\ISRO\OHRC_raws\ch2_ohr_ncp_20260331T1105235288_d_img_d18,2026-03-31T11:05:23.5288Z,56,4,57344,4096,2048,256,512.0,0.25,7.6400866691,296.14463181,89.38302,1.895764,88.104236,TDI64,msb,Ascending,True,0.0,D:\ISRO\OHRC_tiles\ch2_ohr_ncp_20260331T1105235288_d_img_d18\ch2_ohr_ncp_20260331T1105235288_d_img_d18_r00056_c004_structural.jpg,D:\ISRO\OHRC_tiles\ch2_ohr_ncp_20260331T1105235288_d_img_d18\ch2_ohr_ncp_20260331T1105235288_d_img_d18_r00056_c004_illum.jpg,8.711063,-1.9839543,1.4510425
565,ch2_ohr_ncp_20260331T1105235288_d_img_d18,D:\ISRO\OHRC_raws\ch2_ohr_ncp_20260331T1105235288_d_img_d18,2026-03-31T11:05:23.5288Z,56,5,57344,5120,2048,256,512.0,0.25,7.639977251599999,296.15368397000003,89.38302,1.895764,88.104236,TDI64,msb,Ascending,True,0.0,D:\ISRO\OHRC_tiles\ch2_ohr_ncp_20260331T1105235288_d_img_d18\ch2_ohr_ncp_20260331T1105235288_d_img_d18_r00056_c005_structural.jpg,D:\ISRO\OHRC_tiles\ch2_ohr_ncp_20260331T1105235288_d_img_d18\ch2_ohr_ncp_20260331T1105235288_d_img_d18_r00056_c005_illum.jpg,8.782796,-1.4234076,0.74012876
566,ch2_ohr_ncp_20260331T1105235288_d_img_d18,D:\ISRO\OHRC_raws\ch2_ohr_ncp_20260331T1105235288_d_img_d18,2026-03-31T11:05:23.5288Z,56,6,57344,6144,2048,256,512.0,0.25,7.639867152799999,296.16274382,89.38302,1.895764,88.104236,TDI64,msb,Ascending,True,0.0,D:\ISRO\OHRC_tiles\ch2_ohr_ncp_20260331T1105235288_d_img_d18\ch2_ohr_ncp_20260331T1105235288_d_img_d18_r00056_c006_structural.jpg,D:\ISRO\OHRC_tiles\ch2_ohr_ncp_20260331T1105235288_d_img_d18\ch2_ohr_ncp_20260331T1105235288_d_img_d18_r00056_c006_illum.jpg,7.686241,0.934289,0.3009038
567,ch2_ohr_ncp_20260331T1105235288_d_img_d18,D:\ISRO\OHRC_raws\ch2_ohr_ncp_20260331T1105235288_d_img_d18,2026-03-31T11:05:23.5288Z,56,7,57344,7168,2048,256,512.0,0.25,7.639756365099999,296.17181114999994,89.38302,1.895764,88.104236,TDI64,msb,Ascending,True,0.0,D:\ISRO\OHRC_tiles\ch2_ohr_ncp_20260331T1105235288_d_img_d18\ch2_ohr_ncp_20260331T1105235288_d_img_d18_r00056_c007_structural.jpg,D:\ISRO\OHRC_tiles\ch2_ohr_ncp_20260331T1105235288_d_img_d18\ch2_ohr_ncp_20260331T1105235288_d_img_d18_r00056_c007_illum.jpg,8.137776,1.1419588,-1.1670562
568,ch2_ohr_ncp_20260331T1105235288_d_img_d18,D:\ISRO\OHRC_raws\ch2_ohr_ncp_20260331T1105235288_d_img_d18,2026-03-31T11:05:23.5288Z,56,8,57344,8192,2048,256,512.0,0.25,7.6396448915,296.18088596,89.38302,1.895764,88.104236,TDI64,msb,Ascending,True,0.0,D:\ISRO\OHRC_tiles\ch2_ohr_ncp_20260331T1105235288_d_img_d18\ch2_ohr_ncp_20260331T1105235288_d_img_d18_r00056_c008_structural.jpg,D:\ISRO\OHRC_tiles\ch2_ohr_ncp_20260331T1105235288_d_img_d18\ch2_ohr_ncp_20260331T1105235288_d_img_d18_r00056_c008_illum.jpg,8.641128,-1.1773552,-2.0539508
569,ch2_ohr_ncp_20260331T1105235288_d_img_d18,D:\ISRO\OHRC_raws\ch2_ohr_ncp_20260331T1105235288_d_img_d18,2026-03-31T11:05:23.5288Z,56,9,57344,9216,2048,256,512.0,0.25,7.6395327238,296.18996784,89.38302,1.895764,88.104236,TDI64,msb,Ascending,True,0.0,D:\ISRO\OHRC_tiles\ch2_ohr_ncp_20260331T1105235288_d_img_d18\ch2_ohr_ncp_20260331T1105235288_d_img_d18_r00056_c009_structural.jpg,D:\ISRO\OHRC_tiles\ch2_ohr_ncp_20260331T1105235288_d_img_d18\ch2_ohr_ncp_20260331T1105235288_d_img_d18_r00056_c009_illum.jpg,7.897982,-0.5550489,-1.1235685
570,ch2_ohr_ncp_20260331T1105235288_d_img_d18,D:\ISRO\OHRC_raws\ch2_ohr_ncp_20260331T1105235288_d_img_d18,2026-03-31T11:05:23.5288Z,57,0,58368,0,2048,256,512.0,0.25,7.6313848715,296.10872948,89.38302,1.895764,88.104236,TDI64,msb,Ascending,True,0.0,D:\ISRO\OHRC_tiles\ch2_ohr_ncp_20260331T1105235288_d_img_d18\ch2_ohr_ncp_20260331T1105235288_d_img_d18_r00057_c000_structural.jpg,D:\ISRO\OHRC_tiles\ch2_ohr_ncp_20260331T1105235288_d_img_d18\ch2_ohr_ncp_20260331T1105235288_d_img_d18_r00057_c000_illum.jpg,9.016199,-2.946731,2.1864486
571,ch2_ohr_ncp_20260331T1105235288_d_img_d18,D:\ISRO\OHRC_raws\ch2_ohr_ncp_20260331T1105235288_d_img_d18,2026-03-31T11:05:23.5288Z,57,1,58368,1024,2048,256,512.0,0.25,7.6312781886,296.11775192,89.38302,1.895764,88.104236,TDI64,msb,Ascending,True,0.0,D:\ISRO\OHRC_tiles\ch2_ohr_ncp_20260331T1105235288_d_img_d18\ch2_ohr_ncp_20260331T1105235288_d_img_d18_r00057_c001_structural.jpg,D:\ISRO\OHRC_tiles\ch2_ohr_ncp_20260331T1105235288_d_img_d18\ch2_ohr_ncp_20260331T1105235288_d_img_d18_r00057_c001_illum.jpg,10.043952,-4.439274,0.63506216
572,ch2_ohr_ncp_20260331T1105235288_d_img_d18,D:\ISRO\OHRC_raws\ch2_ohr_ncp_20260331T1105235288_d_img_d18,2026-03-31T11:05:23.5288Z,57,2,58368,2048,2048,256,512.0,0.25,7.631170836699999,296.12678209,89.38302,1.895764,88.104236,TDI64,msb,Ascending,True,0.0,D:\ISRO\OHRC_tiles\ch2_ohr_ncp_20260331T1105235288_d_img_d18\ch2_ohr_ncp_20260331T1105235288_d_img_d18_r00057_c002_structural.jpg,D:\ISRO\OHRC_tiles\ch2_ohr_ncp_20260331T1105235288_d_img_d18\ch2_ohr_ncp_20260331T1105235288_d_img_d18_r00057_c002_illum.jpg,10.492581,-4.5098534,0.86918473
573,ch2_ohr_ncp_20260331T1105235288_d_img_d18,D:\ISRO\OHRC_raws\ch2_ohr_ncp_20260331T1105235288_d_img_d18,2026-03-31T11:05:23.5288Z,57,3,58368,3072,2048,256,512.0,0.25,7.631062806399999,296.13581877,89.38302,1.895764,88.104236,TDI64,msb,Ascending,True,0.0,D:\ISRO\OHRC_tiles\ch2_ohr_ncp_20260331T1105235288_d_img_d18\ch2_ohr_ncp_20260331T1105235288_d_img_d18_r00057_c003_structural.jpg,D:\ISRO\OHRC_tiles\ch2_ohr_ncp_20260331T1105235288_d_img_d18\ch2_ohr_ncp_20260331T1105235288_d_img_d18_r00057_c003_illum.jpg,8.230141,-1.9870478,1.5977566
574,ch2_ohr_ncp_20260331T1105235288_d_img_d18,D:\ISRO\OHRC_raws\ch2_ohr_ncp_20260331T1105235288_d_img_d18,2026-03-31T11:05:23.5288Z,57,4,58368,4096,2048,256,512.0,0.25,7.6309540924,296.14486387,89.38302,1.895764,88.104236,TDI64,msb,Ascending,True,0.0,D:\ISRO\OHRC_tiles\ch2_ohr_ncp_20260331T1105235288_d_img_d18\ch2_ohr_ncp_20260331T1105235288_d_img_d18_r00057_c004_structural.jpg,D:\ISRO\OHRC_tiles\ch2_ohr_ncp_20260331T1105235288_d_img_d18\ch2_ohr_ncp_20260331T1105235288_d_img_d18_r00057_c004_illum.jpg,9.332069,-2.3272617,2.089859
575,ch2_ohr_ncp_20260331T1105235288_d_img_d18,D:\ISRO\OHRC_raws\ch2_ohr_ncp_20260331T1105235288_d_img_d18,2026-03-31T11:05:23.5288Z,57,5,58368,5120,2048,256,512.0,0.25,7.6308446949,296.15391603,89.38302,1.895764,88.104236,TDI64,msb,Ascending,True,0.0,D:\ISRO\OHRC_tiles\ch2_ohr_ncp_20260331T1105235288_d_img_d18\ch2_ohr_ncp_20260331T1105235288_d_img_d18_r00057_c005_structural.jpg,D:\ISRO\OHRC_tiles\ch2_ohr_ncp_20260331T1105235288_d_img_d18\ch2_ohr_ncp_20260331T1105235288_d_img_d18_r00057_c005_illum.jpg,8.8595,-1.383705,1.7457515
576,ch2_ohr_ncp_20260331T1105235288_d_img_d18,D:\ISRO\OHRC_raws\ch2_ohr_ncp_20260331T1105235288_d_img_d18,2026-03-31T11:05:23.5288Z,57,6,58368,6144,2048,256,512.0,0.25,7.630734610699999,296.16297588,89.38302,1.895764,88.104236,TDI64,msb,Ascending,True,0.0,D:\ISRO\OHRC_tiles\ch2_ohr_ncp_20260331T1105235288_d_img_d18\ch2_ohr_ncp_20260331T1105235288_d_img_d18_r00057_c006_structural.jpg,D:\ISRO\OHRC_tiles\ch2_ohr_ncp_20260331T1105235288_d_img_d18\ch2_ohr_ncp_20260331T1105235288_d_img_d18_r00057_c006_illum.jpg,7.6014347,1.093227,0.0050358335
577,ch2_ohr_ncp_20260331T1105235288_d_img_d18,D:\ISRO\OHRC_raws\ch2_ohr_ncp_20260331T1105235288_d_img_d18,2026-03-31T11:05:23.5288Z,57,7,58368,7168,2048,256,512.0,0.25,7.6306238484,296.1720432,89.38302,1.895764,88.104236,TDI64,msb,Ascending,True,0.0,D:\ISRO\OHRC_tiles\ch2_ohr_ncp_20260331T1105235288_d_img_d18\ch2_ohr_ncp_20260331T1105235288_d_img_d18_r00057_c007_structural.jpg,D:\ISRO\OHRC_tiles\ch2_ohr_ncp_20260331T1105235288_d_img_d18\ch2_ohr_ncp_20260331T1105235288_d_img_d18_r00057_c007_illum.jpg,8.469367,1.7484102,-0.9941876
578,ch2_ohr_ncp_20260331T1105235288_d_img_d18,D:\ISRO\OHRC_raws\ch2_ohr_ncp_20260331T1105235288_d_img_d18,2026-03-31T11:05:23.5288Z,57,8,58368,8192,2048,256,512.0,0.25,7.6305123925,296.18111702,89.38302,1.895764,88.104236,TDI64,msb,Ascending,True,0.0,D:\ISRO\OHRC_tiles\ch2_ohr_ncp_20260331T1105235288_d_img_d18\ch2_ohr_ncp_20260331T1105235288_d_img_d18_r00057_c008_structural.jpg,D:\ISRO\OHRC_tiles\ch2_ohr_ncp_20260331T1105235288_d_img_d18\ch2_ohr_ncp_20260331T1105235288_d_img_d18_r00057_c008_illum.jpg,9.461201,-1.1798272,-3.458776
579,ch2_ohr_ncp_20260331T1105235288_d_img_d18,D:\ISRO\OHRC_raws\ch2_ohr_ncp_20260331T1105235288_d_img_d18,2026-03-31T11:05:23.5288Z,57,9,58368,9216,2048,256,512.0,0.25,7.6304002529,296.19019931,89.38302,1.895764,88.104236,TDI64,msb,Ascending,True,0.0,D:\ISRO\OHRC_tiles\ch2_ohr_ncp_20260331T1105235288_d_img_d18\ch2_ohr_ncp_20260331T1105235288_d_img_d18_r00057_c009_structural.jpg,D:\ISRO\OHRC_tiles\ch2_ohr_ncp_20260331T1105235288_d_img_d18\ch2_ohr_ncp_20260331T1105235288_d_img_d18_r00057_c009_illum.jpg,8.819502,-0.81962407,-2.5791857
580,ch2_ohr_ncp_20260331T1105235288_d_img_d18,D:\ISRO\OHRC_raws\ch2_ohr_ncp_20260331T1105235288_d_img_d18,2026-03-31T11:05:23.5288Z,58,0,59392,0,2048,256,512.0,0.25,7.62224577,296.1089565,89.38302,1.895764,88.104236,TDI64,msb,Ascending,True,0.0,D:\ISRO\OHRC_tiles\ch2_ohr_ncp_20260331T1105235288_d_img_d18\ch2_ohr_ncp_20260331T1105235288_d_img_d18_r00058_c000_structural.jpg,D:\ISRO\OHRC_tiles\ch2_ohr_ncp_20260331T1105235288_d_img_d18\ch2_ohr_ncp_20260331T1105235288_d_img_d18_r00058_c000_illum.jpg,7.918299,-1.7980181,2.112427
581,ch2_ohr_ncp_20260331T1105235288_d_img_d18,D:\ISRO\OHRC_raws\ch2_ohr_ncp_20260331T1105235288_d_img_d18,2026-03-31T11:05:23.5288Z,58,1,59392,1024,2048,256,512.0,0.25,7.6221390846,296.11797894,89.38302,1.895764,88.104236,TDI64,msb,Ascending,True,0.0,D:\ISRO\OHRC_tiles\ch2_ohr_ncp_20260331T1105235288_d_img_d18\ch2_ohr_ncp_20260331T1105235288_d_img_d18_r00058_c001_structural.jpg,D:\ISRO\OHRC_tiles\ch2_ohr_ncp_20260331T1105235288_d_img_d18\ch2_ohr_ncp_20260331T1105235288_d_img_d18_r00058_c001_illum.jpg,8.187668,-2.072907,1.3475279
582,ch2_ohr_ncp_20260331T1105235288_d_img_d18,D:\ISRO\OHRC_raws\ch2_ohr_ncp_20260331T1105235288_d_img_d18,2026-03-31T11:05:23.5288Z,58,2,59392,2048,2048,256,512.0,0.25,7.622031720400001,296.12700911,89.38302,1.895764,88.104236,TDI64,msb,Ascending,True,0.0,D:\ISRO\OHRC_tiles\ch2_ohr_ncp_20260331T1105235288_d_img_d18\ch2_ohr_ncp_20260331T1105235288_d_img_d18_r00058_c002_structural.jpg,D:\ISRO\OHRC_tiles\ch2_ohr_ncp_20260331T1105235288_d_img_d18\ch2_ohr_ncp_20260331T1105235288_d_img_d18_r00058_c002_illum.jpg,9.726469,-3.3198931,1.9285222
583,ch2_ohr_ncp_20260331T1105235288_d_img_d18,D:\ISRO\OHRC_raws\ch2_ohr_ncp_20260331T1105235288_d_img_d18,2026-03-31T11:05:23.5288Z,58,3,59392,3072,2048,256,512.0,0.25,7.6219236874,296.13604576,89.38302,1.895764,88.104236,TDI64,msb,Ascending,True,0.0,D:\ISRO\OHRC_tiles\ch2_ohr_ncp_20260331T1105235288_d_img_d18\ch2_ohr_ncp_20260331T1105235288_d_img_d18_r00058_c003_structural.jpg,D:\ISRO\OHRC_tiles\ch2_ohr_ncp_20260331T1105235288_d_img_d18\ch2_ohr_ncp_20260331T1105235288_d_img_d18_r00058_c003_illum.jpg,8.343543,-1.1294342,2.4364974
584,ch2_ohr_ncp_20260331T1105235288_d_img_d18,D:\ISRO\OHRC_raws\ch2_ohr_ncp_20260331T1105235288_d_img_d18,2026-03-31T11:05:23.5288Z,58,4,59392,4096,2048,256,512.0,0.25,7.6218149639,296.14509068,89.38302,1.895764,88.104236,TDI64,msb,Ascending,True,0.0,D:\ISRO\OHRC_tiles\ch2_ohr_ncp_20260331T1105235288_d_img_d18\ch2_ohr_ncp_20260331T1105235288_d_img_d18_r00058_c004_structural.jpg,D:\ISRO\OHRC_tiles\ch2_ohr_ncp_20260331T1105235288_d_img_d18\ch2_ohr_ncp_20260331T1105235288_d_img_d18_r00058_c004_illum.jpg,8.6191435,-1.0721439,1.8790996
585,ch2_ohr_ncp_20260331T1105235288_d_img_d18,D:\ISRO\OHRC_raws\ch2_ohr_ncp_20260331T1105235288_d_img_d18,2026-03-31T11:05:23.5288Z,58,5,59392,5120,2048,256,512.0,0.25,7.621705566,296.15414250000003,89.38302,1.895764,88.104236,TDI64,msb,Ascending,True,0.0,D:\ISRO\OHRC_tiles\ch2_ohr_ncp_20260331T1105235288_d_img_d18\ch2_ohr_ncp_20260331T1105235288_d_img_d18_r00058_c005_structural.jpg,D:\ISRO\OHRC_tiles\ch2_ohr_ncp_20260331T1105235288_d_img_d18\ch2_ohr_ncp_20260331T1105235288_d_img_d18_r00058_c005_illum.jpg,8.576783,-1.07032,-0.296425
586,ch2_ohr_ncp_20260331T1105235288_d_img_d18,D:\ISRO\OHRC_raws\ch2_ohr_ncp_20260331T1105235288_d_img_d18,2026-03-31T11:05:23.5288Z,58,6,59392,6144,2048,256,512.0,0.25,7.6215954774,296.1632019,89.38302,1.895764,88.104236,TDI64,msb,Ascending,True,0.0,D:\ISRO\OHRC_tiles\ch2_ohr_ncp_20260331T1105235288_d_img_d18\ch2_ohr_ncp_20260331T1105235288_d_img_d18_r00058_c006_structural.jpg,D:\ISRO\OHRC_tiles\ch2_ohr_ncp_20260331T1105235288_d_img_d18\ch2_ohr_ncp_20260331T1105235288_d_img_d18_r00058_c006_illum.jpg,6.439929,2.1548162,0.36427757
587,ch2_ohr_ncp_20260331T1105235288_d_img_d18,D:\ISRO\OHRC_raws\ch2_ohr_ncp_20260331T1105235288_d_img_d18,2026-03-31T11:05:23.5288Z,58,7,59392,7168,2048,256,512.0,0.25,7.621484711999999,296.17226923,89.38302,1.895764,88.104236,TDI64,msb,Ascending,True,0.0,D:\ISRO\OHRC_tiles\ch2_ohr_ncp_20260331T1105235288_d_img_d18\ch2_ohr_ncp_20260331T1105235288_d_img_d18_r00058_c007_structural.jpg,D:\ISRO\OHRC_tiles\ch2_ohr_ncp_20260331T1105235288_d_img_d18\ch2_ohr_ncp_20260331T1105235288_d_img_d18_r00058_c007_illum.jpg,7.9224005,1.1487869,-0.83658797
588,ch2_ohr_ncp_20260331T1105235288_d_img_d18,D:\ISRO\OHRC_raws\ch2_ohr_ncp_20260331T1105235288_d_img_d18,2026-03-31T11:05:23.5288Z,58,8,59392,8192,2048,256,512.0,0.25,7.6213732586,296.18134304,89.38302,1.895764,88.104236,TDI64,msb,Ascending,True,0.0,D:\ISRO\OHRC_tiles\ch2_ohr_ncp_20260331T1105235288_d_img_d18\ch2_ohr_ncp_20260331T1105235288_d_img_d18_r00058_c008_structural.jpg,D:\ISRO\OHRC_tiles\ch2_ohr_ncp_20260331T1105235288_d_img_d18\ch2_ohr_ncp_20260331T1105235288_d_img_d18_r00058_c008_illum.jpg,8.818778,-0.5273318,-2.100353
589,ch2_ohr_ncp_20260331T1105235288_d_img_d18,D:\ISRO\OHRC_raws\ch2_ohr_ncp_20260331T1105235288_d_img_d18,2026-03-31T11:05:23.5288Z,58,9,59392,9216,2048,256,512.0,0.25,7.621261109100001,296.19042492000005,89.38302,1.895764,88.104236,TDI64,msb,Ascending,True,0.0,D:\ISRO\OHRC_tiles\ch2_ohr_ncp_20260331T1105235288_d_img_d18\ch2_ohr_ncp_20260331T1105235288_d_img_d18_r00058_c009_structural.jpg,D:\ISRO\OHRC_tiles\ch2_ohr_ncp_20260331T1105235288_d_img_d18\ch2_ohr_ncp_20260331T1105235288_d_img_d18_r00058_c009_illum.jpg,8.050378,0.39275077,-1.2713579
590,ch2_ohr_ncp_20260331T1105235288_d_img_d18,D:\ISRO\OHRC_raws\ch2_ohr_ncp_20260331T1105235288_d_img_d18,2026-03-31T11:05:23.5288Z,59,0,60416,0,2048,256,512.0,0.25,7.6131040577,296.1091915200001,89.38302,1.895764,88.104236,TDI64,msb,Ascending,True,0.0,D:\ISRO\OHRC_tiles\ch2_ohr_ncp_20260331T1105235288_d_img_d18\ch2_ohr_ncp_20260331T1105235288_d_img_d18_r00059_c000_structural.jpg,D:\ISRO\OHRC_tiles\ch2_ohr_ncp_20260331T1105235288_d_img_d18\ch2_ohr_ncp_20260331T1105235288_d_img_d18_r00059_c000_illum.jpg,7.938657,-1.1787459,1.8007104
591,ch2_ohr_ncp_20260331T1105235288_d_img_d18,D:\ISRO\OHRC_raws\ch2_ohr_ncp_20260331T1105235288_d_img_d18,2026-03-31T11:05:23.5288Z,59,1,60416,1024,2048,256,512.0,0.25,7.612997377299999,296.11821345,89.38302,1.895764,88.104236,TDI64,msb,Ascending,True,0.0,D:\ISRO\OHRC_tiles\ch2_ohr_ncp_20260331T1105235288_d_img_d18\ch2_ohr_ncp_20260331T1105235288_d_img_d18_r00059_c001_structural.jpg,D:\ISRO\OHRC_tiles\ch2_ohr_ncp_20260331T1105235288_d_img_d18\ch2_ohr_ncp_20260331T1105235288_d_img_d18_r00059_c001_illum.jpg,8.325521,-0.6166493,0.37229812
592,ch2_ohr_ncp_20260331T1105235288_d_img_d18,D:\ISRO\OHRC_raws\ch2_ohr_ncp_20260331T1105235288_d_img_d18,2026-03-31T11:05:23.5288Z,59,2,60416,2048,2048,256,512.0,0.25,7.6128900155,296.12724313,89.38302,1.895764,88.104236,TDI64,msb,Ascending,True,0.0,D:\ISRO\OHRC_tiles\ch2_ohr_ncp_20260331T1105235288_d_img_d18\ch2_ohr_ncp_20260331T1105235288_d_img_d18_r00059_c002_structural.jpg,D:\ISRO\OHRC_tiles\ch2_ohr_ncp_20260331T1105235288_d_img_d18\ch2_ohr_ncp_20260331T1105235288_d_img_d18_r00059_c002_illum.jpg,7.8333197,-0.8140986,2.2607272
593,ch2_ohr_ncp_20260331T1105235288_d_img_d18,D:\ISRO\OHRC_raws\ch2_ohr_ncp_20260331T1105235288_d_img_d18,2026-03-31T11:05:23.5288Z,59,3,60416,3072,2048,256,512.0,0.25,7.612781980099999,296.13627978,89.38302,1.895764,88.104236,TDI64,msb,Ascending,True,0.0,D:\ISRO\OHRC_tiles\ch2_ohr_ncp_20260331T1105235288_d_img_d18\ch2_ohr_ncp_20260331T1105235288_d_img_d18_r00059_c003_structural.jpg,D:\ISRO\OHRC_tiles\ch2_ohr_ncp_20260331T1105235288_d_img_d18\ch2_ohr_ncp_20260331T1105235288_d_img_d18_r00059_c003_illum.jpg,8.15692,-0.5545043,2.3565717
594,ch2_ohr_ncp_20260331T1105235288_d_img_d18,D:\ISRO\OHRC_raws\ch2_ohr_ncp_20260331T1105235288_d_img_d18,2026-03-31T11:05:23.5288Z,59,4,60416,4096,2048,256,512.0,0.25,7.612673261299999,296.1453247,89.38302,1.895764,88.104236,TDI64,msb,Ascending,True,0.0,D:\ISRO\OHRC_tiles\ch2_ohr_ncp_20260331T1105235288_d_img_d18\ch2_ohr_ncp_20260331T1105235288_d_img_d18_r00059_c004_structural.jpg,D:\ISRO\OHRC_tiles\ch2_ohr_ncp_20260331T1105235288_d_img_d18\ch2_ohr_ncp_20260331T1105235288_d_img_d18_r00059_c004_illum.jpg,7.386219,0.5147578,1.9159776
595,ch2_ohr_ncp_20260331T1105235288_d_img_d18,D:\ISRO\OHRC_raws\ch2_ohr_ncp_20260331T1105235288_d_img_d18,2026-03-31T11:05:23.5288Z,59,5,60416,5120,2048,256,512.0,0.25,7.6125638638,296.15437607000007,89.38302,1.895764,88.104236,TDI64,msb,Ascending,True,0.0,D:\ISRO\OHRC_tiles\ch2_ohr_ncp_20260331T1105235288_d_img_d18\ch2_ohr_ncp_20260331T1105235288_d_img_d18_r00059_c005_structural.jpg,D:\ISRO\OHRC_tiles\ch2_ohr_ncp_20260331T1105235288_d_img_d18\ch2_ohr_ncp_20260331T1105235288_d_img_d18_r00059_c005_illum.jpg,8.044842,0.7708149,-1.2254956
596,ch2_ohr_ncp_20260331T1105235288_d_img_d18,D:\ISRO\OHRC_raws\ch2_ohr_ncp_20260331T1105235288_d_img_d18,2026-03-31T11:05:23.5288Z,59,6,60416,6144,2048,256,512.0,0.25,7.6124537796,296.16343592,89.38302,1.895764,88.104236,TDI64,msb,Ascending,True,0.0,D:\ISRO\OHRC_tiles\ch2_ohr_ncp_20260331T1105235288_d_img_d18\ch2_ohr_ncp_20260331T1105235288_d_img_d18_r00059_c006_structural.jpg,D:\ISRO\OHRC_tiles\ch2_ohr_ncp_20260331T1105235288_d_img_d18\ch2_ohr_ncp_20260331T1105235288_d_img_d18_r00059_c006_illum.jpg,6.277107,2.8264499,-0.20503671
597,ch2_ohr_ncp_20260331T1105235288_d_img_d18,D:\ISRO\OHRC_raws\ch2_ohr_ncp_20260331T1105235288_d_img_d18,2026-03-31T11:05:23.5288Z,59,7,60416,7168,2048,256,512.0,0.25,7.6123430117,296.17250225,89.38302,1.895764,88.104236,TDI64,msb,Ascending,True,0.0,D:\ISRO\OHRC_tiles\ch2_ohr_ncp_20260331T1105235288_d_img_d18\ch2_ohr_ncp_20260331T1105235288_d_img_d18_r00059_c007_structural.jpg,D:\ISRO\OHRC_tiles\ch2_ohr_ncp_20260331T1105235288_d_img_d18\ch2_ohr_ncp_20260331T1105235288_d_img_d18_r00059_c007_illum.jpg,8.398364,0.80012375,-0.62436837
598,ch2_ohr_ncp_20260331T1105235288_d_img_d18,D:\ISRO\OHRC_raws\ch2_ohr_ncp_20260331T1105235288_d_img_d18,2026-03-31T11:05:23.5288Z,59,8,60416,8192,2048,256,512.0,0.25,7.612231556499999,296.18157657000006,89.38302,1.895764,88.104236,TDI64,msb,Ascending,True,0.0,D:\ISRO\OHRC_tiles\ch2_ohr_ncp_20260331T1105235288_d_img_d18\ch2_ohr_ncp_20260331T1105235288_d_img_d18_r00059_c008_structural.jpg,D:\ISRO\OHRC_tiles\ch2_ohr_ncp_20260331T1105235288_d_img_d18\ch2_ohr_ncp_20260331T1105235288_d_img_d18_r00059_c008_illum.jpg,8.51778,0.23672444,-2.0347772
599,ch2_ohr_ncp_20260331T1105235288_d_img_d18,D:\ISRO\OHRC_raws\ch2_ohr_ncp_20260331T1105235288_d_img_d18,2026-03-31T11:05:23.5288Z,59,9,60416,9216,2048,256,512.0,0.25,7.6121194119,296.19065794,89.38302,1.895764,88.104236,TDI64,msb,Ascending,True,0.0,D:\ISRO\OHRC_tiles\ch2_ohr_ncp_20260331T1105235288_d_img_d18\ch2_ohr_ncp_20260331T1105235288_d_img_d18_r00059_c009_structural.jpg,D:\ISRO\OHRC_tiles\ch2_ohr_ncp_20260331T1105235288_d_img_d18\ch2_ohr_ncp_20260331T1105235288_d_img_d18_r00059_c009_illum.jpg,7.636153,0.7477463,-1.7928303
600,ch2_ohr_ncp_20260331T1105235288_d_img_d18,D:\ISRO\OHRC_raws\ch2_ohr_ncp_20260331T1105235288_d_img_d18,2026-03-31T11:05:23.5288Z,60,0,61440,0,2048,256,512.0,0.25,7.6039692723,296.10941531,89.38302,1.895764,88.104236,TDI64,msb,Ascending,True,0.0,D:\ISRO\OHRC_tiles\ch2_ohr_ncp_20260331T1105235288_d_img_d18\ch2_ohr_ncp_20260331T1105235288_d_img_d18_r00060_c000_structural.jpg,D:\ISRO\OHRC_tiles\ch2_ohr_ncp_20260331T1105235288_d_img_d18\ch2_ohr_ncp_20260331T1105235288_d_img_d18_r00060_c000_illum.jpg,8.019744,-0.111766845,2.2571409
601,ch2_ohr_ncp_20260331T1105235288_d_img_d18,D:\ISRO\OHRC_raws\ch2_ohr_ncp_20260331T1105235288_d_img_d18,2026-03-31T11:05:23.5288Z,60,1,61440,1024,2048,256,512.0,0.25,7.6038626068,296.11843724000005,89.38302,1.895764,88.104236,TDI64,msb,Ascending,True,0.0,D:\ISRO\OHRC_tiles\ch2_ohr_ncp_20260331T1105235288_d_img_d18\ch2_ohr_ncp_20260331T1105235288_d_img_d18_r00060_c001_structural.jpg,D:\ISRO\OHRC_tiles\ch2_ohr_ncp_20260331T1105235288_d_img_d18\ch2_ohr_ncp_20260331T1105235288_d_img_d18_r00060_c001_illum.jpg,8.549644,-0.4258302,1.4003057
602,ch2_ohr_ncp_20260331T1105235288_d_img_d18,D:\ISRO\OHRC_raws\ch2_ohr_ncp_20260331T1105235288_d_img_d18,2026-03-31T11:05:23.5288Z,60,2,61440,2048,2048,256,512.0,0.25,7.6037552604,296.12746692,89.38302,1.895764,88.104236,TDI64,msb,Ascending,True,0.0,D:\ISRO\OHRC_tiles\ch2_ohr_ncp_20260331T1105235288_d_img_d18\ch2_ohr_ncp_20260331T1105235288_d_img_d18_r00060_c002_structural.jpg,D:\ISRO\OHRC_tiles\ch2_ohr_ncp_20260331T1105235288_d_img_d18\ch2_ohr_ncp_20260331T1105235288_d_img_d18_r00060_c002_illum.jpg,7.583443,-0.14864962,1.505769
603,ch2_ohr_ncp_20260331T1105235288_d_img_d18,D:\ISRO\OHRC_raws\ch2_ohr_ncp_20260331T1105235288_d_img_d18,2026-03-31T11:05:23.5288Z,60,3,61440,3072,2048,256,512.0,0.25,7.6036472374,296.1365036,89.38302,1.895764,88.104236,TDI64,msb,Ascending,True,0.0,D:\ISRO\OHRC_tiles\ch2_ohr_ncp_20260331T1105235288_d_img_d18\ch2_ohr_ncp_20260331T1105235288_d_img_d18_r00060_c003_structural.jpg,D:\ISRO\OHRC_tiles\ch2_ohr_ncp_20260331T1105235288_d_img_d18\ch2_ohr_ncp_20260331T1105235288_d_img_d18_r00060_c003_illum.jpg,7.71336,-0.18611827,2.0762112
604,ch2_ohr_ncp_20260331T1105235288_d_img_d18,D:\ISRO\OHRC_raws\ch2_ohr_ncp_20260331T1105235288_d_img_d18,2026-03-31T11:05:23.5288Z,60,4,61440,4096,2048,256,512.0,0.25,7.6035385335,296.14554776,89.38302,1.895764,88.104236,TDI64,msb,Ascending,True,0.0,D:\ISRO\OHRC_tiles\ch2_ohr_ncp_20260331T1105235288_d_img_d18\ch2_ohr_ncp_20260331T1105235288_d_img_d18_r00060_c004_structural.jpg,D:\ISRO\OHRC_tiles\ch2_ohr_ncp_20260331T1105235288_d_img_d18\ch2_ohr_ncp_20260331T1105235288_d_img_d18_r00060_c004_illum.jpg,7.1800923,1.0826434,1.4098634
605,ch2_ohr_ncp_20260331T1105235288_d_img_d18,D:\ISRO\OHRC_raws\ch2_ohr_ncp_20260331T1105235288_d_img_d18,2026-03-31T11:05:23.5288Z,60,5,61440,5120,2048,256,512.0,0.25,7.603429156,296.15459986,89.38302,1.895764,88.104236,TDI64,msb,Ascending,True,0.0,D:\ISRO\OHRC_tiles\ch2_ohr_ncp_20260331T1105235288_d_img_d18\ch2_ohr_ncp_20260331T1105235288_d_img_d18_r00060_c005_structural.jpg,D:\ISRO\OHRC_tiles\ch2_ohr_ncp_20260331T1105235288_d_img_d18\ch2_ohr_ncp_20260331T1105235288_d_img_d18_r00060_c005_illum.jpg,6.5721602,2.6821218,0.6569736
606,ch2_ohr_ncp_20260331T1105235288_d_img_d18,D:\ISRO\OHRC_raws\ch2_ohr_ncp_20260331T1105235288_d_img_d18,2026-03-31T11:05:23.5288Z,60,6,61440,6144,2048,256,512.0,0.25,7.603319091799999,296.16365871000005,89.38302,1.895764,88.104236,TDI64,msb,Ascending,True,0.0,D:\ISRO\OHRC_tiles\ch2_ohr_ncp_20260331T1105235288_d_img_d18\ch2_ohr_ncp_20260331T1105235288_d_img_d18_r00060_c006_structural.jpg,D:\ISRO\OHRC_tiles\ch2_ohr_ncp_20260331T1105235288_d_img_d18\ch2_ohr_ncp_20260331T1105235288_d_img_d18_r00060_c006_illum.jpg,7.797381,1.5462773,-0.40968227
607,ch2_ohr_ncp_20260331T1105235288_d_img_d18,D:\ISRO\OHRC_raws\ch2_ohr_ncp_20260331T1105235288_d_img_d18,2026-03-31T11:05:23.5288Z,60,7,61440,7168,2048,256,512.0,0.25,7.6032083388,296.17272504,89.38302,1.895764,88.104236,TDI64,msb,Ascending,True,0.0,D:\ISRO\OHRC_tiles\ch2_ohr_ncp_20260331T1105235288_d_img_d18\ch2_ohr_ncp_20260331T1105235288_d_img_d18_r00060_c007_structural.jpg,D:\ISRO\OHRC_tiles\ch2_ohr_ncp_20260331T1105235288_d_img_d18\ch2_ohr_ncp_20260331T1105235288_d_img_d18_r00060_c007_illum.jpg,8.262974,0.62230635,-0.60361016
608,ch2_ohr_ncp_20260331T1105235288_d_img_d18,D:\ISRO\OHRC_raws\ch2_ohr_ncp_20260331T1105235288_d_img_d18,2026-03-31T11:05:23.5288Z,60,8,61440,8192,2048,256,512.0,0.25,7.6030969036,296.18179911999994,89.38302,1.895764,88.104236,TDI64,msb,Ascending,True,0.0,D:\ISRO\OHRC_tiles\ch2_ohr_ncp_20260331T1105235288_d_img_d18\ch2_ohr_ncp_20260331T1105235288_d_img_d18_r00060_c008_structural.jpg,D:\ISRO\OHRC_tiles\ch2_ohr_ncp_20260331T1105235288_d_img_d18\ch2_ohr_ncp_20260331T1105235288_d_img_d18_r00060_c008_illum.jpg,8.397359,0.97433645,-2.3747911
609,ch2_ohr_ncp_20260331T1105235288_d_img_d18,D:\ISRO\OHRC_raws\ch2_ohr_ncp_20260331T1105235288_d_img_d18,2026-03-31T11:05:23.5288Z,60,9,61440,9216,2048,256,512.0,0.25,7.6029847768,296.190881,89.38302,1.895764,88.104236,TDI64,msb,Ascending,True,0.0,D:\ISRO\OHRC_tiles\ch2_ohr_ncp_20260331T1105235288_d_img_d18\ch2_ohr_ncp_20260331T1105235288_d_img_d18_r00060_c009_structural.jpg,D:\ISRO\OHRC_tiles\ch2_ohr_ncp_20260331T1105235288_d_img_d18\ch2_ohr_ncp_20260331T1105235288_d_img_d18_r00060_c009_illum.jpg,8.336549,-0.029737655,-1.4979166
610,ch2_ohr_ncp_20260331T1105235288_d_img_d18,D:\ISRO\OHRC_raws\ch2_ohr_ncp_20260331T1105235288_d_img_d18,2026-03-31T11:05:23.5288Z,61,0,62464,0,2048,256,512.0,0.25,7.5948336882,296.10964131,89.38302,1.895764,88.104236,TDI64,msb,Ascending,True,0.0,D:\ISRO\OHRC_tiles\ch2_ohr_ncp_20260331T1105235288_d_img_d18\ch2_ohr_ncp_20260331T1105235288_d_img_d18_r00061_c000_structural.jpg,D:\ISRO\OHRC_tiles\ch2_ohr_ncp_20260331T1105235288_d_img_d18\ch2_ohr_ncp_20260331T1105235288_d_img_d18_r00061_c000_illum.jpg,7.650056,0.3828849,1.660757
611,ch2_ohr_ncp_20260331T1105235288_d_img_d18,D:\ISRO\OHRC_raws\ch2_ohr_ncp_20260331T1105235288_d_img_d18,2026-03-31T11:05:23.5288Z,61,1,62464,1024,2048,256,512.0,0.25,7.5947270324,296.11866303000005,89.38302,1.895764,88.104236,TDI64,msb,Ascending,True,0.0,D:\ISRO\OHRC_tiles\ch2_ohr_ncp_20260331T1105235288_d_img_d18\ch2_ohr_ncp_20260331T1105235288_d_img_d18_r00061_c001_structural.jpg,D:\ISRO\OHRC_tiles\ch2_ohr_ncp_20260331T1105235288_d_img_d18\ch2_ohr_ncp_20260331T1105235288_d_img_d18_r00061_c001_illum.jpg,7.738782,0.23907024,0.96914375
612,ch2_ohr_ncp_20260331T1105235288_d_img_d18,D:\ISRO\OHRC_raws\ch2_ohr_ncp_20260331T1105235288_d_img_d18,2026-03-31T11:05:23.5288Z,61,2,62464,2048,2048,256,512.0,0.25,7.594619693299999,296.1276922,89.38302,1.895764,88.104236,TDI64,msb,Ascending,True,0.0,D:\ISRO\OHRC_tiles\ch2_ohr_ncp_20260331T1105235288_d_img_d18\ch2_ohr_ncp_20260331T1105235288_d_img_d18_r00061_c002_structural.jpg,D:\ISRO\OHRC_tiles\ch2_ohr_ncp_20260331T1105235288_d_img_d18\ch2_ohr_ncp_20260331T1105235288_d_img_d18_r00061_c002_illum.jpg,7.8784757,0.28619432,0.4375835
613,ch2_ohr_ncp_20260331T1105235288_d_img_d18,D:\ISRO\OHRC_raws\ch2_ohr_ncp_20260331T1105235288_d_img_d18,2026-03-31T11:05:23.5288Z,61,3,62464,3072,2048,256,512.0,0.25,7.594511680299999,296.13672884999994,89.38302,1.895764,88.104236,TDI64,msb,Ascending,True,0.0,D:\ISRO\OHRC_tiles\ch2_ohr_ncp_20260331T1105235288_d_img_d18\ch2_ohr_ncp_20260331T1105235288_d_img_d18_r00061_c003_structural.jpg,D:\ISRO\OHRC_tiles\ch2_ohr_ncp_20260331T1105235288_d_img_d18\ch2_ohr_ncp_20260331T1105235288_d_img_d18_r00061_c003_illum.jpg,6.850554,1.41492,1.3843801
614,ch2_ohr_ncp_20260331T1105235288_d_img_d18,D:\ISRO\OHRC_raws\ch2_ohr_ncp_20260331T1105235288_d_img_d18,2026-03-31T11:05:23.5288Z,61,4,62464,4096,2048,256,512.0,0.25,7.5944029861,296.14577295,89.38302,1.895764,88.104236,TDI64,msb,Ascending,True,0.0,D:\ISRO\OHRC_tiles\ch2_ohr_ncp_20260331T1105235288_d_img_d18\ch2_ohr_ncp_20260331T1105235288_d_img_d18_r00061_c004_structural.jpg,D:\ISRO\OHRC_tiles\ch2_ohr_ncp_20260331T1105235288_d_img_d18\ch2_ohr_ncp_20260331T1105235288_d_img_d18_r00061_c004_illum.jpg,6.855971,2.284368,0.844753
615,ch2_ohr_ncp_20260331T1105235288_d_img_d18,D:\ISRO\OHRC_raws\ch2_ohr_ncp_20260331T1105235288_d_img_d18,2026-03-31T11:05:23.5288Z,61,5,62464,5120,2048,256,512.0,0.25,7.5942936183,296.15482459,89.38302,1.895764,88.104236,TDI64,msb,Ascending,True,0.0,D:\ISRO\OHRC_tiles\ch2_ohr_ncp_20260331T1105235288_d_img_d18\ch2_ohr_ncp_20260331T1105235288_d_img_d18_r00061_c005_structural.jpg,D:\ISRO\OHRC_tiles\ch2_ohr_ncp_20260331T1105235288_d_img_d18\ch2_ohr_ncp_20260331T1105235288_d_img_d18_r00061_c005_illum.jpg,6.8312955,3.0477648,0.13093494
616,ch2_ohr_ncp_20260331T1105235288_d_img_d18,D:\ISRO\OHRC_raws\ch2_ohr_ncp_20260331T1105235288_d_img_d18,2026-03-31T11:05:23.5288Z,61,6,62464,6144,2048,256,512.0,0.25,7.5941835641,296.16388299,89.38302,1.895764,88.104236,TDI64,msb,Ascending,True,0.0,D:\ISRO\OHRC_tiles\ch2_ohr_ncp_20260331T1105235288_d_img_d18\ch2_ohr_ncp_20260331T1105235288_d_img_d18_r00061_c006_structural.jpg,D:\ISRO\OHRC_tiles\ch2_ohr_ncp_20260331T1105235288_d_img_d18\ch2_ohr_ncp_20260331T1105235288_d_img_d18_r00061_c006_illum.jpg,8.347529,0.7263095,-1.0256265
617,ch2_ohr_ncp_20260331T1105235288_d_img_d18,D:\ISRO\OHRC_raws\ch2_ohr_ncp_20260331T1105235288_d_img_d18,2026-03-31T11:05:23.5288Z,61,7,62464,7168,2048,256,512.0,0.25,7.594072821499999,296.1729493600001,89.38302,1.895764,88.104236,TDI64,msb,Ascending,True,0.0,D:\ISRO\OHRC_tiles\ch2_ohr_ncp_20260331T1105235288_d_img_d18\ch2_ohr_ncp_20260331T1105235288_d_img_d18_r00061_c007_structural.jpg,D:\ISRO\OHRC_tiles\ch2_ohr_ncp_20260331T1105235288_d_img_d18\ch2_ohr_ncp_20260331T1105235288_d_img_d18_r00061_c007_illum.jpg,7.4726534,0.8022047,0.6396572
618,ch2_ohr_ncp_20260331T1105235288_d_img_d18,D:\ISRO\OHRC_raws\ch2_ohr_ncp_20260331T1105235288_d_img_d18,2026-03-31T11:05:23.5288Z,61,8,62464,8192,2048,256,512.0,0.25,7.593961395599999,296.18202393,89.38302,1.895764,88.104236,TDI64,msb,Ascending,True,0.0,D:\ISRO\OHRC_tiles\ch2_ohr_ncp_20260331T1105235288_d_img_d18\ch2_ohr_ncp_20260331T1105235288_d_img_d18_r00061_c008_structural.jpg,D:\ISRO\OHRC_tiles\ch2_ohr_ncp_20260331T1105235288_d_img_d18\ch2_ohr_ncp_20260331T1105235288_d_img_d18_r00061_c008_illum.jpg,7.3469734,1.2995794,0.1767547
619,ch2_ohr_ncp_20260331T1105235288_d_img_d18,D:\ISRO\OHRC_raws\ch2_ohr_ncp_20260331T1105235288_d_img_d18,2026-03-31T11:05:23.5288Z,61,9,62464,9216,2048,256,512.0,0.25,7.5938492802,296.19110501,89.38302,1.895764,88.104236,TDI64,msb,Ascending,True,0.0,D:\ISRO\OHRC_tiles\ch2_ohr_ncp_20260331T1105235288_d_img_d18\ch2_ohr_ncp_20260331T1105235288_d_img_d18_r00061_c009_structural.jpg,D:\ISRO\OHRC_tiles\ch2_ohr_ncp_20260331T1105235288_d_img_d18\ch2_ohr_ncp_20260331T1105235288_d_img_d18_r00061_c009_illum.jpg,8.823153,-1.0750496,-0.50408435
620,ch2_ohr_ncp_20260331T1105235288_d_img_d18,D:\ISRO\OHRC_raws\ch2_ohr_ncp_20260331T1105235288_d_img_d18,2026-03-31T11:05:23.5288Z,62,0,63488,0,2048,256,512.0,0.25,7.5856870743,296.10986383,89.38302,1.895764,88.104236,TDI64,msb,Ascending,True,0.0,D:\ISRO\OHRC_tiles\ch2_ohr_ncp_20260331T1105235288_d_img_d18\ch2_ohr_ncp_20260331T1105235288_d_img_d18_r00062_c000_structural.jpg,D:\ISRO\OHRC_tiles\ch2_ohr_ncp_20260331T1105235288_d_img_d18\ch2_ohr_ncp_20260331T1105235288_d_img_d18_r00062_c000_illum.jpg,6.8505287,1.2406911,1.5049257
621,ch2_ohr_ncp_20260331T1105235288_d_img_d18,D:\ISRO\OHRC_raws\ch2_ohr_ncp_20260331T1105235288_d_img_d18,2026-03-31T11:05:23.5288Z,62,1,63488,1024,2048,256,512.0,0.25,7.5855804092,296.11888552,89.38302,1.895764,88.104236,TDI64,msb,Ascending,True,0.0,D:\ISRO\OHRC_tiles\ch2_ohr_ncp_20260331T1105235288_d_img_d18\ch2_ohr_ncp_20260331T1105235288_d_img_d18_r00062_c001_structural.jpg,D:\ISRO\OHRC_tiles\ch2_ohr_ncp_20260331T1105235288_d_img_d18\ch2_ohr_ncp_20260331T1105235288_d_img_d18_r00062_c001_illum.jpg,6.695905,1.8438312,0.7331406
622,ch2_ohr_ncp_20260331T1105235288_d_img_d18,D:\ISRO\OHRC_raws\ch2_ohr_ncp_20260331T1105235288_d_img_d18,2026-03-31T11:05:23.5288Z,62,2,63488,2048,2048,256,512.0,0.25,7.585473062200001,296.12791448,89.38302,1.895764,88.104236,TDI64,msb,Ascending,True,0.0,D:\ISRO\OHRC_tiles\ch2_ohr_ncp_20260331T1105235288_d_img_d18\ch2_ohr_ncp_20260331T1105235288_d_img_d18_r00062_c002_structural.jpg,D:\ISRO\OHRC_tiles\ch2_ohr_ncp_20260331T1105235288_d_img_d18\ch2_ohr_ncp_20260331T1105235288_d_img_d18_r00062_c002_illum.jpg,7.017317,1.4511106,0.8349583
623,ch2_ohr_ncp_20260331T1105235288_d_img_d18,D:\ISRO\OHRC_raws\ch2_ohr_ncp_20260331T1105235288_d_img_d18,2026-03-31T11:05:23.5288Z,62,3,63488,3072,2048,256,512.0,0.25,7.5853650413,296.13695113,89.38302,1.895764,88.104236,TDI64,msb,Ascending,True,0.0,D:\ISRO\OHRC_tiles\ch2_ohr_ncp_20260331T1105235288_d_img_d18\ch2_ohr_ncp_20260331T1105235288_d_img_d18_r00062_c003_structural.jpg,D:\ISRO\OHRC_tiles\ch2_ohr_ncp_20260331T1105235288_d_img_d18\ch2_ohr_ncp_20260331T1105235288_d_img_d18_r00062_c003_illum.jpg,6.0618834,2.5926218,1.1168976
624,ch2_ohr_ncp_20260331T1105235288_d_img_d18,D:\ISRO\OHRC_raws\ch2_ohr_ncp_20260331T1105235288_d_img_d18,2026-03-31T11:05:23.5288Z,62,4,63488,4096,2048,256,512.0,0.25,7.5852563453,296.14599447,89.38302,1.895764,88.104236,TDI64,msb,Ascending,True,0.0,D:\ISRO\OHRC_tiles\ch2_ohr_ncp_20260331T1105235288_d_img_d18\ch2_ohr_ncp_20260331T1105235288_d_img_d18_r00062_c004_structural.jpg,D:\ISRO\OHRC_tiles\ch2_ohr_ncp_20260331T1105235288_d_img_d18\ch2_ohr_ncp_20260331T1105235288_d_img_d18_r00062_c004_illum.jpg,6.299951,3.2685845,0.185551
625,ch2_ohr_ncp_20260331T1105235288_d_img_d18,D:\ISRO\OHRC_raws\ch2_ohr_ncp_20260331T1105235288_d_img_d18,2026-03-31T11:05:23.5288Z,62,5,63488,5120,2048,256,512.0,0.25,7.585146959899999,296.15504608000003,89.38302,1.895764,88.104236,TDI64,msb,Ascending,True,0.0,D:\ISRO\OHRC_tiles\ch2_ohr_ncp_20260331T1105235288_d_img_d18\ch2_ohr_ncp_20260331T1105235288_d_img_d18_r00062_c005_structural.jpg,D:\ISRO\OHRC_tiles\ch2_ohr_ncp_20260331T1105235288_d_img_d18\ch2_ohr_ncp_20260331T1105235288_d_img_d18_r00062_c005_illum.jpg,7.4932117,2.6607473,-0.3846461
626,ch2_ohr_ncp_20260331T1105235288_d_img_d18,D:\ISRO\OHRC_raws\ch2_ohr_ncp_20260331T1105235288_d_img_d18,2026-03-31T11:05:23.5288Z,62,6,63488,6144,2048,256,512.0,0.25,7.5850368978,296.16410448,89.38302,1.895764,88.104236,TDI64,msb,Ascending,True,0.0,D:\ISRO\OHRC_tiles\ch2_ohr_ncp_20260331T1105235288_d_img_d18\ch2_ohr_ncp_20260331T1105235288_d_img_d18_r00062_c006_structural.jpg,D:\ISRO\OHRC_tiles\ch2_ohr_ncp_20260331T1105235288_d_img_d18\ch2_ohr_ncp_20260331T1105235288_d_img_d18_r00062_c006_illum.jpg,8.690597,1.6477664,-1.4857159
627,ch2_ohr_ncp_20260331T1105235288_d_img_d18,D:\ISRO\OHRC_raws\ch2_ohr_ncp_20260331T1105235288_d_img_d18,2026-03-31T11:05:23.5288Z,62,7,63488,7168,2048,256,512.0,0.25,7.5849261534,296.17317081,89.38302,1.895764,88.104236,TDI64,msb,Ascending,True,0.0,D:\ISRO\OHRC_tiles\ch2_ohr_ncp_20260331T1105235288_d_img_d18\ch2_ohr_ncp_20260331T1105235288_d_img_d18_r00062_c007_structural.jpg,D:\ISRO\OHRC_tiles\ch2_ohr_ncp_20260331T1105235288_d_img_d18\ch2_ohr_ncp_20260331T1105235288_d_img_d18_r00062_c007_illum.jpg,7.51043,1.0576918,-0.5770023
628,ch2_ohr_ncp_20260331T1105235288_d_img_d18,D:\ISRO\OHRC_raws\ch2_ohr_ncp_20260331T1105235288_d_img_d18,2026-03-31T11:05:23.5288Z,62,8,63488,8192,2048,256,512.0,0.25,7.5848147196,296.18224445000004,89.38302,1.895764,88.104236,TDI64,msb,Ascending,True,0.0,D:\ISRO\OHRC_tiles\ch2_ohr_ncp_20260331T1105235288_d_img_d18\ch2_ohr_ncp_20260331T1105235288_d_img_d18_r00062_c008_structural.jpg,D:\ISRO\OHRC_tiles\ch2_ohr_ncp_20260331T1105235288_d_img_d18\ch2_ohr_ncp_20260331T1105235288_d_img_d18_r00062_c008_illum.jpg,7.5553565,0.42099178,0.3729195
629,ch2_ohr_ncp_20260331T1105235288_d_img_d18,D:\ISRO\OHRC_raws\ch2_ohr_ncp_20260331T1105235288_d_img_d18,2026-03-31T11:05:23.5288Z,62,9,63488,9216,2048,256,512.0,0.25,7.5847025942,296.1913255,89.38302,1.895764,88.104236,TDI64,msb,Ascending,True,0.0,D:\ISRO\OHRC_tiles\ch2_ohr_ncp_20260331T1105235288_d_img_d18\ch2_ohr_ncp_20260331T1105235288_d_img_d18_r00062_c009_structural.jpg,D:\ISRO\OHRC_tiles\ch2_ohr_ncp_20260331T1105235288_d_img_d18\ch2_ohr_ncp_20260331T1105235288_d_img_d18_r00062_c009_illum.jpg,9.250871,-1.6529769,-0.8373214
630,ch2_ohr_ncp_20260331T1105235288_d_img_d18,D:\ISRO\OHRC_raws\ch2_ohr_ncp_20260331T1105235288_d_img_d18,2026-03-31T11:05:23.5288Z,63,0,64512,0,2048,256,512.0,0.25,7.5765522435,296.11009715,89.38302,1.895764,88.104236,TDI64,msb,Ascending,True,0.0,D:\ISRO\OHRC_tiles\ch2_ohr_ncp_20260331T1105235288_d_img_d18\ch2_ohr_ncp_20260331T1105235288_d_img_d18_r00063_c000_structural.jpg,D:\ISRO\OHRC_tiles\ch2_ohr_ncp_20260331T1105235288_d_img_d18\ch2_ohr_ncp_20260331T1105235288_d_img_d18_r00063_c000_illum.jpg,8.153876,-0.4802737,1.1090862
631,ch2_ohr_ncp_20260331T1105235288_d_img_d18,D:\ISRO\OHRC_raws\ch2_ohr_ncp_20260331T1105235288_d_img_d18,2026-03-31T11:05:23.5288Z,63,1,64512,1024,2048,256,512.0,0.25,7.576445596,296.11911859,89.38302,1.895764,88.104236,TDI64,msb,Ascending,True,0.0,D:\ISRO\OHRC_tiles\ch2_ohr_ncp_20260331T1105235288_d_img_d18\ch2_ohr_ncp_20260331T1105235288_d_img_d18_r00063_c001_structural.jpg,D:\ISRO\OHRC_tiles\ch2_ohr_ncp_20260331T1105235288_d_img_d18\ch2_ohr_ncp_20260331T1105235288_d_img_d18_r00063_c001_illum.jpg,7.557579,-0.40650946,-0.4599064
632,ch2_ohr_ncp_20260331T1105235288_d_img_d18,D:\ISRO\OHRC_raws\ch2_ohr_ncp_20260331T1105235288_d_img_d18,2026-03-31T11:05:23.5288Z,63,2,64512,2048,2048,256,512.0,0.25,7.5763382697,296.12814720999995,89.38302,1.895764,88.104236,TDI64,msb,Ascending,True,0.0,D:\ISRO\OHRC_tiles\ch2_ohr_ncp_20260331T1105235288_d_img_d18\ch2_ohr_ncp_20260331T1105235288_d_img_d18_r00063_c002_structural.jpg,D:\ISRO\OHRC_tiles\ch2_ohr_ncp_20260331T1105235288_d_img_d18\ch2_ohr_ncp_20260331T1105235288_d_img_d18_r00063_c002_illum.jpg,6.302091,1.2610494,1.0528916
633,ch2_ohr_ncp_20260331T1105235288_d_img_d18,D:\ISRO\OHRC_raws\ch2_ohr_ncp_20260331T1105235288_d_img_d18,2026-03-31T11:05:23.5288Z,63,3,64512,3072,2048,256,512.0,0.25,7.5762302694,296.13718341,89.38302,1.895764,88.104236,TDI64,msb,Ascending,True,0.0,D:\ISRO\OHRC_tiles\ch2_ohr_ncp_20260331T1105235288_d_img_d18\ch2_ohr_ncp_20260331T1105235288_d_img_d18_r00063_c003_structural.jpg,D:\ISRO\OHRC_tiles\ch2_ohr_ncp_20260331T1105235288_d_img_d18\ch2_ohr_ncp_20260331T1105235288_d_img_d18_r00063_c003_illum.jpg,6.1077566,2.5593457,1.055242
634,ch2_ohr_ncp_20260331T1105235288_d_img_d18,D:\ISRO\OHRC_raws\ch2_ohr_ncp_20260331T1105235288_d_img_d18,2026-03-31T11:05:23.5288Z,63,4,64512,4096,2048,256,512.0,0.25,7.5761215855,296.14622733,89.38302,1.895764,88.104236,TDI64,msb,Ascending,True,0.0,D:\ISRO\OHRC_tiles\ch2_ohr_ncp_20260331T1105235288_d_img_d18\ch2_ohr_ncp_20260331T1105235288_d_img_d18_r00063_c004_structural.jpg,D:\ISRO\OHRC_tiles\ch2_ohr_ncp_20260331T1105235288_d_img_d18\ch2_ohr_ncp_20260331T1105235288_d_img_d18_r00063_c004_illum.jpg,6.7078743,2.717349,-0.49569267
635,ch2_ohr_ncp_20260331T1105235288_d_img_d18,D:\ISRO\OHRC_raws\ch2_ohr_ncp_20260331T1105235288_d_img_d18,2026-03-31T11:05:23.5288Z,63,5,64512,5120,2048,256,512.0,0.25,7.5760122235,296.15527860000003,89.38302,1.895764,88.104236,TDI64,msb,Ascending,True,0.0,D:\ISRO\OHRC_tiles\ch2_ohr_ncp_20260331T1105235288_d_img_d18\ch2_ohr_ncp_20260331T1105235288_d_img_d18_r00063_c005_structural.jpg,D:\ISRO\OHRC_tiles\ch2_ohr_ncp_20260331T1105235288_d_img_d18\ch2_ohr_ncp_20260331T1105235288_d_img_d18_r00063_c005_illum.jpg,6.9058986,3.3367417,-0.36760098
636,ch2_ohr_ncp_20260331T1105235288_d_img_d18,D:\ISRO\OHRC_raws\ch2_ohr_ncp_20260331T1105235288_d_img_d18,2026-03-31T11:05:23.5288Z,63,6,64512,6144,2048,256,512.0,0.25,7.5759021793,296.16433655,89.38302,1.895764,88.104236,TDI64,msb,Ascending,True,0.0,D:\ISRO\OHRC_tiles\ch2_ohr_ncp_20260331T1105235288_d_img_d18\ch2_ohr_ncp_20260331T1105235288_d_img_d18_r00063_c006_structural.jpg,D:\ISRO\OHRC_tiles\ch2_ohr_ncp_20260331T1105235288_d_img_d18\ch2_ohr_ncp_20260331T1105235288_d_img_d18_r00063_c006_illum.jpg,7.8226275,1.864912,-1.5399901
637,ch2_ohr_ncp_20260331T1105235288_d_img_d18,D:\ISRO\OHRC_raws\ch2_ohr_ncp_20260331T1105235288_d_img_d18,2026-03-31T11:05:23.5288Z,63,7,64512,7168,2048,256,512.0,0.25,7.5757914518,296.17340288,89.38302,1.895764,88.104236,TDI64,msb,Ascending,True,0.0,D:\ISRO\OHRC_tiles\ch2_ohr_ncp_20260331T1105235288_d_img_d18\ch2_ohr_ncp_20260331T1105235288_d_img_d18_r00063_c007_structural.jpg,D:\ISRO\OHRC_tiles\ch2_ohr_ncp_20260331T1105235288_d_img_d18\ch2_ohr_ncp_20260331T1105235288_d_img_d18_r00063_c007_illum.jpg,8.615121,-0.1222166,-1.7660449
638,ch2_ohr_ncp_20260331T1105235288_d_img_d18,D:\ISRO\OHRC_raws\ch2_ohr_ncp_20260331T1105235288_d_img_d18,2026-03-31T11:05:23.5288Z,63,8,64512,8192,2048,256,512.0,0.25,7.5756800366,296.18247652,89.38302,1.895764,88.104236,TDI64,msb,Ascending,True,0.0,D:\ISRO\OHRC_tiles\ch2_ohr_ncp_20260331T1105235288_d_img_d18\ch2_ohr_ncp_20260331T1105235288_d_img_d18_r00063_c008_structural.jpg,D:\ISRO\OHRC_tiles\ch2_ohr_ncp_20260331T1105235288_d_img_d18\ch2_ohr_ncp_20260331T1105235288_d_img_d18_r00063_c008_illum.jpg,9.075219,-1.6736962,0.87412214
639,ch2_ohr_ncp_20260331T1105235288_d_img_d18,D:\ISRO\OHRC_raws\ch2_ohr_ncp_20260331T1105235288_d_img_d18,2026-03-31T11:05:23.5288Z,63,9,64512,9216,2048,256,512.0,0.25,7.575567931199999,296.19155757000004,89.38302,1.895764,88.104236,TDI64,msb,Ascending,True,0.0,D:\ISRO\OHRC_tiles\ch2_ohr_ncp_20260331T1105235288_d_img_d18\ch2_ohr_ncp_20260331T1105235288_d_img_d18_r00063_c009_structural.jpg,D:\ISRO\OHRC_tiles\ch2_ohr_ncp_20260331T1105235288_d_img_d18\ch2_ohr_ncp_20260331T1105235288_d_img_d18_r00063_c009_illum.jpg,8.0254755,0.40130717,0.12864618
640,ch2_ohr_ncp_20260331T1105235288_d_img_d18,D:\ISRO\OHRC_raws\ch2_ohr_ncp_20260331T1105235288_d_img_d18,2026-03-31T11:05:23.5288Z,64,0,65536,0,2048,256,512.0,0.25,7.567418026999999,296.11032043,89.38302,1.895764,88.104236,TDI64,msb,Ascending,True,0.0,D:\ISRO\OHRC_tiles\ch2_ohr_ncp_20260331T1105235288_d_img_d18\ch2_ohr_ncp_20260331T1105235288_d_img_d18_r00064_c000_structural.jpg,D:\ISRO\OHRC_tiles\ch2_ohr_ncp_20260331T1105235288_d_img_d18\ch2_ohr_ncp_20260331T1105235288_d_img_d18_r00064_c000_illum.jpg,8.58634,-0.7952335,1.1079295
641,ch2_ohr_ncp_20260331T1105235288_d_img_d18,D:\ISRO\OHRC_raws\ch2_ohr_ncp_20260331T1105235288_d_img_d18,2026-03-31T11:05:23.5288Z,64,1,65536,1024,2048,256,512.0,0.25,7.5673113858,296.11934187,89.38302,1.895764,88.104236,TDI64,msb,Ascending,True,0.0,D:\ISRO\OHRC_tiles\ch2_ohr_ncp_20260331T1105235288_d_img_d18\ch2_ohr_ncp_20260331T1105235288_d_img_d18_r00064_c001_structural.jpg,D:\ISRO\OHRC_tiles\ch2_ohr_ncp_20260331T1105235288_d_img_d18\ch2_ohr_ncp_20260331T1105235288_d_img_d18_r00064_c001_illum.jpg,9.755204,-2.8409932,-1.0527201
642,ch2_ohr_ncp_20260331T1105235288_d_img_d18,D:\ISRO\OHRC_raws\ch2_ohr_ncp_20260331T1105235288_d_img_d18,2026-03-31T11:05:23.5288Z,64,2,65536,2048,2048,256,512.0,0.25,7.5672040791,296.12837035,89.38302,1.895764,88.104236,TDI64,msb,Ascending,True,0.0,D:\ISRO\OHRC_tiles\ch2_ohr_ncp_20260331T1105235288_d_img_d18\ch2_ohr_ncp_20260331T1105235288_d_img_d18_r00064_c002_structural.jpg,D:\ISRO\OHRC_tiles\ch2_ohr_ncp_20260331T1105235288_d_img_d18\ch2_ohr_ncp_20260331T1105235288_d_img_d18_r00064_c002_illum.jpg,7.7195973,0.26661962,0.41174817
643,ch2_ohr_ncp_20260331T1105235288_d_img_d18,D:\ISRO\OHRC_raws\ch2_ohr_ncp_20260331T1105235288_d_img_d18,2026-03-31T11:05:23.5288Z,64,3,65536,3072,2048,256,512.0,0.25,7.5670960888,296.13740672,89.38302,1.895764,88.104236,TDI64,msb,Ascending,True,0.0,D:\ISRO\OHRC_tiles\ch2_ohr_ncp_20260331T1105235288_d_img_d18\ch2_ohr_ncp_20260331T1105235288_d_img_d18_r00064_c003_structural.jpg,D:\ISRO\OHRC_tiles\ch2_ohr_ncp_20260331T1105235288_d_img_d18\ch2_ohr_ncp_20260331T1105235288_d_img_d18_r00064_c003_illum.jpg,6.110002,2.4383194,0.789971
644,ch2_ohr_ncp_20260331T1105235288_d_img_d18,D:\ISRO\OHRC_raws\ch2_ohr_ncp_20260331T1105235288_d_img_d18,2026-03-31T11:05:23.5288Z,64,4,65536,4096,2048,256,512.0,0.25,7.5669874218,296.14644992,89.38302,1.895764,88.104236,TDI64,msb,Ascending,True,0.0,D:\ISRO\OHRC_tiles\ch2_ohr_ncp_20260331T1105235288_d_img_d18\ch2_ohr_ncp_20260331T1105235288_d_img_d18_r00064_c004_structural.jpg,D:\ISRO\OHRC_tiles\ch2_ohr_ncp_20260331T1105235288_d_img_d18\ch2_ohr_ncp_20260331T1105235288_d_img_d18_r00064_c004_illum.jpg,5.895532,2.9330873,0.35132948
645,ch2_ohr_ncp_20260331T1105235288_d_img_d18,D:\ISRO\OHRC_raws\ch2_ohr_ncp_20260331T1105235288_d_img_d18,2026-03-31T11:05:23.5288Z,64,5,65536,5120,2048,256,512.0,0.25,7.5668780719000015,296.15550098,89.38302,1.895764,88.104236,TDI64,msb,Ascending,True,0.0,D:\ISRO\OHRC_tiles\ch2_ohr_ncp_20260331T1105235288_d_img_d18\ch2_ohr_ncp_20260331T1105235288_d_img_d18_r00064_c005_structural.jpg,D:\ISRO\OHRC_tiles\ch2_ohr_ncp_20260331T1105235288_d_img_d18\ch2_ohr_ncp_20260331T1105235288_d_img_d18_r00064_c005_illum.jpg,6.33235,3.1746125,0.2213737
646,ch2_ohr_ncp_20260331T1105235288_d_img_d18,D:\ISRO\OHRC_raws\ch2_ohr_ncp_20260331T1105235288_d_img_d18,2026-03-31T11:05:23.5288Z,64,6,65536,6144,2048,256,512.0,0.25,7.566768040099999,296.16455914,89.38302,1.895764,88.104236,TDI64,msb,Ascending,True,0.0,D:\ISRO\OHRC_tiles\ch2_ohr_ncp_20260331T1105235288_d_img_d18\ch2_ohr_ncp_20260331T1105235288_d_img_d18_r00064_c006_structural.jpg,D:\ISRO\OHRC_tiles\ch2_ohr_ncp_20260331T1105235288_d_img_d18\ch2_ohr_ncp_20260331T1105235288_d_img_d18_r00064_c006_illum.jpg,7.0578575,2.1386793,-0.26704514
647,ch2_ohr_ncp_20260331T1105235288_d_img_d18,D:\ISRO\OHRC_raws\ch2_ohr_ncp_20260331T1105235288_d_img_d18,2026-03-31T11:05:23.5288Z,64,7,65536,7168,2048,256,512.0,0.25,7.5666573271,296.17362516,89.38302,1.895764,88.104236,TDI64,msb,Ascending,True,0.0,D:\ISRO\OHRC_tiles\ch2_ohr_ncp_20260331T1105235288_d_img_d18\ch2_ohr_ncp_20260331T1105235288_d_img_d18_r00064_c007_structural.jpg,D:\ISRO\OHRC_tiles\ch2_ohr_ncp_20260331T1105235288_d_img_d18\ch2_ohr_ncp_20260331T1105235288_d_img_d18_r00064_c007_illum.jpg,8.318976,-0.14632908,-0.17328477
648,ch2_ohr_ncp_20260331T1105235288_d_img_d18,D:\ISRO\OHRC_raws\ch2_ohr_ncp_20260331T1105235288_d_img_d18,2026-03-31T11:05:23.5288Z,64,8,65536,8192,2048,256,512.0,0.25,7.5665459288,296.18269828,89.38302,1.895764,88.104236,TDI64,msb,Ascending,True,0.0,D:\ISRO\OHRC_tiles\ch2_ohr_ncp_20260331T1105235288_d_img_d18\ch2_ohr_ncp_20260331T1105235288_d_img_d18_r00064_c008_structural.jpg,D:\ISRO\OHRC_tiles\ch2_ohr_ncp_20260331T1105235288_d_img_d18\ch2_ohr_ncp_20260331T1105235288_d_img_d18_r00064_c008_illum.jpg,10.147537,-2.332575,1.6666158
649,ch2_ohr_ncp_20260331T1105235288_d_img_d18,D:\ISRO\OHRC_raws\ch2_ohr_ncp_20260331T1105235288_d_img_d18,2026-03-31T11:05:23.5288Z,64,9,65536,9216,2048,256,512.0,0.25,7.5664338403,296.19177916,89.38302,1.895764,88.104236,TDI64,msb,Ascending,True,0.0,D:\ISRO\OHRC_tiles\ch2_ohr_ncp_20260331T1105235288_d_img_d18\ch2_ohr_ncp_20260331T1105235288_d_img_d18_r00064_c009_structural.jpg,D:\ISRO\OHRC_tiles\ch2_ohr_ncp_20260331T1105235288_d_img_d18\ch2_ohr_ncp_20260331T1105235288_d_img_d18_r00064_c009_illum.jpg,7.5228367,0.2825235,1.0826436
650,ch2_ohr_ncp_20260331T1105235288_d_img_d18,D:\ISRO\OHRC_raws\ch2_ohr_ncp_20260331T1105235288_d_img_d18,2026-03-31T11:05:23.5288Z,65,0,66560,0,2048,256,512.0,0.25,7.558275933399999,296.11055478000003,89.38302,1.895764,88.104236,TDI64,msb,Ascending,True,0.0,D:\ISRO\OHRC_tiles\ch2_ohr_ncp_20260331T1105235288_d_img_d18\ch2_ohr_ncp_20260331T1105235288_d_img_d18_r00065_c000_structural.jpg,D:\ISRO\OHRC_tiles\ch2_ohr_ncp_20260331T1105235288_d_img_d18\ch2_ohr_ncp_20260331T1105235288_d_img_d18_r00065_c000_illum.jpg,7.8518195,-1.0239853,0.91152775
651,ch2_ohr_ncp_20260331T1105235288_d_img_d18,D:\ISRO\OHRC_raws\ch2_ohr_ncp_20260331T1105235288_d_img_d18,2026-03-31T11:05:23.5288Z,65,1,66560,1024,2048,256,512.0,0.25,7.5581692904,296.11957622,89.38302,1.895764,88.104236,TDI64,msb,Ascending,True,0.0,D:\ISRO\OHRC_tiles\ch2_ohr_ncp_20260331T1105235288_d_img_d18\ch2_ohr_ncp_20260331T1105235288_d_img_d18_r00065_c001_structural.jpg,D:\ISRO\OHRC_tiles\ch2_ohr_ncp_20260331T1105235288_d_img_d18\ch2_ohr_ncp_20260331T1105235288_d_img_d18_r00065_c001_illum.jpg,8.672539,-2.349702,1.9189636
652,ch2_ohr_ncp_20260331T1105235288_d_img_d18,D:\ISRO\OHRC_raws\ch2_ohr_ncp_20260331T1105235288_d_img_d18,2026-03-31T11:05:23.5288Z,65,2,66560,2048,2048,256,512.0,0.25,7.558061968599999,296.12860439,89.38302,1.895764,88.104236,TDI64,msb,Ascending,True,0.0,D:\ISRO\OHRC_tiles\ch2_ohr_ncp_20260331T1105235288_d_img_d18\ch2_ohr_ncp_20260331T1105235288_d_img_d18_r00065_c002_structural.jpg,D:\ISRO\OHRC_tiles\ch2_ohr_ncp_20260331T1105235288_d_img_d18\ch2_ohr_ncp_20260331T1105235288_d_img_d18_r00065_c002_illum.jpg,8.028781,-0.505998,1.0419846
653,ch2_ohr_ncp_20260331T1105235288_d_img_d18,D:\ISRO\OHRC_raws\ch2_ohr_ncp_20260331T1105235288_d_img_d18,2026-03-31T11:05:23.5288Z,65,3,66560,3072,2048,256,512.0,0.25,7.557953977599999,296.13764100000003,89.38302,1.895764,88.104236,TDI64,msb,Ascending,True,0.0,D:\ISRO\OHRC_tiles\ch2_ohr_ncp_20260331T1105235288_d_img_d18\ch2_ohr_ncp_20260331T1105235288_d_img_d18_r00065_c003_structural.jpg,D:\ISRO\OHRC_tiles\ch2_ohr_ncp_20260331T1105235288_d_img_d18\ch2_ohr_ncp_20260331T1105235288_d_img_d18_r00065_c003_illum.jpg,6.6744294,1.6110435,0.80396336
654,ch2_ohr_ncp_20260331T1105235288_d_img_d18,D:\ISRO\OHRC_raws\ch2_ohr_ncp_20260331T1105235288_d_img_d18,2026-03-31T11:05:23.5288Z,65,4,66560,4096,2048,256,512.0,0.25,7.5578453037,296.14668396,89.38302,1.895764,88.104236,TDI64,msb,Ascending,True,0.0,D:\ISRO\OHRC_tiles\ch2_ohr_ncp_20260331T1105235288_d_img_d18\ch2_ohr_ncp_20260331T1105235288_d_img_d18_r00065_c004_structural.jpg,D:\ISRO\OHRC_tiles\ch2_ohr_ncp_20260331T1105235288_d_img_d18\ch2_ohr_ncp_20260331T1105235288_d_img_d18_r00065_c004_illum.jpg,6.662817,2.547805,0.19926159
655,ch2_ohr_ncp_20260331T1105235288_d_img_d18,D:\ISRO\OHRC_raws\ch2_ohr_ncp_20260331T1105235288_d_img_d18,2026-03-31T11:05:23.5288Z,65,5,66560,5120,2048,256,512.0,0.25,7.5577359507,296.15573471,89.38302,1.895764,88.104236,TDI64,msb,Ascending,True,0.0,D:\ISRO\OHRC_tiles\ch2_ohr_ncp_20260331T1105235288_d_img_d18\ch2_ohr_ncp_20260331T1105235288_d_img_d18_r00065_c005_structural.jpg,D:\ISRO\OHRC_tiles\ch2_ohr_ncp_20260331T1105235288_d_img_d18\ch2_ohr_ncp_20260331T1105235288_d_img_d18_r00065_c005_illum.jpg,6.7234755,2.4029603,0.8094887
656,ch2_ohr_ncp_20260331T1105235288_d_img_d18,D:\ISRO\OHRC_raws\ch2_ohr_ncp_20260331T1105235288_d_img_d18,2026-03-31T11:05:23.5288Z,65,6,66560,6144,2048,256,512.0,0.25,7.557625918199999,296.16479317999995,89.38302,1.895764,88.104236,TDI64,msb,Ascending,True,0.0,D:\ISRO\OHRC_tiles\ch2_ohr_ncp_20260331T1105235288_d_img_d18\ch2_ohr_ncp_20260331T1105235288_d_img_d18_r00065_c006_structural.jpg,D:\ISRO\OHRC_tiles\ch2_ohr_ncp_20260331T1105235288_d_img_d18\ch2_ohr_ncp_20260331T1105235288_d_img_d18_r00065_c006_illum.jpg,6.661074,2.977648,0.83570725
657,ch2_ohr_ncp_20260331T1105235288_d_img_d18,D:\ISRO\OHRC_raws\ch2_ohr_ncp_20260331T1105235288_d_img_d18,2026-03-31T11:05:23.5288Z,65,7,66560,7168,2048,256,512.0,0.25,7.557515198300001,296.17385851000006,89.38302,1.895764,88.104236,TDI64,msb,Ascending,True,0.0,D:\ISRO\OHRC_tiles\ch2_ohr_ncp_20260331T1105235288_d_img_d18\ch2_ohr_ncp_20260331T1105235288_d_img_d18_r00065_c007_structural.jpg,D:\ISRO\OHRC_tiles\ch2_ohr_ncp_20260331T1105235288_d_img_d18\ch2_ohr_ncp_20260331T1105235288_d_img_d18_r00065_c007_illum.jpg,7.783434,0.92889214,-0.8231067
658,ch2_ohr_ncp_20260331T1105235288_d_img_d18,D:\ISRO\OHRC_raws\ch2_ohr_ncp_20260331T1105235288_d_img_d18,2026-03-31T11:05:23.5288Z,65,8,66560,8192,2048,256,512.0,0.25,7.5574037948,296.18293132,89.38302,1.895764,88.104236,TDI64,msb,Ascending,True,0.0,D:\ISRO\OHRC_tiles\ch2_ohr_ncp_20260331T1105235288_d_img_d18\ch2_ohr_ncp_20260331T1105235288_d_img_d18_r00065_c008_structural.jpg,D:\ISRO\OHRC_tiles\ch2_ohr_ncp_20260331T1105235288_d_img_d18\ch2_ohr_ncp_20260331T1105235288_d_img_d18_r00065_c008_illum.jpg,9.123709,-1.496693,-0.38123223
659,ch2_ohr_ncp_20260331T1105235288_d_img_d18,D:\ISRO\OHRC_raws\ch2_ohr_ncp_20260331T1105235288_d_img_d18,2026-03-31T11:05:23.5288Z,65,9,66560,9216,2048,256,512.0,0.25,7.557291706999999,296.1920122,89.38302,1.895764,88.104236,TDI64,msb,Ascending,True,0.0,D:\ISRO\OHRC_tiles\ch2_ohr_ncp_20260331T1105235288_d_img_d18\ch2_ohr_ncp_20260331T1105235288_d_img_d18_r00065_c009_structural.jpg,D:\ISRO\OHRC_tiles\ch2_ohr_ncp_20260331T1105235288_d_img_d18\ch2_ohr_ncp_20260331T1105235288_d_img_d18_r00065_c009_illum.jpg,7.800231,-0.77755785,0.2667253
660,ch2_ohr_ncp_20260331T1105235288_d_img_d18,D:\ISRO\OHRC_raws\ch2_ohr_ncp_20260331T1105235288_d_img_d18,2026-03-31T11:05:23.5288Z,66,0,67584,0,2048,256,512.0,0.25,7.5491371783,296.11078416000004,89.38302,1.895764,88.104236,TDI64,msb,Ascending,True,0.0,D:\ISRO\OHRC_tiles\ch2_ohr_ncp_20260331T1105235288_d_img_d18\ch2_ohr_ncp_20260331T1105235288_d_img_d18_r00066_c000_structural.jpg,D:\ISRO\OHRC_tiles\ch2_ohr_ncp_20260331T1105235288_d_img_d18\ch2_ohr_ncp_20260331T1105235288_d_img_d18_r00066_c000_illum.jpg,7.082707,0.20407178,-0.10427677
661,ch2_ohr_ncp_20260331T1105235288_d_img_d18,D:\ISRO\OHRC_raws\ch2_ohr_ncp_20260331T1105235288_d_img_d18,2026-03-31T11:05:23.5288Z,66,1,67584,1024,2048,256,512.0,0.25,7.549030544499999,296.1198056,89.38302,1.895764,88.104236,TDI64,msb,Ascending,True,0.0,D:\ISRO\OHRC_tiles\ch2_ohr_ncp_20260331T1105235288_d_img_d18\ch2_ohr_ncp_20260331T1105235288_d_img_d18_r00066_c001_structural.jpg,D:\ISRO\OHRC_tiles\ch2_ohr_ncp_20260331T1105235288_d_img_d18\ch2_ohr_ncp_20260331T1105235288_d_img_d18_r00066_c001_illum.jpg,6.6644206,-0.78215796,1.5706294
662,ch2_ohr_ncp_20260331T1105235288_d_img_d18,D:\ISRO\OHRC_raws\ch2_ohr_ncp_20260331T1105235288_d_img_d18,2026-03-31T11:05:23.5288Z,66,2,67584,2048,2048,256,512.0,0.25,7.548923241000001,296.12883377,89.38302,1.895764,88.104236,TDI64,msb,Ascending,True,0.0,D:\ISRO\OHRC_tiles\ch2_ohr_ncp_20260331T1105235288_d_img_d18\ch2_ohr_ncp_20260331T1105235288_d_img_d18_r00066_c002_structural.jpg,D:\ISRO\OHRC_tiles\ch2_ohr_ncp_20260331T1105235288_d_img_d18\ch2_ohr_ncp_20260331T1105235288_d_img_d18_r00066_c002_illum.jpg,6.984768,0.06926885,1.0238233
663,ch2_ohr_ncp_20260331T1105235288_d_img_d18,D:\ISRO\OHRC_raws\ch2_ohr_ncp_20260331T1105235288_d_img_d18,2026-03-31T11:05:23.5288Z,66,3,67584,3072,2048,256,512.0,0.25,7.548815250700001,296.13786959000004,89.38302,1.895764,88.104236,TDI64,msb,Ascending,True,0.0,D:\ISRO\OHRC_tiles\ch2_ohr_ncp_20260331T1105235288_d_img_d18\ch2_ohr_ncp_20260331T1105235288_d_img_d18_r00066_c003_structural.jpg,D:\ISRO\OHRC_tiles\ch2_ohr_ncp_20260331T1105235288_d_img_d18\ch2_ohr_ncp_20260331T1105235288_d_img_d18_r00066_c003_illum.jpg,6.37851,1.8330114,0.86798096
664,ch2_ohr_ncp_20260331T1105235288_d_img_d18,D:\ISRO\OHRC_raws\ch2_ohr_ncp_20260331T1105235288_d_img_d18,2026-03-31T11:05:23.5288Z,66,4,67584,4096,2048,256,512.0,0.25,7.5487065868,296.14691272,89.38302,1.895764,88.104236,TDI64,msb,Ascending,True,0.0,D:\ISRO\OHRC_tiles\ch2_ohr_ncp_20260331T1105235288_d_img_d18\ch2_ohr_ncp_20260331T1105235288_d_img_d18_r00066_c004_structural.jpg,D:\ISRO\OHRC_tiles\ch2_ohr_ncp_20260331T1105235288_d_img_d18\ch2_ohr_ncp_20260331T1105235288_d_img_d18_r00066_c004_illum.jpg,6.3720145,2.609928,0.70459867
665,ch2_ohr_ncp_20260331T1105235288_d_img_d18,D:\ISRO\OHRC_raws\ch2_ohr_ncp_20260331T1105235288_d_img_d18,2026-03-31T11:05:23.5288Z,66,5,67584,5120,2048,256,512.0,0.25,7.5485972438,296.15596333,89.38302,1.895764,88.104236,TDI64,msb,Ascending,True,0.0,D:\ISRO\OHRC_tiles\ch2_ohr_ncp_20260331T1105235288_d_img_d18\ch2_ohr_ncp_20260331T1105235288_d_img_d18_r00066_c005_structural.jpg,D:\ISRO\OHRC_tiles\ch2_ohr_ncp_20260331T1105235288_d_img_d18\ch2_ohr_ncp_20260331T1105235288_d_img_d18_r00066_c005_illum.jpg,6.809727,2.0711594,1.4812081
666,ch2_ohr_ncp_20260331T1105235288_d_img_d18,D:\ISRO\OHRC_raws\ch2_ohr_ncp_20260331T1105235288_d_img_d18,2026-03-31T11:05:23.5288Z,66,6,67584,6144,2048,256,512.0,0.25,7.5484872151,296.16502156,89.38302,1.895764,88.104236,TDI64,msb,Ascending,True,0.0,D:\ISRO\OHRC_tiles\ch2_ohr_ncp_20260331T1105235288_d_img_d18\ch2_ohr_ncp_20260331T1105235288_d_img_d18_r00066_c006_structural.jpg,D:\ISRO\OHRC_tiles\ch2_ohr_ncp_20260331T1105235288_d_img_d18\ch2_ohr_ncp_20260331T1105235288_d_img_d18_r00066_c006_illum.jpg,7.4952536,1.7603688,-0.5223789
667,ch2_ohr_ncp_20260331T1105235288_d_img_d18,D:\ISRO\OHRC_raws\ch2_ohr_ncp_20260331T1105235288_d_img_d18,2026-03-31T11:05:23.5288Z,66,7,67584,7168,2048,256,512.0,0.25,7.548376512100001,296.17408696,89.38302,1.895764,88.104236,TDI64,msb,Ascending,True,0.0,D:\ISRO\OHRC_tiles\ch2_ohr_ncp_20260331T1105235288_d_img_d18\ch2_ohr_ncp_20260331T1105235288_d_img_d18_r00066_c007_structural.jpg,D:\ISRO\OHRC_tiles\ch2_ohr_ncp_20260331T1105235288_d_img_d18\ch2_ohr_ncp_20260331T1105235288_d_img_d18_r00066_c007_illum.jpg,8.849044,-0.49938363,-2.814576
668,ch2_ohr_ncp_20260331T1105235288_d_img_d18,D:\ISRO\OHRC_raws\ch2_ohr_ncp_20260331T1105235288_d_img_d18,2026-03-31T11:05:23.5288Z,66,8,67584,8192,2048,256,512.0,0.25,7.5482651169,296.1831597,89.38302,1.895764,88.104236,TDI64,msb,Ascending,True,0.0,D:\ISRO\OHRC_tiles\ch2_ohr_ncp_20260331T1105235288_d_img_d18\ch2_ohr_ncp_20260331T1105235288_d_img_d18_r00066_c008_structural.jpg,D:\ISRO\OHRC_tiles\ch2_ohr_ncp_20260331T1105235288_d_img_d18\ch2_ohr_ncp_20260331T1105235288_d_img_d18_r00066_c008_illum.jpg,9.012507,-1.2361753,-2.1520646
669,ch2_ohr_ncp_20260331T1105235288_d_img_d18,D:\ISRO\OHRC_raws\ch2_ohr_ncp_20260331T1105235288_d_img_d18,2026-03-31T11:05:23.5288Z,66,9,67584,9216,2048,256,512.0,0.25,7.5481530315,296.19223999,89.38302,1.895764,88.104236,TDI64,msb,Ascending,True,0.0,D:\ISRO\OHRC_tiles\ch2_ohr_ncp_20260331T1105235288_d_img_d18\ch2_ohr_ncp_20260331T1105235288_d_img_d18_r00066_c009_structural.jpg,D:\ISRO\OHRC_tiles\ch2_ohr_ncp_20260331T1105235288_d_img_d18\ch2_ohr_ncp_20260331T1105235288_d_img_d18_r00066_c009_illum.jpg,8.388252,-0.81285703,-1.5444686
670,ch2_ohr_ncp_20260331T1105235288_d_img_d18,D:\ISRO\OHRC_raws\ch2_ohr_ncp_20260331T1105235288_d_img_d18,2026-03-31T11:05:23.5288Z,67,0,68608,0,2048,256,512.0,0.25,7.5400095879,296.11101761000003,89.38302,1.895764,88.104236,TDI64,msb,Ascending,True,0.0,D:\ISRO\OHRC_tiles\ch2_ohr_ncp_20260331T1105235288_d_img_d18\ch2_ohr_ncp_20260331T1105235288_d_img_d18_r00067_c000_structural.jpg,D:\ISRO\OHRC_tiles\ch2_ohr_ncp_20260331T1105235288_d_img_d18\ch2_ohr_ncp_20260331T1105235288_d_img_d18_r00067_c000_illum.jpg,5.955639,0.36333975,0.4339935
671,ch2_ohr_ncp_20260331T1105235288_d_img_d18,D:\ISRO\OHRC_raws\ch2_ohr_ncp_20260331T1105235288_d_img_d18,2026-03-31T11:05:23.5288Z,67,1,68608,1024,2048,256,512.0,0.25,7.539902967300001,296.12003830000003,89.38302,1.895764,88.104236,TDI64,msb,Ascending,True,0.0,D:\ISRO\OHRC_tiles\ch2_ohr_ncp_20260331T1105235288_d_img_d18\ch2_ohr_ncp_20260331T1105235288_d_img_d18_r00067_c001_structural.jpg,D:\ISRO\OHRC_tiles\ch2_ohr_ncp_20260331T1105235288_d_img_d18\ch2_ohr_ncp_20260331T1105235288_d_img_d18_r00067_c001_illum.jpg,6.2048535,-0.07885999,1.0615537
672,ch2_ohr_ncp_20260331T1105235288_d_img_d18,D:\ISRO\OHRC_raws\ch2_ohr_ncp_20260331T1105235288_d_img_d18,2026-03-31T11:05:23.5288Z,67,2,68608,2048,2048,256,512.0,0.25,7.5397956706,296.12906647,89.38302,1.895764,88.104236,TDI64,msb,Ascending,True,0.0,D:\ISRO\OHRC_tiles\ch2_ohr_ncp_20260331T1105235288_d_img_d18\ch2_ohr_ncp_20260331T1105235288_d_img_d18_r00067_c002_structural.jpg,D:\ISRO\OHRC_tiles\ch2_ohr_ncp_20260331T1105235288_d_img_d18\ch2_ohr_ncp_20260331T1105235288_d_img_d18_r00067_c002_illum.jpg,7.18275,0.7536298,0.87162
673,ch2_ohr_ncp_20260331T1105235288_d_img_d18,D:\ISRO\OHRC_raws\ch2_ohr_ncp_20260331T1105235288_d_img_d18,2026-03-31T11:05:23.5288Z,67,3,68608,3072,2048,256,512.0,0.25,7.5396876959,296.13810212,89.38302,1.895764,88.104236,TDI64,msb,Ascending,True,0.0,D:\ISRO\OHRC_tiles\ch2_ohr_ncp_20260331T1105235288_d_img_d18\ch2_ohr_ncp_20260331T1105235288_d_img_d18_r00067_c003_structural.jpg,D:\ISRO\OHRC_tiles\ch2_ohr_ncp_20260331T1105235288_d_img_d18\ch2_ohr_ncp_20260331T1105235288_d_img_d18_r00067_c003_illum.jpg,6.134228,2.719596,0.41434744
674,ch2_ohr_ncp_20260331T1105235288_d_img_d18,D:\ISRO\OHRC_raws\ch2_ohr_ncp_20260331T1105235288_d_img_d18,2026-03-31T11:05:23.5288Z,67,4,68608,4096,2048,256,512.0,0.25,7.5395790444,296.14714504,89.38302,1.895764,88.104236,TDI64,msb,Ascending,True,0.0,D:\ISRO\OHRC_tiles\ch2_ohr_ncp_20260331T1105235288_d_img_d18\ch2_ohr_ncp_20260331T1105235288_d_img_d18_r00067_c004_structural.jpg,D:\ISRO\OHRC_tiles\ch2_ohr_ncp_20260331T1105235288_d_img_d18\ch2_ohr_ncp_20260331T1105235288_d_img_d18_r00067_c004_illum.jpg,5.9940057,2.7975564,0.66482353
675,ch2_ohr_ncp_20260331T1105235288_d_img_d18,D:\ISRO\OHRC_raws\ch2_ohr_ncp_20260331T1105235288_d_img_d18,2026-03-31T11:05:23.5288Z,67,5,68608,5120,2048,256,512.0,0.25,7.5394697193,296.15619541,89.38302,1.895764,88.104236,TDI64,msb,Ascending,True,0.0,D:\ISRO\OHRC_tiles\ch2_ohr_ncp_20260331T1105235288_d_img_d18\ch2_ohr_ncp_20260331T1105235288_d_img_d18_r00067_c005_structural.jpg,D:\ISRO\OHRC_tiles\ch2_ohr_ncp_20260331T1105235288_d_img_d18\ch2_ohr_ncp_20260331T1105235288_d_img_d18_r00067_c005_illum.jpg,6.513331,1.8698554,0.29642546
676,ch2_ohr_ncp_20260331T1105235288_d_img_d18,D:\ISRO\OHRC_raws\ch2_ohr_ncp_20260331T1105235288_d_img_d18,2026-03-31T11:05:23.5288Z,67,6,68608,6144,2048,256,512.0,0.25,7.539359703399999,296.16525326,89.38302,1.895764,88.104236,TDI64,msb,Ascending,True,0.0,D:\ISRO\OHRC_tiles\ch2_ohr_ncp_20260331T1105235288_d_img_d18\ch2_ohr_ncp_20260331T1105235288_d_img_d18_r00067_c006_structural.jpg,D:\ISRO\OHRC_tiles\ch2_ohr_ncp_20260331T1105235288_d_img_d18\ch2_ohr_ncp_20260331T1105235288_d_img_d18_r00067_c006_illum.jpg,8.840348,-0.32435212,-2.223742
677,ch2_ohr_ncp_20260331T1105235288_d_img_d18,D:\ISRO\OHRC_raws\ch2_ohr_ncp_20260331T1105235288_d_img_d18,2026-03-31T11:05:23.5288Z,67,7,68608,7168,2048,256,512.0,0.25,7.5392490083,296.17431859,89.38302,1.895764,88.104236,TDI64,msb,Ascending,True,0.0,D:\ISRO\OHRC_tiles\ch2_ohr_ncp_20260331T1105235288_d_img_d18\ch2_ohr_ncp_20260331T1105235288_d_img_d18_r00067_c007_structural.jpg,D:\ISRO\OHRC_tiles\ch2_ohr_ncp_20260331T1105235288_d_img_d18\ch2_ohr_ncp_20260331T1105235288_d_img_d18_r00067_c007_illum.jpg,8.79479,-1.0264533,-1.9594958
678,ch2_ohr_ncp_20260331T1105235288_d_img_d18,D:\ISRO\OHRC_raws\ch2_ohr_ncp_20260331T1105235288_d_img_d18,2026-03-31T11:05:23.5288Z,67,8,68608,8192,2048,256,512.0,0.25,7.539137629999999,296.18339123,89.38302,1.895764,88.104236,TDI64,msb,Ascending,True,0.0,D:\ISRO\OHRC_tiles\ch2_ohr_ncp_20260331T1105235288_d_img_d18\ch2_ohr_ncp_20260331T1105235288_d_img_d18_r00067_c008_structural.jpg,D:\ISRO\OHRC_tiles\ch2_ohr_ncp_20260331T1105235288_d_img_d18\ch2_ohr_ncp_20260331T1105235288_d_img_d18_r00067_c008_illum.jpg,7.801909,-0.22876541,-1.2365202
679,ch2_ohr_ncp_20260331T1105235288_d_img_d18,D:\ISRO\OHRC_raws\ch2_ohr_ncp_20260331T1105235288_d_img_d18,2026-03-31T11:05:23.5288Z,67,9,68608,9216,2048,256,512.0,0.25,7.5390255629,296.19247128,89.38302,1.895764,88.104236,TDI64,msb,Ascending,True,0.0,D:\ISRO\OHRC_tiles\ch2_ohr_ncp_20260331T1105235288_d_img_d18\ch2_ohr_ncp_20260331T1105235288_d_img_d18_r00067_c009_structural.jpg,D:\ISRO\OHRC_tiles\ch2_ohr_ncp_20260331T1105235288_d_img_d18\ch2_ohr_ncp_20260331T1105235288_d_img_d18_r00067_c009_illum.jpg,7.888467,0.18404728,-0.8564561
680,ch2_ohr_ncp_20260331T1105235288_d_img_d18,D:\ISRO\OHRC_raws\ch2_ohr_ncp_20260331T1105235288_d_img_d18,2026-03-31T11:05:23.5288Z,68,0,69632,0,2048,256,512.0,0.25,7.530865312,296.11124485000005,89.38302,1.895764,88.104236,TDI64,msb,Ascending,True,0.0,D:\ISRO\OHRC_tiles\ch2_ohr_ncp_20260331T1105235288_d_img_d18\ch2_ohr_ncp_20260331T1105235288_d_img_d18_r00068_c000_structural.jpg,D:\ISRO\OHRC_tiles\ch2_ohr_ncp_20260331T1105235288_d_img_d18\ch2_ohr_ncp_20260331T1105235288_d_img_d18_r00068_c000_illum.jpg,7.2833476,-0.68354046,1.451322
681,ch2_ohr_ncp_20260331T1105235288_d_img_d18,D:\ISRO\OHRC_raws\ch2_ohr_ncp_20260331T1105235288_d_img_d18,2026-03-31T11:05:23.5288Z,68,1,69632,1024,2048,256,512.0,0.25,7.530758691399999,296.12026529,89.38302,1.895764,88.104236,TDI64,msb,Ascending,True,0.0,D:\ISRO\OHRC_tiles\ch2_ohr_ncp_20260331T1105235288_d_img_d18\ch2_ohr_ncp_20260331T1105235288_d_img_d18_r00068_c001_structural.jpg,D:\ISRO\OHRC_tiles\ch2_ohr_ncp_20260331T1105235288_d_img_d18\ch2_ohr_ncp_20260331T1105235288_d_img_d18_r00068_c001_illum.jpg,7.020447,0.3640726,1.5381545
682,ch2_ohr_ncp_20260331T1105235288_d_img_d18,D:\ISRO\OHRC_raws\ch2_ohr_ncp_20260331T1105235288_d_img_d18,2026-03-31T11:05:23.5288Z,68,2,69632,2048,2048,256,512.0,0.25,7.5306513947,296.12929308,89.38302,1.895764,88.104236,TDI64,msb,Ascending,True,0.0,D:\ISRO\OHRC_tiles\ch2_ohr_ncp_20260331T1105235288_d_img_d18\ch2_ohr_ncp_20260331T1105235288_d_img_d18_r00068_c002_structural.jpg,D:\ISRO\OHRC_tiles\ch2_ohr_ncp_20260331T1105235288_d_img_d18\ch2_ohr_ncp_20260331T1105235288_d_img_d18_r00068_c002_illum.jpg,7.215238,1.475374,0.68584687
683,ch2_ohr_ncp_20260331T1105235288_d_img_d18,D:\ISRO\OHRC_raws\ch2_ohr_ncp_20260331T1105235288_d_img_d18,2026-03-31T11:05:23.5288Z,68,3,69632,3072,2048,256,512.0,0.25,7.530543424399999,296.13832849,89.38302,1.895764,88.104236,TDI64,msb,Ascending,True,0.0,D:\ISRO\OHRC_tiles\ch2_ohr_ncp_20260331T1105235288_d_img_d18\ch2_ohr_ncp_20260331T1105235288_d_img_d18_r00068_c003_structural.jpg,D:\ISRO\OHRC_tiles\ch2_ohr_ncp_20260331T1105235288_d_img_d18\ch2_ohr_ncp_20260331T1105235288_d_img_d18_r00068_c003_illum.jpg,6.092831,3.1335201,0.72776824
684,ch2_ohr_ncp_20260331T1105235288_d_img_d18,D:\ISRO\OHRC_raws\ch2_ohr_ncp_20260331T1105235288_d_img_d18,2026-03-31T11:05:23.5288Z,68,4,69632,4096,2048,256,512.0,0.25,7.5304347791,296.14737138000004,89.38302,1.895764,88.104236,TDI64,msb,Ascending,True,0.0,D:\ISRO\OHRC_tiles\ch2_ohr_ncp_20260331T1105235288_d_img_d18\ch2_ohr_ncp_20260331T1105235288_d_img_d18_r00068_c004_structural.jpg,D:\ISRO\OHRC_tiles\ch2_ohr_ncp_20260331T1105235288_d_img_d18\ch2_ohr_ncp_20260331T1105235288_d_img_d18_r00068_c004_illum.jpg,6.084641,3.0706944,0.95931137
685,ch2_ohr_ncp_20260331T1105235288_d_img_d18,D:\ISRO\OHRC_raws\ch2_ohr_ncp_20260331T1105235288_d_img_d18,2026-03-31T11:05:23.5288Z,68,5,69632,5120,2048,256,512.0,0.25,7.530325447499999,296.1564214,89.38302,1.895764,88.104236,TDI64,msb,Ascending,True,0.0,D:\ISRO\OHRC_tiles\ch2_ohr_ncp_20260331T1105235288_d_img_d18\ch2_ohr_ncp_20260331T1105235288_d_img_d18_r00068_c005_structural.jpg,D:\ISRO\OHRC_tiles\ch2_ohr_ncp_20260331T1105235288_d_img_d18\ch2_ohr_ncp_20260331T1105235288_d_img_d18_r00068_c005_illum.jpg,7.10096,1.0145736,-0.30169716
686,ch2_ohr_ncp_20260331T1105235288_d_img_d18,D:\ISRO\OHRC_raws\ch2_ohr_ncp_20260331T1105235288_d_img_d18,2026-03-31T11:05:23.5288Z,68,6,69632,6144,2048,256,512.0,0.25,7.5302154388,296.16547925,89.38302,1.895764,88.104236,TDI64,msb,Ascending,True,0.0,D:\ISRO\OHRC_tiles\ch2_ohr_ncp_20260331T1105235288_d_img_d18\ch2_ohr_ncp_20260331T1105235288_d_img_d18_r00068_c006_structural.jpg,D:\ISRO\OHRC_tiles\ch2_ohr_ncp_20260331T1105235288_d_img_d18\ch2_ohr_ncp_20260331T1105235288_d_img_d18_r00068_c006_illum.jpg,9.0136595,-0.7464502,-2.181034
687,ch2_ohr_ncp_20260331T1105235288_d_img_d18,D:\ISRO\OHRC_raws\ch2_ohr_ncp_20260331T1105235288_d_img_d18,2026-03-31T11:05:23.5288Z,68,7,69632,7168,2048,256,512.0,0.25,7.5301047458,296.174544,89.38302,1.895764,88.104236,TDI64,msb,Ascending,True,0.0,D:\ISRO\OHRC_tiles\ch2_ohr_ncp_20260331T1105235288_d_img_d18\ch2_ohr_ncp_20260331T1105235288_d_img_d18_r00068_c007_structural.jpg,D:\ISRO\OHRC_tiles\ch2_ohr_ncp_20260331T1105235288_d_img_d18\ch2_ohr_ncp_20260331T1105235288_d_img_d18_r00068_c007_illum.jpg,8.425724,-0.33464193,-1.4779749
688,ch2_ohr_ncp_20260331T1105235288_d_img_d18,D:\ISRO\OHRC_raws\ch2_ohr_ncp_20260331T1105235288_d_img_d18,2026-03-31T11:05:23.5288Z,68,8,69632,8192,2048,256,512.0,0.25,7.5299933688,296.18361674,89.38302,1.895764,88.104236,TDI64,msb,Ascending,True,0.0,D:\ISRO\OHRC_tiles\ch2_ohr_ncp_20260331T1105235288_d_img_d18\ch2_ohr_ncp_20260331T1105235288_d_img_d18_r00068_c008_structural.jpg,D:\ISRO\OHRC_tiles\ch2_ohr_ncp_20260331T1105235288_d_img_d18\ch2_ohr_ncp_20260331T1105235288_d_img_d18_r00068_c008_illum.jpg,7.764347,0.5725784,-1.6767133
689,ch2_ohr_ncp_20260331T1105235288_d_img_d18,D:\ISRO\OHRC_raws\ch2_ohr_ncp_20260331T1105235288_d_img_d18,2026-03-31T11:05:23.5288Z,68,9,69632,9216,2048,256,512.0,0.25,7.5298813017,296.19269703,89.38302,1.895764,88.104236,TDI64,msb,Ascending,True,0.0,D:\ISRO\OHRC_tiles\ch2_ohr_ncp_20260331T1105235288_d_img_d18\ch2_ohr_ncp_20260331T1105235288_d_img_d18_r00068_c009_structural.jpg,D:\ISRO\OHRC_tiles\ch2_ohr_ncp_20260331T1105235288_d_img_d18\ch2_ohr_ncp_20260331T1105235288_d_img_d18_r00068_c009_illum.jpg,6.7239394,1.8599292,0.5531269
690,ch2_ohr_ncp_20260331T1105235288_d_img_d18,D:\ISRO\OHRC_raws\ch2_ohr_ncp_20260331T1105235288_d_img_d18,2026-03-31T11:05:23.5288Z,69,0,70656,0,2048,256,512.0,0.25,7.5217228474,296.11147283,89.38302,1.895764,88.104236,TDI64,msb,Ascending,True,0.0,D:\ISRO\OHRC_tiles\ch2_ohr_ncp_20260331T1105235288_d_img_d18\ch2_ohr_ncp_20260331T1105235288_d_img_d18_r00069_c000_structural.jpg,D:\ISRO\OHRC_tiles\ch2_ohr_ncp_20260331T1105235288_d_img_d18\ch2_ohr_ncp_20260331T1105235288_d_img_d18_r00069_c000_illum.jpg,7.5106335,1.1828359,0.62174076
691,ch2_ohr_ncp_20260331T1105235288_d_img_d18,D:\ISRO\OHRC_raws\ch2_ohr_ncp_20260331T1105235288_d_img_d18,2026-03-31T11:05:23.5288Z,69,1,70656,1024,2048,256,512.0,0.25,7.5216162268,296.12049365,89.38302,1.895764,88.104236,TDI64,msb,Ascending,True,0.0,D:\ISRO\OHRC_tiles\ch2_ohr_ncp_20260331T1105235288_d_img_d18\ch2_ohr_ncp_20260331T1105235288_d_img_d18_r00069_c001_structural.jpg,D:\ISRO\OHRC_tiles\ch2_ohr_ncp_20260331T1105235288_d_img_d18\ch2_ohr_ncp_20260331T1105235288_d_img_d18_r00069_c001_illum.jpg,7.2981896,0.6630165,-0.25199702
692,ch2_ohr_ncp_20260331T1105235288_d_img_d18,D:\ISRO\OHRC_raws\ch2_ohr_ncp_20260331T1105235288_d_img_d18,2026-03-31T11:05:23.5288Z,69,2,70656,2048,2048,256,512.0,0.25,7.521508930099999,296.12952144,89.38302,1.895764,88.104236,TDI64,msb,Ascending,True,0.0,D:\ISRO\OHRC_tiles\ch2_ohr_ncp_20260331T1105235288_d_img_d18\ch2_ohr_ncp_20260331T1105235288_d_img_d18_r00069_c002_structural.jpg,D:\ISRO\OHRC_tiles\ch2_ohr_ncp_20260331T1105235288_d_img_d18\ch2_ohr_ncp_20260331T1105235288_d_img_d18_r00069_c002_illum.jpg,7.9627833,-0.73429894,-1.7038276
693,ch2_ohr_ncp_20260331T1105235288_d_img_d18,D:\ISRO\OHRC_raws\ch2_ohr_ncp_20260331T1105235288_d_img_d18,2026-03-31T11:05:23.5288Z,69,3,70656,3072,2048,256,512.0,0.25,7.521400959800001,296.13855698,89.38302,1.895764,88.104236,TDI64,msb,Ascending,True,0.0,D:\ISRO\OHRC_tiles\ch2_ohr_ncp_20260331T1105235288_d_img_d18\ch2_ohr_ncp_20260331T1105235288_d_img_d18_r00069_c003_structural.jpg,D:\ISRO\OHRC_tiles\ch2_ohr_ncp_20260331T1105235288_d_img_d18\ch2_ohr_ncp_20260331T1105235288_d_img_d18_r00069_c003_illum.jpg,7.9959087,-0.39662308,-1.1438342
694,ch2_ohr_ncp_20260331T1105235288_d_img_d18,D:\ISRO\OHRC_raws\ch2_ohr_ncp_20260331T1105235288_d_img_d18,2026-03-31T11:05:23.5288Z,69,4,70656,4096,2048,256,512.0,0.25,7.521292315899999,296.14759922,89.38302,1.895764,88.104236,TDI64,msb,Ascending,True,0.0,D:\ISRO\OHRC_tiles\ch2_ohr_ncp_20260331T1105235288_d_img_d18\ch2_ohr_ncp_20260331T1105235288_d_img_d18_r00069_c004_structural.jpg,D:\ISRO\OHRC_tiles\ch2_ohr_ncp_20260331T1105235288_d_img_d18\ch2_ohr_ncp_20260331T1105235288_d_img_d18_r00069_c004_illum.jpg,7.0265255,1.3762732,0.9994743
695,ch2_ohr_ncp_20260331T1105235288_d_img_d18,D:\ISRO\OHRC_raws\ch2_ohr_ncp_20260331T1105235288_d_img_d18,2026-03-31T11:05:23.5288Z,69,5,70656,5120,2048,256,512.0,0.25,7.5211829929,296.15664938,89.38302,1.895764,88.104236,TDI64,msb,Ascending,True,0.0,D:\ISRO\OHRC_tiles\ch2_ohr_ncp_20260331T1105235288_d_img_d18\ch2_ohr_ncp_20260331T1105235288_d_img_d18_r00069_c005_structural.jpg,D:\ISRO\OHRC_tiles\ch2_ohr_ncp_20260331T1105235288_d_img_d18\ch2_ohr_ncp_20260331T1105235288_d_img_d18_r00069_c005_illum.jpg,7.843422,0.8503128,-1.0297191
696,ch2_ohr_ncp_20260331T1105235288_d_img_d18,D:\ISRO\OHRC_raws\ch2_ohr_ncp_20260331T1105235288_d_img_d18,2026-03-31T11:05:23.5288Z,69,6,70656,6144,2048,256,512.0,0.25,7.5210729811,296.16570712,89.38302,1.895764,88.104236,TDI64,msb,Ascending,True,0.0,D:\ISRO\OHRC_tiles\ch2_ohr_ncp_20260331T1105235288_d_img_d18\ch2_ohr_ncp_20260331T1105235288_d_img_d18_r00069_c006_structural.jpg,D:\ISRO\OHRC_tiles\ch2_ohr_ncp_20260331T1105235288_d_img_d18\ch2_ohr_ncp_20260331T1105235288_d_img_d18_r00069_c006_illum.jpg,8.291854,-0.1576824,-1.250933
697,ch2_ohr_ncp_20260331T1105235288_d_img_d18,D:\ISRO\OHRC_raws\ch2_ohr_ncp_20260331T1105235288_d_img_d18,2026-03-31T11:05:23.5288Z,69,7,70656,7168,2048,256,512.0,0.25,7.5209622912,296.17477163,89.38302,1.895764,88.104236,TDI64,msb,Ascending,True,0.0,D:\ISRO\OHRC_tiles\ch2_ohr_ncp_20260331T1105235288_d_img_d18\ch2_ohr_ncp_20260331T1105235288_d_img_d18_r00069_c007_structural.jpg,D:\ISRO\OHRC_tiles\ch2_ohr_ncp_20260331T1105235288_d_img_d18\ch2_ohr_ncp_20260331T1105235288_d_img_d18_r00069_c007_illum.jpg,9.591216,-1.8714912,-2.608074
698,ch2_ohr_ncp_20260331T1105235288_d_img_d18,D:\ISRO\OHRC_raws\ch2_ohr_ncp_20260331T1105235288_d_img_d18,2026-03-31T11:05:23.5288Z,69,8,70656,8192,2048,256,512.0,0.25,7.520850916600001,296.1838442,89.38302,1.895764,88.104236,TDI64,msb,Ascending,True,0.0,D:\ISRO\OHRC_tiles\ch2_ohr_ncp_20260331T1105235288_d_img_d18\ch2_ohr_ncp_20260331T1105235288_d_img_d18_r00069_c008_structural.jpg,D:\ISRO\OHRC_tiles\ch2_ohr_ncp_20260331T1105235288_d_img_d18\ch2_ohr_ncp_20260331T1105235288_d_img_d18_r00069_c008_illum.jpg,8.684156,-0.4400673,-1.4343736
699,ch2_ohr_ncp_20260331T1105235288_d_img_d18,D:\ISRO\OHRC_raws\ch2_ohr_ncp_20260331T1105235288_d_img_d18,2026-03-31T11:05:23.5288Z,69,9,70656,9216,2048,256,512.0,0.25,7.5207388536,296.19292425000003,89.38302,1.895764,88.104236,TDI64,msb,Ascending,True,0.0,D:\ISRO\OHRC_tiles\ch2_ohr_ncp_20260331T1105235288_d_img_d18\ch2_ohr_ncp_20260331T1105235288_d_img_d18_r00069_c009_structural.jpg,D:\ISRO\OHRC_tiles\ch2_ohr_ncp_20260331T1105235288_d_img_d18\ch2_ohr_ncp_20260331T1105235288_d_img_d18_r00069_c009_illum.jpg,6.8777843,1.7397493,0.5067282
700,ch2_ohr_ncp_20260331T1105235288_d_img_d18,D:\ISRO\OHRC_raws\ch2_ohr_ncp_20260331T1105235288_d_img_d18,2026-03-31T11:05:23.5288Z,70,0,71680,0,2048,256,512.0,0.25,7.5125900648,296.11170511,89.38302,1.895764,88.104236,TDI64,msb,Ascending,True,0.0,D:\ISRO\OHRC_tiles\ch2_ohr_ncp_20260331T1105235288_d_img_d18\ch2_ohr_ncp_20260331T1105235288_d_img_d18_r00070_c000_structural.jpg,D:\ISRO\OHRC_tiles\ch2_ohr_ncp_20260331T1105235288_d_img_d18\ch2_ohr_ncp_20260331T1105235288_d_img_d18_r00070_c000_illum.jpg,6.830757,2.233164,-0.26971573
701,ch2_ohr_ncp_20260331T1105235288_d_img_d18,D:\ISRO\OHRC_raws\ch2_ohr_ncp_20260331T1105235288_d_img_d18,2026-03-31T11:05:23.5288Z,70,1,71680,1024,2048,256,512.0,0.25,7.512483458,296.12072555000003,89.38302,1.895764,88.104236,TDI64,msb,Ascending,True,0.0,D:\ISRO\OHRC_tiles\ch2_ohr_ncp_20260331T1105235288_d_img_d18\ch2_ohr_ncp_20260331T1105235288_d_img_d18_r00070_c001_structural.jpg,D:\ISRO\OHRC_tiles\ch2_ohr_ncp_20260331T1105235288_d_img_d18\ch2_ohr_ncp_20260331T1105235288_d_img_d18_r00070_c001_illum.jpg,8.221851,-0.2816067,-0.44544682
702,ch2_ohr_ncp_20260331T1105235288_d_img_d18,D:\ISRO\OHRC_raws\ch2_ohr_ncp_20260331T1105235288_d_img_d18,2026-03-31T11:05:23.5288Z,70,2,71680,2048,2048,256,512.0,0.25,7.5123761762,296.12975372000005,89.38302,1.895764,88.104236,TDI64,msb,Ascending,True,0.0,D:\ISRO\OHRC_tiles\ch2_ohr_ncp_20260331T1105235288_d_img_d18\ch2_ohr_ncp_20260331T1105235288_d_img_d18_r00070_c002_structural.jpg,D:\ISRO\OHRC_tiles\ch2_ohr_ncp_20260331T1105235288_d_img_d18\ch2_ohr_ncp_20260331T1105235288_d_img_d18_r00070_c002_illum.jpg,9.259225,-1.2664657,-2.6293433
703,ch2_ohr_ncp_20260331T1105235288_d_img_d18,D:\ISRO\OHRC_raws\ch2_ohr_ncp_20260331T1105235288_d_img_d18,2026-03-31T11:05:23.5288Z,70,3,71680,3072,2048,256,512.0,0.25,7.5122682169,296.13878837,89.38302,1.895764,88.104236,TDI64,msb,Ascending,True,0.0,D:\ISRO\OHRC_tiles\ch2_ohr_ncp_20260331T1105235288_d_img_d18\ch2_ohr_ncp_20260331T1105235288_d_img_d18_r00070_c003_structural.jpg,D:\ISRO\OHRC_tiles\ch2_ohr_ncp_20260331T1105235288_d_img_d18\ch2_ohr_ncp_20260331T1105235288_d_img_d18_r00070_c003_illum.jpg,8.965896,-1.130763,-2.3697329
704,ch2_ohr_ncp_20260331T1105235288_d_img_d18,D:\ISRO\OHRC_raws\ch2_ohr_ncp_20260331T1105235288_d_img_d18,2026-03-31T11:05:23.5288Z,70,4,71680,4096,2048,256,512.0,0.25,7.512159576699999,296.14783063000004,89.38302,1.895764,88.104236,TDI64,msb,Ascending,True,0.0,D:\ISRO\OHRC_tiles\ch2_ohr_ncp_20260331T1105235288_d_img_d18\ch2_ohr_ncp_20260331T1105235288_d_img_d18_r00070_c004_structural.jpg,D:\ISRO\OHRC_tiles\ch2_ohr_ncp_20260331T1105235288_d_img_d18\ch2_ohr_ncp_20260331T1105235288_d_img_d18_r00070_c004_illum.jpg,7.726312,0.11270653,0.002074659
705,ch2_ohr_ncp_20260331T1105235288_d_img_d18,D:\ISRO\OHRC_raws\ch2_ohr_ncp_20260331T1105235288_d_img_d18,2026-03-31T11:05:23.5288Z,70,5,71680,5120,2048,256,512.0,0.25,7.512050261600001,296.15688066,89.38302,1.895764,88.104236,TDI64,msb,Ascending,True,0.0,D:\ISRO\OHRC_tiles\ch2_ohr_ncp_20260331T1105235288_d_img_d18\ch2_ohr_ncp_20260331T1105235288_d_img_d18_r00070_c005_structural.jpg,D:\ISRO\OHRC_tiles\ch2_ohr_ncp_20260331T1105235288_d_img_d18\ch2_ohr_ncp_20260331T1105235288_d_img_d18_r00070_c005_illum.jpg,8.08491,0.043276668,-1.5976526
706,ch2_ohr_ncp_20260331T1105235288_d_img_d18,D:\ISRO\OHRC_raws\ch2_ohr_ncp_20260331T1105235288_d_img_d18,2026-03-31T11:05:23.5288Z,70,6,71680,6144,2048,256,512.0,0.25,7.5119402685,296.16593782,89.38302,1.895764,88.104236,TDI64,msb,Ascending,True,0.0,D:\ISRO\OHRC_tiles\ch2_ohr_ncp_20260331T1105235288_d_img_d18\ch2_ohr_ncp_20260331T1105235288_d_img_d18_r00070_c006_structural.jpg,D:\ISRO\OHRC_tiles\ch2_ohr_ncp_20260331T1105235288_d_img_d18\ch2_ohr_ncp_20260331T1105235288_d_img_d18_r00070_c006_illum.jpg,8.057175,-0.8689676,-0.7711545
707,ch2_ohr_ncp_20260331T1105235288_d_img_d18,D:\ISRO\OHRC_raws\ch2_ohr_ncp_20260331T1105235288_d_img_d18,2026-03-31T11:05:23.5288Z,70,7,71680,7168,2048,256,512.0,0.25,7.5118295899,296.17500284,89.38302,1.895764,88.104236,TDI64,msb,Ascending,True,0.0,D:\ISRO\OHRC_tiles\ch2_ohr_ncp_20260331T1105235288_d_img_d18\ch2_ohr_ncp_20260331T1105235288_d_img_d18_r00070_c007_structural.jpg,D:\ISRO\OHRC_tiles\ch2_ohr_ncp_20260331T1105235288_d_img_d18\ch2_ohr_ncp_20260331T1105235288_d_img_d18_r00070_c007_illum.jpg,8.851962,-1.3519288,-2.2751138
708,ch2_ohr_ncp_20260331T1105235288_d_img_d18,D:\ISRO\OHRC_raws\ch2_ohr_ncp_20260331T1105235288_d_img_d18,2026-03-31T11:05:23.5288Z,70,8,71680,8192,2048,256,512.0,0.25,7.5117182264,296.18407534999994,89.38302,1.895764,88.104236,TDI64,msb,Ascending,True,0.0,D:\ISRO\OHRC_tiles\ch2_ohr_ncp_20260331T1105235288_d_img_d18\ch2_ohr_ncp_20260331T1105235288_d_img_d18_r00070_c008_structural.jpg,D:\ISRO\OHRC_tiles\ch2_ohr_ncp_20260331T1105235288_d_img_d18\ch2_ohr_ncp_20260331T1105235288_d_img_d18_r00070_c008_illum.jpg,7.553623,0.50515246,-0.32330745
709,ch2_ohr_ncp_20260331T1105235288_d_img_d18,D:\ISRO\OHRC_raws\ch2_ohr_ncp_20260331T1105235288_d_img_d18,2026-03-31T11:05:23.5288Z,70,9,71680,9216,2048,256,512.0,0.25,7.511606179299999,296.19315453,89.38302,1.895764,88.104236,TDI64,msb,Ascending,True,0.0,D:\ISRO\OHRC_tiles\ch2_ohr_ncp_20260331T1105235288_d_img_d18\ch2_ohr_ncp_20260331T1105235288_d_img_d18_r00070_c009_structural.jpg,D:\ISRO\OHRC_tiles\ch2_ohr_ncp_20260331T1105235288_d_img_d18\ch2_ohr_ncp_20260331T1105235288_d_img_d18_r00070_c009_illum.jpg,7.126941,1.6146027,-0.0072249533
710,ch2_ohr_ncp_20260331T1105235288_d_img_d18,D:\ISRO\OHRC_raws\ch2_ohr_ncp_20260331T1105235288_d_img_d18,2026-03-31T11:05:23.5288Z,71,0,72704,0,2048,256,512.0,0.25,7.503452644000001,296.11192577,89.38302,1.895764,88.104236,TDI64,msb,Ascending,True,0.0,D:\ISRO\OHRC_tiles\ch2_ohr_ncp_20260331T1105235288_d_img_d18\ch2_ohr_ncp_20260331T1105235288_d_img_d18_r00071_c000_structural.jpg,D:\ISRO\OHRC_tiles\ch2_ohr_ncp_20260331T1105235288_d_img_d18\ch2_ohr_ncp_20260331T1105235288_d_img_d18_r00071_c000_illum.jpg,7.350961,1.3467021,-0.47816107
711,ch2_ohr_ncp_20260331T1105235288_d_img_d18,D:\ISRO\OHRC_raws\ch2_ohr_ncp_20260331T1105235288_d_img_d18,2026-03-31T11:05:23.5288Z,71,1,72704,1024,2048,256,512.0,0.25,7.503346048500001,296.12094558,89.38302,1.895764,88.104236,TDI64,msb,Ascending,True,0.0,D:\ISRO\OHRC_tiles\ch2_ohr_ncp_20260331T1105235288_d_img_d18\ch2_ohr_ncp_20260331T1105235288_d_img_d18_r00071_c001_structural.jpg,D:\ISRO\OHRC_tiles\ch2_ohr_ncp_20260331T1105235288_d_img_d18\ch2_ohr_ncp_20260331T1105235288_d_img_d18_r00071_c001_illum.jpg,7.3040967,1.4228786,0.8505813
712,ch2_ohr_ncp_20260331T1105235288_d_img_d18,D:\ISRO\OHRC_raws\ch2_ohr_ncp_20260331T1105235288_d_img_d18,2026-03-31T11:05:23.5288Z,71,2,72704,2048,2048,256,512.0,0.25,7.5032387767,296.12997326,89.38302,1.895764,88.104236,TDI64,msb,Ascending,True,0.0,D:\ISRO\OHRC_tiles\ch2_ohr_ncp_20260331T1105235288_d_img_d18\ch2_ohr_ncp_20260331T1105235288_d_img_d18_r00071_c002_structural.jpg,D:\ISRO\OHRC_tiles\ch2_ohr_ncp_20260331T1105235288_d_img_d18\ch2_ohr_ncp_20260331T1105235288_d_img_d18_r00071_c002_illum.jpg,6.953084,1.7768803,-0.09116619
713,ch2_ohr_ncp_20260331T1105235288_d_img_d18,D:\ISRO\OHRC_raws\ch2_ohr_ncp_20260331T1105235288_d_img_d18,2026-03-31T11:05:23.5288Z,71,3,72704,3072,2048,256,512.0,0.25,7.5031308261,296.13900828,89.38302,1.895764,88.104236,TDI64,msb,Ascending,True,0.0,D:\ISRO\OHRC_tiles\ch2_ohr_ncp_20260331T1105235288_d_img_d18\ch2_ohr_ncp_20260331T1105235288_d_img_d18_r00071_c003_structural.jpg,D:\ISRO\OHRC_tiles\ch2_ohr_ncp_20260331T1105235288_d_img_d18\ch2_ohr_ncp_20260331T1105235288_d_img_d18_r00071_c003_illum.jpg,6.866801,2.2848709,-0.019160064
714,ch2_ohr_ncp_20260331T1105235288_d_img_d18,D:\ISRO\OHRC_raws\ch2_ohr_ncp_20260331T1105235288_d_img_d18,2026-03-31T11:05:23.5288Z,71,4,72704,4096,2048,256,512.0,0.25,7.5030222009,296.14805041,89.38302,1.895764,88.104236,TDI64,msb,Ascending,True,0.0,D:\ISRO\OHRC_tiles\ch2_ohr_ncp_20260331T1105235288_d_img_d18\ch2_ohr_ncp_20260331T1105235288_d_img_d18_r00071_c004_structural.jpg,D:\ISRO\OHRC_tiles\ch2_ohr_ncp_20260331T1105235288_d_img_d18\ch2_ohr_ncp_20260331T1105235288_d_img_d18_r00071_c004_illum.jpg,8.144922,0.5569896,-1.4150747
715,ch2_ohr_ncp_20260331T1105235288_d_img_d18,D:\ISRO\OHRC_raws\ch2_ohr_ncp_20260331T1105235288_d_img_d18,2026-03-31T11:05:23.5288Z,71,5,72704,5120,2048,256,512.0,0.25,7.5029128958,296.1571002,89.38302,1.895764,88.104236,TDI64,msb,Ascending,True,0.0,D:\ISRO\OHRC_tiles\ch2_ohr_ncp_20260331T1105235288_d_img_d18\ch2_ohr_ncp_20260331T1105235288_d_img_d18_r00071_c005_structural.jpg,D:\ISRO\OHRC_tiles\ch2_ohr_ncp_20260331T1105235288_d_img_d18\ch2_ohr_ncp_20260331T1105235288_d_img_d18_r00071_c005_illum.jpg,8.486431,-0.8156195,-1.7326928
716,ch2_ohr_ncp_20260331T1105235288_d_img_d18,D:\ISRO\OHRC_raws\ch2_ohr_ncp_20260331T1105235288_d_img_d18,2026-03-31T11:05:23.5288Z,71,6,72704,6144,2048,256,512.0,0.25,7.5028029077,296.16615742,89.38302,1.895764,88.104236,TDI64,msb,Ascending,True,0.0,D:\ISRO\OHRC_tiles\ch2_ohr_ncp_20260331T1105235288_d_img_d18\ch2_ohr_ncp_20260331T1105235288_d_img_d18_r00071_c006_structural.jpg,D:\ISRO\OHRC_tiles\ch2_ohr_ncp_20260331T1105235288_d_img_d18\ch2_ohr_ncp_20260331T1105235288_d_img_d18_r00071_c006_illum.jpg,8.236859,-0.32604644,-0.2883664
717,ch2_ohr_ncp_20260331T1105235288_d_img_d18,D:\ISRO\OHRC_raws\ch2_ohr_ncp_20260331T1105235288_d_img_d18,2026-03-31T11:05:23.5288Z,71,7,72704,7168,2048,256,512.0,0.25,7.5026922441,296.17522182000005,89.38302,1.895764,88.104236,TDI64,msb,Ascending,True,0.0,D:\ISRO\OHRC_tiles\ch2_ohr_ncp_20260331T1105235288_d_img_d18\ch2_ohr_ncp_20260331T1105235288_d_img_d18_r00071_c007_structural.jpg,D:\ISRO\OHRC_tiles\ch2_ohr_ncp_20260331T1105235288_d_img_d18\ch2_ohr_ncp_20260331T1105235288_d_img_d18_r00071_c007_illum.jpg,7.3992944,1.480086,0.49490687
718,ch2_ohr_ncp_20260331T1105235288_d_img_d18,D:\ISRO\OHRC_raws\ch2_ohr_ncp_20260331T1105235288_d_img_d18,2026-03-31T11:05:23.5288Z,71,8,72704,8192,2048,256,512.0,0.25,7.502580890599999,296.18429419,89.38302,1.895764,88.104236,TDI64,msb,Ascending,True,0.0,D:\ISRO\OHRC_tiles\ch2_ohr_ncp_20260331T1105235288_d_img_d18\ch2_ohr_ncp_20260331T1105235288_d_img_d18_r00071_c008_structural.jpg,D:\ISRO\OHRC_tiles\ch2_ohr_ncp_20260331T1105235288_d_img_d18\ch2_ohr_ncp_20260331T1105235288_d_img_d18_r00071_c008_illum.jpg,8.433031,0.08619411,-0.57284045
719,ch2_ohr_ncp_20260331T1105235288_d_img_d18,D:\ISRO\OHRC_raws\ch2_ohr_ncp_20260331T1105235288_d_img_d18,2026-03-31T11:05:23.5288Z,71,9,72704,9216,2048,256,512.0,0.25,7.5024688535,296.19337344,89.38302,1.895764,88.104236,TDI64,msb,Ascending,True,0.0,D:\ISRO\OHRC_tiles\ch2_ohr_ncp_20260331T1105235288_d_img_d18\ch2_ohr_ncp_20260331T1105235288_d_img_d18_r00071_c009_structural.jpg,D:\ISRO\OHRC_tiles\ch2_ohr_ncp_20260331T1105235288_d_img_d18\ch2_ohr_ncp_20260331T1105235288_d_img_d18_r00071_c009_illum.jpg,7.872508,0.2967455,0.18706766
720,ch2_ohr_ncp_20260331T1105235288_d_img_d18,D:\ISRO\OHRC_raws\ch2_ohr_ncp_20260331T1105235288_d_img_d18,2026-03-31T11:05:23.5288Z,72,0,73728,0,2048,256,512.0,0.25,7.4943125285,296.11215942,89.38302,1.895764,88.104236,TDI64,msb,Ascending,True,0.0,D:\ISRO\OHRC_tiles\ch2_ohr_ncp_20260331T1105235288_d_img_d18\ch2_ohr_ncp_20260331T1105235288_d_img_d18_r00072_c000_structural.jpg,D:\ISRO\OHRC_tiles\ch2_ohr_ncp_20260331T1105235288_d_img_d18\ch2_ohr_ncp_20260331T1105235288_d_img_d18_r00072_c000_illum.jpg,8.7660055,-1.0050529,-2.2396493
721,ch2_ohr_ncp_20260331T1105235288_d_img_d18,D:\ISRO\OHRC_raws\ch2_ohr_ncp_20260331T1105235288_d_img_d18,2026-03-31T11:05:23.5288Z,72,1,73728,1024,2048,256,512.0,0.25,7.4942059379,296.12117911,89.38302,1.895764,88.104236,TDI64,msb,Ascending,True,0.0,D:\ISRO\OHRC_tiles\ch2_ohr_ncp_20260331T1105235288_d_img_d18\ch2_ohr_ncp_20260331T1105235288_d_img_d18_r00072_c001_structural.jpg,D:\ISRO\OHRC_tiles\ch2_ohr_ncp_20260331T1105235288_d_img_d18\ch2_ohr_ncp_20260331T1105235288_d_img_d18_r00072_c001_illum.jpg,7.988193,-0.30350396,-1.1868075
722,ch2_ohr_ncp_20260331T1105235288_d_img_d18,D:\ISRO\OHRC_raws\ch2_ohr_ncp_20260331T1105235288_d_img_d18,2026-03-31T11:05:23.5288Z,72,2,73728,2048,2048,256,512.0,0.25,7.494098671200001,296.13020628,89.38302,1.895764,88.104236,TDI64,msb,Ascending,True,0.0,D:\ISRO\OHRC_tiles\ch2_ohr_ncp_20260331T1105235288_d_img_d18\ch2_ohr_ncp_20260331T1105235288_d_img_d18_r00072_c002_structural.jpg,D:\ISRO\OHRC_tiles\ch2_ohr_ncp_20260331T1105235288_d_img_d18\ch2_ohr_ncp_20260331T1105235288_d_img_d18_r00072_c002_illum.jpg,7.5168777,0.3824194,-0.88265836
723,ch2_ohr_ncp_20260331T1105235288_d_img_d18,D:\ISRO\OHRC_raws\ch2_ohr_ncp_20260331T1105235288_d_img_d18,2026-03-31T11:05:23.5288Z,72,3,73728,3072,2048,256,512.0,0.25,7.4939907306,296.13924096,89.38302,1.895764,88.104236,TDI64,msb,Ascending,True,0.0,D:\ISRO\OHRC_tiles\ch2_ohr_ncp_20260331T1105235288_d_img_d18\ch2_ohr_ncp_20260331T1105235288_d_img_d18_r00072_c003_structural.jpg,D:\ISRO\OHRC_tiles\ch2_ohr_ncp_20260331T1105235288_d_img_d18\ch2_ohr_ncp_20260331T1105235288_d_img_d18_r00072_c003_illum.jpg,7.335925,0.87560046,-0.54915595
724,ch2_ohr_ncp_20260331T1105235288_d_img_d18,D:\ISRO\OHRC_raws\ch2_ohr_ncp_20260331T1105235288_d_img_d18,2026-03-31T11:05:23.5288Z,72,4,73728,4096,2048,256,512.0,0.25,7.493882117,296.14828306000004,89.38302,1.895764,88.104236,TDI64,msb,Ascending,True,0.0,D:\ISRO\OHRC_tiles\ch2_ohr_ncp_20260331T1105235288_d_img_d18\ch2_ohr_ncp_20260331T1105235288_d_img_d18_r00072_c004_structural.jpg,D:\ISRO\OHRC_tiles\ch2_ohr_ncp_20260331T1105235288_d_img_d18\ch2_ohr_ncp_20260331T1105235288_d_img_d18_r00072_c004_illum.jpg,8.060187,0.874873,0.18503737
725,ch2_ohr_ncp_20260331T1105235288_d_img_d18,D:\ISRO\OHRC_raws\ch2_ohr_ncp_20260331T1105235288_d_img_d18,2026-03-31T11:05:23.5288Z,72,5,73728,5120,2048,256,512.0,0.25,7.4937728185,296.15733322000006,89.38302,1.895764,88.104236,TDI64,msb,Ascending,True,0.0,D:\ISRO\OHRC_tiles\ch2_ohr_ncp_20260331T1105235288_d_img_d18\ch2_ohr_ncp_20260331T1105235288_d_img_d18_r00072_c005_structural.jpg,D:\ISRO\OHRC_tiles\ch2_ohr_ncp_20260331T1105235288_d_img_d18\ch2_ohr_ncp_20260331T1105235288_d_img_d18_r00072_c005_illum.jpg,7.94697,0.027370516,-0.8909007
726,ch2_ohr_ncp_20260331T1105235288_d_img_d18,D:\ISRO\OHRC_raws\ch2_ohr_ncp_20260331T1105235288_d_img_d18,2026-03-31T11:05:23.5288Z,72,6,73728,6144,2048,256,512.0,0.25,7.4936628453,296.16639007000003,89.38302,1.895764,88.104236,TDI64,msb,Ascending,True,0.0,D:\ISRO\OHRC_tiles\ch2_ohr_ncp_20260331T1105235288_d_img_d18\ch2_ohr_ncp_20260331T1105235288_d_img_d18_r00072_c006_structural.jpg,D:\ISRO\OHRC_tiles\ch2_ohr_ncp_20260331T1105235288_d_img_d18\ch2_ohr_ncp_20260331T1105235288_d_img_d18_r00072_c006_illum.jpg,8.208439,0.5638519,-0.5172517
727,ch2_ohr_ncp_20260331T1105235288_d_img_d18,D:\ISRO\OHRC_raws\ch2_ohr_ncp_20260331T1105235288_d_img_d18,2026-03-31T11:05:23.5288Z,72,7,73728,7168,2048,256,512.0,0.25,7.493552185499999,296.1754544,89.38302,1.895764,88.104236,TDI64,msb,Ascending,True,0.0,D:\ISRO\OHRC_tiles\ch2_ohr_ncp_20260331T1105235288_d_img_d18\ch2_ohr_ncp_20260331T1105235288_d_img_d18_r00072_c007_structural.jpg,D:\ISRO\OHRC_tiles\ch2_ohr_ncp_20260331T1105235288_d_img_d18\ch2_ohr_ncp_20260331T1105235288_d_img_d18_r00072_c007_illum.jpg,7.167299,1.3267417,0.6251598
728,ch2_ohr_ncp_20260331T1105235288_d_img_d18,D:\ISRO\OHRC_raws\ch2_ohr_ncp_20260331T1105235288_d_img_d18,2026-03-31T11:05:23.5288Z,72,8,73728,8192,2048,256,512.0,0.25,7.493440844399999,296.18452604000004,89.38302,1.895764,88.104236,TDI64,msb,Ascending,True,0.0,D:\ISRO\OHRC_tiles\ch2_ohr_ncp_20260331T1105235288_d_img_d18\ch2_ohr_ncp_20260331T1105235288_d_img_d18_r00072_c008_structural.jpg,D:\ISRO\OHRC_tiles\ch2_ohr_ncp_20260331T1105235288_d_img_d18\ch2_ohr_ncp_20260331T1105235288_d_img_d18_r00072_c008_illum.jpg,8.333839,-0.08718109,0.1790083
729,ch2_ohr_ncp_20260331T1105235288_d_img_d18,D:\ISRO\OHRC_raws\ch2_ohr_ncp_20260331T1105235288_d_img_d18,2026-03-31T11:05:23.5288Z,72,9,73728,9216,2048,256,512.0,0.25,7.4933288197,296.19360509,89.38302,1.895764,88.104236,TDI64,msb,Ascending,True,0.0,D:\ISRO\OHRC_tiles\ch2_ohr_ncp_20260331T1105235288_d_img_d18\ch2_ohr_ncp_20260331T1105235288_d_img_d18_r00072_c009_structural.jpg,D:\ISRO\OHRC_tiles\ch2_ohr_ncp_20260331T1105235288_d_img_d18\ch2_ohr_ncp_20260331T1105235288_d_img_d18_r00072_c009_illum.jpg,7.852234,0.37500802,1.1128434
730,ch2_ohr_ncp_20260331T1105235288_d_img_d18,D:\ISRO\OHRC_raws\ch2_ohr_ncp_20260331T1105235288_d_img_d18,2026-03-31T11:05:23.5288Z,73,0,74752,0,2048,256,512.0,0.25,7.485176816499999,296.1123847,89.38302,1.895764,88.104236,TDI64,msb,Ascending,True,0.0,D:\ISRO\OHRC_tiles\ch2_ohr_ncp_20260331T1105235288_d_img_d18\ch2_ohr_ncp_20260331T1105235288_d_img_d18_r00073_c000_structural.jpg,D:\ISRO\OHRC_tiles\ch2_ohr_ncp_20260331T1105235288_d_img_d18\ch2_ohr_ncp_20260331T1105235288_d_img_d18_r00073_c000_illum.jpg,9.20478,-1.8602649,-1.8625743
731,ch2_ohr_ncp_20260331T1105235288_d_img_d18,D:\ISRO\OHRC_raws\ch2_ohr_ncp_20260331T1105235288_d_img_d18,2026-03-31T11:05:23.5288Z,73,1,74752,1024,2048,256,512.0,0.25,7.485070220999999,296.12140438999995,89.38302,1.895764,88.104236,TDI64,msb,Ascending,True,0.0,D:\ISRO\OHRC_tiles\ch2_ohr_ncp_20260331T1105235288_d_img_d18\ch2_ohr_ncp_20260331T1105235288_d_img_d18_r00073_c001_structural.jpg,D:\ISRO\OHRC_tiles\ch2_ohr_ncp_20260331T1105235288_d_img_d18\ch2_ohr_ncp_20260331T1105235288_d_img_d18_r00073_c001_illum.jpg,8.6274805,-0.67001337,-2.4434414
732,ch2_ohr_ncp_20260331T1105235288_d_img_d18,D:\ISRO\OHRC_raws\ch2_ohr_ncp_20260331T1105235288_d_img_d18,2026-03-31T11:05:23.5288Z,73,2,74752,2048,2048,256,512.0,0.25,7.484962955,296.13043141,89.38302,1.895764,88.104236,TDI64,msb,Ascending,True,0.0,D:\ISRO\OHRC_tiles\ch2_ohr_ncp_20260331T1105235288_d_img_d18\ch2_ohr_ncp_20260331T1105235288_d_img_d18_r00073_c002_structural.jpg,D:\ISRO\OHRC_tiles\ch2_ohr_ncp_20260331T1105235288_d_img_d18\ch2_ohr_ncp_20260331T1105235288_d_img_d18_r00073_c002_illum.jpg,8.214761,0.41046956,-1.9871901
733,ch2_ohr_ncp_20260331T1105235288_d_img_d18,D:\ISRO\OHRC_raws\ch2_ohr_ncp_20260331T1105235288_d_img_d18,2026-03-31T11:05:23.5288Z,73,3,74752,3072,2048,256,512.0,0.25,7.484855008899999,296.13946606,89.38302,1.895764,88.104236,TDI64,msb,Ascending,True,0.0,D:\ISRO\OHRC_tiles\ch2_ohr_ncp_20260331T1105235288_d_img_d18\ch2_ohr_ncp_20260331T1105235288_d_img_d18_r00073_c003_structural.jpg,D:\ISRO\OHRC_tiles\ch2_ohr_ncp_20260331T1105235288_d_img_d18\ch2_ohr_ncp_20260331T1105235288_d_img_d18_r00073_c003_illum.jpg,9.530918,-1.4193732,-2.8590765
734,ch2_ohr_ncp_20260331T1105235288_d_img_d18,D:\ISRO\OHRC_raws\ch2_ohr_ncp_20260331T1105235288_d_img_d18,2026-03-31T11:05:23.5288Z,73,4,74752,4096,2048,256,512.0,0.25,7.4847463956,296.14850813,89.38302,1.895764,88.104236,TDI64,msb,Ascending,True,0.0,D:\ISRO\OHRC_tiles\ch2_ohr_ncp_20260331T1105235288_d_img_d18\ch2_ohr_ncp_20260331T1105235288_d_img_d18_r00073_c004_structural.jpg,D:\ISRO\OHRC_tiles\ch2_ohr_ncp_20260331T1105235288_d_img_d18\ch2_ohr_ncp_20260331T1105235288_d_img_d18_r00073_c004_illum.jpg,8.025835,0.012729394,-0.321497
735,ch2_ohr_ncp_20260331T1105235288_d_img_d18,D:\ISRO\OHRC_raws\ch2_ohr_ncp_20260331T1105235288_d_img_d18,2026-03-31T11:05:23.5288Z,73,5,74752,5120,2048,256,512.0,0.25,7.484637095,296.15755735000005,89.38302,1.895764,88.104236,TDI64,msb,Ascending,True,0.0,D:\ISRO\OHRC_tiles\ch2_ohr_ncp_20260331T1105235288_d_img_d18\ch2_ohr_ncp_20260331T1105235288_d_img_d18_r00073_c005_structural.jpg,D:\ISRO\OHRC_tiles\ch2_ohr_ncp_20260331T1105235288_d_img_d18\ch2_ohr_ncp_20260331T1105235288_d_img_d18_r00073_c005_illum.jpg,7.472255,1.4666549,0.31858572
736,ch2_ohr_ncp_20260331T1105235288_d_img_d18,D:\ISRO\OHRC_raws\ch2_ohr_ncp_20260331T1105235288_d_img_d18,2026-03-31T11:05:23.5288Z,73,6,74752,6144,2048,256,512.0,0.25,7.484527118699999,296.1666142,89.38302,1.895764,88.104236,TDI64,msb,Ascending,True,0.0,D:\ISRO\OHRC_tiles\ch2_ohr_ncp_20260331T1105235288_d_img_d18\ch2_ohr_ncp_20260331T1105235288_d_img_d18_r00073_c006_structural.jpg,D:\ISRO\OHRC_tiles\ch2_ohr_ncp_20260331T1105235288_d_img_d18\ch2_ohr_ncp_20260331T1105235288_d_img_d18_r00073_c006_illum.jpg,7.4198875,1.5553719,1.0426742
737,ch2_ohr_ncp_20260331T1105235288_d_img_d18,D:\ISRO\OHRC_raws\ch2_ohr_ncp_20260331T1105235288_d_img_d18,2026-03-31T11:05:23.5288Z,73,7,74752,7168,2048,256,512.0,0.25,7.4844164588,296.1756786,89.38302,1.895764,88.104236,TDI64,msb,Ascending,True,0.0,D:\ISRO\OHRC_tiles\ch2_ohr_ncp_20260331T1105235288_d_img_d18\ch2_ohr_ncp_20260331T1105235288_d_img_d18_r00073_c007_structural.jpg,D:\ISRO\OHRC_tiles\ch2_ohr_ncp_20260331T1105235288_d_img_d18\ch2_ohr_ncp_20260331T1105235288_d_img_d18_r00073_c007_illum.jpg,8.118536,0.13592786,-0.91020256
738,ch2_ohr_ncp_20260331T1105235288_d_img_d18,D:\ISRO\OHRC_raws\ch2_ohr_ncp_20260331T1105235288_d_img_d18,2026-03-31T11:05:23.5288Z,73,8,74752,8192,2048,256,512.0,0.25,7.4843051153,296.18475017,89.38302,1.895764,88.104236,TDI64,msb,Ascending,True,0.0,D:\ISRO\OHRC_tiles\ch2_ohr_ncp_20260331T1105235288_d_img_d18\ch2_ohr_ncp_20260331T1105235288_d_img_d18_r00073_c008_structural.jpg,D:\ISRO\OHRC_tiles\ch2_ohr_ncp_20260331T1105235288_d_img_d18\ch2_ohr_ncp_20260331T1105235288_d_img_d18_r00073_c008_illum.jpg,7.9679112,-0.15305744,-1.0630703
739,ch2_ohr_ncp_20260331T1105235288_d_img_d18,D:\ISRO\OHRC_raws\ch2_ohr_ncp_20260331T1105235288_d_img_d18,2026-03-31T11:05:23.5288Z,73,9,74752,9216,2048,256,512.0,0.25,7.4841930882,296.19382922,89.38302,1.895764,88.104236,TDI64,msb,Ascending,True,0.0,D:\ISRO\OHRC_tiles\ch2_ohr_ncp_20260331T1105235288_d_img_d18\ch2_ohr_ncp_20260331T1105235288_d_img_d18_r00073_c009_structural.jpg,D:\ISRO\OHRC_tiles\ch2_ohr_ncp_20260331T1105235288_d_img_d18\ch2_ohr_ncp_20260331T1105235288_d_img_d18_r00073_c009_illum.jpg,7.5158806,0.42247826,1.4962579
740,ch2_ohr_ncp_20260331T1105235288_d_img_d18,D:\ISRO\OHRC_raws\ch2_ohr_ncp_20260331T1105235288_d_img_d18,2026-03-31T11:05:23.5288Z,74,0,75776,0,2048,256,512.0,0.25,7.476043457,296.11261807,89.38302,1.895764,88.104236,TDI64,msb,Ascending,True,0.0,D:\ISRO\OHRC_tiles\ch2_ohr_ncp_20260331T1105235288_d_img_d18\ch2_ohr_ncp_20260331T1105235288_d_img_d18_r00074_c000_structural.jpg,D:\ISRO\OHRC_tiles\ch2_ohr_ncp_20260331T1105235288_d_img_d18\ch2_ohr_ncp_20260331T1105235288_d_img_d18_r00074_c000_illum.jpg,8.557923,-1.017097,0.32378474
741,ch2_ohr_ncp_20260331T1105235288_d_img_d18,D:\ISRO\OHRC_raws\ch2_ohr_ncp_20260331T1105235288_d_img_d18,2026-03-31T11:05:23.5288Z,74,1,75776,1024,2048,256,512.0,0.25,7.4759368739,296.12163767,89.38302,1.895764,88.104236,TDI64,msb,Ascending,True,0.0,D:\ISRO\OHRC_tiles\ch2_ohr_ncp_20260331T1105235288_d_img_d18\ch2_ohr_ncp_20260331T1105235288_d_img_d18_r00074_c001_structural.jpg,D:\ISRO\OHRC_tiles\ch2_ohr_ncp_20260331T1105235288_d_img_d18\ch2_ohr_ncp_20260331T1105235288_d_img_d18_r00074_c001_illum.jpg,8.098744,-0.7988403,0.16285345
742,ch2_ohr_ncp_20260331T1105235288_d_img_d18,D:\ISRO\OHRC_raws\ch2_ohr_ncp_20260331T1105235288_d_img_d18,2026-03-31T11:05:23.5288Z,74,2,75776,2048,2048,256,512.0,0.25,7.4758296172,296.13066411,89.38302,1.895764,88.104236,TDI64,msb,Ascending,True,0.0,D:\ISRO\OHRC_tiles\ch2_ohr_ncp_20260331T1105235288_d_img_d18\ch2_ohr_ncp_20260331T1105235288_d_img_d18_r00074_c002_structural.jpg,D:\ISRO\OHRC_tiles\ch2_ohr_ncp_20260331T1105235288_d_img_d18\ch2_ohr_ncp_20260331T1105235288_d_img_d18_r00074_c002_illum.jpg,7.272063,0.8854121,-0.40862805
743,ch2_ohr_ncp_20260331T1105235288_d_img_d18,D:\ISRO\OHRC_raws\ch2_ohr_ncp_20260331T1105235288_d_img_d18,2026-03-31T11:05:23.5288Z,74,3,75776,3072,2048,256,512.0,0.25,7.475721687499999,296.13969861000004,89.38302,1.895764,88.104236,TDI64,msb,Ascending,True,0.0,D:\ISRO\OHRC_tiles\ch2_ohr_ncp_20260331T1105235288_d_img_d18\ch2_ohr_ncp_20260331T1105235288_d_img_d18_r00074_c003_structural.jpg,D:\ISRO\OHRC_tiles\ch2_ohr_ncp_20260331T1105235288_d_img_d18\ch2_ohr_ncp_20260331T1105235288_d_img_d18_r00074_c003_illum.jpg,9.192178,-1.0128489,-2.6350229
744,ch2_ohr_ncp_20260331T1105235288_d_img_d18,D:\ISRO\OHRC_raws\ch2_ohr_ncp_20260331T1105235288_d_img_d18,2026-03-31T11:05:23.5288Z,74,4,75776,4096,2048,256,512.0,0.25,7.475613085100001,296.14874050000003,89.38302,1.895764,88.104236,TDI64,msb,Ascending,True,0.0,D:\ISRO\OHRC_tiles\ch2_ohr_ncp_20260331T1105235288_d_img_d18\ch2_ohr_ncp_20260331T1105235288_d_img_d18_r00074_c004_structural.jpg,D:\ISRO\OHRC_tiles\ch2_ohr_ncp_20260331T1105235288_d_img_d18\ch2_ohr_ncp_20260331T1105235288_d_img_d18_r00074_c004_illum.jpg,8.989805,-1.0785005,-2.6407468
745,ch2_ohr_ncp_20260331T1105235288_d_img_d18,D:\ISRO\OHRC_raws\ch2_ohr_ncp_20260331T1105235288_d_img_d18,2026-03-31T11:05:23.5288Z,74,5,75776,5120,2048,256,512.0,0.25,7.4755038009,296.15778978000003,89.38302,1.895764,88.104236,TDI64,msb,Ascending,True,0.0,D:\ISRO\OHRC_tiles\ch2_ohr_ncp_20260331T1105235288_d_img_d18\ch2_ohr_ncp_20260331T1105235288_d_img_d18_r00074_c005_structural.jpg,D:\ISRO\OHRC_tiles\ch2_ohr_ncp_20260331T1105235288_d_img_d18\ch2_ohr_ncp_20260331T1105235288_d_img_d18_r00074_c005_illum.jpg,7.9731965,-0.44507855,0.5238444
746,ch2_ohr_ncp_20260331T1105235288_d_img_d18,D:\ISRO\OHRC_raws\ch2_ohr_ncp_20260331T1105235288_d_img_d18,2026-03-31T11:05:23.5288Z,74,6,75776,6144,2048,256,512.0,0.25,7.475393829999999,296.16684603,89.38302,1.895764,88.104236,TDI64,msb,Ascending,True,0.0,D:\ISRO\OHRC_tiles\ch2_ohr_ncp_20260331T1105235288_d_img_d18\ch2_ohr_ncp_20260331T1105235288_d_img_d18_r00074_c006_structural.jpg,D:\ISRO\OHRC_tiles\ch2_ohr_ncp_20260331T1105235288_d_img_d18\ch2_ohr_ncp_20260331T1105235288_d_img_d18_r00074_c006_illum.jpg,9.087649,-1.687186,-0.45027056
747,ch2_ohr_ncp_20260331T1105235288_d_img_d18,D:\ISRO\OHRC_raws\ch2_ohr_ncp_20260331T1105235288_d_img_d18,2026-03-31T11:05:23.5288Z,74,7,75776,7168,2048,256,512.0,0.25,7.475283188500001,296.17591012,89.38302,1.895764,88.104236,TDI64,msb,Ascending,True,0.0,D:\ISRO\OHRC_tiles\ch2_ohr_ncp_20260331T1105235288_d_img_d18\ch2_ohr_ncp_20260331T1105235288_d_img_d18_r00074_c007_structural.jpg,D:\ISRO\OHRC_tiles\ch2_ohr_ncp_20260331T1105235288_d_img_d18\ch2_ohr_ncp_20260331T1105235288_d_img_d18_r00074_c007_illum.jpg,9.67237,-1.4559544,-2.3508565
748,ch2_ohr_ncp_20260331T1105235288_d_img_d18,D:\ISRO\OHRC_raws\ch2_ohr_ncp_20260331T1105235288_d_img_d18,2026-03-31T11:05:23.5288Z,74,8,75776,8192,2048,256,512.0,0.25,7.4751718566,296.18498169,89.38302,1.895764,88.104236,TDI64,msb,Ascending,True,0.0,D:\ISRO\OHRC_tiles\ch2_ohr_ncp_20260331T1105235288_d_img_d18\ch2_ohr_ncp_20260331T1105235288_d_img_d18_r00074_c008_structural.jpg,D:\ISRO\OHRC_tiles\ch2_ohr_ncp_20260331T1105235288_d_img_d18\ch2_ohr_ncp_20260331T1105235288_d_img_d18_r00074_c008_illum.jpg,7.958921,0.2537807,-2.029322
749,ch2_ohr_ncp_20260331T1105235288_d_img_d18,D:\ISRO\OHRC_raws\ch2_ohr_ncp_20260331T1105235288_d_img_d18,2026-03-31T11:05:23.5288Z,74,9,75776,9216,2048,256,512.0,0.25,7.4750598427,296.19406074,89.38302,1.895764,88.104236,TDI64,msb,Ascending,True,0.0,D:\ISRO\OHRC_tiles\ch2_ohr_ncp_20260331T1105235288_d_img_d18\ch2_ohr_ncp_20260331T1105235288_d_img_d18_r00074_c009_structural.jpg,D:\ISRO\OHRC_tiles\ch2_ohr_ncp_20260331T1105235288_d_img_d18\ch2_ohr_ncp_20260331T1105235288_d_img_d18_r00074_c009_illum.jpg,7.4445877,1.3439279,1.1609846
750,ch2_ohr_ncp_20260331T1105235288_d_img_d18,D:\ISRO\OHRC_raws\ch2_ohr_ncp_20260331T1105235288_d_img_d18,2026-03-31T11:05:23.5288Z,75,0,76800,0,2048,256,512.0,0.25,7.466897589299999,296.11284559,89.38302,1.895764,88.104236,TDI64,msb,Ascending,True,0.0,D:\ISRO\OHRC_tiles\ch2_ohr_ncp_20260331T1105235288_d_img_d18\ch2_ohr_ncp_20260331T1105235288_d_img_d18_r00075_c000_structural.jpg,D:\ISRO\OHRC_tiles\ch2_ohr_ncp_20260331T1105235288_d_img_d18\ch2_ohr_ncp_20260331T1105235288_d_img_d18_r00075_c000_illum.jpg,7.6019864,1.0492984,0.48795623
751,ch2_ohr_ncp_20260331T1105235288_d_img_d18,D:\ISRO\OHRC_raws\ch2_ohr_ncp_20260331T1105235288_d_img_d18,2026-03-31T11:05:23.5288Z,75,1,76800,1024,2048,256,512.0,0.25,7.4667910087,296.12186528,89.38302,1.895764,88.104236,TDI64,msb,Ascending,True,0.0,D:\ISRO\OHRC_tiles\ch2_ohr_ncp_20260331T1105235288_d_img_d18\ch2_ohr_ncp_20260331T1105235288_d_img_d18_r00075_c001_structural.jpg,D:\ISRO\OHRC_tiles\ch2_ohr_ncp_20260331T1105235288_d_img_d18\ch2_ohr_ncp_20260331T1105235288_d_img_d18_r00075_c001_illum.jpg,7.667427,0.5682465,0.6857244
752,ch2_ohr_ncp_20260331T1105235288_d_img_d18,D:\ISRO\OHRC_raws\ch2_ohr_ncp_20260331T1105235288_d_img_d18,2026-03-31T11:05:23.5288Z,75,2,76800,2048,2048,256,512.0,0.25,7.4666837593,296.13089178,89.38302,1.895764,88.104236,TDI64,msb,Ascending,True,0.0,D:\ISRO\OHRC_tiles\ch2_ohr_ncp_20260331T1105235288_d_img_d18\ch2_ohr_ncp_20260331T1105235288_d_img_d18_r00075_c002_structural.jpg,D:\ISRO\OHRC_tiles\ch2_ohr_ncp_20260331T1105235288_d_img_d18\ch2_ohr_ncp_20260331T1105235288_d_img_d18_r00075_c002_illum.jpg,7.860751,0.523852,-0.6584177
753,ch2_ohr_ncp_20260331T1105235288_d_img_d18,D:\ISRO\OHRC_raws\ch2_ohr_ncp_20260331T1105235288_d_img_d18,2026-03-31T11:05:23.5288Z,75,3,76800,3072,2048,256,512.0,0.25,7.4665758314,296.13992613000005,89.38302,1.895764,88.104236,TDI64,msb,Ascending,True,0.0,D:\ISRO\OHRC_tiles\ch2_ohr_ncp_20260331T1105235288_d_img_d18\ch2_ohr_ncp_20260331T1105235288_d_img_d18_r00075_c003_structural.jpg,D:\ISRO\OHRC_tiles\ch2_ohr_ncp_20260331T1105235288_d_img_d18\ch2_ohr_ncp_20260331T1105235288_d_img_d18_r00075_c003_illum.jpg,9.535918,-0.85592574,-2.8015828
754,ch2_ohr_ncp_20260331T1105235288_d_img_d18,D:\ISRO\OHRC_raws\ch2_ohr_ncp_20260331T1105235288_d_img_d18,2026-03-31T11:05:23.5288Z,75,4,76800,4096,2048,256,512.0,0.25,7.466467229900001,296.14896756,89.38302,1.895764,88.104236,TDI64,msb,Ascending,True,0.0,D:\ISRO\OHRC_tiles\ch2_ohr_ncp_20260331T1105235288_d_img_d18\ch2_ohr_ncp_20260331T1105235288_d_img_d18_r00075_c004_structural.jpg,D:\ISRO\OHRC_tiles\ch2_ohr_ncp_20260331T1105235288_d_img_d18\ch2_ohr_ncp_20260331T1105235288_d_img_d18_r00075_c004_illum.jpg,8.817867,-0.41669908,-2.6697624
755,ch2_ohr_ncp_20260331T1105235288_d_img_d18,D:\ISRO\OHRC_raws\ch2_ohr_ncp_20260331T1105235288_d_img_d18,2026-03-31T11:05:23.5288Z,75,5,76800,5120,2048,256,512.0,0.25,7.4663579493,296.15801672,89.38302,1.895764,88.104236,TDI64,msb,Ascending,True,0.0,D:\ISRO\OHRC_tiles\ch2_ohr_ncp_20260331T1105235288_d_img_d18\ch2_ohr_ncp_20260331T1105235288_d_img_d18_r00075_c005_structural.jpg,D:\ISRO\OHRC_tiles\ch2_ohr_ncp_20260331T1105235288_d_img_d18\ch2_ohr_ncp_20260331T1105235288_d_img_d18_r00075_c005_illum.jpg,8.544566,-0.31938583,-1.5622892
756,ch2_ohr_ncp_20260331T1105235288_d_img_d18,D:\ISRO\OHRC_raws\ch2_ohr_ncp_20260331T1105235288_d_img_d18,2026-03-31T11:05:23.5288Z,75,6,76800,6144,2048,256,512.0,0.25,7.466247989699999,296.16707324,89.38302,1.895764,88.104236,TDI64,msb,Ascending,True,0.0,D:\ISRO\OHRC_tiles\ch2_ohr_ncp_20260331T1105235288_d_img_d18\ch2_ohr_ncp_20260331T1105235288_d_img_d18_r00075_c006_structural.jpg,D:\ISRO\OHRC_tiles\ch2_ohr_ncp_20260331T1105235288_d_img_d18\ch2_ohr_ncp_20260331T1105235288_d_img_d18_r00075_c006_illum.jpg,9.238919,-1.2221562,-1.864634
757,ch2_ohr_ncp_20260331T1105235288_d_img_d18,D:\ISRO\OHRC_raws\ch2_ohr_ncp_20260331T1105235288_d_img_d18,2026-03-31T11:05:23.5288Z,75,7,76800,7168,2048,256,512.0,0.25,7.4661373490999985,296.17613697,89.38302,1.895764,88.104236,TDI64,msb,Ascending,True,0.0,D:\ISRO\OHRC_tiles\ch2_ohr_ncp_20260331T1105235288_d_img_d18\ch2_ohr_ncp_20260331T1105235288_d_img_d18_r00075_c007_structural.jpg,D:\ISRO\OHRC_tiles\ch2_ohr_ncp_20260331T1105235288_d_img_d18\ch2_ohr_ncp_20260331T1105235288_d_img_d18_r00075_c007_illum.jpg,8.357282,-0.25938424,-0.54258597
758,ch2_ohr_ncp_20260331T1105235288_d_img_d18,D:\ISRO\OHRC_raws\ch2_ohr_ncp_20260331T1105235288_d_img_d18,2026-03-31T11:05:23.5288Z,75,8,76800,8192,2048,256,512.0,0.25,7.466026021299999,296.18520821,89.38302,1.895764,88.104236,TDI64,msb,Ascending,True,0.0,D:\ISRO\OHRC_tiles\ch2_ohr_ncp_20260331T1105235288_d_img_d18\ch2_ohr_ncp_20260331T1105235288_d_img_d18_r00075_c008_structural.jpg,D:\ISRO\OHRC_tiles\ch2_ohr_ncp_20260331T1105235288_d_img_d18\ch2_ohr_ncp_20260331T1105235288_d_img_d18_r00075_c008_illum.jpg,7.4325767,0.7689932,0.20660329
759,ch2_ohr_ncp_20260331T1105235288_d_img_d18,D:\ISRO\OHRC_raws\ch2_ohr_ncp_20260331T1105235288_d_img_d18,2026-03-31T11:05:23.5288Z,75,9,76800,9216,2048,256,512.0,0.25,7.4659140166,296.19428726,89.38302,1.895764,88.104236,TDI64,msb,Ascending,True,0.0,D:\ISRO\OHRC_tiles\ch2_ohr_ncp_20260331T1105235288_d_img_d18\ch2_ohr_ncp_20260331T1105235288_d_img_d18_r00075_c009_structural.jpg,D:\ISRO\OHRC_tiles\ch2_ohr_ncp_20260331T1105235288_d_img_d18\ch2_ohr_ncp_20260331T1105235288_d_img_d18_r00075_c009_illum.jpg,7.9345927,0.8873434,0.52759635
760,ch2_ohr_ncp_20260331T1105235288_d_img_d18,D:\ISRO\OHRC_raws\ch2_ohr_ncp_20260331T1105235288_d_img_d18,2026-03-31T11:05:23.5288Z,76,0,77824,0,2048,256,512.0,0.25,7.4577628373,296.11308036,89.38302,1.895764,88.104236,TDI64,msb,Ascending,True,0.0,D:\ISRO\OHRC_tiles\ch2_ohr_ncp_20260331T1105235288_d_img_d18\ch2_ohr_ncp_20260331T1105235288_d_img_d18_r00076_c000_structural.jpg,D:\ISRO\OHRC_tiles\ch2_ohr_ncp_20260331T1105235288_d_img_d18\ch2_ohr_ncp_20260331T1105235288_d_img_d18_r00076_c000_illum.jpg,7.279688,1.4110161,0.45033458
761,ch2_ohr_ncp_20260331T1105235288_d_img_d18,D:\ISRO\OHRC_raws\ch2_ohr_ncp_20260331T1105235288_d_img_d18,2026-03-31T11:05:23.5288Z,76,1,77824,1024,2048,256,512.0,0.25,7.4576562742,296.12209923,89.38302,1.895764,88.104236,TDI64,msb,Ascending,True,0.0,D:\ISRO\OHRC_tiles\ch2_ohr_ncp_20260331T1105235288_d_img_d18\ch2_ohr_ncp_20260331T1105235288_d_img_d18_r00076_c001_structural.jpg,D:\ISRO\OHRC_tiles\ch2_ohr_ncp_20260331T1105235288_d_img_d18\ch2_ohr_ncp_20260331T1105235288_d_img_d18_r00076_c001_illum.jpg,6.8414845,2.834073,0.2529054
762,ch2_ohr_ncp_20260331T1105235288_d_img_d18,D:\ISRO\OHRC_raws\ch2_ohr_ncp_20260331T1105235288_d_img_d18,2026-03-31T11:05:23.5288Z,76,2,77824,2048,2048,256,512.0,0.25,7.4575490348,296.1311264,89.38302,1.895764,88.104236,TDI64,msb,Ascending,True,0.0,D:\ISRO\OHRC_tiles\ch2_ohr_ncp_20260331T1105235288_d_img_d18\ch2_ohr_ncp_20260331T1105235288_d_img_d18_r00076_c002_structural.jpg,D:\ISRO\OHRC_tiles\ch2_ohr_ncp_20260331T1105235288_d_img_d18\ch2_ohr_ncp_20260331T1105235288_d_img_d18_r00076_c002_illum.jpg,8.170596,0.5422664,-1.1166253
763,ch2_ohr_ncp_20260331T1105235288_d_img_d18,D:\ISRO\OHRC_raws\ch2_ohr_ncp_20260331T1105235288_d_img_d18,2026-03-31T11:05:23.5288Z,76,3,77824,3072,2048,256,512.0,0.25,7.457441122600001,296.14016005,89.38302,1.895764,88.104236,TDI64,msb,Ascending,True,0.0,D:\ISRO\OHRC_tiles\ch2_ohr_ncp_20260331T1105235288_d_img_d18\ch2_ohr_ncp_20260331T1105235288_d_img_d18_r00076_c003_structural.jpg,D:\ISRO\OHRC_tiles\ch2_ohr_ncp_20260331T1105235288_d_img_d18\ch2_ohr_ncp_20260331T1105235288_d_img_d18_r00076_c003_illum.jpg,9.336844,-1.4594091,-1.8169919
764,ch2_ohr_ncp_20260331T1105235288_d_img_d18,D:\ISRO\OHRC_raws\ch2_ohr_ncp_20260331T1105235288_d_img_d18,2026-03-31T11:05:23.5288Z,76,4,77824,4096,2048,256,512.0,0.25,7.4573325311,296.14920175,89.38302,1.895764,88.104236,TDI64,msb,Ascending,True,0.0,D:\ISRO\OHRC_tiles\ch2_ohr_ncp_20260331T1105235288_d_img_d18\ch2_ohr_ncp_20260331T1105235288_d_img_d18_r00076_c004_structural.jpg,D:\ISRO\OHRC_tiles\ch2_ohr_ncp_20260331T1105235288_d_img_d18\ch2_ohr_ncp_20260331T1105235288_d_img_d18_r00076_c004_illum.jpg,9.895492,-2.09505,-3.3801029
765,ch2_ohr_ncp_20260331T1105235288_d_img_d18,D:\ISRO\OHRC_raws\ch2_ohr_ncp_20260331T1105235288_d_img_d18,2026-03-31T11:05:23.5288Z,76,5,77824,5120,2048,256,512.0,0.25,7.457223266000001,296.15825034,89.38302,1.895764,88.104236,TDI64,msb,Ascending,True,0.0,D:\ISRO\OHRC_tiles\ch2_ohr_ncp_20260331T1105235288_d_img_d18\ch2_ohr_ncp_20260331T1105235288_d_img_d18_r00076_c005_structural.jpg,D:\ISRO\OHRC_tiles\ch2_ohr_ncp_20260331T1105235288_d_img_d18\ch2_ohr_ncp_20260331T1105235288_d_img_d18_r00076_c005_illum.jpg,8.359189,-0.36973444,-1.9735692
766,ch2_ohr_ncp_20260331T1105235288_d_img_d18,D:\ISRO\OHRC_raws\ch2_ohr_ncp_20260331T1105235288_d_img_d18,2026-03-31T11:05:23.5288Z,76,6,77824,6144,2048,256,512.0,0.25,7.457113316800001,296.1673065,89.38302,1.895764,88.104236,TDI64,msb,Ascending,True,0.0,D:\ISRO\OHRC_tiles\ch2_ohr_ncp_20260331T1105235288_d_img_d18\ch2_ohr_ncp_20260331T1105235288_d_img_d18_r00076_c006_structural.jpg,D:\ISRO\OHRC_tiles\ch2_ohr_ncp_20260331T1105235288_d_img_d18\ch2_ohr_ncp_20260331T1105235288_d_img_d18_r00076_c006_illum.jpg,7.223016,1.1937488,0.27010724
767,ch2_ohr_ncp_20260331T1105235288_d_img_d18,D:\ISRO\OHRC_raws\ch2_ohr_ncp_20260331T1105235288_d_img_d18,2026-03-31T11:05:23.5288Z,76,7,77824,7168,2048,256,512.0,0.25,7.4570026936,296.17637052,89.38302,1.895764,88.104236,TDI64,msb,Ascending,True,0.0,D:\ISRO\OHRC_tiles\ch2_ohr_ncp_20260331T1105235288_d_img_d18\ch2_ohr_ncp_20260331T1105235288_d_img_d18_r00076_c007_structural.jpg,D:\ISRO\OHRC_tiles\ch2_ohr_ncp_20260331T1105235288_d_img_d18\ch2_ohr_ncp_20260331T1105235288_d_img_d18_r00076_c007_illum.jpg,7.8384,0.38154086,0.077860706
768,ch2_ohr_ncp_20260331T1105235288_d_img_d18,D:\ISRO\OHRC_raws\ch2_ohr_ncp_20260331T1105235288_d_img_d18,2026-03-31T11:05:23.5288Z,76,8,77824,8192,2048,256,512.0,0.25,7.4568913825,296.18544133,89.38302,1.895764,88.104236,TDI64,msb,Ascending,True,0.0,D:\ISRO\OHRC_tiles\ch2_ohr_ncp_20260331T1105235288_d_img_d18\ch2_ohr_ncp_20260331T1105235288_d_img_d18_r00076_c008_structural.jpg,D:\ISRO\OHRC_tiles\ch2_ohr_ncp_20260331T1105235288_d_img_d18\ch2_ohr_ncp_20260331T1105235288_d_img_d18_r00076_c008_illum.jpg,8.1224,0.73996276,-0.8458309
769,ch2_ohr_ncp_20260331T1105235288_d_img_d18,D:\ISRO\OHRC_raws\ch2_ohr_ncp_20260331T1105235288_d_img_d18,2026-03-31T11:05:23.5288Z,76,9,77824,9216,2048,256,512.0,0.25,7.456779387799999,296.19452021,89.38302,1.895764,88.104236,TDI64,msb,Ascending,True,0.0,D:\ISRO\OHRC_tiles\ch2_ohr_ncp_20260331T1105235288_d_img_d18\ch2_ohr_ncp_20260331T1105235288_d_img_d18_r00076_c009_structural.jpg,D:\ISRO\OHRC_tiles\ch2_ohr_ncp_20260331T1105235288_d_img_d18\ch2_ohr_ncp_20260331T1105235288_d_img_d18_r00076_c009_illum.jpg,7.6336207,0.6067183,-0.6493474
770,ch2_ohr_ncp_20260331T1105235288_d_img_d18,D:\ISRO\OHRC_raws\ch2_ohr_ncp_20260331T1105235288_d_img_d18,2026-03-31T11:05:23.5288Z,77,0,78848,0,2048,256,512.0,0.25,7.4486236187,296.11330582,89.38302,1.895764,88.104236,TDI64,msb,Ascending,True,0.0,D:\ISRO\OHRC_tiles\ch2_ohr_ncp_20260331T1105235288_d_img_d18\ch2_ohr_ncp_20260331T1105235288_d_img_d18_r00077_c000_structural.jpg,D:\ISRO\OHRC_tiles\ch2_ohr_ncp_20260331T1105235288_d_img_d18\ch2_ohr_ncp_20260331T1105235288_d_img_d18_r00077_c000_illum.jpg,8.759147,-0.59028053,-0.5660886
771,ch2_ohr_ncp_20260331T1105235288_d_img_d18,D:\ISRO\OHRC_raws\ch2_ohr_ncp_20260331T1105235288_d_img_d18,2026-03-31T11:05:23.5288Z,77,1,78848,1024,2048,256,512.0,0.25,7.448517048099999,296.122325,89.38302,1.895764,88.104236,TDI64,msb,Ascending,True,0.0,D:\ISRO\OHRC_tiles\ch2_ohr_ncp_20260331T1105235288_d_img_d18\ch2_ohr_ncp_20260331T1105235288_d_img_d18_r00077_c001_structural.jpg,D:\ISRO\OHRC_tiles\ch2_ohr_ncp_20260331T1105235288_d_img_d18\ch2_ohr_ncp_20260331T1105235288_d_img_d18_r00077_c001_illum.jpg,7.3971972,2.1413298,-0.37410012
772,ch2_ohr_ncp_20260331T1105235288_d_img_d18,D:\ISRO\OHRC_raws\ch2_ohr_ncp_20260331T1105235288_d_img_d18,2026-03-31T11:05:23.5288Z,77,2,78848,2048,2048,256,512.0,0.25,7.4484098014,296.13135149000004,89.38302,1.895764,88.104236,TDI64,msb,Ascending,True,0.0,D:\ISRO\OHRC_tiles\ch2_ohr_ncp_20260331T1105235288_d_img_d18\ch2_ohr_ncp_20260331T1105235288_d_img_d18_r00077_c002_structural.jpg,D:\ISRO\OHRC_tiles\ch2_ohr_ncp_20260331T1105235288_d_img_d18\ch2_ohr_ncp_20260331T1105235288_d_img_d18_r00077_c002_illum.jpg,8.039068,0.09122306,-0.24701864
773,ch2_ohr_ncp_20260331T1105235288_d_img_d18,D:\ISRO\OHRC_raws\ch2_ohr_ncp_20260331T1105235288_d_img_d18,2026-03-31T11:05:23.5288Z,77,3,78848,3072,2048,256,512.0,0.25,7.4483018889,296.14038517,89.38302,1.895764,88.104236,TDI64,msb,Ascending,True,0.0,D:\ISRO\OHRC_tiles\ch2_ohr_ncp_20260331T1105235288_d_img_d18\ch2_ohr_ncp_20260331T1105235288_d_img_d18_r00077_c003_structural.jpg,D:\ISRO\OHRC_tiles\ch2_ohr_ncp_20260331T1105235288_d_img_d18\ch2_ohr_ncp_20260331T1105235288_d_img_d18_r00077_c003_illum.jpg,9.370055,-1.6120503,-1.8639276
774,ch2_ohr_ncp_20260331T1105235288_d_img_d18,D:\ISRO\OHRC_raws\ch2_ohr_ncp_20260331T1105235288_d_img_d18,2026-03-31T11:05:23.5288Z,77,4,78848,4096,2048,256,512.0,0.25,7.448193289300001,296.14942625000003,89.38302,1.895764,88.104236,TDI64,msb,Ascending,True,0.0,D:\ISRO\OHRC_tiles\ch2_ohr_ncp_20260331T1105235288_d_img_d18\ch2_ohr_ncp_20260331T1105235288_d_img_d18_r00077_c004_structural.jpg,D:\ISRO\OHRC_tiles\ch2_ohr_ncp_20260331T1105235288_d_img_d18\ch2_ohr_ncp_20260331T1105235288_d_img_d18_r00077_c004_illum.jpg,10.384871,-2.097267,-4.365718
775,ch2_ohr_ncp_20260331T1105235288_d_img_d18,D:\ISRO\OHRC_raws\ch2_ohr_ncp_20260331T1105235288_d_img_d18,2026-03-31T11:05:23.5288Z,77,5,78848,5120,2048,256,512.0,0.25,7.448084018699999,296.15847462,89.38302,1.895764,88.104236,TDI64,msb,Ascending,True,0.0,D:\ISRO\OHRC_tiles\ch2_ohr_ncp_20260331T1105235288_d_img_d18\ch2_ohr_ncp_20260331T1105235288_d_img_d18_r00077_c005_structural.jpg,D:\ISRO\OHRC_tiles\ch2_ohr_ncp_20260331T1105235288_d_img_d18\ch2_ohr_ncp_20260331T1105235288_d_img_d18_r00077_c005_illum.jpg,8.346774,-0.57409763,-1.8822731
776,ch2_ohr_ncp_20260331T1105235288_d_img_d18,D:\ISRO\OHRC_raws\ch2_ohr_ncp_20260331T1105235288_d_img_d18,2026-03-31T11:05:23.5288Z,77,6,78848,6144,2048,256,512.0,0.25,7.447974070499999,296.16753127999993,89.38302,1.895764,88.104236,TDI64,msb,Ascending,True,0.0,D:\ISRO\OHRC_tiles\ch2_ohr_ncp_20260331T1105235288_d_img_d18\ch2_ohr_ncp_20260331T1105235288_d_img_d18_r00077_c006_structural.jpg,D:\ISRO\OHRC_tiles\ch2_ohr_ncp_20260331T1105235288_d_img_d18\ch2_ohr_ncp_20260331T1105235288_d_img_d18_r00077_c006_illum.jpg,7.1102176,1.2038774,1.2131711
777,ch2_ohr_ncp_20260331T1105235288_d_img_d18,D:\ISRO\OHRC_raws\ch2_ohr_ncp_20260331T1105235288_d_img_d18,2026-03-31T11:05:23.5288Z,77,7,78848,7168,2048,256,512.0,0.25,7.4478634399,296.17659461000005,89.38302,1.895764,88.104236,TDI64,msb,Ascending,True,0.0,D:\ISRO\OHRC_tiles\ch2_ohr_ncp_20260331T1105235288_d_img_d18\ch2_ohr_ncp_20260331T1105235288_d_img_d18_r00077_c007_structural.jpg,D:\ISRO\OHRC_tiles\ch2_ohr_ncp_20260331T1105235288_d_img_d18\ch2_ohr_ncp_20260331T1105235288_d_img_d18_r00077_c007_illum.jpg,8.276588,0.9652751,-0.698791
778,ch2_ohr_ncp_20260331T1105235288_d_img_d18,D:\ISRO\OHRC_raws\ch2_ohr_ncp_20260331T1105235288_d_img_d18,2026-03-31T11:05:23.5288Z,77,8,78848,8192,2048,256,512.0,0.25,7.447752127099999,296.18566544,89.38302,1.895764,88.104236,TDI64,msb,Ascending,True,0.0,D:\ISRO\OHRC_tiles\ch2_ohr_ncp_20260331T1105235288_d_img_d18\ch2_ohr_ncp_20260331T1105235288_d_img_d18_r00077_c008_structural.jpg,D:\ISRO\OHRC_tiles\ch2_ohr_ncp_20260331T1105235288_d_img_d18\ch2_ohr_ncp_20260331T1105235288_d_img_d18_r00077_c008_illum.jpg,8.513982,0.8640642,-1.075895
779,ch2_ohr_ncp_20260331T1105235288_d_img_d18,D:\ISRO\OHRC_raws\ch2_ohr_ncp_20260331T1105235288_d_img_d18,2026-03-31T11:05:23.5288Z,77,9,78848,9216,2048,256,512.0,0.25,7.447640124099999,296.1947443,89.38302,1.895764,88.104236,TDI64,msb,Ascending,True,0.0,D:\ISRO\OHRC_tiles\ch2_ohr_ncp_20260331T1105235288_d_img_d18\ch2_ohr_ncp_20260331T1105235288_d_img_d18_r00077_c009_structural.jpg,D:\ISRO\OHRC_tiles\ch2_ohr_ncp_20260331T1105235288_d_img_d18\ch2_ohr_ncp_20260331T1105235288_d_img_d18_r00077_c009_illum.jpg,7.7920685,1.2274944,0.47000474
780,ch2_ohr_ncp_20260331T1105235288_d_img_d18,D:\ISRO\OHRC_raws\ch2_ohr_ncp_20260331T1105235288_d_img_d18,2026-03-31T11:05:23.5288Z,78,0,79872,0,2048,256,512.0,0.25,7.439487106,296.11353405,89.38302,1.895764,88.104236,TDI64,msb,Ascending,True,0.0,D:\ISRO\OHRC_tiles\ch2_ohr_ncp_20260331T1105235288_d_img_d18\ch2_ohr_ncp_20260331T1105235288_d_img_d18_r00078_c000_structural.jpg,D:\ISRO\OHRC_tiles\ch2_ohr_ncp_20260331T1105235288_d_img_d18\ch2_ohr_ncp_20260331T1105235288_d_img_d18_r00078_c000_illum.jpg,8.967556,-0.10880957,-1.4060506
781,ch2_ohr_ncp_20260331T1105235288_d_img_d18,D:\ISRO\OHRC_raws\ch2_ohr_ncp_20260331T1105235288_d_img_d18,2026-03-31T11:05:23.5288Z,78,1,79872,1024,2048,256,512.0,0.25,7.4393805429,296.12255274,89.38302,1.895764,88.104236,TDI64,msb,Ascending,True,0.0,D:\ISRO\OHRC_tiles\ch2_ohr_ncp_20260331T1105235288_d_img_d18\ch2_ohr_ncp_20260331T1105235288_d_img_d18_r00078_c001_structural.jpg,D:\ISRO\OHRC_tiles\ch2_ohr_ncp_20260331T1105235288_d_img_d18\ch2_ohr_ncp_20260331T1105235288_d_img_d18_r00078_c001_illum.jpg,7.7388296,1.1347585,-1.5864383
782,ch2_ohr_ncp_20260331T1105235288_d_img_d18,D:\ISRO\OHRC_raws\ch2_ohr_ncp_20260331T1105235288_d_img_d18,2026-03-31T11:05:23.5288Z,78,2,79872,2048,2048,256,512.0,0.25,7.439273312999999,296.13157891,89.38302,1.895764,88.104236,TDI64,msb,Ascending,True,0.0,D:\ISRO\OHRC_tiles\ch2_ohr_ncp_20260331T1105235288_d_img_d18\ch2_ohr_ncp_20260331T1105235288_d_img_d18_r00078_c002_structural.jpg,D:\ISRO\OHRC_tiles\ch2_ohr_ncp_20260331T1105235288_d_img_d18\ch2_ohr_ncp_20260331T1105235288_d_img_d18_r00078_c002_illum.jpg,7.119924,0.810403,-0.52733594
783,ch2_ohr_ncp_20260331T1105235288_d_img_d18,D:\ISRO\OHRC_raws\ch2_ohr_ncp_20260331T1105235288_d_img_d18,2026-03-31T11:05:23.5288Z,78,3,79872,3072,2048,256,512.0,0.25,7.439165405100001,296.14061259000005,89.38302,1.895764,88.104236,TDI64,msb,Ascending,True,0.0,D:\ISRO\OHRC_tiles\ch2_ohr_ncp_20260331T1105235288_d_img_d18\ch2_ohr_ncp_20260331T1105235288_d_img_d18_r00078_c003_structural.jpg,D:\ISRO\OHRC_tiles\ch2_ohr_ncp_20260331T1105235288_d_img_d18\ch2_ohr_ncp_20260331T1105235288_d_img_d18_r00078_c003_illum.jpg,8.520635,-0.6478239,-1.2702535
784,ch2_ohr_ncp_20260331T1105235288_d_img_d18,D:\ISRO\OHRC_raws\ch2_ohr_ncp_20260331T1105235288_d_img_d18,2026-03-31T11:05:23.5288Z,78,4,79872,4096,2048,256,512.0,0.25,7.4390568236,296.14965369,89.38302,1.895764,88.104236,TDI64,msb,Ascending,True,0.0,D:\ISRO\OHRC_tiles\ch2_ohr_ncp_20260331T1105235288_d_img_d18\ch2_ohr_ncp_20260331T1105235288_d_img_d18_r00078_c004_structural.jpg,D:\ISRO\OHRC_tiles\ch2_ohr_ncp_20260331T1105235288_d_img_d18\ch2_ohr_ncp_20260331T1105235288_d_img_d18_r00078_c004_illum.jpg,8.19599,0.91914743,-2.0066001
785,ch2_ohr_ncp_20260331T1105235288_d_img_d18,D:\ISRO\OHRC_raws\ch2_ohr_ncp_20260331T1105235288_d_img_d18,2026-03-31T11:05:23.5288Z,78,5,79872,5120,2048,256,512.0,0.25,7.438947568,296.1587028,89.38302,1.895764,88.104236,TDI64,msb,Ascending,True,0.0,D:\ISRO\OHRC_tiles\ch2_ohr_ncp_20260331T1105235288_d_img_d18\ch2_ohr_ncp_20260331T1105235288_d_img_d18_r00078_c005_structural.jpg,D:\ISRO\OHRC_tiles\ch2_ohr_ncp_20260331T1105235288_d_img_d18\ch2_ohr_ncp_20260331T1105235288_d_img_d18_r00078_c005_illum.jpg,7.800336,0.27324536,0.09935421
786,ch2_ohr_ncp_20260331T1105235288_d_img_d18,D:\ISRO\OHRC_raws\ch2_ohr_ncp_20260331T1105235288_d_img_d18,2026-03-31T11:05:23.5288Z,78,6,79872,6144,2048,256,512.0,0.25,7.4388376267,296.1677587,89.38302,1.895764,88.104236,TDI64,msb,Ascending,True,0.0,D:\ISRO\OHRC_tiles\ch2_ohr_ncp_20260331T1105235288_d_img_d18\ch2_ohr_ncp_20260331T1105235288_d_img_d18_r00078_c006_structural.jpg,D:\ISRO\OHRC_tiles\ch2_ohr_ncp_20260331T1105235288_d_img_d18\ch2_ohr_ncp_20260331T1105235288_d_img_d18_r00078_c006_illum.jpg,8.305128,-0.32751983,-0.41353208
787,ch2_ohr_ncp_20260331T1105235288_d_img_d18,D:\ISRO\OHRC_raws\ch2_ohr_ncp_20260331T1105235288_d_img_d18,2026-03-31T11:05:23.5288Z,78,7,79872,7168,2048,256,512.0,0.25,7.4387270156,296.17682203,89.38302,1.895764,88.104236,TDI64,msb,Ascending,True,0.0,D:\ISRO\OHRC_tiles\ch2_ohr_ncp_20260331T1105235288_d_img_d18\ch2_ohr_ncp_20260331T1105235288_d_img_d18_r00078_c007_structural.jpg,D:\ISRO\OHRC_tiles\ch2_ohr_ncp_20260331T1105235288_d_img_d18\ch2_ohr_ncp_20260331T1105235288_d_img_d18_r00078_c007_illum.jpg,7.07368,0.64702725,0.7460404
788,ch2_ohr_ncp_20260331T1105235288_d_img_d18,D:\ISRO\OHRC_raws\ch2_ohr_ncp_20260331T1105235288_d_img_d18,2026-03-31T11:05:23.5288Z,78,8,79872,8192,2048,256,512.0,0.25,7.4386157128,296.18589267,89.38302,1.895764,88.104236,TDI64,msb,Ascending,True,0.0,D:\ISRO\OHRC_tiles\ch2_ohr_ncp_20260331T1105235288_d_img_d18\ch2_ohr_ncp_20260331T1105235288_d_img_d18_r00078_c008_structural.jpg,D:\ISRO\OHRC_tiles\ch2_ohr_ncp_20260331T1105235288_d_img_d18\ch2_ohr_ncp_20260331T1105235288_d_img_d18_r00078_c008_illum.jpg,7.2683015,0.11059097,1.2039235
789,ch2_ohr_ncp_20260331T1105235288_d_img_d18,D:\ISRO\OHRC_raws\ch2_ohr_ncp_20260331T1105235288_d_img_d18,2026-03-31T11:05:23.5288Z,78,9,79872,9216,2048,256,512.0,0.25,7.438503729299999,296.19497072,89.38302,1.895764,88.104236,TDI64,msb,Ascending,True,0.0,D:\ISRO\OHRC_tiles\ch2_ohr_ncp_20260331T1105235288_d_img_d18\ch2_ohr_ncp_20260331T1105235288_d_img_d18_r00078_c009_structural.jpg,D:\ISRO\OHRC_tiles\ch2_ohr_ncp_20260331T1105235288_d_img_d18\ch2_ohr_ncp_20260331T1105235288_d_img_d18_r00078_c009_illum.jpg,7.2432837,0.39099663,1.2190113
790,ch2_ohr_ncp_20260331T1105235288_d_img_d18,D:\ISRO\OHRC_raws\ch2_ohr_ncp_20260331T1105235288_d_img_d18,2026-03-31T11:05:23.5288Z,79,0,80896,0,2048,256,512.0,0.25,7.4303486992,296.11376138,89.38302,1.895764,88.104236,TDI64,msb,Ascending,True,0.0,D:\ISRO\OHRC_tiles\ch2_ohr_ncp_20260331T1105235288_d_img_d18\ch2_ohr_ncp_20260331T1105235288_d_img_d18_r00079_c000_structural.jpg,D:\ISRO\OHRC_tiles\ch2_ohr_ncp_20260331T1105235288_d_img_d18\ch2_ohr_ncp_20260331T1105235288_d_img_d18_r00079_c000_illum.jpg,7.8046207,0.72933835,-1.1328659
791,ch2_ohr_ncp_20260331T1105235288_d_img_d18,D:\ISRO\OHRC_raws\ch2_ohr_ncp_20260331T1105235288_d_img_d18,2026-03-31T11:05:23.5288Z,79,1,80896,1024,2048,256,512.0,0.25,7.430242158099999,296.12278036,89.38302,1.895764,88.104236,TDI64,msb,Ascending,True,0.0,D:\ISRO\OHRC_tiles\ch2_ohr_ncp_20260331T1105235288_d_img_d18\ch2_ohr_ncp_20260331T1105235288_d_img_d18_r00079_c001_structural.jpg,D:\ISRO\OHRC_tiles\ch2_ohr_ncp_20260331T1105235288_d_img_d18\ch2_ohr_ncp_20260331T1105235288_d_img_d18_r00079_c001_illum.jpg,8.237094,0.43314996,-1.6764746
792,ch2_ohr_ncp_20260331T1105235288_d_img_d18,D:\ISRO\OHRC_raws\ch2_ohr_ncp_20260331T1105235288_d_img_d18,2026-03-31T11:05:23.5288Z,79,2,80896,2048,2048,256,512.0,0.25,7.430134946499999,296.13180651,89.38302,1.895764,88.104236,TDI64,msb,Ascending,True,0.0,D:\ISRO\OHRC_tiles\ch2_ohr_ncp_20260331T1105235288_d_img_d18\ch2_ohr_ncp_20260331T1105235288_d_img_d18_r00079_c002_structural.jpg,D:\ISRO\OHRC_tiles\ch2_ohr_ncp_20260331T1105235288_d_img_d18\ch2_ohr_ncp_20260331T1105235288_d_img_d18_r00079_c002_illum.jpg,6.7126374,1.7499431,-0.8068671
793,ch2_ohr_ncp_20260331T1105235288_d_img_d18,D:\ISRO\OHRC_raws\ch2_ohr_ncp_20260331T1105235288_d_img_d18,2026-03-31T11:05:23.5288Z,79,3,80896,3072,2048,256,512.0,0.25,7.4300270585,296.14083992,89.38302,1.895764,88.104236,TDI64,msb,Ascending,True,0.0,D:\ISRO\OHRC_tiles\ch2_ohr_ncp_20260331T1105235288_d_img_d18\ch2_ohr_ncp_20260331T1105235288_d_img_d18_r00079_c003_structural.jpg,D:\ISRO\OHRC_tiles\ch2_ohr_ncp_20260331T1105235288_d_img_d18\ch2_ohr_ncp_20260331T1105235288_d_img_d18_r00079_c003_illum.jpg,6.910732,1.9558532,-0.9725069
794,ch2_ohr_ncp_20260331T1105235288_d_img_d18,D:\ISRO\OHRC_raws\ch2_ohr_ncp_20260331T1105235288_d_img_d18,2026-03-31T11:05:23.5288Z,79,4,80896,4096,2048,256,512.0,0.25,7.429918496500001,296.14988081,89.38302,1.895764,88.104236,TDI64,msb,Ascending,True,0.0,D:\ISRO\OHRC_tiles\ch2_ohr_ncp_20260331T1105235288_d_img_d18\ch2_ohr_ncp_20260331T1105235288_d_img_d18_r00079_c004_structural.jpg,D:\ISRO\OHRC_tiles\ch2_ohr_ncp_20260331T1105235288_d_img_d18\ch2_ohr_ncp_20260331T1105235288_d_img_d18_r00079_c004_illum.jpg,7.364785,1.632777,-1.345738
795,ch2_ohr_ncp_20260331T1105235288_d_img_d18,D:\ISRO\OHRC_raws\ch2_ohr_ncp_20260331T1105235288_d_img_d18,2026-03-31T11:05:23.5288Z,79,5,80896,5120,2048,256,512.0,0.25,7.4298092567,296.15892918,89.38302,1.895764,88.104236,TDI64,msb,Ascending,True,0.0,D:\ISRO\OHRC_tiles\ch2_ohr_ncp_20260331T1105235288_d_img_d18\ch2_ohr_ncp_20260331T1105235288_d_img_d18_r00079_c005_structural.jpg,D:\ISRO\OHRC_tiles\ch2_ohr_ncp_20260331T1105235288_d_img_d18\ch2_ohr_ncp_20260331T1105235288_d_img_d18_r00079_c005_illum.jpg,8.232617,-0.18381289,-1.3035651
796,ch2_ohr_ncp_20260331T1105235288_d_img_d18,D:\ISRO\OHRC_raws\ch2_ohr_ncp_20260331T1105235288_d_img_d18,2026-03-31T11:05:23.5288Z,79,6,80896,6144,2048,256,512.0,0.25,7.4296993375,296.16798503,89.38302,1.895764,88.104236,TDI64,msb,Ascending,True,0.0,D:\ISRO\OHRC_tiles\ch2_ohr_ncp_20260331T1105235288_d_img_d18\ch2_ohr_ncp_20260331T1105235288_d_img_d18_r00079_c006_structural.jpg,D:\ISRO\OHRC_tiles\ch2_ohr_ncp_20260331T1105235288_d_img_d18\ch2_ohr_ncp_20260331T1105235288_d_img_d18_r00079_c006_illum.jpg,7.996959,0.18162253,-0.7743993
797,ch2_ohr_ncp_20260331T1105235288_d_img_d18,D:\ISRO\OHRC_raws\ch2_ohr_ncp_20260331T1105235288_d_img_d18,2026-03-31T11:05:23.5288Z,79,7,80896,7168,2048,256,512.0,0.25,7.4295887376,296.17704772,89.38302,1.895764,88.104236,TDI64,msb,Ascending,True,0.0,D:\ISRO\OHRC_tiles\ch2_ohr_ncp_20260331T1105235288_d_img_d18\ch2_ohr_ncp_20260331T1105235288_d_img_d18_r00079_c007_structural.jpg,D:\ISRO\OHRC_tiles\ch2_ohr_ncp_20260331T1105235288_d_img_d18\ch2_ohr_ncp_20260331T1105235288_d_img_d18_r00079_c007_illum.jpg,7.8221574,-0.391425,0.8045137
798,ch2_ohr_ncp_20260331T1105235288_d_img_d18,D:\ISRO\OHRC_raws\ch2_ohr_ncp_20260331T1105235288_d_img_d18,2026-03-31T11:05:23.5288Z,79,8,80896,8192,2048,256,512.0,0.25,7.4294774641,296.186119,89.38302,1.895764,88.104236,TDI64,msb,Ascending,True,0.0,D:\ISRO\OHRC_tiles\ch2_ohr_ncp_20260331T1105235288_d_img_d18\ch2_ohr_ncp_20260331T1105235288_d_img_d18_r00079_c008_structural.jpg,D:\ISRO\OHRC_tiles\ch2_ohr_ncp_20260331T1105235288_d_img_d18\ch2_ohr_ncp_20260331T1105235288_d_img_d18_r00079_c008_illum.jpg,9.063577,-2.2111127,-1.1355337
799,ch2_ohr_ncp_20260331T1105235288_d_img_d18,D:\ISRO\OHRC_raws\ch2_ohr_ncp_20260331T1105235288_d_img_d18,2026-03-31T11:05:23.5288Z,79,9,80896,9216,2048,256,512.0,0.25,7.429365495200001,296.19519705,89.38302,1.895764,88.104236,TDI64,msb,Ascending,True,0.0,D:\ISRO\OHRC_tiles\ch2_ohr_ncp_20260331T1105235288_d_img_d18\ch2_ohr_ncp_20260331T1105235288_d_img_d18_r00079_c009_structural.jpg,D:\ISRO\OHRC_tiles\ch2_ohr_ncp_20260331T1105235288_d_img_d18\ch2_ohr_ncp_20260331T1105235288_d_img_d18_r00079_c009_illum.jpg,9.360988,-1.99112,-1.7150927
800,ch2_ohr_ncp_20260331T1105235288_d_img_d18,D:\ISRO\OHRC_raws\ch2_ohr_ncp_20260331T1105235288_d_img_d18,2026-03-31T11:05:23.5288Z,80,0,81920,0,2048,256,512.0,0.25,7.421212391799999,296.11398838,89.38302,1.895764,88.104236,TDI64,msb,Ascending,True,0.0,D:\ISRO\OHRC_tiles\ch2_ohr_ncp_20260331T1105235288_d_img_d18\ch2_ohr_ncp_20260331T1105235288_d_img_d18_r00080_c000_structural.jpg,D:\ISRO\OHRC_tiles\ch2_ohr_ncp_20260331T1105235288_d_img_d18\ch2_ohr_ncp_20260331T1105235288_d_img_d18_r00080_c000_illum.jpg,8.193804,0.69519717,-1.7338848
801,ch2_ohr_ncp_20260331T1105235288_d_img_d18,D:\ISRO\OHRC_raws\ch2_ohr_ncp_20260331T1105235288_d_img_d18,2026-03-31T11:05:23.5288Z,80,1,81920,1024,2048,256,512.0,0.25,7.421105844,296.12300682,89.38302,1.895764,88.104236,TDI64,msb,Ascending,True,0.0,D:\ISRO\OHRC_tiles\ch2_ohr_ncp_20260331T1105235288_d_img_d18\ch2_ohr_ncp_20260331T1105235288_d_img_d18_r00080_c001_structural.jpg,D:\ISRO\OHRC_tiles\ch2_ohr_ncp_20260331T1105235288_d_img_d18\ch2_ohr_ncp_20260331T1105235288_d_img_d18_r00080_c001_illum.jpg,8.114536,0.750065,-1.3706421
802,ch2_ohr_ncp_20260331T1105235288_d_img_d18,D:\ISRO\OHRC_raws\ch2_ohr_ncp_20260331T1105235288_d_img_d18,2026-03-31T11:05:23.5288Z,80,2,81920,2048,2048,256,512.0,0.25,7.4209986326,296.13203279,89.38302,1.895764,88.104236,TDI64,msb,Ascending,True,0.0,D:\ISRO\OHRC_tiles\ch2_ohr_ncp_20260331T1105235288_d_img_d18\ch2_ohr_ncp_20260331T1105235288_d_img_d18_r00080_c002_structural.jpg,D:\ISRO\OHRC_tiles\ch2_ohr_ncp_20260331T1105235288_d_img_d18\ch2_ohr_ncp_20260331T1105235288_d_img_d18_r00080_c002_illum.jpg,6.2382407,2.8645575,1.0390091
803,ch2_ohr_ncp_20260331T1105235288_d_img_d18,D:\ISRO\OHRC_raws\ch2_ohr_ncp_20260331T1105235288_d_img_d18,2026-03-31T11:05:23.5288Z,80,3,81920,3072,2048,256,512.0,0.25,7.4208907417,296.14106617,89.38302,1.895764,88.104236,TDI64,msb,Ascending,True,0.0,D:\ISRO\OHRC_tiles\ch2_ohr_ncp_20260331T1105235288_d_img_d18\ch2_ohr_ncp_20260331T1105235288_d_img_d18_r00080_c003_structural.jpg,D:\ISRO\OHRC_tiles\ch2_ohr_ncp_20260331T1105235288_d_img_d18\ch2_ohr_ncp_20260331T1105235288_d_img_d18_r00080_c003_illum.jpg,6.425871,1.7156242,0.51048905
804,ch2_ohr_ncp_20260331T1105235288_d_img_d18,D:\ISRO\OHRC_raws\ch2_ohr_ncp_20260331T1105235288_d_img_d18,2026-03-31T11:05:23.5288Z,80,4,81920,4096,2048,256,512.0,0.25,7.420782172600001,296.15010656,89.38302,1.895764,88.104236,TDI64,msb,Ascending,True,0.0,D:\ISRO\OHRC_tiles\ch2_ohr_ncp_20260331T1105235288_d_img_d18\ch2_ohr_ncp_20260331T1105235288_d_img_d18_r00080_c004_structural.jpg,D:\ISRO\OHRC_tiles\ch2_ohr_ncp_20260331T1105235288_d_img_d18\ch2_ohr_ncp_20260331T1105235288_d_img_d18_r00080_c004_illum.jpg,8.091394,0.021947129,-1.8687335
805,ch2_ohr_ncp_20260331T1105235288_d_img_d18,D:\ISRO\OHRC_raws\ch2_ohr_ncp_20260331T1105235288_d_img_d18,2026-03-31T11:05:23.5288Z,80,5,81920,5120,2048,256,512.0,0.25,7.4206729307,296.15915493,89.38302,1.895764,88.104236,TDI64,msb,Ascending,True,0.0,D:\ISRO\OHRC_tiles\ch2_ohr_ncp_20260331T1105235288_d_img_d18\ch2_ohr_ncp_20260331T1105235288_d_img_d18_r00080_c005_structural.jpg,D:\ISRO\OHRC_tiles\ch2_ohr_ncp_20260331T1105235288_d_img_d18\ch2_ohr_ncp_20260331T1105235288_d_img_d18_r00080_c005_illum.jpg,8.488231,-0.123000845,-2.1808612
806,ch2_ohr_ncp_20260331T1105235288_d_img_d18,D:\ISRO\OHRC_raws\ch2_ohr_ncp_20260331T1105235288_d_img_d18,2026-03-31T11:05:23.5288Z,80,6,81920,6144,2048,256,512.0,0.25,7.4205630089,296.16821062,89.38302,1.895764,88.104236,TDI64,msb,Ascending,True,0.0,D:\ISRO\OHRC_tiles\ch2_ohr_ncp_20260331T1105235288_d_img_d18\ch2_ohr_ncp_20260331T1105235288_d_img_d18_r00080_c006_structural.jpg,D:\ISRO\OHRC_tiles\ch2_ohr_ncp_20260331T1105235288_d_img_d18\ch2_ohr_ncp_20260331T1105235288_d_img_d18_r00080_c006_illum.jpg,7.983903,1.0329543,0.19431871
807,ch2_ohr_ncp_20260331T1105235288_d_img_d18,D:\ISRO\OHRC_raws\ch2_ohr_ncp_20260331T1105235288_d_img_d18,2026-03-31T11:05:23.5288Z,80,7,81920,7168,2048,256,512.0,0.25,7.4204524136,296.17727318,89.38302,1.895764,88.104236,TDI64,msb,Ascending,True,0.0,D:\ISRO\OHRC_tiles\ch2_ohr_ncp_20260331T1105235288_d_img_d18\ch2_ohr_ncp_20260331T1105235288_d_img_d18_r00080_c007_structural.jpg,D:\ISRO\OHRC_tiles\ch2_ohr_ncp_20260331T1105235288_d_img_d18\ch2_ohr_ncp_20260331T1105235288_d_img_d18_r00080_c007_illum.jpg,8.417032,-0.37303358,0.7788346
808,ch2_ohr_ncp_20260331T1105235288_d_img_d18,D:\ISRO\OHRC_raws\ch2_ohr_ncp_20260331T1105235288_d_img_d18,2026-03-31T11:05:23.5288Z,80,8,81920,8192,2048,256,512.0,0.25,7.420341130800001,296.18634375,89.38302,1.895764,88.104236,TDI64,msb,Ascending,True,0.0,D:\ISRO\OHRC_tiles\ch2_ohr_ncp_20260331T1105235288_d_img_d18\ch2_ohr_ncp_20260331T1105235288_d_img_d18_r00080_c008_structural.jpg,D:\ISRO\OHRC_tiles\ch2_ohr_ncp_20260331T1105235288_d_img_d18\ch2_ohr_ncp_20260331T1105235288_d_img_d18_r00080_c008_illum.jpg,9.568203,-2.0237138,0.6086631
809,ch2_ohr_ncp_20260331T1105235288_d_img_d18,D:\ISRO\OHRC_raws\ch2_ohr_ncp_20260331T1105235288_d_img_d18,2026-03-31T11:05:23.5288Z,80,9,81920,9216,2048,256,512.0,0.25,7.4202291631,296.1954218,89.38302,1.895764,88.104236,TDI64,msb,Ascending,True,0.0,D:\ISRO\OHRC_tiles\ch2_ohr_ncp_20260331T1105235288_d_img_d18\ch2_ohr_ncp_20260331T1105235288_d_img_d18_r00080_c009_structural.jpg,D:\ISRO\OHRC_tiles\ch2_ohr_ncp_20260331T1105235288_d_img_d18\ch2_ohr_ncp_20260331T1105235288_d_img_d18_r00080_c009_illum.jpg,8.996988,-1.3957267,-0.5494703
810,ch2_ohr_ncp_20260331T1105235288_d_img_d18,D:\ISRO\OHRC_raws\ch2_ohr_ncp_20260331T1105235288_d_img_d18,2026-03-31T11:05:23.5288Z,81,0,82944,0,2048,256,512.0,0.25,7.412071483,296.11422048000003,89.38302,1.895764,88.104236,TDI64,msb,Ascending,True,0.0,D:\ISRO\OHRC_tiles\ch2_ohr_ncp_20260331T1105235288_d_img_d18\ch2_ohr_ncp_20260331T1105235288_d_img_d18_r00081_c000_structural.jpg,D:\ISRO\OHRC_tiles\ch2_ohr_ncp_20260331T1105235288_d_img_d18\ch2_ohr_ncp_20260331T1105235288_d_img_d18_r00081_c000_illum.jpg,8.300735,0.17835505,-1.1285636
811,ch2_ohr_ncp_20260331T1105235288_d_img_d18,D:\ISRO\OHRC_raws\ch2_ohr_ncp_20260331T1105235288_d_img_d18,2026-03-31T11:05:23.5288Z,81,1,82944,1024,2048,256,512.0,0.25,7.411964942400001,296.1232384,89.38302,1.895764,88.104236,TDI64,msb,Ascending,True,0.0,D:\ISRO\OHRC_tiles\ch2_ohr_ncp_20260331T1105235288_d_img_d18\ch2_ohr_ncp_20260331T1105235288_d_img_d18_r00081_c001_structural.jpg,D:\ISRO\OHRC_tiles\ch2_ohr_ncp_20260331T1105235288_d_img_d18\ch2_ohr_ncp_20260331T1105235288_d_img_d18_r00081_c001_illum.jpg,7.6674614,0.6460576,-0.46834856
812,ch2_ohr_ncp_20260331T1105235288_d_img_d18,D:\ISRO\OHRC_raws\ch2_ohr_ncp_20260331T1105235288_d_img_d18,2026-03-31T11:05:23.5288Z,81,2,82944,2048,2048,256,512.0,0.25,7.411857733,296.13226434,89.38302,1.895764,88.104236,TDI64,msb,Ascending,True,0.0,D:\ISRO\OHRC_tiles\ch2_ohr_ncp_20260331T1105235288_d_img_d18\ch2_ohr_ncp_20260331T1105235288_d_img_d18_r00081_c002_structural.jpg,D:\ISRO\OHRC_tiles\ch2_ohr_ncp_20260331T1105235288_d_img_d18\ch2_ohr_ncp_20260331T1105235288_d_img_d18_r00081_c002_illum.jpg,6.5059314,2.3137984,0.9557711
813,ch2_ohr_ncp_20260331T1105235288_d_img_d18,D:\ISRO\OHRC_raws\ch2_ohr_ncp_20260331T1105235288_d_img_d18,2026-03-31T11:05:23.5288Z,81,3,82944,3072,2048,256,512.0,0.25,7.411749847399999,296.14129725,89.38302,1.895764,88.104236,TDI64,msb,Ascending,True,0.0,D:\ISRO\OHRC_tiles\ch2_ohr_ncp_20260331T1105235288_d_img_d18\ch2_ohr_ncp_20260331T1105235288_d_img_d18_r00081_c003_structural.jpg,D:\ISRO\OHRC_tiles\ch2_ohr_ncp_20260331T1105235288_d_img_d18\ch2_ohr_ncp_20260331T1105235288_d_img_d18_r00081_c003_illum.jpg,6.606832,1.7186253,-0.26970193
814,ch2_ohr_ncp_20260331T1105235288_d_img_d18,D:\ISRO\OHRC_raws\ch2_ohr_ncp_20260331T1105235288_d_img_d18,2026-03-31T11:05:23.5288Z,81,4,82944,4096,2048,256,512.0,0.25,7.4116412859,296.15033812,89.38302,1.895764,88.104236,TDI64,msb,Ascending,True,0.0,D:\ISRO\OHRC_tiles\ch2_ohr_ncp_20260331T1105235288_d_img_d18\ch2_ohr_ncp_20260331T1105235288_d_img_d18_r00081_c004_structural.jpg,D:\ISRO\OHRC_tiles\ch2_ohr_ncp_20260331T1105235288_d_img_d18\ch2_ohr_ncp_20260331T1105235288_d_img_d18_r00081_c004_illum.jpg,8.3832035,0.13801067,-2.1122344
815,ch2_ohr_ncp_20260331T1105235288_d_img_d18,D:\ISRO\OHRC_raws\ch2_ohr_ncp_20260331T1105235288_d_img_d18,2026-03-31T11:05:23.5288Z,81,5,82944,5120,2048,256,512.0,0.25,7.4115320553,296.15938628000004,89.38302,1.895764,88.104236,TDI64,msb,Ascending,True,0.0,D:\ISRO\OHRC_tiles\ch2_ohr_ncp_20260331T1105235288_d_img_d18\ch2_ohr_ncp_20260331T1105235288_d_img_d18_r00081_c005_structural.jpg,D:\ISRO\OHRC_tiles\ch2_ohr_ncp_20260331T1105235288_d_img_d18\ch2_ohr_ncp_20260331T1105235288_d_img_d18_r00081_c005_illum.jpg,7.9922075,1.0609733,-0.39955202
816,ch2_ohr_ncp_20260331T1105235288_d_img_d18,D:\ISRO\OHRC_raws\ch2_ohr_ncp_20260331T1105235288_d_img_d18,2026-03-31T11:05:23.5288Z,81,6,82944,6144,2048,256,512.0,0.25,7.411422139,296.16844136000003,89.38302,1.895764,88.104236,TDI64,msb,Ascending,True,0.0,D:\ISRO\OHRC_tiles\ch2_ohr_ncp_20260331T1105235288_d_img_d18\ch2_ohr_ncp_20260331T1105235288_d_img_d18_r00081_c006_structural.jpg,D:\ISRO\OHRC_tiles\ch2_ohr_ncp_20260331T1105235288_d_img_d18\ch2_ohr_ncp_20260331T1105235288_d_img_d18_r00081_c006_illum.jpg,6.792736,2.6305695,1.1761745
817,ch2_ohr_ncp_20260331T1105235288_d_img_d18,D:\ISRO\OHRC_raws\ch2_ohr_ncp_20260331T1105235288_d_img_d18,2026-03-31T11:05:23.5288Z,81,7,82944,7168,2048,256,512.0,0.25,7.4113115484,296.17750453,89.38302,1.895764,88.104236,TDI64,msb,Ascending,True,0.0,D:\ISRO\OHRC_tiles\ch2_ohr_ncp_20260331T1105235288_d_img_d18\ch2_ohr_ncp_20260331T1105235288_d_img_d18_r00081_c007_structural.jpg,D:\ISRO\OHRC_tiles\ch2_ohr_ncp_20260331T1105235288_d_img_d18\ch2_ohr_ncp_20260331T1105235288_d_img_d18_r00081_c007_illum.jpg,6.7562537,2.024961,1.4385251
818,ch2_ohr_ncp_20260331T1105235288_d_img_d18,D:\ISRO\OHRC_raws\ch2_ohr_ncp_20260331T1105235288_d_img_d18,2026-03-31T11:05:23.5288Z,81,8,82944,8192,2048,256,512.0,0.25,7.411200269600001,296.18657433,89.38302,1.895764,88.104236,TDI64,msb,Ascending,True,0.0,D:\ISRO\OHRC_tiles\ch2_ohr_ncp_20260331T1105235288_d_img_d18\ch2_ohr_ncp_20260331T1105235288_d_img_d18_r00081_c008_structural.jpg,D:\ISRO\OHRC_tiles\ch2_ohr_ncp_20260331T1105235288_d_img_d18\ch2_ohr_ncp_20260331T1105235288_d_img_d18_r00081_c008_illum.jpg,7.473413,1.0724115,1.0372905
819,ch2_ohr_ncp_20260331T1105235288_d_img_d18,D:\ISRO\OHRC_raws\ch2_ohr_ncp_20260331T1105235288_d_img_d18,2026-03-31T11:05:23.5288Z,81,9,82944,9216,2048,256,512.0,0.25,7.4110883126,296.19565238,89.38302,1.895764,88.104236,TDI64,msb,Ascending,True,0.0,D:\ISRO\OHRC_tiles\ch2_ohr_ncp_20260331T1105235288_d_img_d18\ch2_ohr_ncp_20260331T1105235288_d_img_d18_r00081_c009_structural.jpg,D:\ISRO\OHRC_tiles\ch2_ohr_ncp_20260331T1105235288_d_img_d18\ch2_ohr_ncp_20260331T1105235288_d_img_d18_r00081_c009_illum.jpg,7.578075,1.1289169,1.1569881
820,ch2_ohr_ncp_20260331T1105235288_d_img_d18,D:\ISRO\OHRC_raws\ch2_ohr_ncp_20260331T1105235288_d_img_d18,2026-03-31T11:05:23.5288Z,82,0,83968,0,2048,256,512.0,0.25,7.402935597,296.11444423,89.38302,1.895764,88.104236,TDI64,msb,Ascending,True,0.0,D:\ISRO\OHRC_tiles\ch2_ohr_ncp_20260331T1105235288_d_img_d18\ch2_ohr_ncp_20260331T1105235288_d_img_d18_r00082_c000_structural.jpg,D:\ISRO\OHRC_tiles\ch2_ohr_ncp_20260331T1105235288_d_img_d18\ch2_ohr_ncp_20260331T1105235288_d_img_d18_r00082_c000_illum.jpg,7.5117044,1.6506584,-0.10143974
821,ch2_ohr_ncp_20260331T1105235288_d_img_d18,D:\ISRO\OHRC_raws\ch2_ohr_ncp_20260331T1105235288_d_img_d18,2026-03-31T11:05:23.5288Z,82,1,83968,1024,2048,256,512.0,0.25,7.4028290788,296.12346193,89.38302,1.895764,88.104236,TDI64,msb,Ascending,True,0.0,D:\ISRO\OHRC_tiles\ch2_ohr_ncp_20260331T1105235288_d_img_d18\ch2_ohr_ncp_20260331T1105235288_d_img_d18_r00082_c001_structural.jpg,D:\ISRO\OHRC_tiles\ch2_ohr_ncp_20260331T1105235288_d_img_d18\ch2_ohr_ncp_20260331T1105235288_d_img_d18_r00082_c001_illum.jpg,7.058368,1.9699963,0.87041914
822,ch2_ohr_ncp_20260331T1105235288_d_img_d18,D:\ISRO\OHRC_raws\ch2_ohr_ncp_20260331T1105235288_d_img_d18,2026-03-31T11:05:23.5288Z,82,2,83968,2048,2048,256,512.0,0.25,7.4027218844,296.13248809,89.38302,1.895764,88.104236,TDI64,msb,Ascending,True,0.0,D:\ISRO\OHRC_tiles\ch2_ohr_ncp_20260331T1105235288_d_img_d18\ch2_ohr_ncp_20260331T1105235288_d_img_d18_r00082_c002_structural.jpg,D:\ISRO\OHRC_tiles\ch2_ohr_ncp_20260331T1105235288_d_img_d18\ch2_ohr_ncp_20260331T1105235288_d_img_d18_r00082_c002_illum.jpg,7.171332,1.6031892,-0.71878636
823,ch2_ohr_ncp_20260331T1105235288_d_img_d18,D:\ISRO\OHRC_raws\ch2_ohr_ncp_20260331T1105235288_d_img_d18,2026-03-31T11:05:23.5288Z,82,3,83968,3072,2048,256,512.0,0.25,7.402614016499999,296.14152077,89.38302,1.895764,88.104236,TDI64,msb,Ascending,True,0.0,D:\ISRO\OHRC_tiles\ch2_ohr_ncp_20260331T1105235288_d_img_d18\ch2_ohr_ncp_20260331T1105235288_d_img_d18_r00082_c003_structural.jpg,D:\ISRO\OHRC_tiles\ch2_ohr_ncp_20260331T1105235288_d_img_d18\ch2_ohr_ncp_20260331T1105235288_d_img_d18_r00082_c003_illum.jpg,8.162272,-1.0701431,-0.90377843
824,ch2_ohr_ncp_20260331T1105235288_d_img_d18,D:\ISRO\OHRC_raws\ch2_ohr_ncp_20260331T1105235288_d_img_d18,2026-03-31T11:05:23.5288Z,82,4,83968,4096,2048,256,512.0,0.25,7.4025054771,296.15056087,89.38302,1.895764,88.104236,TDI64,msb,Ascending,True,0.0,D:\ISRO\OHRC_tiles\ch2_ohr_ncp_20260331T1105235288_d_img_d18\ch2_ohr_ncp_20260331T1105235288_d_img_d18_r00082_c004_structural.jpg,D:\ISRO\OHRC_tiles\ch2_ohr_ncp_20260331T1105235288_d_img_d18\ch2_ohr_ncp_20260331T1105235288_d_img_d18_r00082_c004_illum.jpg,8.110393,-0.53856456,0.58272624
825,ch2_ohr_ncp_20260331T1105235288_d_img_d18,D:\ISRO\OHRC_raws\ch2_ohr_ncp_20260331T1105235288_d_img_d18,2026-03-31T11:05:23.5288Z,82,5,83968,5120,2048,256,512.0,0.25,7.4023962544,296.15960903000007,89.38302,1.895764,88.104236,TDI64,msb,Ascending,True,0.0,D:\ISRO\OHRC_tiles\ch2_ohr_ncp_20260331T1105235288_d_img_d18\ch2_ohr_ncp_20260331T1105235288_d_img_d18_r00082_c005_structural.jpg,D:\ISRO\OHRC_tiles\ch2_ohr_ncp_20260331T1105235288_d_img_d18\ch2_ohr_ncp_20260331T1105235288_d_img_d18_r00082_c005_illum.jpg,7.284105,1.4862946,0.74002707
826,ch2_ohr_ncp_20260331T1105235288_d_img_d18,D:\ISRO\OHRC_raws\ch2_ohr_ncp_20260331T1105235288_d_img_d18,2026-03-31T11:05:23.5288Z,82,6,83968,6144,2048,256,512.0,0.25,7.402286365,296.16866419,89.38302,1.895764,88.104236,TDI64,msb,Ascending,True,0.0,D:\ISRO\OHRC_tiles\ch2_ohr_ncp_20260331T1105235288_d_img_d18\ch2_ohr_ncp_20260331T1105235288_d_img_d18_r00082_c006_structural.jpg,D:\ISRO\OHRC_tiles\ch2_ohr_ncp_20260331T1105235288_d_img_d18\ch2_ohr_ncp_20260331T1105235288_d_img_d18_r00082_c006_illum.jpg,6.426515,2.0244265,0.7396266
827,ch2_ohr_ncp_20260331T1105235288_d_img_d18,D:\ISRO\OHRC_raws\ch2_ohr_ncp_20260331T1105235288_d_img_d18,2026-03-31T11:05:23.5288Z,82,7,83968,7168,2048,256,512.0,0.25,7.402175787500001,296.17772721,89.38302,1.895764,88.104236,TDI64,msb,Ascending,True,0.0,D:\ISRO\OHRC_tiles\ch2_ohr_ncp_20260331T1105235288_d_img_d18\ch2_ohr_ncp_20260331T1105235288_d_img_d18_r00082_c007_structural.jpg,D:\ISRO\OHRC_tiles\ch2_ohr_ncp_20260331T1105235288_d_img_d18\ch2_ohr_ncp_20260331T1105235288_d_img_d18_r00082_c007_illum.jpg,6.414114,2.9216793,0.7830645
828,ch2_ohr_ncp_20260331T1105235288_d_img_d18,D:\ISRO\OHRC_raws\ch2_ohr_ncp_20260331T1105235288_d_img_d18,2026-03-31T11:05:23.5288Z,82,8,83968,8192,2048,256,512.0,0.25,7.4020645346,296.18679684999995,89.38302,1.895764,88.104236,TDI64,msb,Ascending,True,0.0,D:\ISRO\OHRC_tiles\ch2_ohr_ncp_20260331T1105235288_d_img_d18\ch2_ohr_ncp_20260331T1105235288_d_img_d18_r00082_c008_structural.jpg,D:\ISRO\OHRC_tiles\ch2_ohr_ncp_20260331T1105235288_d_img_d18\ch2_ohr_ncp_20260331T1105235288_d_img_d18_r00082_c008_illum.jpg,6.8181314,2.0921345,-0.41464013
829,ch2_ohr_ncp_20260331T1105235288_d_img_d18,D:\ISRO\OHRC_raws\ch2_ohr_ncp_20260331T1105235288_d_img_d18,2026-03-31T11:05:23.5288Z,82,9,83968,9216,2048,256,512.0,0.25,7.4019525917,296.19587490000004,89.38302,1.895764,88.104236,TDI64,msb,Ascending,True,0.0,D:\ISRO\OHRC_tiles\ch2_ohr_ncp_20260331T1105235288_d_img_d18\ch2_ohr_ncp_20260331T1105235288_d_img_d18_r00082_c009_structural.jpg,D:\ISRO\OHRC_tiles\ch2_ohr_ncp_20260331T1105235288_d_img_d18\ch2_ohr_ncp_20260331T1105235288_d_img_d18_r00082_c009_illum.jpg,7.3853335,1.7834439,-0.4696671
830,ch2_ohr_ncp_20260331T1105235288_d_img_d18,D:\ISRO\OHRC_raws\ch2_ohr_ncp_20260331T1105235288_d_img_d18,2026-03-31T11:05:23.5288Z,83,0,84992,0,2048,256,512.0,0.25,7.393797042500001,296.11468,89.38302,1.895764,88.104236,TDI64,msb,Ascending,True,0.0,D:\ISRO\OHRC_tiles\ch2_ohr_ncp_20260331T1105235288_d_img_d18\ch2_ohr_ncp_20260331T1105235288_d_img_d18_r00083_c000_structural.jpg,D:\ISRO\OHRC_tiles\ch2_ohr_ncp_20260331T1105235288_d_img_d18\ch2_ohr_ncp_20260331T1105235288_d_img_d18_r00083_c000_illum.jpg,6.9375095,2.6656604,1.1243614
831,ch2_ohr_ncp_20260331T1105235288_d_img_d18,D:\ISRO\OHRC_raws\ch2_ohr_ncp_20260331T1105235288_d_img_d18,2026-03-31T11:05:23.5288Z,83,1,84992,1024,2048,256,512.0,0.25,7.3936905194,296.12369844,89.38302,1.895764,88.104236,TDI64,msb,Ascending,True,0.0,D:\ISRO\OHRC_tiles\ch2_ohr_ncp_20260331T1105235288_d_img_d18\ch2_ohr_ncp_20260331T1105235288_d_img_d18_r00083_c001_structural.jpg,D:\ISRO\OHRC_tiles\ch2_ohr_ncp_20260331T1105235288_d_img_d18\ch2_ohr_ncp_20260331T1105235288_d_img_d18_r00083_c001_illum.jpg,6.8514867,2.25592,1.4428327
832,ch2_ohr_ncp_20260331T1105235288_d_img_d18,D:\ISRO\OHRC_raws\ch2_ohr_ncp_20260331T1105235288_d_img_d18,2026-03-31T11:05:23.5288Z,83,2,84992,2048,2048,256,512.0,0.25,7.3935833225,296.13272361,89.38302,1.895764,88.104236,TDI64,msb,Ascending,True,0.0,D:\ISRO\OHRC_tiles\ch2_ohr_ncp_20260331T1105235288_d_img_d18\ch2_ohr_ncp_20260331T1105235288_d_img_d18_r00083_c002_structural.jpg,D:\ISRO\OHRC_tiles\ch2_ohr_ncp_20260331T1105235288_d_img_d18\ch2_ohr_ncp_20260331T1105235288_d_img_d18_r00083_c002_illum.jpg,7.622266,0.91202,-0.4066416
833,ch2_ohr_ncp_20260331T1105235288_d_img_d18,D:\ISRO\OHRC_raws\ch2_ohr_ncp_20260331T1105235288_d_img_d18,2026-03-31T11:05:23.5288Z,83,3,84992,3072,2048,256,512.0,0.25,7.3934754643,296.14175629,89.38302,1.895764,88.104236,TDI64,msb,Ascending,True,0.0,D:\ISRO\OHRC_tiles\ch2_ohr_ncp_20260331T1105235288_d_img_d18\ch2_ohr_ncp_20260331T1105235288_d_img_d18_r00083_c003_structural.jpg,D:\ISRO\OHRC_tiles\ch2_ohr_ncp_20260331T1105235288_d_img_d18\ch2_ohr_ncp_20260331T1105235288_d_img_d18_r00083_c003_illum.jpg,8.670195,-0.8101567,-1.3120992
834,ch2_ohr_ncp_20260331T1105235288_d_img_d18,D:\ISRO\OHRC_raws\ch2_ohr_ncp_20260331T1105235288_d_img_d18,2026-03-31T11:05:23.5288Z,83,4,84992,4096,2048,256,512.0,0.25,7.393366917700001,296.15079693,89.38302,1.895764,88.104236,TDI64,msb,Ascending,True,0.0,D:\ISRO\OHRC_tiles\ch2_ohr_ncp_20260331T1105235288_d_img_d18\ch2_ohr_ncp_20260331T1105235288_d_img_d18_r00083_c004_structural.jpg,D:\ISRO\OHRC_tiles\ch2_ohr_ncp_20260331T1105235288_d_img_d18\ch2_ohr_ncp_20260331T1105235288_d_img_d18_r00083_c004_illum.jpg,8.142006,-0.2499853,-0.65658146
835,ch2_ohr_ncp_20260331T1105235288_d_img_d18,D:\ISRO\OHRC_raws\ch2_ohr_ncp_20260331T1105235288_d_img_d18,2026-03-31T11:05:23.5288Z,83,5,84992,5120,2048,256,512.0,0.25,7.393257705,296.1598443,89.38302,1.895764,88.104236,TDI64,msb,Ascending,True,0.0,D:\ISRO\OHRC_tiles\ch2_ohr_ncp_20260331T1105235288_d_img_d18\ch2_ohr_ncp_20260331T1105235288_d_img_d18_r00083_c005_structural.jpg,D:\ISRO\OHRC_tiles\ch2_ohr_ncp_20260331T1105235288_d_img_d18\ch2_ohr_ncp_20260331T1105235288_d_img_d18_r00083_c005_illum.jpg,8.287068,-0.67411566,-2.1710463
836,ch2_ohr_ncp_20260331T1105235288_d_img_d18,D:\ISRO\OHRC_raws\ch2_ohr_ncp_20260331T1105235288_d_img_d18,2026-03-31T11:05:23.5288Z,83,6,84992,6144,2048,256,512.0,0.25,7.3931478081,296.16889940000004,89.38302,1.895764,88.104236,TDI64,msb,Ascending,True,0.0,D:\ISRO\OHRC_tiles\ch2_ohr_ncp_20260331T1105235288_d_img_d18\ch2_ohr_ncp_20260331T1105235288_d_img_d18_r00083_c006_structural.jpg,D:\ISRO\OHRC_tiles\ch2_ohr_ncp_20260331T1105235288_d_img_d18\ch2_ohr_ncp_20260331T1105235288_d_img_d18_r00083_c006_illum.jpg,8.656931,-1.0104859,-1.4733344
837,ch2_ohr_ncp_20260331T1105235288_d_img_d18,D:\ISRO\OHRC_raws\ch2_ohr_ncp_20260331T1105235288_d_img_d18,2026-03-31T11:05:23.5288Z,83,7,84992,7168,2048,256,512.0,0.25,7.393037238100001,296.17796173,89.38302,1.895764,88.104236,TDI64,msb,Ascending,True,0.0,D:\ISRO\OHRC_tiles\ch2_ohr_ncp_20260331T1105235288_d_img_d18\ch2_ohr_ncp_20260331T1105235288_d_img_d18_r00083_c007_structural.jpg,D:\ISRO\OHRC_tiles\ch2_ohr_ncp_20260331T1105235288_d_img_d18\ch2_ohr_ncp_20260331T1105235288_d_img_d18_r00083_c007_illum.jpg,7.3324757,0.9277422,0.02404677
838,ch2_ohr_ncp_20260331T1105235288_d_img_d18,D:\ISRO\OHRC_raws\ch2_ohr_ncp_20260331T1105235288_d_img_d18,2026-03-31T11:05:23.5288Z,83,8,84992,8192,2048,256,512.0,0.25,7.3929259795,296.18703137,89.38302,1.895764,88.104236,TDI64,msb,Ascending,True,0.0,D:\ISRO\OHRC_tiles\ch2_ohr_ncp_20260331T1105235288_d_img_d18\ch2_ohr_ncp_20260331T1105235288_d_img_d18_r00083_c008_structural.jpg,D:\ISRO\OHRC_tiles\ch2_ohr_ncp_20260331T1105235288_d_img_d18\ch2_ohr_ncp_20260331T1105235288_d_img_d18_r00083_c008_illum.jpg,7.4962707,0.6081526,-0.5121802
839,ch2_ohr_ncp_20260331T1105235288_d_img_d18,D:\ISRO\OHRC_raws\ch2_ohr_ncp_20260331T1105235288_d_img_d18,2026-03-31T11:05:23.5288Z,83,9,84992,9216,2048,256,512.0,0.25,7.3928140389,296.19610917,89.38302,1.895764,88.104236,TDI64,msb,Ascending,True,0.0,D:\ISRO\OHRC_tiles\ch2_ohr_ncp_20260331T1105235288_d_img_d18\ch2_ohr_ncp_20260331T1105235288_d_img_d18_r00083_c009_structural.jpg,D:\ISRO\OHRC_tiles\ch2_ohr_ncp_20260331T1105235288_d_img_d18\ch2_ohr_ncp_20260331T1105235288_d_img_d18_r00083_c009_illum.jpg,7.182371,0.9448489,-0.21482508
840,ch2_ohr_ncp_20260331T1105235288_d_img_d18,D:\ISRO\OHRC_raws\ch2_ohr_ncp_20260331T1105235288_d_img_d18,2026-03-31T11:05:23.5288Z,84,0,86016,0,2048,256,512.0,0.25,7.384658021400001,296.11490278,89.38302,1.895764,88.104236,TDI64,msb,Ascending,True,0.0,D:\ISRO\OHRC_tiles\ch2_ohr_ncp_20260331T1105235288_d_img_d18\ch2_ohr_ncp_20260331T1105235288_d_img_d18_r00084_c000_structural.jpg,D:\ISRO\OHRC_tiles\ch2_ohr_ncp_20260331T1105235288_d_img_d18\ch2_ohr_ncp_20260331T1105235288_d_img_d18_r00084_c000_illum.jpg,6.957086,2.3332622,1.3994607
841,ch2_ohr_ncp_20260331T1105235288_d_img_d18,D:\ISRO\OHRC_raws\ch2_ohr_ncp_20260331T1105235288_d_img_d18,2026-03-31T11:05:23.5288Z,84,1,86016,1024,2048,256,512.0,0.25,7.3845515057,296.12392047000003,89.38302,1.895764,88.104236,TDI64,msb,Ascending,True,0.0,D:\ISRO\OHRC_tiles\ch2_ohr_ncp_20260331T1105235288_d_img_d18\ch2_ohr_ncp_20260331T1105235288_d_img_d18_r00084_c001_structural.jpg,D:\ISRO\OHRC_tiles\ch2_ohr_ncp_20260331T1105235288_d_img_d18\ch2_ohr_ncp_20260331T1105235288_d_img_d18_r00084_c001_illum.jpg,6.8439918,1.7924988,1.5254648
842,ch2_ohr_ncp_20260331T1105235288_d_img_d18,D:\ISRO\OHRC_raws\ch2_ohr_ncp_20260331T1105235288_d_img_d18,2026-03-31T11:05:23.5288Z,84,2,86016,2048,2048,256,512.0,0.25,7.384444321399999,296.13294564,89.38302,1.895764,88.104236,TDI64,msb,Ascending,True,0.0,D:\ISRO\OHRC_tiles\ch2_ohr_ncp_20260331T1105235288_d_img_d18\ch2_ohr_ncp_20260331T1105235288_d_img_d18_r00084_c002_structural.jpg,D:\ISRO\OHRC_tiles\ch2_ohr_ncp_20260331T1105235288_d_img_d18\ch2_ohr_ncp_20260331T1105235288_d_img_d18_r00084_c002_illum.jpg,6.733704,1.4952378,0.7628228
843,ch2_ohr_ncp_20260331T1105235288_d_img_d18,D:\ISRO\OHRC_raws\ch2_ohr_ncp_20260331T1105235288_d_img_d18,2026-03-31T11:05:23.5288Z,84,3,86016,3072,2048,256,512.0,0.25,7.3843364632,296.14197832,89.38302,1.895764,88.104236,TDI64,msb,Ascending,True,0.0,D:\ISRO\OHRC_tiles\ch2_ohr_ncp_20260331T1105235288_d_img_d18\ch2_ohr_ncp_20260331T1105235288_d_img_d18_r00084_c003_structural.jpg,D:\ISRO\OHRC_tiles\ch2_ohr_ncp_20260331T1105235288_d_img_d18\ch2_ohr_ncp_20260331T1105235288_d_img_d18_r00084_c003_illum.jpg,7.1997294,0.9906216,-1.0071827
844,ch2_ohr_ncp_20260331T1105235288_d_img_d18,D:\ISRO\OHRC_raws\ch2_ohr_ncp_20260331T1105235288_d_img_d18,2026-03-31T11:05:23.5288Z,84,4,86016,4096,2048,256,512.0,0.25,7.3842279241,296.15101821,89.38302,1.895764,88.104236,TDI64,msb,Ascending,True,0.0,D:\ISRO\OHRC_tiles\ch2_ohr_ncp_20260331T1105235288_d_img_d18\ch2_ohr_ncp_20260331T1105235288_d_img_d18_r00084_c004_structural.jpg,D:\ISRO\OHRC_tiles\ch2_ohr_ncp_20260331T1105235288_d_img_d18\ch2_ohr_ncp_20260331T1105235288_d_img_d18_r00084_c004_illum.jpg,7.942114,0.009958438,-1.9019135
845,ch2_ohr_ncp_20260331T1105235288_d_img_d18,D:\ISRO\OHRC_raws\ch2_ohr_ncp_20260331T1105235288_d_img_d18,2026-03-31T11:05:23.5288Z,84,5,86016,5120,2048,256,512.0,0.25,7.3841187208,296.16006558000004,89.38302,1.895764,88.104236,TDI64,msb,Ascending,True,0.0,D:\ISRO\OHRC_tiles\ch2_ohr_ncp_20260331T1105235288_d_img_d18\ch2_ohr_ncp_20260331T1105235288_d_img_d18_r00084_c005_structural.jpg,D:\ISRO\OHRC_tiles\ch2_ohr_ncp_20260331T1105235288_d_img_d18\ch2_ohr_ncp_20260331T1105235288_d_img_d18_r00084_c005_illum.jpg,9.419523,-1.6848238,-2.8864744
846,ch2_ohr_ncp_20260331T1105235288_d_img_d18,D:\ISRO\OHRC_raws\ch2_ohr_ncp_20260331T1105235288_d_img_d18,2026-03-31T11:05:23.5288Z,84,6,86016,6144,2048,256,512.0,0.25,7.384008832,296.16912043,89.38302,1.895764,88.104236,TDI64,msb,Ascending,True,0.0,D:\ISRO\OHRC_tiles\ch2_ohr_ncp_20260331T1105235288_d_img_d18\ch2_ohr_ncp_20260331T1105235288_d_img_d18_r00084_c006_structural.jpg,D:\ISRO\OHRC_tiles\ch2_ohr_ncp_20260331T1105235288_d_img_d18\ch2_ohr_ncp_20260331T1105235288_d_img_d18_r00084_c006_illum.jpg,8.757572,-1.0130557,-1.1423866
847,ch2_ohr_ncp_20260331T1105235288_d_img_d18,D:\ISRO\OHRC_raws\ch2_ohr_ncp_20260331T1105235288_d_img_d18,2026-03-31T11:05:23.5288Z,84,7,86016,7168,2048,256,512.0,0.25,7.3838982645,296.17818283,89.38302,1.895764,88.104236,TDI64,msb,Ascending,True,0.0,D:\ISRO\OHRC_tiles\ch2_ohr_ncp_20260331T1105235288_d_img_d18\ch2_ohr_ncp_20260331T1105235288_d_img_d18_r00084_c007_structural.jpg,D:\ISRO\OHRC_tiles\ch2_ohr_ncp_20260331T1105235288_d_img_d18\ch2_ohr_ncp_20260331T1105235288_d_img_d18_r00084_c007_illum.jpg,7.755751,0.6091044,-0.018667195
848,ch2_ohr_ncp_20260331T1105235288_d_img_d18,D:\ISRO\OHRC_raws\ch2_ohr_ncp_20260331T1105235288_d_img_d18,2026-03-31T11:05:23.5288Z,84,8,86016,8192,2048,256,512.0,0.25,7.38378702,296.18725257,89.38302,1.895764,88.104236,TDI64,msb,Ascending,True,0.0,D:\ISRO\OHRC_tiles\ch2_ohr_ncp_20260331T1105235288_d_img_d18\ch2_ohr_ncp_20260331T1105235288_d_img_d18_r00084_c008_structural.jpg,D:\ISRO\OHRC_tiles\ch2_ohr_ncp_20260331T1105235288_d_img_d18\ch2_ohr_ncp_20260331T1105235288_d_img_d18_r00084_c008_illum.jpg,7.4418135,1.2170254,-0.8865137
849,ch2_ohr_ncp_20260331T1105235288_d_img_d18,D:\ISRO\OHRC_raws\ch2_ohr_ncp_20260331T1105235288_d_img_d18,2026-03-31T11:05:23.5288Z,84,9,86016,9216,2048,256,512.0,0.25,7.3836750887,296.19633045,89.38302,1.895764,88.104236,TDI64,msb,Ascending,True,0.0,D:\ISRO\OHRC_tiles\ch2_ohr_ncp_20260331T1105235288_d_img_d18\ch2_ohr_ncp_20260331T1105235288_d_img_d18_r00084_c009_structural.jpg,D:\ISRO\OHRC_tiles\ch2_ohr_ncp_20260331T1105235288_d_img_d18\ch2_ohr_ncp_20260331T1105235288_d_img_d18_r00084_c009_illum.jpg,7.099016,0.8918785,-0.34685642
850,ch2_ohr_ncp_20260331T1105235288_d_img_d18,D:\ISRO\OHRC_raws\ch2_ohr_ncp_20260331T1105235288_d_img_d18,2026-03-31T11:05:23.5288Z,85,0,87040,0,2048,256,512.0,0.25,7.3755218947,296.11513633,89.38302,1.895764,88.104236,TDI64,msb,Ascending,True,0.0,D:\ISRO\OHRC_tiles\ch2_ohr_ncp_20260331T1105235288_d_img_d18\ch2_ohr_ncp_20260331T1105235288_d_img_d18_r00085_c000_structural.jpg,D:\ISRO\OHRC_tiles\ch2_ohr_ncp_20260331T1105235288_d_img_d18\ch2_ohr_ncp_20260331T1105235288_d_img_d18_r00085_c000_illum.jpg,7.3870482,0.86613,0.07578845
851,ch2_ohr_ncp_20260331T1105235288_d_img_d18,D:\ISRO\OHRC_raws\ch2_ohr_ncp_20260331T1105235288_d_img_d18,2026-03-31T11:05:23.5288Z,85,1,87040,1024,2048,256,512.0,0.25,7.375415397,296.12415402,89.38302,1.895764,88.104236,TDI64,msb,Ascending,True,0.0,D:\ISRO\OHRC_tiles\ch2_ohr_ncp_20260331T1105235288_d_img_d18\ch2_ohr_ncp_20260331T1105235288_d_img_d18_r00085_c001_structural.jpg,D:\ISRO\OHRC_tiles\ch2_ohr_ncp_20260331T1105235288_d_img_d18\ch2_ohr_ncp_20260331T1105235288_d_img_d18_r00085_c001_illum.jpg,8.04586,0.16171002,-0.48644686
852,ch2_ohr_ncp_20260331T1105235288_d_img_d18,D:\ISRO\OHRC_raws\ch2_ohr_ncp_20260331T1105235288_d_img_d18,2026-03-31T11:05:23.5288Z,85,2,87040,2048,2048,256,512.0,0.25,7.375308224899999,296.13317846,89.38302,1.895764,88.104236,TDI64,msb,Ascending,True,0.0,D:\ISRO\OHRC_tiles\ch2_ohr_ncp_20260331T1105235288_d_img_d18\ch2_ohr_ncp_20260331T1105235288_d_img_d18_r00085_c002_structural.jpg,D:\ISRO\OHRC_tiles\ch2_ohr_ncp_20260331T1105235288_d_img_d18\ch2_ohr_ncp_20260331T1105235288_d_img_d18_r00085_c002_illum.jpg,8.152955,-0.2542155,-0.85166734
853,ch2_ohr_ncp_20260331T1105235288_d_img_d18,D:\ISRO\OHRC_raws\ch2_ohr_ncp_20260331T1105235288_d_img_d18,2026-03-31T11:05:23.5288Z,85,3,87040,3072,2048,256,512.0,0.25,7.375200379399999,296.14221111,89.38302,1.895764,88.104236,TDI64,msb,Ascending,True,0.0,D:\ISRO\OHRC_tiles\ch2_ohr_ncp_20260331T1105235288_d_img_d18\ch2_ohr_ncp_20260331T1105235288_d_img_d18_r00085_c003_structural.jpg,D:\ISRO\OHRC_tiles\ch2_ohr_ncp_20260331T1105235288_d_img_d18\ch2_ohr_ncp_20260331T1105235288_d_img_d18_r00085_c003_illum.jpg,7.7687373,1.074422,-1.7540237
854,ch2_ohr_ncp_20260331T1105235288_d_img_d18,D:\ISRO\OHRC_raws\ch2_ohr_ncp_20260331T1105235288_d_img_d18,2026-03-31T11:05:23.5288Z,85,4,87040,4096,2048,256,512.0,0.25,7.3750918703,296.15125103,89.38302,1.895764,88.104236,TDI64,msb,Ascending,True,0.0,D:\ISRO\OHRC_tiles\ch2_ohr_ncp_20260331T1105235288_d_img_d18\ch2_ohr_ncp_20260331T1105235288_d_img_d18_r00085_c004_structural.jpg,D:\ISRO\OHRC_tiles\ch2_ohr_ncp_20260331T1105235288_d_img_d18\ch2_ohr_ncp_20260331T1105235288_d_img_d18_r00085_c004_illum.jpg,8.149413,0.13548726,-1.7191473
855,ch2_ohr_ncp_20260331T1105235288_d_img_d18,D:\ISRO\OHRC_raws\ch2_ohr_ncp_20260331T1105235288_d_img_d18,2026-03-31T11:05:23.5288Z,85,5,87040,5120,2048,256,512.0,0.25,7.3749826748,296.1602984,89.38302,1.895764,88.104236,TDI64,msb,Ascending,True,0.0,D:\ISRO\OHRC_tiles\ch2_ohr_ncp_20260331T1105235288_d_img_d18\ch2_ohr_ncp_20260331T1105235288_d_img_d18_r00085_c005_structural.jpg,D:\ISRO\OHRC_tiles\ch2_ohr_ncp_20260331T1105235288_d_img_d18\ch2_ohr_ncp_20260331T1105235288_d_img_d18_r00085_c005_illum.jpg,7.9243174,0.83480495,-0.55633616
856,ch2_ohr_ncp_20260331T1105235288_d_img_d18,D:\ISRO\OHRC_raws\ch2_ohr_ncp_20260331T1105235288_d_img_d18,2026-03-31T11:05:23.5288Z,85,6,87040,6144,2048,256,512.0,0.25,7.374872810899999,296.16935298,89.38302,1.895764,88.104236,TDI64,msb,Ascending,True,0.0,D:\ISRO\OHRC_tiles\ch2_ohr_ncp_20260331T1105235288_d_img_d18\ch2_ohr_ncp_20260331T1105235288_d_img_d18_r00085_c006_structural.jpg,D:\ISRO\OHRC_tiles\ch2_ohr_ncp_20260331T1105235288_d_img_d18\ch2_ohr_ncp_20260331T1105235288_d_img_d18_r00085_c006_illum.jpg,7.3624306,1.0878841,0.7669334
857,ch2_ohr_ncp_20260331T1105235288_d_img_d18,D:\ISRO\OHRC_raws\ch2_ohr_ncp_20260331T1105235288_d_img_d18,2026-03-31T11:05:23.5288Z,85,7,87040,7168,2048,256,512.0,0.25,7.374762262699999,296.17841531,89.38302,1.895764,88.104236,TDI64,msb,Ascending,True,0.0,D:\ISRO\OHRC_tiles\ch2_ohr_ncp_20260331T1105235288_d_img_d18\ch2_ohr_ncp_20260331T1105235288_d_img_d18_r00085_c007_structural.jpg,D:\ISRO\OHRC_tiles\ch2_ohr_ncp_20260331T1105235288_d_img_d18\ch2_ohr_ncp_20260331T1105235288_d_img_d18_r00085_c007_illum.jpg,7.5330873,1.2500435,0.57438105
858,ch2_ohr_ncp_20260331T1105235288_d_img_d18,D:\ISRO\OHRC_raws\ch2_ohr_ncp_20260331T1105235288_d_img_d18,2026-03-31T11:05:23.5288Z,85,8,87040,8192,2048,256,512.0,0.25,7.374651032299999,296.18748495,89.38302,1.895764,88.104236,TDI64,msb,Ascending,True,0.0,D:\ISRO\OHRC_tiles\ch2_ohr_ncp_20260331T1105235288_d_img_d18\ch2_ohr_ncp_20260331T1105235288_d_img_d18_r00085_c008_structural.jpg,D:\ISRO\OHRC_tiles\ch2_ohr_ncp_20260331T1105235288_d_img_d18\ch2_ohr_ncp_20260331T1105235288_d_img_d18_r00085_c008_illum.jpg,7.5610905,1.017454,-0.06466724
859,ch2_ohr_ncp_20260331T1105235288_d_img_d18,D:\ISRO\OHRC_raws\ch2_ohr_ncp_20260331T1105235288_d_img_d18,2026-03-31T11:05:23.5288Z,85,9,87040,9216,2048,256,512.0,0.25,7.3745391203,296.19656200000003,89.38302,1.895764,88.104236,TDI64,msb,Ascending,True,0.0,D:\ISRO\OHRC_tiles\ch2_ohr_ncp_20260331T1105235288_d_img_d18\ch2_ohr_ncp_20260331T1105235288_d_img_d18_r00085_c009_structural.jpg,D:\ISRO\OHRC_tiles\ch2_ohr_ncp_20260331T1105235288_d_img_d18\ch2_ohr_ncp_20260331T1105235288_d_img_d18_r00085_c009_illum.jpg,7.8634157,0.17911863,-0.0071599586
860,ch2_ohr_ncp_20260331T1105235288_d_img_d18,D:\ISRO\OHRC_raws\ch2_ohr_ncp_20260331T1105235288_d_img_d18,2026-03-31T11:05:23.5288Z,86,0,88064,0,2048,256,512.0,0.25,7.3663851123,296.11535953,89.38302,1.895764,88.104236,TDI64,msb,Ascending,True,0.0,D:\ISRO\OHRC_tiles\ch2_ohr_ncp_20260331T1105235288_d_img_d18\ch2_ohr_ncp_20260331T1105235288_d_img_d18_r00086_c000_structural.jpg,D:\ISRO\OHRC_tiles\ch2_ohr_ncp_20260331T1105235288_d_img_d18\ch2_ohr_ncp_20260331T1105235288_d_img_d18_r00086_c000_illum.jpg,7.0413966,1.5723418,0.7805336
861,ch2_ohr_ncp_20260331T1105235288_d_img_d18,D:\ISRO\OHRC_raws\ch2_ohr_ncp_20260331T1105235288_d_img_d18,2026-03-31T11:05:23.5288Z,86,1,88064,1024,2048,256,512.0,0.25,7.3662786141,296.124377,89.38302,1.895764,88.104236,TDI64,msb,Ascending,True,0.0,D:\ISRO\OHRC_tiles\ch2_ohr_ncp_20260331T1105235288_d_img_d18\ch2_ohr_ncp_20260331T1105235288_d_img_d18_r00086_c001_structural.jpg,D:\ISRO\OHRC_tiles\ch2_ohr_ncp_20260331T1105235288_d_img_d18\ch2_ohr_ncp_20260331T1105235288_d_img_d18_r00086_c001_illum.jpg,7.954096,-0.10096289,-0.29882595
862,ch2_ohr_ncp_20260331T1105235288_d_img_d18,D:\ISRO\OHRC_raws\ch2_ohr_ncp_20260331T1105235288_d_img_d18,2026-03-31T11:05:23.5288Z,86,2,88064,2048,2048,256,512.0,0.25,7.366171449499999,296.13340217,89.38302,1.895764,88.104236,TDI64,msb,Ascending,True,0.0,D:\ISRO\OHRC_tiles\ch2_ohr_ncp_20260331T1105235288_d_img_d18\ch2_ohr_ncp_20260331T1105235288_d_img_d18_r00086_c002_structural.jpg,D:\ISRO\OHRC_tiles\ch2_ohr_ncp_20260331T1105235288_d_img_d18\ch2_ohr_ncp_20260331T1105235288_d_img_d18_r00086_c002_illum.jpg,7.6187744,0.4045934,-0.066435516
863,ch2_ohr_ncp_20260331T1105235288_d_img_d18,D:\ISRO\OHRC_raws\ch2_ohr_ncp_20260331T1105235288_d_img_d18,2026-03-31T11:05:23.5288Z,86,3,88064,3072,2048,256,512.0,0.25,7.3660636113,296.14243385000003,89.38302,1.895764,88.104236,TDI64,msb,Ascending,True,0.0,D:\ISRO\OHRC_tiles\ch2_ohr_ncp_20260331T1105235288_d_img_d18\ch2_ohr_ncp_20260331T1105235288_d_img_d18_r00086_c003_structural.jpg,D:\ISRO\OHRC_tiles\ch2_ohr_ncp_20260331T1105235288_d_img_d18\ch2_ohr_ncp_20260331T1105235288_d_img_d18_r00086_c003_illum.jpg,6.5530386,2.1022391,0.645965
864,ch2_ohr_ncp_20260331T1105235288_d_img_d18,D:\ISRO\OHRC_raws\ch2_ohr_ncp_20260331T1105235288_d_img_d18,2026-03-31T11:05:23.5288Z,86,4,88064,4096,2048,256,512.0,0.25,7.3659550922,296.15147374000003,89.38302,1.895764,88.104236,TDI64,msb,Ascending,True,0.0,D:\ISRO\OHRC_tiles\ch2_ohr_ncp_20260331T1105235288_d_img_d18\ch2_ohr_ncp_20260331T1105235288_d_img_d18_r00086_c004_structural.jpg,D:\ISRO\OHRC_tiles\ch2_ohr_ncp_20260331T1105235288_d_img_d18\ch2_ohr_ncp_20260331T1105235288_d_img_d18_r00086_c004_illum.jpg,6.891766,1.6226696,-0.12722382
865,ch2_ohr_ncp_20260331T1105235288_d_img_d18,D:\ISRO\OHRC_raws\ch2_ohr_ncp_20260331T1105235288_d_img_d18,2026-03-31T11:05:23.5288Z,86,5,88064,5120,2048,256,512.0,0.25,7.3658459092,296.16052111,89.38302,1.895764,88.104236,TDI64,msb,Ascending,True,0.0,D:\ISRO\OHRC_tiles\ch2_ohr_ncp_20260331T1105235288_d_img_d18\ch2_ohr_ncp_20260331T1105235288_d_img_d18_r00086_c005_structural.jpg,D:\ISRO\OHRC_tiles\ch2_ohr_ncp_20260331T1105235288_d_img_d18\ch2_ohr_ncp_20260331T1105235288_d_img_d18_r00086_c005_illum.jpg,7.0808945,1.1093255,-0.062437847
866,ch2_ohr_ncp_20260331T1105235288_d_img_d18,D:\ISRO\OHRC_raws\ch2_ohr_ncp_20260331T1105235288_d_img_d18,2026-03-31T11:05:23.5288Z,86,6,88064,6144,2048,256,512.0,0.25,7.365736039499999,296.16957527,89.38302,1.895764,88.104236,TDI64,msb,Ascending,True,0.0,D:\ISRO\OHRC_tiles\ch2_ohr_ncp_20260331T1105235288_d_img_d18\ch2_ohr_ncp_20260331T1105235288_d_img_d18_r00086_c006_structural.jpg,D:\ISRO\OHRC_tiles\ch2_ohr_ncp_20260331T1105235288_d_img_d18\ch2_ohr_ncp_20260331T1105235288_d_img_d18_r00086_c006_illum.jpg,7.1667714,0.7010443,0.8256263
867,ch2_ohr_ncp_20260331T1105235288_d_img_d18,D:\ISRO\OHRC_raws\ch2_ohr_ncp_20260331T1105235288_d_img_d18,2026-03-31T11:05:23.5288Z,86,7,88064,7168,2048,256,512.0,0.25,7.365625491999999,296.1786373599999,89.38302,1.895764,88.104236,TDI64,msb,Ascending,True,0.0,D:\ISRO\OHRC_tiles\ch2_ohr_ncp_20260331T1105235288_d_img_d18\ch2_ohr_ncp_20260331T1105235288_d_img_d18_r00086_c007_structural.jpg,D:\ISRO\OHRC_tiles\ch2_ohr_ncp_20260331T1105235288_d_img_d18\ch2_ohr_ncp_20260331T1105235288_d_img_d18_r00086_c007_illum.jpg,6.913797,1.4567174,0.93984276
868,ch2_ohr_ncp_20260331T1105235288_d_img_d18,D:\ISRO\OHRC_raws\ch2_ohr_ncp_20260331T1105235288_d_img_d18,2026-03-31T11:05:23.5288Z,86,8,88064,8192,2048,256,512.0,0.25,7.365514270899999,296.18770693,89.38302,1.895764,88.104236,TDI64,msb,Ascending,True,0.0,D:\ISRO\OHRC_tiles\ch2_ohr_ncp_20260331T1105235288_d_img_d18\ch2_ohr_ncp_20260331T1105235288_d_img_d18_r00086_c008_structural.jpg,D:\ISRO\OHRC_tiles\ch2_ohr_ncp_20260331T1105235288_d_img_d18\ch2_ohr_ncp_20260331T1105235288_d_img_d18_r00086_c008_illum.jpg,6.4862013,1.917728,0.23755123
869,ch2_ohr_ncp_20260331T1105235288_d_img_d18,D:\ISRO\OHRC_raws\ch2_ohr_ncp_20260331T1105235288_d_img_d18,2026-03-31T11:05:23.5288Z,86,9,88064,9216,2048,256,512.0,0.25,7.365402360000001,296.19678398,89.38302,1.895764,88.104236,TDI64,msb,Ascending,True,0.0,D:\ISRO\OHRC_tiles\ch2_ohr_ncp_20260331T1105235288_d_img_d18\ch2_ohr_ncp_20260331T1105235288_d_img_d18_r00086_c009_structural.jpg,D:\ISRO\OHRC_tiles\ch2_ohr_ncp_20260331T1105235288_d_img_d18\ch2_ohr_ncp_20260331T1105235288_d_img_d18_r00086_c009_illum.jpg,7.6596355,0.45054457,0.37632146
870,ch2_ohr_ncp_20260331T1105235288_d_img_d18,D:\ISRO\OHRC_raws\ch2_ohr_ncp_20260331T1105235288_d_img_d18,2026-03-31T11:05:23.5288Z,87,0,89088,0,2048,256,512.0,0.25,7.357245924000001,296.11558987,89.38302,1.895764,88.104236,TDI64,msb,Ascending,True,0.0,D:\ISRO\OHRC_tiles\ch2_ohr_ncp_20260331T1105235288_d_img_d18\ch2_ohr_ncp_20260331T1105235288_d_img_d18_r00087_c000_structural.jpg,D:\ISRO\OHRC_tiles\ch2_ohr_ncp_20260331T1105235288_d_img_d18\ch2_ohr_ncp_20260331T1105235288_d_img_d18_r00087_c000_illum.jpg,7.816627,0.35910624,-0.26986453
871,ch2_ohr_ncp_20260331T1105235288_d_img_d18,D:\ISRO\OHRC_raws\ch2_ohr_ncp_20260331T1105235288_d_img_d18,2026-03-31T11:05:23.5288Z,87,1,89088,1024,2048,256,512.0,0.25,7.3571394258,296.12460731,89.38302,1.895764,88.104236,TDI64,msb,Ascending,True,0.0,D:\ISRO\OHRC_tiles\ch2_ohr_ncp_20260331T1105235288_d_img_d18\ch2_ohr_ncp_20260331T1105235288_d_img_d18_r00087_c001_structural.jpg,D:\ISRO\OHRC_tiles\ch2_ohr_ncp_20260331T1105235288_d_img_d18\ch2_ohr_ncp_20260331T1105235288_d_img_d18_r00087_c001_illum.jpg,7.8182793,0.56146926,-0.05248038
872,ch2_ohr_ncp_20260331T1105235288_d_img_d18,D:\ISRO\OHRC_raws\ch2_ohr_ncp_20260331T1105235288_d_img_d18,2026-03-31T11:05:23.5288Z,87,2,89088,2048,2048,256,512.0,0.25,7.3570322536,296.13363227,89.38302,1.895764,88.104236,TDI64,msb,Ascending,True,0.0,D:\ISRO\OHRC_tiles\ch2_ohr_ncp_20260331T1105235288_d_img_d18\ch2_ohr_ncp_20260331T1105235288_d_img_d18_r00087_c002_structural.jpg,D:\ISRO\OHRC_tiles\ch2_ohr_ncp_20260331T1105235288_d_img_d18\ch2_ohr_ncp_20260331T1105235288_d_img_d18_r00087_c002_illum.jpg,7.005675,1.2062116,0.2568447
873,ch2_ohr_ncp_20260331T1105235288_d_img_d18,D:\ISRO\OHRC_raws\ch2_ohr_ncp_20260331T1105235288_d_img_d18,2026-03-31T11:05:23.5288Z,87,3,89088,3072,2048,256,512.0,0.25,7.356924413300001,296.14266413,89.38302,1.895764,88.104236,TDI64,msb,Ascending,True,0.0,D:\ISRO\OHRC_tiles\ch2_ohr_ncp_20260331T1105235288_d_img_d18\ch2_ohr_ncp_20260331T1105235288_d_img_d18_r00087_c003_structural.jpg,D:\ISRO\OHRC_tiles\ch2_ohr_ncp_20260331T1105235288_d_img_d18\ch2_ohr_ncp_20260331T1105235288_d_img_d18_r00087_c003_illum.jpg,6.813214,1.375084,0.90947783
874,ch2_ohr_ncp_20260331T1105235288_d_img_d18,D:\ISRO\OHRC_raws\ch2_ohr_ncp_20260331T1105235288_d_img_d18,2026-03-31T11:05:23.5288Z,87,4,89088,4096,2048,256,512.0,0.25,7.3568158942,296.15170384000004,89.38302,1.895764,88.104236,TDI64,msb,Ascending,True,0.0,D:\ISRO\OHRC_tiles\ch2_ohr_ncp_20260331T1105235288_d_img_d18\ch2_ohr_ncp_20260331T1105235288_d_img_d18_r00087_c004_structural.jpg,D:\ISRO\OHRC_tiles\ch2_ohr_ncp_20260331T1105235288_d_img_d18\ch2_ohr_ncp_20260331T1105235288_d_img_d18_r00087_c004_illum.jpg,8.3621025,0.62016565,-0.2448088
875,ch2_ohr_ncp_20260331T1105235288_d_img_d18,D:\ISRO\OHRC_raws\ch2_ohr_ncp_20260331T1105235288_d_img_d18,2026-03-31T11:05:23.5288Z,87,5,89088,5120,2048,256,512.0,0.25,7.3567067015,296.16075042,89.38302,1.895764,88.104236,TDI64,msb,Ascending,True,0.0,D:\ISRO\OHRC_tiles\ch2_ohr_ncp_20260331T1105235288_d_img_d18\ch2_ohr_ncp_20260331T1105235288_d_img_d18_r00087_c005_structural.jpg,D:\ISRO\OHRC_tiles\ch2_ohr_ncp_20260331T1105235288_d_img_d18\ch2_ohr_ncp_20260331T1105235288_d_img_d18_r00087_c005_illum.jpg,8.096422,0.76130664,-0.32523382
876,ch2_ohr_ncp_20260331T1105235288_d_img_d18,D:\ISRO\OHRC_raws\ch2_ohr_ncp_20260331T1105235288_d_img_d18,2026-03-31T11:05:23.5288Z,87,6,89088,6144,2048,256,512.0,0.25,7.356596834199999,296.16980506,89.38302,1.895764,88.104236,TDI64,msb,Ascending,True,0.0,D:\ISRO\OHRC_tiles\ch2_ohr_ncp_20260331T1105235288_d_img_d18\ch2_ohr_ncp_20260331T1105235288_d_img_d18_r00087_c006_structural.jpg,D:\ISRO\OHRC_tiles\ch2_ohr_ncp_20260331T1105235288_d_img_d18\ch2_ohr_ncp_20260331T1105235288_d_img_d18_r00087_c006_illum.jpg,7.59427,0.7791307,0.28606272
877,ch2_ohr_ncp_20260331T1105235288_d_img_d18,D:\ISRO\OHRC_raws\ch2_ohr_ncp_20260331T1105235288_d_img_d18,2026-03-31T11:05:23.5288Z,87,7,89088,7168,2048,256,512.0,0.25,7.3564862946,296.1788666,89.38302,1.895764,88.104236,TDI64,msb,Ascending,True,0.0,D:\ISRO\OHRC_tiles\ch2_ohr_ncp_20260331T1105235288_d_img_d18\ch2_ohr_ncp_20260331T1105235288_d_img_d18_r00087_c007_structural.jpg,D:\ISRO\OHRC_tiles\ch2_ohr_ncp_20260331T1105235288_d_img_d18\ch2_ohr_ncp_20260331T1105235288_d_img_d18_r00087_c007_illum.jpg,7.438553,1.4002082,0.73079884
878,ch2_ohr_ncp_20260331T1105235288_d_img_d18,D:\ISRO\OHRC_raws\ch2_ohr_ncp_20260331T1105235288_d_img_d18,2026-03-31T11:05:23.5288Z,87,8,89088,8192,2048,256,512.0,0.25,7.356375065200001,296.18793603,89.38302,1.895764,88.104236,TDI64,msb,Ascending,True,0.0,D:\ISRO\OHRC_tiles\ch2_ohr_ncp_20260331T1105235288_d_img_d18\ch2_ohr_ncp_20260331T1105235288_d_img_d18_r00087_c008_structural.jpg,D:\ISRO\OHRC_tiles\ch2_ohr_ncp_20260331T1105235288_d_img_d18\ch2_ohr_ncp_20260331T1105235288_d_img_d18_r00087_c008_illum.jpg,7.585858,-0.30766428,-0.22896853
879,ch2_ohr_ncp_20260331T1105235288_d_img_d18,D:\ISRO\OHRC_raws\ch2_ohr_ncp_20260331T1105235288_d_img_d18,2026-03-31T11:05:23.5288Z,87,9,89088,9216,2048,256,512.0,0.25,7.356263152899999,296.19701288,89.38302,1.895764,88.104236,TDI64,msb,Ascending,True,0.0,D:\ISRO\OHRC_tiles\ch2_ohr_ncp_20260331T1105235288_d_img_d18\ch2_ohr_ncp_20260331T1105235288_d_img_d18_r00087_c009_structural.jpg,D:\ISRO\OHRC_tiles\ch2_ohr_ncp_20260331T1105235288_d_img_d18\ch2_ohr_ncp_20260331T1105235288_d_img_d18_r00087_c009_illum.jpg,9.025203,-1.677936,-0.31435007
880,ch2_ohr_ncp_20260331T1105235288_d_img_d18,D:\ISRO\OHRC_raws\ch2_ohr_ncp_20260331T1105235288_d_img_d18,2026-03-31T11:05:23.5288Z,88,0,90112,0,2048,256,512.0,0.25,7.348104874000001,296.1158186,89.38302,1.895764,88.104236,TDI64,msb,Ascending,True,0.0,D:\ISRO\OHRC_tiles\ch2_ohr_ncp_20260331T1105235288_d_img_d18\ch2_ohr_ncp_20260331T1105235288_d_img_d18_r00088_c000_structural.jpg,D:\ISRO\OHRC_tiles\ch2_ohr_ncp_20260331T1105235288_d_img_d18\ch2_ohr_ncp_20260331T1105235288_d_img_d18_r00088_c000_illum.jpg,8.067231,-0.043445718,-0.52172554
881,ch2_ohr_ncp_20260331T1105235288_d_img_d18,D:\ISRO\OHRC_raws\ch2_ohr_ncp_20260331T1105235288_d_img_d18,2026-03-31T11:05:23.5288Z,88,1,90112,1024,2048,256,512.0,0.25,7.3479983813,296.12483549,89.38302,1.895764,88.104236,TDI64,msb,Ascending,True,0.0,D:\ISRO\OHRC_tiles\ch2_ohr_ncp_20260331T1105235288_d_img_d18\ch2_ohr_ncp_20260331T1105235288_d_img_d18_r00088_c001_structural.jpg,D:\ISRO\OHRC_tiles\ch2_ohr_ncp_20260331T1105235288_d_img_d18\ch2_ohr_ncp_20260331T1105235288_d_img_d18_r00088_c001_illum.jpg,7.497771,0.6474271,-0.25527832
882,ch2_ohr_ncp_20260331T1105235288_d_img_d18,D:\ISRO\OHRC_raws\ch2_ohr_ncp_20260331T1105235288_d_img_d18,2026-03-31T11:05:23.5288Z,88,2,90112,2048,2048,256,512.0,0.25,7.3478912225,296.13386048,89.38302,1.895764,88.104236,TDI64,msb,Ascending,True,0.0,D:\ISRO\OHRC_tiles\ch2_ohr_ncp_20260331T1105235288_d_img_d18\ch2_ohr_ncp_20260331T1105235288_d_img_d18_r00088_c002_structural.jpg,D:\ISRO\OHRC_tiles\ch2_ohr_ncp_20260331T1105235288_d_img_d18\ch2_ohr_ncp_20260331T1105235288_d_img_d18_r00088_c002_illum.jpg,7.5955653,1.17995,-0.3256617
883,ch2_ohr_ncp_20260331T1105235288_d_img_d18,D:\ISRO\OHRC_raws\ch2_ohr_ncp_20260331T1105235288_d_img_d18,2026-03-31T11:05:23.5288Z,88,3,90112,3072,2048,256,512.0,0.25,7.3477833888,296.14289234,89.38302,1.895764,88.104236,TDI64,msb,Ascending,True,0.0,D:\ISRO\OHRC_tiles\ch2_ohr_ncp_20260331T1105235288_d_img_d18\ch2_ohr_ncp_20260331T1105235288_d_img_d18_r00088_c003_structural.jpg,D:\ISRO\OHRC_tiles\ch2_ohr_ncp_20260331T1105235288_d_img_d18\ch2_ohr_ncp_20260331T1105235288_d_img_d18_r00088_c003_illum.jpg,7.4743576,0.46163926,0.897191
884,ch2_ohr_ncp_20260331T1105235288_d_img_d18,D:\ISRO\OHRC_raws\ch2_ohr_ncp_20260331T1105235288_d_img_d18,2026-03-31T11:05:23.5288Z,88,4,90112,4096,2048,256,512.0,0.25,7.3476748852,296.15193123,89.38302,1.895764,88.104236,TDI64,msb,Ascending,True,0.0,D:\ISRO\OHRC_tiles\ch2_ohr_ncp_20260331T1105235288_d_img_d18\ch2_ohr_ncp_20260331T1105235288_d_img_d18_r00088_c004_structural.jpg,D:\ISRO\OHRC_tiles\ch2_ohr_ncp_20260331T1105235288_d_img_d18\ch2_ohr_ncp_20260331T1105235288_d_img_d18_r00088_c004_illum.jpg,9.370967,-1.2801286,-1.920678
885,ch2_ohr_ncp_20260331T1105235288_d_img_d18,D:\ISRO\OHRC_raws\ch2_ohr_ncp_20260331T1105235288_d_img_d18,2026-03-31T11:05:23.5288Z,88,5,90112,5120,2048,256,512.0,0.25,7.347565698,296.16097815,89.38302,1.895764,88.104236,TDI64,msb,Ascending,True,0.0,D:\ISRO\OHRC_tiles\ch2_ohr_ncp_20260331T1105235288_d_img_d18\ch2_ohr_ncp_20260331T1105235288_d_img_d18_r00088_c005_structural.jpg,D:\ISRO\OHRC_tiles\ch2_ohr_ncp_20260331T1105235288_d_img_d18\ch2_ohr_ncp_20260331T1105235288_d_img_d18_r00088_c005_illum.jpg,8.61609,0.05588944,-1.3818053
886,ch2_ohr_ncp_20260331T1105235288_d_img_d18,D:\ISRO\OHRC_raws\ch2_ohr_ncp_20260331T1105235288_d_img_d18,2026-03-31T11:05:23.5288Z,88,6,90112,6144,2048,256,512.0,0.25,7.3474558431,296.170032,89.38302,1.895764,88.104236,TDI64,msb,Ascending,True,0.0,D:\ISRO\OHRC_tiles\ch2_ohr_ncp_20260331T1105235288_d_img_d18\ch2_ohr_ncp_20260331T1105235288_d_img_d18_r00088_c006_structural.jpg,D:\ISRO\OHRC_tiles\ch2_ohr_ncp_20260331T1105235288_d_img_d18\ch2_ohr_ncp_20260331T1105235288_d_img_d18_r00088_c006_illum.jpg,8.3229685,0.3630541,0.64225876
887,ch2_ohr_ncp_20260331T1105235288_d_img_d18,D:\ISRO\OHRC_raws\ch2_ohr_ncp_20260331T1105235288_d_img_d18,2026-03-31T11:05:23.5288Z,88,7,90112,7168,2048,256,512.0,0.25,7.347345305899999,296.17909385,89.38302,1.895764,88.104236,TDI64,msb,Ascending,True,0.0,D:\ISRO\OHRC_tiles\ch2_ohr_ncp_20260331T1105235288_d_img_d18\ch2_ohr_ncp_20260331T1105235288_d_img_d18_r00088_c007_structural.jpg,D:\ISRO\OHRC_tiles\ch2_ohr_ncp_20260331T1105235288_d_img_d18\ch2_ohr_ncp_20260331T1105235288_d_img_d18_r00088_c007_illum.jpg,7.602343,1.0420992,0.7921508
888,ch2_ohr_ncp_20260331T1105235288_d_img_d18,D:\ISRO\OHRC_raws\ch2_ohr_ncp_20260331T1105235288_d_img_d18,2026-03-31T11:05:23.5288Z,88,8,90112,8192,2048,256,512.0,0.25,7.34723409,296.18816297,89.38302,1.895764,88.104236,TDI64,msb,Ascending,True,0.0,D:\ISRO\OHRC_tiles\ch2_ohr_ncp_20260331T1105235288_d_img_d18\ch2_ohr_ncp_20260331T1105235288_d_img_d18_r00088_c008_structural.jpg,D:\ISRO\OHRC_tiles\ch2_ohr_ncp_20260331T1105235288_d_img_d18\ch2_ohr_ncp_20260331T1105235288_d_img_d18_r00088_c008_illum.jpg,8.570907,-0.995104,-0.77728456
889,ch2_ohr_ncp_20260331T1105235288_d_img_d18,D:\ISRO\OHRC_raws\ch2_ohr_ncp_20260331T1105235288_d_img_d18,2026-03-31T11:05:23.5288Z,88,9,90112,9216,2048,256,512.0,0.25,7.347122194900001,296.19724002,89.38302,1.895764,88.104236,TDI64,msb,Ascending,True,0.0,D:\ISRO\OHRC_tiles\ch2_ohr_ncp_20260331T1105235288_d_img_d18\ch2_ohr_ncp_20260331T1105235288_d_img_d18_r00088_c009_structural.jpg,D:\ISRO\OHRC_tiles\ch2_ohr_ncp_20260331T1105235288_d_img_d18\ch2_ohr_ncp_20260331T1105235288_d_img_d18_r00088_c009_illum.jpg,8.650794,-1.4808086,-0.012079264
890,ch2_ohr_ncp_20260331T1105235288_d_img_d18,D:\ISRO\OHRC_raws\ch2_ohr_ncp_20260331T1105235288_d_img_d18,2026-03-31T11:05:23.5288Z,89,0,91136,0,2048,256,512.0,0.25,7.3389723786,296.11604718,89.38302,1.895764,88.104236,TDI64,msb,Ascending,True,0.0,D:\ISRO\OHRC_tiles\ch2_ohr_ncp_20260331T1105235288_d_img_d18\ch2_ohr_ncp_20260331T1105235288_d_img_d18_r00089_c000_structural.jpg,D:\ISRO\OHRC_tiles\ch2_ohr_ncp_20260331T1105235288_d_img_d18\ch2_ohr_ncp_20260331T1105235288_d_img_d18_r00089_c000_illum.jpg,7.838891,0.8187824,0.67649156
891,ch2_ohr_ncp_20260331T1105235288_d_img_d18,D:\ISRO\OHRC_raws\ch2_ohr_ncp_20260331T1105235288_d_img_d18,2026-03-31T11:05:23.5288Z,89,1,91136,1024,2048,256,512.0,0.25,7.3388659004,296.12506418,89.38302,1.895764,88.104236,TDI64,msb,Ascending,True,0.0,D:\ISRO\OHRC_tiles\ch2_ohr_ncp_20260331T1105235288_d_img_d18\ch2_ohr_ncp_20260331T1105235288_d_img_d18_r00089_c001_structural.jpg,D:\ISRO\OHRC_tiles\ch2_ohr_ncp_20260331T1105235288_d_img_d18\ch2_ohr_ncp_20260331T1105235288_d_img_d18_r00089_c001_illum.jpg,8.243991,0.92886144,-0.29162142
892,ch2_ohr_ncp_20260331T1105235288_d_img_d18,D:\ISRO\OHRC_raws\ch2_ohr_ncp_20260331T1105235288_d_img_d18,2026-03-31T11:05:23.5288Z,89,2,91136,2048,2048,256,512.0,0.25,7.338758753,296.13408862,89.38302,1.895764,88.104236,TDI64,msb,Ascending,True,0.0,D:\ISRO\OHRC_tiles\ch2_ohr_ncp_20260331T1105235288_d_img_d18\ch2_ohr_ncp_20260331T1105235288_d_img_d18_r00089_c002_structural.jpg,D:\ISRO\OHRC_tiles\ch2_ohr_ncp_20260331T1105235288_d_img_d18\ch2_ohr_ncp_20260331T1105235288_d_img_d18_r00089_c002_illum.jpg,7.570076,1.7440999,-0.27235362
893,ch2_ohr_ncp_20260331T1105235288_d_img_d18,D:\ISRO\OHRC_raws\ch2_ohr_ncp_20260331T1105235288_d_img_d18,2026-03-31T11:05:23.5288Z,89,3,91136,3072,2048,256,512.0,0.25,7.3386509348,296.14312003,89.38302,1.895764,88.104236,TDI64,msb,Ascending,True,0.0,D:\ISRO\OHRC_tiles\ch2_ohr_ncp_20260331T1105235288_d_img_d18\ch2_ohr_ncp_20260331T1105235288_d_img_d18_r00089_c003_structural.jpg,D:\ISRO\OHRC_tiles\ch2_ohr_ncp_20260331T1105235288_d_img_d18\ch2_ohr_ncp_20260331T1105235288_d_img_d18_r00089_c003_illum.jpg,7.8953676,0.60197717,-0.49171165
894,ch2_ohr_ncp_20260331T1105235288_d_img_d18,D:\ISRO\OHRC_raws\ch2_ohr_ncp_20260331T1105235288_d_img_d18,2026-03-31T11:05:23.5288Z,89,4,91136,4096,2048,256,512.0,0.25,7.338542445699999,296.15215961,89.38302,1.895764,88.104236,TDI64,msb,Ascending,True,0.0,D:\ISRO\OHRC_tiles\ch2_ohr_ncp_20260331T1105235288_d_img_d18\ch2_ohr_ncp_20260331T1105235288_d_img_d18_r00089_c004_structural.jpg,D:\ISRO\OHRC_tiles\ch2_ohr_ncp_20260331T1105235288_d_img_d18\ch2_ohr_ncp_20260331T1105235288_d_img_d18_r00089_c004_illum.jpg,9.359154,-1.3161285,-2.075906
895,ch2_ohr_ncp_20260331T1105235288_d_img_d18,D:\ISRO\OHRC_raws\ch2_ohr_ncp_20260331T1105235288_d_img_d18,2026-03-31T11:05:23.5288Z,89,5,91136,5120,2048,256,512.0,0.25,7.338433284399999,296.16120598,89.38302,1.895764,88.104236,TDI64,msb,Ascending,True,0.0,D:\ISRO\OHRC_tiles\ch2_ohr_ncp_20260331T1105235288_d_img_d18\ch2_ohr_ncp_20260331T1105235288_d_img_d18_r00089_c005_structural.jpg,D:\ISRO\OHRC_tiles\ch2_ohr_ncp_20260331T1105235288_d_img_d18\ch2_ohr_ncp_20260331T1105235288_d_img_d18_r00089_c005_illum.jpg,8.386268,0.09433115,-0.44430453
896,ch2_ohr_ncp_20260331T1105235288_d_img_d18,D:\ISRO\OHRC_raws\ch2_ohr_ncp_20260331T1105235288_d_img_d18,2026-03-31T11:05:23.5288Z,89,6,91136,6144,2048,256,512.0,0.25,7.338323440499999,296.17025983,89.38302,1.895764,88.104236,TDI64,msb,Ascending,True,0.0,D:\ISRO\OHRC_tiles\ch2_ohr_ncp_20260331T1105235288_d_img_d18\ch2_ohr_ncp_20260331T1105235288_d_img_d18_r00089_c006_structural.jpg,D:\ISRO\OHRC_tiles\ch2_ohr_ncp_20260331T1105235288_d_img_d18\ch2_ohr_ncp_20260331T1105235288_d_img_d18_r00089_c006_illum.jpg,8.203684,-0.2575857,0.5790384
897,ch2_ohr_ncp_20260331T1105235288_d_img_d18,D:\ISRO\OHRC_raws\ch2_ohr_ncp_20260331T1105235288_d_img_d18,2026-03-31T11:05:23.5288Z,89,7,91136,7168,2048,256,512.0,0.25,7.3382129192,296.17932147,89.38302,1.895764,88.104236,TDI64,msb,Ascending,True,0.0,D:\ISRO\OHRC_tiles\ch2_ohr_ncp_20260331T1105235288_d_img_d18\ch2_ohr_ncp_20260331T1105235288_d_img_d18_r00089_c007_structural.jpg,D:\ISRO\OHRC_tiles\ch2_ohr_ncp_20260331T1105235288_d_img_d18\ch2_ohr_ncp_20260331T1105235288_d_img_d18_r00089_c007_illum.jpg,7.9322553,-0.46870902,0.62758374
898,ch2_ohr_ncp_20260331T1105235288_d_img_d18,D:\ISRO\OHRC_raws\ch2_ohr_ncp_20260331T1105235288_d_img_d18,2026-03-31T11:05:23.5288Z,89,8,91136,8192,2048,256,512.0,0.25,7.338101720499999,296.18839010999994,89.38302,1.895764,88.104236,TDI64,msb,Ascending,True,0.0,D:\ISRO\OHRC_tiles\ch2_ohr_ncp_20260331T1105235288_d_img_d18\ch2_ohr_ncp_20260331T1105235288_d_img_d18_r00089_c008_structural.jpg,D:\ISRO\OHRC_tiles\ch2_ohr_ncp_20260331T1105235288_d_img_d18\ch2_ohr_ncp_20260331T1105235288_d_img_d18_r00089_c008_illum.jpg,7.9490848,-0.30577695,0.29288173
899,ch2_ohr_ncp_20260331T1105235288_d_img_d18,D:\ISRO\OHRC_raws\ch2_ohr_ncp_20260331T1105235288_d_img_d18,2026-03-31T11:05:23.5288Z,89,9,91136,9216,2048,256,512.0,0.25,7.337989838199999,296.19746685,89.38302,1.895764,88.104236,TDI64,msb,Ascending,True,0.0,D:\ISRO\OHRC_tiles\ch2_ohr_ncp_20260331T1105235288_d_img_d18\ch2_ohr_ncp_20260331T1105235288_d_img_d18_r00089_c009_structural.jpg,D:\ISRO\OHRC_tiles\ch2_ohr_ncp_20260331T1105235288_d_img_d18\ch2_ohr_ncp_20260331T1105235288_d_img_d18_r00089_c009_illum.jpg,7.625044,0.38991925,1.0183843
