observation_time_utc,archive_start_time_utc,archive_end_time_utc,camera_count,cameras,product_codes,has_nadir,has_aft,has_fore,complete_three_camera,product_count,filenames
2019-11-26 09:20:27+00:00,2019-11-26 09:20:26.721000+00:00,2019-11-26 09:29:52.972000+00:00,3,"AFT,FORE,NADIR","NCA,NCF,NCN",True,True,True,True,3,ch2_tmc_nca_20191126T0920267219_d_img_d18.zip | ch2_tmc_ncf_20191126T0920267219_d_img_d18.zip | ch2_tmc_ncn_20191126T0920267251_d_img_d18.zip
2019-11-27 04:58:11+00:00,2019-11-27 04:58:10.917000+00:00,2019-11-27 05:07:37.314000+00:00,3,"AFT,FORE,NADIR","NCA,NCF,NCN",True,True,True,True,3,ch2_tmc_nca_20191127T0458109171_d_img_d18.zip | ch2_tmc_ncf_20191127T0458109171_d_img_d18.zip | ch2_tmc_ncn_20191127T0458109204_d_img_d18.zip
2019-11-27 08:53:45+00:00,2019-11-27 08:53:44.815000+00:00,2019-11-27 09:03:11.867000+00:00,3,"AFT,FORE,NADIR","NCA,NCF,NCN",True,True,True,True,3,ch2_tmc_nca_20191127T0853448154_d_img_d18.zip | ch2_tmc_ncf_20191127T0853448186_d_img_d18.zip | ch2_tmc_ncn_20191127T0853448154_d_img_d18.zip
2019-11-27 10:51:31+00:00,2019-11-27 10:51:31.188000+00:00,2019-11-27 11:00:56.433000+00:00,3,"AFT,FORE,NADIR","NCA,NCF,NCN",True,True,True,True,3,ch2_tmc_nca_20191127T1051311882_d_img_d18.zip | ch2_tmc_ncf_20191127T1051311882_d_img_d18.zip | ch2_tmc_ncn_20191127T1051311914_d_img_d18.zip
2019-11-28 04:31:22+00:00,2019-11-28 04:31:21.836000+00:00,2019-11-28 04:40:50.282000+00:00,3,"AFT,FORE,NADIR","NCA,NCF,NCN",True,True,True,True,3,ch2_tmc_nca_20191128T0431218361_d_img_d18.zip | ch2_tmc_ncf_20191128T0431218361_d_img_d18.zip | ch2_tmc_ncn_20191128T0431218394_d_img_d18.zip
2019-11-28 08:26:52+00:00,2019-11-28 08:26:51.897000+00:00,2019-11-28 08:36:20.343000+00:00,3,"AFT,FORE,NADIR","NCA,NCF,NCN",True,True,True,True,3,ch2_tmc_nca_20191128T0826518970_d_img_d18.zip | ch2_tmc_ncf_20191128T0826519003_d_img_d18.zip | ch2_tmc_ncn_20191128T0826518970_d_img_d18.zip
2019-11-28 10:24:37+00:00,2019-11-28 10:24:37.247000+00:00,2019-11-28 10:34:05.690000+00:00,3,"AFT,FORE,NADIR","NCA,NCF,NCN",True,True,True,True,3,ch2_tmc_nca_20191128T1024372470_d_img_d18.zip | ch2_tmc_ncf_20191128T1024372503_d_img_d18.zip | ch2_tmc_ncn_20191128T1024372470_d_img_d18.zip
2019-11-29 04:04:36+00:00,2019-11-29 04:04:36.348000+00:00,2019-11-29 04:14:04.665000+00:00,3,"AFT,FORE,NADIR","NCA,NCF,NCN",True,True,True,True,3,ch2_tmc_nca_20191129T0404363486_d_img_d18.zip | ch2_tmc_ncf_20191129T0404363519_d_img_d18.zip | ch2_tmc_ncn_20191129T0404363486_d_img_d18.zip
2019-11-29 06:02:24+00:00,2019-11-29 06:02:23.747000+00:00,2019-11-29 06:11:52.193000+00:00,3,"AFT,FORE,NADIR","NCA,NCF,NCN",True,True,True,True,3,ch2_tmc_nca_20191129T0602237502_d_img_d18.zip | ch2_tmc_ncf_20191129T0602237470_d_img_d18.zip | ch2_tmc_ncn_20191129T0602237470_d_img_d18.zip
2019-11-29 08:00:37+00:00,2019-11-29 08:00:37.411000+00:00,2019-11-29 08:09:39.542000+00:00,3,"AFT,FORE,NADIR","NCA,NCF,NCN",True,True,True,True,3,ch2_tmc_nca_20191129T0800374115_d_img_d18.zip | ch2_tmc_ncf_20191129T0800374115_d_img_d18.zip | ch2_tmc_ncn_20191129T0800374115_d_img_d18.zip
2019-11-29 09:58:00+00:00,2019-11-29 09:57:59.649000+00:00,2019-11-29 10:07:25.917000+00:00,3,"AFT,FORE,NADIR","NCA,NCF,NCN",True,True,True,True,3,ch2_tmc_nca_20191129T0957596527_d_img_d18.zip | ch2_tmc_ncf_20191129T0957596494_d_img_d18.zip | ch2_tmc_ncn_20191129T0957596494_d_img_d18.zip
2019-11-29 11:55:45+00:00,2019-11-29 11:55:45.126000+00:00,2019-11-29 12:05:13.573000+00:00,3,"AFT,FORE,NADIR","NCA,NCF,NCN",True,True,True,True,3,ch2_tmc_nca_20191129T1155451269_d_img_d18.zip | ch2_tmc_ncf_20191129T1155451301_d_img_d18.zip | ch2_tmc_ncn_20191129T1155451269_d_img_d18.zip
2019-11-30 01:40:05+00:00,2019-11-30 01:40:04.738000+00:00,2019-11-30 01:49:41.375000+00:00,3,"AFT,FORE,NADIR","NCA,NCF,NCN",True,True,True,True,3,ch2_tmc_nca_20191130T0140047387_d_img_d18.zip | ch2_tmc_ncf_20191130T0140047420_d_img_d18.zip | ch2_tmc_ncn_20191130T0140047387_d_img_d18.zip
2019-11-30 07:33:34+00:00,2019-11-30 07:33:33.926000+00:00,2019-11-30 07:43:02.372000+00:00,3,"AFT,FORE,NADIR","NCA,NCF,NCN",True,True,True,True,3,ch2_tmc_nca_20191130T0733339294_d_img_d18.zip | ch2_tmc_ncf_20191130T0733339261_d_img_d18.zip | ch2_tmc_ncn_20191130T0733339261_d_img_d18.zip
2019-11-30 13:26:53+00:00,2019-11-30 13:26:53.323000+00:00,2019-11-30 13:36:22.501000+00:00,3,"AFT,FORE,NADIR","NCA,NCF,NCN",True,True,True,True,3,ch2_tmc_nca_20191130T1326533236_d_img_d18.zip | ch2_tmc_ncf_20191130T1326533561_d_img_d18.zip | ch2_tmc_ncn_20191130T1326533236_d_img_d18.zip
2019-12-01 03:11:14+00:00,2019-12-01 03:11:13.895000+00:00,2019-12-01 03:20:45.412000+00:00,3,"AFT,FORE,NADIR","NCA,NCF,NCN",True,True,True,True,3,ch2_tmc_nca_20191201T0311138950_d_img_d18.zip | ch2_tmc_ncf_20191201T0311138950_d_img_d18.zip | ch2_tmc_ncn_20191201T0311138983_d_img_d18.zip
2019-12-01 07:06:46+00:00,2019-12-01 07:06:46.245000+00:00,2019-12-01 07:16:17.762000+00:00,3,"AFT,FORE,NADIR","NCA,NCF,NCN",True,True,True,True,3,ch2_tmc_nca_20191201T0706462450_d_img_d18.zip | ch2_tmc_ncf_20191201T0706462483_d_img_d18.zip | ch2_tmc_ncn_20191201T0706462450_d_img_d18.zip
2019-12-01 09:04:34+00:00,2019-12-01 09:04:33.900000+00:00,2019-12-01 09:14:05.288000+00:00,3,"AFT,FORE,NADIR","NCA,NCF,NCN",True,True,True,True,3,ch2_tmc_nca_20191201T0904339009_d_img_d18.zip | ch2_tmc_ncf_20191201T0904339009_d_img_d18.zip | ch2_tmc_ncn_20191201T0904339041_d_img_d18.zip
2019-12-01 11:02:19+00:00,2019-12-01 11:02:19.252000+00:00,2019-12-01 11:11:50.766000+00:00,3,"AFT,FORE,NADIR","NCA,NCF,NCN",True,True,True,True,3,ch2_tmc_nca_20191201T1102192560_d_img_d18.zip | ch2_tmc_ncf_20191201T1102192527_d_img_d18.zip | ch2_tmc_ncn_20191201T1102192527_d_img_d18.zip
2019-12-02 06:39:51+00:00,2019-12-02 06:39:51.167000+00:00,2019-12-02 06:49:26.781000+00:00,3,"AFT,FORE,NADIR","NCA,NCF,NCN",True,True,True,True,3,ch2_tmc_nca_20191202T0639511671_d_img_d18.zip | ch2_tmc_ncf_20191202T0639511671_d_img_d18.zip | ch2_tmc_ncn_20191202T0639511671_d_img_d18.zip
2019-12-03 14:06:53+00:00,2019-12-03 14:06:52.878000+00:00,2019-12-03 14:16:41.801000+00:00,3,"AFT,FORE,NADIR","NCA,NCF,NCN",True,True,True,True,3,ch2_tmc_nca_20191203T1406528783_d_img_d18.zip | ch2_tmc_ncf_20191203T1406528814_d_img_d18.zip | ch2_tmc_ncn_20191203T1406528783_d_img_d18.zip
2019-12-07 10:40:11+00:00,2019-12-07 10:40:10.722000+00:00,2019-12-07 10:49:47.356000+00:00,3,"AFT,FORE,NADIR","NCA,NCF,NCN",True,True,True,True,3,ch2_tmc_nca_20191207T1040107224_d_img_d18.zip | ch2_tmc_ncf_20191207T1040107224_d_img_d18.zip | ch2_tmc_ncn_20191207T1040107224_d_img_d18.zip
2019-12-13 17:38:37+00:00,2019-12-13 17:38:37.317000+00:00,2019-12-13 17:48:08.391000+00:00,2,"AFT,NADIR","NCA,NCN",True,True,False,False,2,ch2_tmc_nca_20191213T1738373173_d_img_d18.zip | ch2_tmc_ncn_20191213T1738373173_d_img_d18.zip
2019-12-13 17:38:38+00:00,2019-12-13 17:38:37.642000+00:00,2019-12-13 17:48:08.391000+00:00,1,FORE,NCF,False,False,True,False,1,ch2_tmc_ncf_20191213T1738376423_d_img_d18.zip
2019-12-13 21:33:55+00:00,2019-12-13 21:33:54.781000+00:00,2019-12-13 21:43:26.169000+00:00,3,"AFT,FORE,NADIR","NCA,NCF,NCN",True,True,True,True,3,ch2_tmc_nca_20191213T2133547819_d_img_d18.zip | ch2_tmc_ncf_20191213T2133547819_d_img_d18.zip | ch2_tmc_ncn_20191213T2133547852_d_img_d18.zip
2019-12-17 00:03:26+00:00,2019-12-17 00:03:26.310000+00:00,2019-12-17 00:13:13.165000+00:00,3,"AFT,FORE,NADIR","NCA,NCF,NCN",True,True,True,True,3,ch2_tmc_nca_20191217T0003263102_d_img_d18.zip | ch2_tmc_ncf_20191217T0003263102_d_img_d18.zip | ch2_tmc_ncn_20191217T0003263102_d_img_d18.zip
2019-12-19 16:46:11+00:00,2019-12-19 16:46:10.752000+00:00,2019-12-19 16:55:44.318000+00:00,3,"AFT,FORE,NADIR","NCA,NCF,NCN",True,True,True,True,3,ch2_tmc_nca_20191219T1646107526_d_img_d18.zip | ch2_tmc_ncf_20191219T1646107526_d_img_d18.zip | ch2_tmc_ncn_20191219T1646107526_d_img_d18.zip
2019-12-24 04:36:13+00:00,2019-12-24 04:36:12.888000+00:00,2019-12-24 04:45:42.228000+00:00,3,"AFT,FORE,NADIR","NCA,NCF,NCN",True,True,True,True,3,ch2_tmc_nca_20191224T0436128888_d_img_d18.zip | ch2_tmc_ncf_20191224T0436128888_d_img_d18.zip | ch2_tmc_ncn_20191224T0436128888_d_img_d18.zip
2019-12-25 04:07:32+00:00,2019-12-25 04:07:32.282000+00:00,2019-12-25 04:17:03.800000+00:00,3,"AFT,FORE,NADIR","NCA,NCF,NCN",True,True,True,True,3,ch2_tmc_nca_20191225T0407322824_d_img_d18.zip | ch2_tmc_ncf_20191225T0407322824_d_img_d18.zip | ch2_tmc_ncn_20191225T0407322824_d_img_d18.zip
2019-12-25 21:45:56+00:00,2019-12-25 21:45:56.440000+00:00,2019-12-25 21:55:30.659000+00:00,3,"AFT,FORE,NADIR","NCA,NCF,NCN",True,True,True,True,3,ch2_tmc_nca_20191225T2145564403_d_img_d18.zip | ch2_tmc_ncf_20191225T2145564403_d_img_d18.zip | ch2_tmc_ncn_20191225T2145564403_d_img_d18.zip
2019-12-26 03:38:48+00:00,2019-12-26 03:38:48.381000+00:00,2019-12-26 03:48:20.925000+00:00,3,"AFT,FORE,NADIR","NCA,NCF,NCN",True,True,True,True,3,ch2_tmc_nca_20191226T0338483816_d_img_d18.zip | ch2_tmc_ncf_20191226T0338483816_d_img_d18.zip | ch2_tmc_ncn_20191226T0338483816_d_img_d18.zip
2019-12-29 00:15:25+00:00,2019-12-29 00:15:25.387000+00:00,2019-12-29 00:24:59.976000+00:00,3,"AFT,FORE,NADIR","NCA,NCF,NCN",True,True,True,True,3,ch2_tmc_nca_20191229T0015253876_d_img_d18.zip | ch2_tmc_ncf_20191229T0015253876_d_img_d18.zip | ch2_tmc_ncn_20191229T0015253876_d_img_d18.zip
2019-12-30 09:34:25+00:00,2019-12-30 09:34:25.217000+00:00,2019-12-30 09:43:57.628000+00:00,3,"AFT,FORE,NADIR","NCA,NCF,NCN",True,True,True,True,3,ch2_tmc_nca_20191230T0934252172_d_img_d18.zip | ch2_tmc_ncf_20191230T0934252172_d_img_d18.zip | ch2_tmc_ncn_20191230T0934252172_d_img_d18.zip
2020-01-01 04:42:25+00:00,2020-01-01 04:42:24.606000+00:00,2020-01-01 04:51:58.460000+00:00,3,"AFT,FORE,NADIR","NCA,NCF,NCN",True,True,True,True,3,ch2_tmc_nca_20200101T0442246060_d_img_d18.zip | ch2_tmc_ncf_20200101T0442246060_d_img_d18.zip | ch2_tmc_ncn_20200101T0442246060_d_img_d18.zip
2020-01-02 12:12:54+00:00,2020-01-02 12:12:54.109000+00:00,2020-01-02 12:22:47.130000+00:00,3,"AFT,FORE,NADIR","NCA,NCF,NCN",True,True,True,True,3,ch2_tmc_nca_20200102T1212541093_d_img_d18.zip | ch2_tmc_ncf_20200102T1212541093_d_img_d18.zip | ch2_tmc_ncn_20200102T1212541093_d_img_d18.zip
2020-01-06 12:43:53+00:00,2020-01-06 12:43:52.794000+00:00,2020-01-06 12:53:41.973000+00:00,3,"AFT,FORE,NADIR","NCA,NCF,NCN",True,True,True,True,6,ch2_tmc_nca_20200106T1243527941_d_img_d18.zip | ch2_tmc_nca_20200106T1243528781_d_img_d18.zip | ch2_tmc_ncf_20200106T1243527941_d_img_d18.zip | ch2_tmc_ncf_20200106T1243528781_d_img_d18.zip | ch2_tmc_ncn_20200106T1243527941_d_img_d18.zip | ch2_tmc_ncn_20200106T1243528749_d_img_d18.zip
2020-01-07 18:12:40+00:00,2020-01-07 18:12:39.744000+00:00,2020-01-07 18:22:30.716000+00:00,3,"AFT,FORE,NADIR","NCA,NCF,NCN",True,True,True,True,3,ch2_tmc_nca_20200107T1812397441_d_img_d18.zip | ch2_tmc_ncf_20200107T1812397441_d_img_d18.zip | ch2_tmc_ncn_20200107T1812397441_d_img_d18.zip
2020-01-18 17:31:22+00:00,2020-01-18 17:31:21.996000+00:00,2020-01-18 17:41:08.875000+00:00,3,"AFT,FORE,NADIR","NCA,NCF,NCN",True,True,True,True,3,ch2_tmc_nca_20200118T1731219963_d_img_d18.zip | ch2_tmc_ncf_20200118T1731219963_d_img_d18.zip | ch2_tmc_ncn_20200118T1731219963_d_img_d18.zip
2020-01-23 05:36:59+00:00,2020-01-23 05:36:58.896000+00:00,2020-01-23 05:46:48.716000+00:00,3,"AFT,FORE,NADIR","NCA,NCF,NCN",True,True,True,True,3,ch2_tmc_nca_20200123T0536588960_d_img_d18.zip | ch2_tmc_ncf_20200123T0536588960_d_img_d18.zip | ch2_tmc_ncn_20200123T0536588960_d_img_d18.zip
2020-01-26 00:25:37+00:00,2020-01-26 00:25:36.999000+00:00,2020-01-26 00:35:27.204000+00:00,3,"AFT,FORE,NADIR","NCA,NCF,NCN",True,True,True,True,3,ch2_tmc_nca_20200126T0025369991_d_img_d18.zip | ch2_tmc_ncf_20200126T0025369991_d_img_d18.zip | ch2_tmc_ncn_20200126T0025369991_d_img_d18.zip
2020-01-29 12:57:18+00:00,2020-01-29 12:57:18.355000+00:00,2020-01-29 13:07:04.334000+00:00,3,"AFT,FORE,NADIR","NCA,NCF,NCN",True,True,True,True,3,ch2_tmc_nca_20200129T1257183558_d_img_d18.zip | ch2_tmc_ncf_20200129T1257183558_d_img_d18.zip | ch2_tmc_ncn_20200129T1257183558_d_img_d18.zip
2020-01-31 10:10:01+00:00,2020-01-31 10:10:00.636000+00:00,2020-01-31 10:19:44.444000+00:00,3,"AFT,FORE,NADIR","NCA,NCF,NCN",True,True,True,True,3,ch2_tmc_nca_20200131T1010006367_d_img_d18.zip | ch2_tmc_ncf_20200131T1010006367_d_img_d18.zip | ch2_tmc_ncn_20200131T1010006367_d_img_d18.zip
2020-02-07 07:16:47+00:00,2020-02-07 07:16:46.941000+00:00,2020-02-07 07:26:29.594000+00:00,3,"AFT,FORE,NADIR","NCA,NCF,NCN",True,True,True,True,3,ch2_tmc_nca_20200207T0716469418_d_img_d18.zip | ch2_tmc_ncf_20200207T0716469418_d_img_d18.zip | ch2_tmc_ncn_20200207T0716469418_d_img_d18.zip
2020-02-11 20:52:13+00:00,2020-02-11 20:52:13.379000+00:00,2020-02-11 21:02:04.225000+00:00,3,"AFT,FORE,NADIR","NCA,NCF,NCN",True,True,True,True,3,ch2_tmc_nca_20200211T2052133793_d_img_d18.zip | ch2_tmc_ncf_20200211T2052133793_d_img_d18.zip | ch2_tmc_ncn_20200211T2052133793_d_img_d18.zip
2020-02-12 20:45:45+00:00,2020-02-12 20:45:44.578000+00:00,2020-02-12 20:55:38.750000+00:00,3,"AFT,FORE,NADIR","NCA,NCF,NCN",True,True,True,True,3,ch2_tmc_nca_20200212T2045445780_d_img_d18.zip | ch2_tmc_ncf_20200212T2045445780_d_img_d18.zip | ch2_tmc_ncn_20200212T2045445780_d_img_d18.zip
2020-05-26 05:26:07+00:00,2020-05-26 05:26:07.136000+00:00,2020-05-26 05:35:59.355000+00:00,3,"AFT,FORE,NADIR","NCA,NCF,NCN",True,True,True,True,3,ch2_tmc_nca_20200526T0526071367_d_img_d18.zip | ch2_tmc_ncf_20200526T0526071367_d_img_d18.zip | ch2_tmc_ncn_20200526T0526071367_d_img_d18.zip
2020-05-27 08:59:58+00:00,2020-05-27 08:59:58.481000+00:00,2020-05-27 09:09:46.973000+00:00,3,"AFT,FORE,NADIR","NCA,NCF,NCN",True,True,True,True,3,ch2_tmc_nca_20200527T0859584815_d_img_d18.zip | ch2_tmc_ncf_20200527T0859584815_d_img_d18.zip | ch2_tmc_ncn_20200527T0859584815_d_img_d18.zip
2020-06-03 12:19:14+00:00,2020-06-03 12:19:13.826000+00:00,2020-06-03 12:29:06.991000+00:00,3,"AFT,FORE,NADIR","NCA,NCF,NCN",True,True,True,True,3,ch2_tmc_nca_20200603T1219138261_d_img_d18.zip | ch2_tmc_ncf_20200603T1219138261_d_img_d18.zip | ch2_tmc_ncn_20200603T1219138261_d_img_d18.zip
2020-06-06 19:04:31+00:00,2020-06-06 19:04:30.938000+00:00,2020-06-06 19:15:05.942000+00:00,3,"AFT,FORE,NADIR","NCA,NCF,NCN",True,True,True,True,3,ch2_tmc_nca_20200606T1904309386_d_img_d18.zip | ch2_tmc_ncf_20200606T1904309386_d_img_d18.zip | ch2_tmc_ncn_20200606T1904309386_d_img_d18.zip
2020-06-07 14:46:40+00:00,2020-06-07 14:46:39.895000+00:00,2020-06-07 14:57:15.747000+00:00,3,"AFT,FORE,NADIR","NCA,NCF,NCN",True,True,True,True,3,ch2_tmc_nca_20200607T1446398956_d_img_d18.zip | ch2_tmc_ncf_20200607T1446398956_d_img_d18.zip | ch2_tmc_ncn_20200607T1446398956_d_img_d18.zip
2020-06-07 18:42:58+00:00,2020-06-07 18:42:57.525000+00:00,2020-06-07 18:53:33.425000+00:00,3,"AFT,FORE,NADIR","NCA,NCF,NCN",True,True,True,True,3,ch2_tmc_nca_20200607T1842575252_d_img_d18.zip | ch2_tmc_ncf_20200607T1842575252_d_img_d18.zip | ch2_tmc_ncn_20200607T1842575252_d_img_d18.zip
2020-06-07 22:39:16+00:00,2020-06-07 22:39:16.210000+00:00,2020-06-07 22:49:52.240000+00:00,3,"AFT,FORE,NADIR","NCA,NCF,NCN",True,True,True,True,3,ch2_tmc_nca_20200607T2239162106_d_img_d18.zip | ch2_tmc_ncf_20200607T2239162106_d_img_d18.zip | ch2_tmc_ncn_20200607T2239162106_d_img_d18.zip
2020-06-08 16:22:39+00:00,2020-06-08 16:22:38.972000+00:00,2020-06-08 16:33:16.921000+00:00,3,"AFT,FORE,NADIR","NCA,NCF,NCN",True,True,True,True,3,ch2_tmc_nca_20200608T1622389722_d_img_d18.zip | ch2_tmc_ncf_20200608T1622389722_d_img_d18.zip | ch2_tmc_ncn_20200608T1622389722_d_img_d18.zip
2020-06-08 20:23:42+00:00,2020-06-08 20:23:42.488000+00:00,2020-06-08 20:29:34.790000+00:00,3,"AFT,FORE,NADIR","NCA,NCF,NCN",True,True,True,True,3,ch2_tmc_nca_20200608T2023424886_d_img_d18.zip | ch2_tmc_ncf_20200608T2023424886_d_img_d18.zip | ch2_tmc_ncn_20200608T2023424886_d_img_d18.zip
2020-06-09 16:00:22+00:00,2020-06-09 16:00:21.892000+00:00,2020-06-09 16:11:00.818000+00:00,3,"AFT,FORE,NADIR","NCA,NCF,NCN",True,True,True,True,3,ch2_tmc_nca_20200609T1600218929_d_img_d18.zip | ch2_tmc_ncf_20200609T1600218929_d_img_d18.zip | ch2_tmc_ncn_20200609T1600218929_d_img_d18.zip
2020-06-09 19:56:39+00:00,2020-06-09 19:56:38.717000+00:00,2020-06-09 20:07:16.666000+00:00,3,"AFT,FORE,NADIR","NCA,NCF,NCN",True,True,True,True,3,ch2_tmc_nca_20200609T1956387174_d_img_d18.zip | ch2_tmc_ncf_20200609T1956387174_d_img_d18.zip | ch2_tmc_ncn_20200609T1956387174_d_img_d18.zip
2020-06-11 21:10:07+00:00,2020-06-11 21:10:06.566000+00:00,2020-06-11 21:20:41.906000+00:00,3,"AFT,FORE,NADIR","NCA,NCF,NCN",True,True,True,True,3,ch2_tmc_nca_20200611T2110065660_d_img_d18.zip | ch2_tmc_ncf_20200611T2110065660_d_img_d18.zip | ch2_tmc_ncn_20200611T2110065660_d_img_d18.zip
2020-06-15 19:42:45+00:00,2020-06-15 19:42:45.476000+00:00,2020-06-15 19:53:28.673000+00:00,3,"AFT,FORE,NADIR","NCA,NCF,NCN",True,True,True,True,3,ch2_tmc_nca_20200615T1942454760_d_img_d18.zip | ch2_tmc_ncf_20200615T1942454760_d_img_d18.zip | ch2_tmc_ncn_20200615T1942454760_d_img_d18.zip
2020-06-17 01:15:15+00:00,2020-06-17 01:15:14.509000+00:00,2020-06-17 01:26:01.638000+00:00,3,"AFT,FORE,NADIR","NCA,NCF,NCN",True,True,True,True,3,ch2_tmc_nca_20200617T0115145126_d_img_d18.zip | ch2_tmc_ncf_20200617T0115145094_d_img_d18.zip | ch2_tmc_ncn_20200617T0115145094_d_img_d18.zip
2020-06-18 04:49:41+00:00,2020-06-18 04:49:41.220000+00:00,2020-06-18 05:00:12.399000+00:00,3,"AFT,FORE,NADIR","NCA,NCF,NCN",True,True,True,True,3,ch2_tmc_nca_20200618T0449412205_d_img_d18.zip | ch2_tmc_ncf_20200618T0449412205_d_img_d18.zip | ch2_tmc_ncn_20200618T0449412238_d_img_d18.zip
2020-06-18 22:33:04+00:00,2020-06-18 22:33:03.539000+00:00,2020-06-18 22:43:06.743000+00:00,3,"AFT,FORE,NADIR","NCA,NCF,NCN",True,True,True,True,3,ch2_tmc_nca_20200618T2233035392_d_img_d18.zip | ch2_tmc_ncf_20200618T2233035392_d_img_d18.zip | ch2_tmc_ncn_20200618T2233035392_d_img_d18.zip
2020-06-19 02:29:21+00:00,2020-06-19 02:29:20.501000+00:00,2020-06-19 02:40:06.640000+00:00,3,"AFT,FORE,NADIR","NCA,NCF,NCN",True,True,True,True,3,ch2_tmc_nca_20200619T0229205016_d_img_d18.zip | ch2_tmc_ncf_20200619T0229205016_d_img_d18.zip | ch2_tmc_ncn_20200619T0229205016_d_img_d18.zip
2020-06-19 06:25:38+00:00,2020-06-19 06:25:38.279000+00:00,2020-06-19 06:36:24.548000+00:00,3,"AFT,FORE,NADIR","NCA,NCF,NCN",True,True,True,True,3,ch2_tmc_nca_20200619T0625382796_d_img_d18.zip | ch2_tmc_ncf_20200619T0625382796_d_img_d18.zip | ch2_tmc_ncn_20200619T0625382796_d_img_d18.zip
2020-06-20 00:08:53+00:00,2020-06-20 00:08:52.741000+00:00,2020-06-20 00:19:34.787000+00:00,3,"AFT,FORE,NADIR","NCA,NCF,NCN",True,True,True,True,6,ch2_tmc_nca_20200620T0008527417_d_img_d18.zip | ch2_tmc_nca_20200620T0008528647_d_img_d18.zip | ch2_tmc_ncf_20200620T0008527417_d_img_d18.zip | ch2_tmc_ncf_20200620T0008528614_d_img_d18.zip | ch2_tmc_ncn_20200620T0008527417_d_img_d18.zip | ch2_tmc_ncn_20200620T0008528614_d_img_d18.zip
2020-06-20 04:05:09+00:00,2020-06-20 04:05:09.488000+00:00,2020-06-20 04:15:00.715000+00:00,3,"AFT,FORE,NADIR","NCA,NCF,NCN",True,True,True,True,3,ch2_tmc_nca_20200620T0405094886_d_img_d18.zip | ch2_tmc_ncf_20200620T0405094886_d_img_d18.zip | ch2_tmc_ncn_20200620T0405094886_d_img_d18.zip
2020-06-20 08:01:25+00:00,2020-06-20 08:01:24.784000+00:00,2020-06-20 08:12:07.742000+00:00,3,"AFT,FORE,NADIR","NCA,NCF,NCN",True,True,True,True,3,ch2_tmc_nca_20200620T0801247878_d_img_d18.zip | ch2_tmc_ncf_20200620T0801247846_d_img_d18.zip | ch2_tmc_ncn_20200620T0801247846_d_img_d18.zip
2020-06-22 01:23:14+00:00,2020-06-22 01:23:14.115000+00:00,2020-06-22 01:33:56.287000+00:00,3,"AFT,FORE,NADIR","NCA,NCF,NCN",True,True,True,True,3,ch2_tmc_nca_20200622T0123141151_d_img_d18.zip | ch2_tmc_ncf_20200622T0123141151_d_img_d18.zip | ch2_tmc_ncn_20200622T0123141151_d_img_d18.zip
2020-06-22 07:17:45+00:00,2020-06-22 07:17:44.908000+00:00,2020-06-22 07:28:25.315000+00:00,3,"AFT,FORE,NADIR","NCA,NCF,NCN",True,True,True,True,3,ch2_tmc_nca_20200622T0717449080_d_img_d18.zip | ch2_tmc_ncf_20200622T0717449080_d_img_d18.zip | ch2_tmc_ncn_20200622T0717449080_d_img_d18.zip
2020-06-23 02:59:16+00:00,2020-06-23 02:59:16.120000+00:00,2020-06-23 03:09:53.437000+00:00,3,"AFT,FORE,NADIR","NCA,NCF,NCN",True,True,True,True,3,ch2_tmc_nca_20200623T0259161206_d_img_d18.zip | ch2_tmc_ncf_20200623T0259161206_d_img_d18.zip | ch2_tmc_ncn_20200623T0259161206_d_img_d18.zip
2020-06-23 08:53:44+00:00,2020-06-23 08:53:43.952000+00:00,2020-06-23 09:04:17.804000+00:00,3,"AFT,FORE,NADIR","NCA,NCF,NCN",True,True,True,True,3,ch2_tmc_nca_20200623T0853439522_d_img_d18.zip | ch2_tmc_ncf_20200623T0853439522_d_img_d18.zip | ch2_tmc_ncn_20200623T0853439522_d_img_d18.zip
2020-06-24 02:37:05+00:00,2020-06-24 02:37:04.904000+00:00,2020-06-24 02:41:56.755000+00:00,3,"AFT,FORE,NADIR","NCA,NCF,NCN",True,True,True,True,3,ch2_tmc_nca_20200624T0237049049_d_img_d18.zip | ch2_tmc_ncf_20200624T0237049049_d_img_d18.zip | ch2_tmc_ncn_20200624T0237049049_d_img_d18.zip
2020-06-24 02:43:20+00:00,2020-06-24 02:43:20.199000+00:00,2020-06-24 02:47:40.935000+00:00,3,"AFT,FORE,NADIR","NCA,NCF,NCN",True,True,True,True,3,ch2_tmc_nca_20200624T0243202023_d_img_d18.zip | ch2_tmc_ncf_20200624T0243201992_d_img_d18.zip | ch2_tmc_ncn_20200624T0243202023_d_img_d18.zip
2020-06-25 08:09:31+00:00,2020-06-25 08:09:31.491000+00:00,2020-06-25 08:20:09.567000+00:00,3,"AFT,FORE,NADIR","NCA,NCF,NCN",True,True,True,True,3,ch2_tmc_nca_20200625T0809314916_d_img_d18.zip | ch2_tmc_ncf_20200625T0809314916_d_img_d18.zip | ch2_tmc_ncn_20200625T0809314916_d_img_d18.zip
2020-06-27 05:27:57+00:00,2020-06-27 05:27:57.315000+00:00,2020-06-27 05:38:35.393000+00:00,3,"AFT,FORE,NADIR","NCA,NCF,NCN",True,True,True,True,3,ch2_tmc_nca_20200627T0527573150_d_img_d18.zip | ch2_tmc_ncf_20200627T0527573150_d_img_d18.zip | ch2_tmc_ncn_20200627T0527573150_d_img_d18.zip
2020-06-28 07:04:22+00:00,2020-06-28 07:04:22.221000+00:00,2020-06-28 07:15:02.344000+00:00,3,"AFT,FORE,NADIR","NCA,NCF,NCN",True,True,True,True,3,ch2_tmc_nca_20200628T0704222211_d_img_d18.zip | ch2_tmc_ncf_20200628T0704222211_d_img_d18.zip | ch2_tmc_ncn_20200628T0704222211_d_img_d18.zip
2020-06-29 06:42:41+00:00,2020-06-29 06:42:40.960000+00:00,2020-06-29 06:53:22.110000+00:00,3,"AFT,FORE,NADIR","NCA,NCF,NCN",True,True,True,True,3,ch2_tmc_nca_20200629T0642409607_d_img_d18.zip | ch2_tmc_ncf_20200629T0642409607_d_img_d18.zip | ch2_tmc_ncn_20200629T0642409607_d_img_d18.zip
2020-06-29 10:39:01+00:00,2020-06-29 10:39:00.761000+00:00,2020-06-29 10:49:43.955000+00:00,3,"AFT,FORE,NADIR","NCA,NCF,NCN",True,True,True,True,3,ch2_tmc_nca_20200629T1039007613_d_img_d18.zip | ch2_tmc_ncf_20200629T1039007613_d_img_d18.zip | ch2_tmc_ncn_20200629T1039007613_d_img_d18.zip
2020-06-29 14:35:20+00:00,2020-06-29 14:35:19.950000+00:00,2020-06-29 14:46:03.153000+00:00,3,"AFT,FORE,NADIR","NCA,NCF,NCN",True,True,True,True,6,ch2_tmc_nca_20200629T1435199503_d_img_d18.zip | ch2_tmc_nca_20200629T1435201056_d_img_d18.zip | ch2_tmc_ncf_20200629T1435199503_d_img_d18.zip | ch2_tmc_ncf_20200629T1435201056_d_img_d18.zip | ch2_tmc_ncn_20200629T1435199503_d_img_d18.zip | ch2_tmc_ncn_20200629T1435201056_d_img_d18.zip
2020-06-30 08:19:00+00:00,2020-06-30 08:19:00.248000+00:00,2020-06-30 08:29:43.200000+00:00,3,"AFT,FORE,NADIR","NCA,NCF,NCN",True,True,True,True,3,ch2_tmc_nca_20200630T0819002488_d_img_d18.zip | ch2_tmc_ncf_20200630T0819002520_d_img_d18.zip | ch2_tmc_ncn_20200630T0819002520_d_img_d18.zip
2020-06-30 12:15:22+00:00,2020-06-30 12:15:22.415000+00:00,2020-06-30 12:26:04.555000+00:00,3,"AFT,FORE,NADIR","NCA,NCF,NCN",True,True,True,True,3,ch2_tmc_nca_20200630T1215224191_d_img_d18.zip | ch2_tmc_ncf_20200630T1215224158_d_img_d18.zip | ch2_tmc_ncn_20200630T1215224158_d_img_d18.zip
2020-07-02 13:55:04+00:00,2020-07-02 13:55:03.762000+00:00,2020-07-02 14:00:06.863000+00:00,3,"AFT,FORE,NADIR","NCA,NCF,NCN",True,True,True,True,3,ch2_tmc_nca_20200702T1355037620_d_img_d18.zip | ch2_tmc_ncf_20200702T1355037620_d_img_d18.zip | ch2_tmc_ncn_20200702T1355037620_d_img_d18.zip
2020-07-03 15:35:03+00:00,2020-07-03 15:35:02.786000+00:00,2020-07-03 15:40:07.166000+00:00,3,"AFT,FORE,NADIR","NCA,NCF,NCN",True,True,True,True,6,ch2_tmc_nca_20200703T1535027868_d_img_d18.zip | ch2_tmc_nca_20200703T1535031622_d_img_d18.zip | ch2_tmc_ncf_20200703T1535027868_d_img_d18.zip | ch2_tmc_ncf_20200703T1535031654_d_img_d18.zip | ch2_tmc_ncn_20200703T1535027868_d_img_d18.zip | ch2_tmc_ncn_20200703T1535031622_d_img_d18.zip
2020-07-04 16:37:02+00:00,2020-07-04 16:37:01.893000+00:00,2020-07-04 16:42:07.169000+00:00,3,"AFT,FORE,NADIR","NCA,NCF,NCN",True,True,True,True,3,ch2_tmc_nca_20200704T1637018932_d_img_d18.zip | ch2_tmc_ncf_20200704T1637018932_d_img_d18.zip | ch2_tmc_ncn_20200704T1637018932_d_img_d18.zip
2020-07-05 18:15:05+00:00,2020-07-05 18:15:04.608000+00:00,2020-07-05 18:20:06.814000+00:00,3,"AFT,FORE,NADIR","NCA,NCF,NCN",True,True,True,True,3,ch2_tmc_nca_20200705T1815046089_d_img_d18.zip | ch2_tmc_ncf_20200705T1815046089_d_img_d18.zip | ch2_tmc_ncn_20200705T1815046089_d_img_d18.zip
2020-07-06 17:55:02+00:00,2020-07-06 17:55:01.501000+00:00,2020-07-06 18:00:05.881000+00:00,3,"AFT,FORE,NADIR","NCA,NCF,NCN",True,True,True,True,3,ch2_tmc_nca_20200706T1755015013_d_img_d18.zip | ch2_tmc_ncf_20200706T1755015013_d_img_d18.zip | ch2_tmc_ncn_20200706T1755015013_d_img_d18.zip
2020-07-08 15:24:04+00:00,2020-07-08 15:24:03.553000+00:00,2020-07-08 15:34:42.528000+00:00,3,"AFT,FORE,NADIR","NCA,NCF,NCN",True,True,True,True,3,ch2_tmc_nca_20200708T1524035572_d_img_d18.zip | ch2_tmc_ncf_20200708T1524035539_d_img_d18.zip | ch2_tmc_ncn_20200708T1524035539_d_img_d18.zip
2020-07-08 19:22:16+00:00,2020-07-08 19:22:15.596000+00:00,2020-07-08 19:32:55.183000+00:00,3,"AFT,FORE,NADIR","NCA,NCF,NCN",True,True,True,True,3,ch2_tmc_nca_20200708T1922156288_d_img_d18.zip | ch2_tmc_ncf_20200708T1922155962_d_img_d18.zip | ch2_tmc_ncn_20200708T1922155962_d_img_d18.zip
2020-07-08 23:20:35+00:00,2020-07-08 23:20:35.220000+00:00,2020-07-08 23:31:13.295000+00:00,3,"AFT,FORE,NADIR","NCA,NCF,NCN",True,True,True,True,3,ch2_tmc_nca_20200708T2320352200_d_img_d18.zip | ch2_tmc_ncf_20200708T2320352200_d_img_d18.zip | ch2_tmc_ncn_20200708T2320352233_d_img_d18.zip
2020-07-10 21:17:10+00:00,2020-07-10 21:17:09.561000+00:00,2020-07-10 21:27:38.420000+00:00,3,"AFT,FORE,NADIR","NCA,NCF,NCN",True,True,True,True,3,ch2_tmc_nca_20200710T2117095613_d_img_d18.zip | ch2_tmc_ncf_20200710T2117095613_d_img_d18.zip | ch2_tmc_ncn_20200710T2117095644_d_img_d18.zip
2020-07-10 23:15:12+00:00,2020-07-10 23:15:12.425000+00:00,2020-07-10 23:25:40.132000+00:00,3,"AFT,FORE,NADIR","NCA,NCF,NCN",True,True,True,True,3,ch2_tmc_nca_20200710T2315124259_d_img_d18.zip | ch2_tmc_ncf_20200710T2315124259_d_img_d18.zip | ch2_tmc_ncn_20200710T2315124291_d_img_d18.zip
2020-07-11 01:13:13+00:00,2020-07-11 01:13:13.386000+00:00,2020-07-11 01:23:42.245000+00:00,3,"AFT,FORE,NADIR","NCA,NCF,NCN",True,True,True,True,3,ch2_tmc_nca_20200711T0113133892_d_img_d18.zip | ch2_tmc_ncf_20200711T0113133860_d_img_d18.zip | ch2_tmc_ncn_20200711T0113133860_d_img_d18.zip
2020-07-11 03:11:15+00:00,2020-07-11 03:11:14.889000+00:00,2020-07-11 03:21:43.973000+00:00,3,"AFT,FORE,NADIR","NCA,NCF,NCN",True,True,True,True,3,ch2_tmc_nca_20200711T0311148894_d_img_d18.zip | ch2_tmc_ncf_20200711T0311149219_d_img_d18.zip | ch2_tmc_ncn_20200711T0311148894_d_img_d18.zip
2020-07-11 22:51:22+00:00,2020-07-11 22:51:22.389000+00:00,2020-07-11 23:01:51.252000+00:00,3,"AFT,FORE,NADIR","NCA,NCF,NCN",True,True,True,True,3,ch2_tmc_nca_20200711T2251223931_d_img_d18.zip | ch2_tmc_ncf_20200711T2251223899_d_img_d18.zip | ch2_tmc_ncn_20200711T2251223899_d_img_d18.zip
2020-07-12 00:48:17+00:00,2020-07-12 00:48:16.662000+00:00,2020-07-12 00:58:47.443000+00:00,3,"AFT,FORE,NADIR","NCA,NCF,NCN",True,True,True,True,3,ch2_tmc_nca_20200712T0048166620_d_img_d18.zip | ch2_tmc_ncf_20200712T0048166653_d_img_d18.zip | ch2_tmc_ncn_20200712T0048166620_d_img_d18.zip
2020-07-12 20:28:06+00:00,2020-07-12 20:28:06.417000+00:00,2020-07-12 20:38:38.871000+00:00,3,"AFT,FORE,NADIR","NCA,NCF,NCN",True,True,True,True,3,ch2_tmc_nca_20200712T2028064170_d_img_d18.zip | ch2_tmc_ncf_20200712T2028064170_d_img_d18.zip | ch2_tmc_ncn_20200712T2028064496_d_img_d18.zip
2020-07-12 22:26:06+00:00,2020-07-12 22:26:05.704000+00:00,2020-07-12 22:36:36.615000+00:00,3,"AFT,FORE,NADIR","NCA,NCF,NCN",True,True,True,True,3,ch2_tmc_nca_20200712T2226057075_d_img_d18.zip | ch2_tmc_ncf_20200712T2226057043_d_img_d18.zip | ch2_tmc_ncn_20200712T2226057043_d_img_d18.zip
2020-07-13 02:22:03+00:00,2020-07-13 02:22:03.142000+00:00,2020-07-13 02:32:35.761000+00:00,3,"AFT,FORE,NADIR","NCA,NCF,NCN",True,True,True,True,3,ch2_tmc_nca_20200713T0222031460_d_img_d18.zip | ch2_tmc_ncf_20200713T0222031428_d_img_d18.zip | ch2_tmc_ncn_20200713T0222031428_d_img_d18.zip
2020-07-13 04:20:03+00:00,2020-07-13 04:20:02.952000+00:00,2020-07-13 04:30:34.755000+00:00,3,"AFT,FORE,NADIR","NCA,NCF,NCN",True,True,True,True,3,ch2_tmc_nca_20200713T0420029554_d_img_d18.zip | ch2_tmc_ncf_20200713T0420029521_d_img_d18.zip | ch2_tmc_ncn_20200713T0420029521_d_img_d18.zip
2020-07-14 01:59:30+00:00,2020-07-14 01:59:29.801000+00:00,2020-07-14 02:10:00.447000+00:00,3,"AFT,FORE,NADIR","NCA,NCF,NCN",True,True,True,True,3,ch2_tmc_nca_20200714T0159298018_d_img_d18.zip | ch2_tmc_ncf_20200714T0159298018_d_img_d18.zip | ch2_tmc_ncn_20200714T0159298018_d_img_d18.zip
2020-07-14 05:55:29+00:00,2020-07-14 05:55:29.151000+00:00,2020-07-14 06:06:01.847000+00:00,3,"AFT,FORE,NADIR","NCA,NCF,NCN",True,True,True,True,3,ch2_tmc_nca_20200714T0555291513_d_img_d18.zip | ch2_tmc_ncf_20200714T0555291545_d_img_d18.zip | ch2_tmc_ncn_20200714T0555291513_d_img_d18.zip
2020-07-14 19:41:27+00:00,2020-07-14 19:41:27.225000+00:00,2020-07-14 19:52:02.103000+00:00,3,"AFT,FORE,NADIR","NCA,NCF,NCN",True,True,True,True,3,ch2_tmc_nca_20200714T1941272288_d_img_d18.zip | ch2_tmc_ncf_20200714T1941272256_d_img_d18.zip | ch2_tmc_ncn_20200714T1941272256_d_img_d18.zip
2020-07-16 22:49:06+00:00,2020-07-16 22:49:05.970000+00:00,2020-07-16 22:59:39.951000+00:00,3,"AFT,FORE,NADIR","NCA,NCF,NCN",True,True,True,True,3,ch2_tmc_nca_20200716T2249059700_d_img_d18.zip | ch2_tmc_ncf_20200716T2249059733_d_img_d18.zip | ch2_tmc_ncn_20200716T2249059700_d_img_d18.zip
2020-07-17 04:43:00+00:00,2020-07-17 04:42:59.647000+00:00,2020-07-17 04:53:32.916000+00:00,3,"AFT,FORE,NADIR","NCA,NCF,NCN",True,True,True,True,3,ch2_tmc_nca_20200717T0442596471_d_img_d18.zip | ch2_tmc_ncf_20200717T0442596471_d_img_d18.zip | ch2_tmc_ncn_20200717T0442596796_d_img_d18.zip
2020-07-18 06:16:40+00:00,2020-07-18 06:16:40.453000+00:00,2020-07-18 06:27:14.431000+00:00,3,"AFT,FORE,NADIR","NCA,NCF,NCN",True,True,True,True,3,ch2_tmc_nca_20200718T0616404530_d_img_d18.zip | ch2_tmc_ncf_20200718T0616404530_d_img_d18.zip | ch2_tmc_ncn_20200718T0616404561_d_img_d18.zip
2020-07-18 08:14:40+00:00,2020-07-18 08:14:40.112000+00:00,2020-07-18 08:25:14.908000+00:00,3,"AFT,FORE,NADIR","NCA,NCF,NCN",True,True,True,True,3,ch2_tmc_nca_20200718T0814401159_d_img_d18.zip | ch2_tmc_ncf_20200718T0814401127_d_img_d18.zip | ch2_tmc_ncn_20200718T0814401127_d_img_d18.zip
2020-07-20 01:32:07+00:00,2020-07-20 01:32:06.814000+00:00,2020-07-20 01:42:42.715000+00:00,3,"AFT,FORE,NADIR","NCA,NCF,NCN",True,True,True,True,3,ch2_tmc_nca_20200720T0132068149_d_img_d18.zip | ch2_tmc_ncf_20200720T0132068149_d_img_d18.zip | ch2_tmc_ncn_20200720T0132068182_d_img_d18.zip
2020-07-20 03:30:04+00:00,2020-07-20 03:30:04.436000+00:00,2020-07-20 03:40:41.359000+00:00,3,"AFT,FORE,NADIR","NCA,NCF,NCN",True,True,True,True,3,ch2_tmc_nca_20200720T0330044397_d_img_d18.zip | ch2_tmc_ncf_20200720T0330044364_d_img_d18.zip | ch2_tmc_ncn_20200720T0330044364_d_img_d18.zip
2020-07-20 05:28:02+00:00,2020-07-20 05:28:02.194000+00:00,2020-07-20 05:38:40.140000+00:00,3,"AFT,FORE,NADIR","NCA,NCF,NCN",True,True,True,True,3,ch2_tmc_nca_20200720T0528021945_d_img_d18.zip | ch2_tmc_ncf_20200720T0528021978_d_img_d18.zip | ch2_tmc_ncn_20200720T0528021945_d_img_d18.zip
2020-07-20 07:26:01+00:00,2020-07-20 07:26:00.786000+00:00,2020-07-20 07:36:38.242000+00:00,3,"AFT,FORE,NADIR","NCA,NCF,NCN",True,True,True,True,3,ch2_tmc_nca_20200720T0726008186_d_img_d18.zip | ch2_tmc_ncf_20200720T0726007861_d_img_d18.zip | ch2_tmc_ncn_20200720T0726007861_d_img_d18.zip
2020-07-20 09:23:58+00:00,2020-07-20 09:23:57.657000+00:00,2020-07-20 09:34:35.144000+00:00,3,"AFT,FORE,NADIR","NCA,NCF,NCN",True,True,True,True,3,ch2_tmc_nca_20200720T0923576572_d_img_d18.zip | ch2_tmc_ncf_20200720T0923576572_d_img_d18.zip | ch2_tmc_ncn_20200720T0923576897_d_img_d18.zip
2020-07-20 11:21:57+00:00,2020-07-20 11:21:56.930000+00:00,2020-07-20 11:32:33.853000+00:00,3,"AFT,FORE,NADIR","NCA,NCF,NCN",True,True,True,True,3,ch2_tmc_nca_20200720T1121569308_d_img_d18.zip | ch2_tmc_ncf_20200720T1121569308_d_img_d18.zip | ch2_tmc_ncn_20200720T1121569340_d_img_d18.zip
2020-07-23 04:15:16+00:00,2020-07-23 04:15:15.846000+00:00,2020-07-23 04:25:50.850000+00:00,3,"AFT,FORE,NADIR","NCA,NCF,NCN",True,True,True,True,3,ch2_tmc_nca_20200723T0415158460_d_img_d18.zip | ch2_tmc_ncf_20200723T0415158460_d_img_d18.zip | ch2_tmc_ncn_20200723T0415158493_d_img_d18.zip
2020-07-23 06:13:17+00:00,2020-07-23 06:13:16.629000+00:00,2020-07-23 06:23:50.481000+00:00,3,"AFT,FORE,NADIR","NCA,NCF,NCN",True,True,True,True,3,ch2_tmc_nca_20200723T0613166295_d_img_d18.zip | ch2_tmc_ncf_20200723T0613166295_d_img_d18.zip | ch2_tmc_ncn_20200723T0613166327_d_img_d18.zip
2020-07-23 08:11:16+00:00,2020-07-23 08:11:16.438000+00:00,2020-07-23 08:21:52.338000+00:00,3,"AFT,FORE,NADIR","NCA,NCF,NCN",True,True,True,True,3,ch2_tmc_nca_20200723T0811164382_d_img_d18.zip | ch2_tmc_ncf_20200723T0811164382_d_img_d18.zip | ch2_tmc_ncn_20200723T0811164414_d_img_d18.zip
2020-07-23 10:09:17+00:00,2020-07-23 10:09:17.122000+00:00,2020-07-23 10:19:52.385000+00:00,3,"AFT,FORE,NADIR","NCA,NCF,NCN",True,True,True,True,3,ch2_tmc_nca_20200723T1009171225_d_img_d18.zip | ch2_tmc_ncf_20200723T1009171258_d_img_d18.zip | ch2_tmc_ncn_20200723T1009171225_d_img_d18.zip
2020-07-23 12:07:17+00:00,2020-07-23 12:07:16.943000+00:00,2020-07-23 12:17:51.947000+00:00,3,"AFT,FORE,NADIR","NCA,NCF,NCN",True,True,True,True,3,ch2_tmc_nca_20200723T1207169437_d_img_d18.zip | ch2_tmc_ncf_20200723T1207169469_d_img_d18.zip | ch2_tmc_ncn_20200723T1207169437_d_img_d18.zip
2020-07-24 03:51:17+00:00,2020-07-24 03:51:17.131000+00:00,2020-07-24 04:01:53.289000+00:00,3,"AFT,FORE,NADIR","NCA,NCF,NCN",True,True,True,True,3,ch2_tmc_nca_20200724T0351171346_d_img_d18.zip | ch2_tmc_ncf_20200724T0351171314_d_img_d18.zip | ch2_tmc_ncn_20200724T0351171314_d_img_d18.zip
2020-07-24 07:47:18+00:00,2020-07-24 07:47:17.976000+00:00,2020-07-24 07:57:53.877000+00:00,3,"AFT,FORE,NADIR","NCA,NCF,NCN",True,True,True,True,3,ch2_tmc_nca_20200724T0747179800_d_img_d18.zip | ch2_tmc_ncf_20200724T0747179769_d_img_d18.zip | ch2_tmc_ncn_20200724T0747179769_d_img_d18.zip
2020-07-24 09:45:16+00:00,2020-07-24 09:45:15.733000+00:00,2020-07-24 09:55:53.692000+00:00,3,"AFT,FORE,NADIR","NCA,NCF,NCN",True,True,True,True,3,ch2_tmc_nca_20200724T0945157369_d_img_d18.zip | ch2_tmc_ncf_20200724T0945157336_d_img_d18.zip | ch2_tmc_ncn_20200724T0945157336_d_img_d18.zip
2020-07-24 11:43:16+00:00,2020-07-24 11:43:16.427000+00:00,2020-07-24 11:53:53.480000+00:00,3,"AFT,FORE,NADIR","NCA,NCF,NCN",True,True,True,True,3,ch2_tmc_nca_20200724T1143164279_d_img_d18.zip | ch2_tmc_ncf_20200724T1143164310_d_img_d18.zip | ch2_tmc_ncn_20200724T1143164279_d_img_d18.zip
2020-07-24 13:41:16+00:00,2020-07-24 13:41:16.363000+00:00,2020-07-24 13:51:54.308000+00:00,3,"AFT,FORE,NADIR","NCA,NCF,NCN",True,True,True,True,3,ch2_tmc_nca_20200724T1341163634_d_img_d18.zip | ch2_tmc_ncf_20200724T1341163634_d_img_d18.zip | ch2_tmc_ncn_20200724T1341163667_d_img_d18.zip
2020-07-25 07:23:19+00:00,2020-07-25 07:23:19.172000+00:00,2020-07-25 07:33:57.248000+00:00,3,"AFT,FORE,NADIR","NCA,NCF,NCN",True,True,True,True,3,ch2_tmc_nca_20200725T0723191727_d_img_d18.zip | ch2_tmc_ncf_20200725T0723191727_d_img_d18.zip | ch2_tmc_ncn_20200725T0723191760_d_img_d18.zip
2020-07-25 09:21:19+00:00,2020-07-25 09:21:18.931000+00:00,2020-07-25 09:25:10.218000+00:00,3,"AFT,FORE,NADIR","NCA,NCF,NCN",True,True,True,True,3,ch2_tmc_nca_20200725T0921189343_d_img_d18.zip | ch2_tmc_ncf_20200725T0921189310_d_img_d18.zip | ch2_tmc_ncn_20200725T0921189310_d_img_d18.zip
2020-07-25 09:24:18+00:00,2020-07-25 09:24:17.964000+00:00,2020-07-25 09:31:57.899000+00:00,3,"AFT,FORE,NADIR","NCA,NCF,NCN",True,True,True,True,3,ch2_tmc_nca_20200725T0924179646_d_img_d18.zip | ch2_tmc_ncf_20200725T0924179646_d_img_d18.zip | ch2_tmc_ncn_20200725T0924179646_d_img_d18.zip
2020-07-25 11:19:21+00:00,2020-07-25 11:19:20.664000+00:00,2020-07-25 11:29:59.765000+00:00,3,"AFT,FORE,NADIR","NCA,NCF,NCN",True,True,True,True,3,ch2_tmc_nca_20200725T1119206641_d_img_d18.zip | ch2_tmc_ncf_20200725T1119206641_d_img_d18.zip | ch2_tmc_ncn_20200725T1119206674_d_img_d18.zip
2020-07-25 13:17:20+00:00,2020-07-25 13:17:19.555000+00:00,2020-07-25 13:27:59.552000+00:00,3,"AFT,FORE,NADIR","NCA,NCF,NCN",True,True,True,True,3,ch2_tmc_nca_20200725T1317195551_d_img_d18.zip | ch2_tmc_ncf_20200725T1317195584_d_img_d18.zip | ch2_tmc_ncn_20200725T1317195551_d_img_d18.zip
2020-07-25 15:15:21+00:00,2020-07-25 15:15:21.408000+00:00,2020-07-25 15:25:59.486000+00:00,3,"AFT,FORE,NADIR","NCA,NCF,NCN",True,True,True,True,3,ch2_tmc_nca_20200725T1515214117_d_img_d18.zip | ch2_tmc_ncf_20200725T1515214084_d_img_d18.zip | ch2_tmc_ncn_20200725T1515214084_d_img_d18.zip
2020-07-26 12:53:27+00:00,2020-07-26 12:53:26.743000+00:00,2020-07-26 13:04:06.866000+00:00,3,"AFT,FORE,NADIR","NCA,NCF,NCN",True,True,True,True,3,ch2_tmc_nca_20200726T1253267430_d_img_d18.zip | ch2_tmc_ncf_20200726T1253267430_d_img_d18.zip | ch2_tmc_ncn_20200726T1253267462_d_img_d18.zip
2020-07-27 06:35:15+00:00,2020-07-27 06:35:14.689000+00:00,2020-07-27 06:45:56.861000+00:00,3,"AFT,FORE,NADIR","NCA,NCF,NCN",True,True,True,True,3,ch2_tmc_nca_20200727T0635146925_d_img_d18.zip | ch2_tmc_ncf_20200727T0635146893_d_img_d18.zip | ch2_tmc_ncn_20200727T0635146893_d_img_d18.zip
2020-07-28 12:05:13+00:00,2020-07-28 12:05:12.929000+00:00,2020-07-28 12:15:54.751000+00:00,3,"AFT,FORE,NADIR","NCA,NCF,NCN",True,True,True,True,3,ch2_tmc_nca_20200728T1205129291_d_img_d18.zip | ch2_tmc_ncf_20200728T1205129323_d_img_d18.zip | ch2_tmc_ncn_20200728T1205129291_d_img_d18.zip
2020-07-29 11:40:55+00:00,2020-07-29 11:40:55.239000+00:00,2020-07-29 11:51:35.363000+00:00,3,"AFT,FORE,NADIR","NCA,NCF,NCN",True,True,True,True,3,ch2_tmc_nca_20200729T1140552399_d_img_d18.zip | ch2_tmc_ncf_20200729T1140552432_d_img_d18.zip | ch2_tmc_ncn_20200729T1140552399_d_img_d18.zip
2020-07-29 15:36:52+00:00,2020-07-29 15:36:52.163000+00:00,2020-07-29 15:47:34.335000+00:00,3,"AFT,FORE,NADIR","NCA,NCF,NCN",True,True,True,True,3,ch2_tmc_nca_20200729T1536521638_d_img_d18.zip | ch2_tmc_ncf_20200729T1536521638_d_img_d18.zip | ch2_tmc_ncn_20200729T1536521671_d_img_d18.zip
2020-07-30 14:52:35+00:00,2020-07-30 14:52:34.852000+00:00,2020-07-30 15:03:12.801000+00:00,3,"AFT,FORE,NADIR","NCA,NCF,NCN",True,True,True,True,3,ch2_tmc_nca_20200730T1452348525_d_img_d18.zip | ch2_tmc_ncf_20200730T1452348558_d_img_d18.zip | ch2_tmc_ncn_20200730T1452348525_d_img_d18.zip
2020-07-31 14:48:11+00:00,2020-07-31 14:48:11.104000+00:00,2020-07-31 14:58:45.979000+00:00,3,"AFT,FORE,NADIR","NCA,NCF,NCN",True,True,True,True,3,ch2_tmc_nca_20200731T1448111076_d_img_d18.zip | ch2_tmc_ncf_20200731T1448111043_d_img_d18.zip | ch2_tmc_ncn_20200731T1448111043_d_img_d18.zip
2020-08-01 10:28:01+00:00,2020-08-01 10:28:00.787000+00:00,2020-08-01 10:38:35.795000+00:00,3,"AFT,FORE,NADIR","NCA,NCF,NCN",True,True,True,True,3,ch2_tmc_nca_20200801T1028007876_d_img_d18.zip | ch2_tmc_ncf_20200801T1028007876_d_img_d18.zip | ch2_tmc_ncn_20200801T1028007908_d_img_d18.zip
2020-08-01 16:21:58+00:00,2020-08-01 16:21:57.985000+00:00,2020-08-01 16:32:31.837000+00:00,3,"AFT,FORE,NADIR","NCA,NCF,NCN",True,True,True,True,3,ch2_tmc_nca_20200801T1621579855_d_img_d18.zip | ch2_tmc_ncf_20200801T1621579855_d_img_d18.zip | ch2_tmc_ncn_20200801T1621579887_d_img_d18.zip
2020-08-02 15:57:44+00:00,2020-08-02 15:57:43.750000+00:00,2020-08-02 16:08:13.635000+00:00,3,"AFT,FORE,NADIR","NCA,NCF,NCN",True,True,True,True,3,ch2_tmc_nca_20200802T1557437507_d_img_d18.zip | ch2_tmc_ncf_20200802T1557437507_d_img_d18.zip | ch2_tmc_ncn_20200802T1557437540_d_img_d18.zip
2020-08-02 19:53:39+00:00,2020-08-02 19:53:39.469000+00:00,2020-08-02 20:04:09.753000+00:00,3,"AFT,FORE,NADIR","NCA,NCF,NCN",True,True,True,True,3,ch2_tmc_nca_20200802T1953394724_d_img_d18.zip | ch2_tmc_ncf_20200802T1953394691_d_img_d18.zip | ch2_tmc_ncn_20200802T1953394691_d_img_d18.zip
2020-08-03 17:31:02+00:00,2020-08-03 17:31:01.932000+00:00,2020-08-03 17:41:31.817000+00:00,3,"AFT,FORE,NADIR","NCA,NCF,NCN",True,True,True,True,3,ch2_tmc_nca_20200803T1731019323_d_img_d18.zip | ch2_tmc_ncf_20200803T1731019323_d_img_d18.zip | ch2_tmc_ncn_20200803T1731019356_d_img_d18.zip
2020-08-04 13:10:43+00:00,2020-08-04 13:10:42.566000+00:00,2020-08-04 13:19:47.460000+00:00,3,"AFT,FORE,NADIR","NCA,NCF,NCN",True,True,True,True,4,ch2_tmc_nca_20200804T1310425663_d_img_d18.zip | ch2_tmc_nca_20200804T1310425694_d_img_d18.zip | ch2_tmc_ncf_20200804T1310425663_d_img_d18.zip | ch2_tmc_ncn_20200804T1310425663_d_img_d18.zip
2020-11-17 09:41:20+00:00,2020-11-17 09:41:20.188000+00:00,2020-11-17 09:51:40.853000+00:00,3,"AFT,FORE,NADIR","NCA,NCF,NCN",True,True,True,True,3,ch2_tmc_nca_20201117T0941201883_d_img_d18.zip | ch2_tmc_ncf_20201117T0941201883_d_img_d18.zip | ch2_tmc_ncn_20201117T0941201916_d_img_d18.zip
2020-11-18 05:20:18+00:00,2020-11-18 05:20:17.905000+00:00,2020-11-18 05:30:36.522000+00:00,3,"AFT,FORE,NADIR","NCA,NCF,NCN",True,True,True,True,3,ch2_tmc_nca_20201118T0520179091_d_img_d18.zip | ch2_tmc_ncf_20201118T0520179058_d_img_d18.zip | ch2_tmc_ncn_20201118T0520179058_d_img_d18.zip
2020-11-18 09:16:09+00:00,2020-11-18 09:16:08.546000+00:00,2020-11-18 09:26:28.188000+00:00,3,"AFT,FORE,NADIR","NCA,NCF,NCN",True,True,True,True,3,ch2_tmc_nca_20201118T0916085499_d_img_d18.zip | ch2_tmc_ncf_20201118T0916085466_d_img_d18.zip | ch2_tmc_ncn_20201118T0916085466_d_img_d18.zip
2020-11-19 12:46:56+00:00,2020-11-19 12:46:55.508000+00:00,2020-11-19 12:57:16.177000+00:00,3,"AFT,FORE,NADIR","NCA,NCF,NCN",True,True,True,True,3,ch2_tmc_nca_20201119T1246555088_d_img_d18.zip | ch2_tmc_ncf_20201119T1246555088_d_img_d18.zip | ch2_tmc_ncn_20201119T1246555120_d_img_d18.zip
2020-11-21 08:00:47+00:00,2020-11-21 08:00:46.595000+00:00,2020-11-21 08:11:09.183000+00:00,3,"AFT,FORE,NADIR","NCA,NCF,NCN",True,True,True,True,3,ch2_tmc_nca_20201121T0800465954_d_img_d18.zip | ch2_tmc_ncf_20201121T0800465954_d_img_d18.zip | ch2_tmc_ncn_20201121T0800465987_d_img_d18.zip
2020-11-21 09:58:41+00:00,2020-11-21 09:58:41.284000+00:00,2020-11-21 10:09:02.976000+00:00,3,"AFT,FORE,NADIR","NCA,NCF,NCN",True,True,True,True,3,ch2_tmc_nca_20201121T0958412880_d_img_d18.zip | ch2_tmc_ncf_20201121T0958412848_d_img_d18.zip | ch2_tmc_ncn_20201121T0958412848_d_img_d18.zip
2020-11-22 07:35:45+00:00,2020-11-22 07:35:45.212000+00:00,2020-11-22 07:46:06.777000+00:00,3,"AFT,FORE,NADIR","NCA,NCF,NCN",True,True,True,True,3,ch2_tmc_nca_20201122T0735452156_d_img_d18.zip | ch2_tmc_ncf_20201122T0735452124_d_img_d18.zip | ch2_tmc_ncn_20201122T0735452124_d_img_d18.zip
2020-11-22 13:29:34+00:00,2020-11-22 13:29:34.458000+00:00,2020-11-22 13:39:53.785000+00:00,3,"AFT,FORE,NADIR","NCA,NCF,NCN",True,True,True,True,3,ch2_tmc_nca_20201122T1329344582_d_img_d18.zip | ch2_tmc_ncf_20201122T1329344582_d_img_d18.zip | ch2_tmc_ncn_20201122T1329344614_d_img_d18.zip
2020-11-22 15:27:27+00:00,2020-11-22 15:27:27.229000+00:00,2020-11-22 15:37:48.921000+00:00,3,"AFT,FORE,NADIR","NCA,NCF,NCN",True,True,True,True,3,ch2_tmc_nca_20201122T1527272295_d_img_d18.zip | ch2_tmc_ncf_20201122T1527272295_d_img_d18.zip | ch2_tmc_ncn_20201122T1527272327_d_img_d18.zip
2021-05-12 08:29:02+00:00,2021-05-12 08:29:02.362000+00:00,2021-05-12 08:38:26.894000+00:00,3,"AFT,FORE,NADIR","NCA,NCF,NCN",True,True,True,True,3,ch2_tmc_nca_20210512T0829023655_d_img_d18.zip | ch2_tmc_ncf_20210512T0829023624_d_img_d18.zip | ch2_tmc_ncn_20210512T0829023655_d_img_d18.zip
2021-05-13 02:23:43+00:00,2021-05-13 02:23:43.350000+00:00,2021-05-13 02:31:41.426000+00:00,3,"AFT,FORE,NADIR","NCA,NCF,NCN",True,True,True,True,3,ch2_tmc_nca_20210513T0223433535_d_img_d18.zip | ch2_tmc_ncf_20210513T0223433535_d_img_d18.zip | ch2_tmc_ncn_20210513T0223433503_d_img_d18.zip
2021-05-13 06:20:57+00:00,2021-05-13 06:20:56.587000+00:00,2021-05-13 06:29:48.481000+00:00,3,"AFT,FORE,NADIR","NCA,NCF,NCN",True,True,True,True,3,ch2_tmc_nca_20210513T0620565877_d_img_d18.zip | ch2_tmc_ncf_20210513T0620565909_d_img_d18.zip | ch2_tmc_ncn_20210513T0620565877_d_img_d18.zip
2021-05-13 10:18:12+00:00,2021-05-13 10:18:11.801000+00:00,2021-05-13 10:27:17.743000+00:00,3,"AFT,FORE,NADIR","NCA,NCF,NCN",True,True,True,True,3,ch2_tmc_nca_20210513T1018118014_d_img_d18.zip | ch2_tmc_ncf_20210513T1018118014_d_img_d18.zip | ch2_tmc_ncn_20210513T1018118046_d_img_d18.zip
2021-05-14 04:05:52+00:00,2021-05-14 04:05:52.175000+00:00,2021-05-14 04:14:07.402000+00:00,3,"AFT,FORE,NADIR","NCA,NCF,NCN",True,True,True,True,3,ch2_tmc_nca_20210514T0405521758_d_img_d18.zip | ch2_tmc_ncf_20210514T0405521790_d_img_d18.zip | ch2_tmc_ncn_20210514T0405521758_d_img_d18.zip
2021-05-14 06:04:32+00:00,2021-05-14 06:04:31.733000+00:00,2021-05-14 06:14:08.575000+00:00,3,"AFT,FORE,NADIR","NCA,NCF,NCN",True,True,True,True,3,ch2_tmc_nca_20210514T0604317335_d_img_d18.zip | ch2_tmc_ncf_20210514T0604317367_d_img_d18.zip | ch2_tmc_ncn_20210514T0604317335_d_img_d18.zip
2021-05-14 08:03:11+00:00,2021-05-14 08:03:11.406000+00:00,2021-05-14 08:13:02.306000+00:00,3,"AFT,FORE,NADIR","NCA,NCF,NCN",True,True,True,True,3,ch2_tmc_nca_20210514T0803114100_d_img_d18.zip | ch2_tmc_ncf_20210514T0803114068_d_img_d18.zip | ch2_tmc_ncn_20210514T0803114100_d_img_d18.zip
2021-05-14 10:01:49+00:00,2021-05-14 10:01:49.387000+00:00,2021-05-14 10:11:40.228000+00:00,3,"AFT,FORE,NADIR","NCA,NCF,NCN",True,True,True,True,3,ch2_tmc_nca_20210514T1001493903_d_img_d18.zip | ch2_tmc_ncf_20210514T1001493870_d_img_d18.zip | ch2_tmc_ncn_20210514T1001493870_d_img_d18.zip
2021-05-14 12:00:28+00:00,2021-05-14 12:00:27.962000+00:00,2021-05-14 12:10:19.832000+00:00,3,"AFT,FORE,NADIR","NCA,NCF,NCN",True,True,True,True,3,ch2_tmc_nca_20210514T1200279656_d_img_d18.zip | ch2_tmc_ncf_20210514T1200279624_d_img_d18.zip | ch2_tmc_ncn_20210514T1200279624_d_img_d18.zip
2021-05-15 03:50:27+00:00,2021-05-15 03:50:27.473000+00:00,2021-05-15 03:57:07.609000+00:00,3,"AFT,FORE,NADIR","NCA,NCF,NCN",True,True,True,True,3,ch2_tmc_nca_20210515T0350274763_d_img_d18.zip | ch2_tmc_ncf_20210515T0350274731_d_img_d18.zip | ch2_tmc_ncn_20210515T0350274731_d_img_d18.zip
2021-05-15 05:50:18+00:00,2021-05-15 05:50:18.324000+00:00,2021-05-15 05:56:58.700000+00:00,3,"AFT,FORE,NADIR","NCA,NCF,NCN",True,True,True,True,3,ch2_tmc_nca_20210515T0550183240_d_img_d18.zip | ch2_tmc_ncf_20210515T0550183240_d_img_d18.zip | ch2_tmc_ncn_20210515T0550183574_d_img_d18.zip
2021-05-16 05:32:07+00:00,2021-05-16 05:32:06.839000+00:00,2021-05-16 05:40:42.937000+00:00,3,"AFT,FORE,NADIR","NCA,NCF,NCN",True,True,True,True,3,ch2_tmc_nca_20210516T0532068398_d_img_d18.zip | ch2_tmc_ncf_20210516T0532068398_d_img_d18.zip | ch2_tmc_ncn_20210516T0532068398_d_img_d18.zip
2021-05-16 07:30:47+00:00,2021-05-16 07:30:46.689000+00:00,2021-05-16 07:40:19.208000+00:00,3,"AFT,FORE,NADIR","NCA,NCF,NCN",True,True,True,True,3,ch2_tmc_nca_20210516T0730466892_d_img_d18.zip | ch2_tmc_ncf_20210516T0730466892_d_img_d18.zip | ch2_tmc_ncn_20210516T0730466925_d_img_d18.zip
2021-05-16 13:26:38+00:00,2021-05-16 13:26:37.546000+00:00,2021-05-16 13:36:33.507000+00:00,3,"AFT,FORE,NADIR","NCA,NCF,NCN",True,True,True,True,3,ch2_tmc_nca_20210516T1326375498_d_img_d18.zip | ch2_tmc_ncf_20210516T1326375466_d_img_d18.zip | ch2_tmc_ncn_20210516T1326375466_d_img_d18.zip
2021-05-17 07:14:19+00:00,2021-05-17 07:14:18.690000+00:00,2021-05-17 07:22:43.385000+00:00,3,"AFT,FORE,NADIR","NCA,NCF,NCN",True,True,True,True,3,ch2_tmc_nca_20210517T0714186933_d_img_d18.zip | ch2_tmc_ncf_20210517T0714186901_d_img_d18.zip | ch2_tmc_ncn_20210517T0714186901_d_img_d18.zip
2021-05-17 11:11:36+00:00,2021-05-17 11:11:35.859000+00:00,2021-05-17 11:21:31.949000+00:00,3,"AFT,FORE,NADIR","NCA,NCF,NCN",True,True,True,True,3,ch2_tmc_nca_20210517T1111358628_d_img_d18.zip | ch2_tmc_ncf_20210517T1111358595_d_img_d18.zip | ch2_tmc_ncn_20210517T1111358595_d_img_d18.zip
2021-05-17 13:10:14+00:00,2021-05-17 13:10:14.447000+00:00,2021-05-17 13:20:10.541000+00:00,3,"AFT,FORE,NADIR","NCA,NCF,NCN",True,True,True,True,3,ch2_tmc_nca_20210517T1310144473_d_img_d18.zip | ch2_tmc_ncf_20210517T1310144473_d_img_d18.zip | ch2_tmc_ncn_20210517T1310144506_d_img_d18.zip
2021-05-17 15:08:53+00:00,2021-05-17 15:08:53.217000+00:00,2021-05-17 15:17:29.462000+00:00,3,"AFT,FORE,NADIR","NCA,NCF,NCN",True,True,True,True,3,ch2_tmc_nca_20210517T1508532205_d_img_d18.zip | ch2_tmc_ncf_20210517T1508532173_d_img_d18.zip | ch2_tmc_ncn_20210517T1508532205_d_img_d18.zip
2021-05-18 06:58:13+00:00,2021-05-18 06:58:13.320000+00:00,2021-05-18 07:06:49.198000+00:00,3,"AFT,FORE,NADIR","NCA,NCF,NCN",True,True,True,True,3,ch2_tmc_nca_20210518T0658133241_d_img_d18.zip | ch2_tmc_ncf_20210518T0658133208_d_img_d18.zip | ch2_tmc_ncn_20210518T0658133208_d_img_d18.zip
2021-05-18 14:55:58+00:00,2021-05-18 14:55:58.483000+00:00,2021-05-18 15:05:18.982000+00:00,3,"AFT,FORE,NADIR","NCA,NCF,NCN",True,True,True,True,3,ch2_tmc_nca_20210518T1455584863_d_img_d18.zip | ch2_tmc_ncf_20210518T1455584831_d_img_d18.zip | ch2_tmc_ncn_20210518T1455584831_d_img_d18.zip
2021-05-18 16:56:11+00:00,2021-05-18 16:56:11.222000+00:00,2021-05-18 17:05:41.273000+00:00,1,FORE,NCF,False,False,True,False,1,ch2_tmc_ncf_20210518T1656112224_d_img_d18.zip
2021-05-18 16:56:12+00:00,2021-05-18 16:56:11.547000+00:00,2021-05-18 17:05:41.273000+00:00,2,"AFT,NADIR","NCA,NCN",True,True,False,False,2,ch2_tmc_nca_20210518T1656115474_d_img_d18.zip | ch2_tmc_ncn_20210518T1656115474_d_img_d18.zip
2021-05-19 06:57:40+00:00,2021-05-19 06:57:39.742000+00:00,2021-05-19 07:06:25.410000+00:00,3,"AFT,FORE,NADIR","NCA,NCF,NCN",True,True,True,True,3,ch2_tmc_nca_20210519T0657397427_d_img_d18.zip | ch2_tmc_ncf_20210519T0657397460_d_img_d18.zip | ch2_tmc_ncn_20210519T0657397427_d_img_d18.zip
2021-05-20 17:01:22+00:00,2021-05-20 17:01:22.488000+00:00,2021-05-20 17:11:19.602000+00:00,3,"AFT,FORE,NADIR","NCA,NCF,NCN",True,True,True,True,3,ch2_tmc_nca_20210520T1701224921_d_img_d18.zip | ch2_tmc_ncf_20210520T1701224888_d_img_d18.zip | ch2_tmc_ncn_20210520T1701224888_d_img_d18.zip
2021-05-21 11:03:41+00:00,2021-05-21 11:03:41.460000+00:00,2021-05-21 11:13:28.435000+00:00,3,"AFT,FORE,NADIR","NCA,NCF,NCN",True,True,True,True,3,ch2_tmc_nca_20210521T1103414631_d_img_d18.zip | ch2_tmc_ncf_20210521T1103414600_d_img_d18.zip | ch2_tmc_ncn_20210521T1103414600_d_img_d18.zip
2021-05-22 15:06:57+00:00,2021-05-22 15:06:56.672000+00:00,2021-05-22 15:16:55.708000+00:00,3,"AFT,FORE,NADIR","NCA,NCF,NCN",True,True,True,True,3,ch2_tmc_nca_20210522T1506566722_d_img_d18.zip | ch2_tmc_ncf_20210522T1506566722_d_img_d18.zip | ch2_tmc_ncn_20210522T1506566755_d_img_d18.zip
2021-05-23 11:09:15+00:00,2021-05-23 11:09:14.554000+00:00,2021-05-23 11:17:39.525000+00:00,3,"AFT,FORE,NADIR","NCA,NCF,NCN",True,True,True,True,3,ch2_tmc_nca_20210523T1109145540_d_img_d18.zip | ch2_tmc_ncf_20210523T1109145540_d_img_d18.zip | ch2_tmc_ncn_20210523T1109145572_d_img_d18.zip
2021-05-23 17:09:45+00:00,2021-05-23 17:09:45.121000+00:00,2021-05-23 17:19:44.482000+00:00,3,"AFT,FORE,NADIR","NCA,NCF,NCN",True,True,True,True,3,ch2_tmc_nca_20210523T1709451526_d_img_d18.zip | ch2_tmc_ncf_20210523T1709451213_d_img_d18.zip | ch2_tmc_ncn_20210523T1709451213_d_img_d18.zip
2021-05-24 13:11:57+00:00,2021-05-24 13:11:56.846000+00:00,2021-05-24 13:20:11.630000+00:00,3,"AFT,FORE,NADIR","NCA,NCF,NCN",True,True,True,True,3,ch2_tmc_nca_20210524T1311568462_d_img_d18.zip | ch2_tmc_ncf_20210524T1311568494_d_img_d18.zip | ch2_tmc_ncn_20210524T1311568462_d_img_d18.zip
2021-05-24 15:12:10+00:00,2021-05-24 15:12:09.827000+00:00,2021-05-24 15:21:40.904000+00:00,3,"AFT,FORE,NADIR","NCA,NCF,NCN",True,True,True,True,3,ch2_tmc_nca_20210524T1512098273_d_img_d18.zip | ch2_tmc_ncf_20210524T1512098273_d_img_d18.zip | ch2_tmc_ncn_20210524T1512098273_d_img_d18.zip
2021-05-28 21:16:06+00:00,2021-05-28 21:16:05.611000+00:00,2021-05-28 21:32:25.674000+00:00,3,"AFT,FORE,NADIR","NCA,NCF,NCN",True,True,True,True,3,ch2_tmc_nca_20210528T2116056112_d_img_d18.zip | ch2_tmc_ncf_20210528T2116056112_d_img_d18.zip | ch2_tmc_ncn_20210528T2116056144_d_img_d18.zip
2021-05-29 17:18:08+00:00,2021-05-29 17:18:08.391000+00:00,2021-05-29 17:32:43.107000+00:00,3,"AFT,FORE,NADIR","NCA,NCF,NCN",True,True,True,True,3,ch2_tmc_nca_20210529T1718083910_d_img_d18.zip | ch2_tmc_ncf_20210529T1718083910_d_img_d18.zip | ch2_tmc_ncn_20210529T1718083910_d_img_d18.zip
2021-05-30 23:21:07+00:00,2021-05-30 23:21:06.753000+00:00,2021-05-30 23:37:44.254000+00:00,3,"AFT,FORE,NADIR","NCA,NCF,NCN",True,True,True,True,3,ch2_tmc_nca_20210530T2321067538_d_img_d18.zip | ch2_tmc_ncf_20210530T2321067538_d_img_d18.zip | ch2_tmc_ncn_20210530T2321067571_d_img_d18.zip
2021-05-31 19:23:04+00:00,2021-05-31 19:23:03.742000+00:00,2021-05-31 19:38:25.160000+00:00,3,"AFT,FORE,NADIR","NCA,NCF,NCN",True,True,True,True,3,ch2_tmc_nca_20210531T1923037425_d_img_d18.zip | ch2_tmc_ncf_20210531T1923037457_d_img_d18.zip | ch2_tmc_ncn_20210531T1923037425_d_img_d18.zip
2021-11-11 13:22:55+00:00,2021-11-11 13:22:55.390000+00:00,2021-11-11 13:33:12.809000+00:00,3,"AFT,FORE,NADIR","NCA,NCF,NCN",True,True,True,True,3,ch2_tmc_nca_20211111T1322553940_d_img_d18.zip | ch2_tmc_ncf_20211111T1322553909_d_img_d18.zip | ch2_tmc_ncn_20211111T1322553940_d_img_d18.zip
2021-11-11 15:21:39+00:00,2021-11-11 15:21:39.176000+00:00,2021-11-11 15:32:38.964000+00:00,3,"AFT,FORE,NADIR","NCA,NCF,NCN",True,True,True,True,3,ch2_tmc_nca_20211111T1521391797_d_img_d18.zip | ch2_tmc_ncf_20211111T1521391797_d_img_d18.zip | ch2_tmc_ncn_20211111T1521391765_d_img_d18.zip
2021-11-12 11:09:04+00:00,2021-11-12 11:09:03.791000+00:00,2021-11-12 11:18:24.117000+00:00,3,"AFT,FORE,NADIR","NCA,NCF,NCN",True,True,True,True,3,ch2_tmc_nca_20211112T1109037919_d_img_d18.zip | ch2_tmc_ncf_20211112T1109037919_d_img_d18.zip | ch2_tmc_ncn_20211112T1109037919_d_img_d18.zip
2021-11-12 13:07:48+00:00,2021-11-12 13:07:47.692000+00:00,2021-11-12 13:18:21.915000+00:00,3,"AFT,FORE,NADIR","NCA,NCF,NCN",True,True,True,True,3,ch2_tmc_nca_20211112T1307476929_d_img_d18.zip | ch2_tmc_ncf_20211112T1307476960_d_img_d18.zip | ch2_tmc_ncn_20211112T1307476929_d_img_d18.zip
2021-11-12 17:05:20+00:00,2021-11-12 17:05:19.588000+00:00,2021-11-12 17:16:28.256000+00:00,3,"AFT,FORE,NADIR","NCA,NCF,NCN",True,True,True,True,3,ch2_tmc_nca_20211112T1705195887_d_img_d18.zip | ch2_tmc_ncf_20211112T1705195887_d_img_d18.zip | ch2_tmc_ncn_20211112T1705195920_d_img_d18.zip
2021-11-13 08:55:23+00:00,2021-11-13 08:55:22.766000+00:00,2021-11-13 09:06:01.572000+00:00,3,"AFT,FORE,NADIR","NCA,NCF,NCN",True,True,True,True,3,ch2_tmc_nca_20211113T0855227698_d_img_d18.zip | ch2_tmc_ncf_20211113T0855227665_d_img_d18.zip | ch2_tmc_ncn_20211113T0855227665_d_img_d18.zip
2021-11-13 14:51:39+00:00,2021-11-13 14:51:38.757000+00:00,2021-11-13 15:02:36.734000+00:00,3,"AFT,FORE,NADIR","NCA,NCF,NCN",True,True,True,True,3,ch2_tmc_nca_20211113T1451387578_d_img_d18.zip | ch2_tmc_ncf_20211113T1451387610_d_img_d18.zip | ch2_tmc_ncn_20211113T1451387610_d_img_d18.zip
2021-11-13 16:50:24+00:00,2021-11-13 16:50:23.649000+00:00,2021-11-13 17:01:30.269000+00:00,3,"AFT,FORE,NADIR","NCA,NCF,NCN",True,True,True,True,3,ch2_tmc_nca_20211113T1650236525_d_img_d18.zip | ch2_tmc_ncf_20211113T1650236492_d_img_d18.zip | ch2_tmc_ncn_20211113T1650236492_d_img_d18.zip
2021-11-14 10:39:15+00:00,2021-11-14 10:39:15.373000+00:00,2021-11-14 10:50:05.550000+00:00,3,"AFT,FORE,NADIR","NCA,NCF,NCN",True,True,True,True,3,ch2_tmc_nca_20211114T1039153730_d_img_d18.zip | ch2_tmc_ncf_20211114T1039153730_d_img_d18.zip | ch2_tmc_ncn_20211114T1039153763_d_img_d18.zip
2021-11-14 16:17:33+00:00,2021-11-14 16:17:33.302000+00:00,2021-11-14 16:28:06.594000+00:00,3,"AFT,FORE,NADIR","NCA,NCF,NCN",True,True,True,True,3,ch2_tmc_nca_20211114T1617333024_d_img_d18.zip | ch2_tmc_ncf_20211114T1617333024_d_img_d18.zip | ch2_tmc_ncn_20211114T1617333024_d_img_d18.zip
2021-11-14 18:15:07+00:00,2021-11-14 18:15:07.440000+00:00,2021-11-14 18:26:05.473000+00:00,3,"AFT,FORE,NADIR","NCA,NCF,NCN",True,True,True,True,3,ch2_tmc_nca_20211114T1815074727_d_img_d18.zip | ch2_tmc_ncf_20211114T1815074402_d_img_d18.zip | ch2_tmc_ncn_20211114T1815074402_d_img_d18.zip
2021-11-15 09:55:37+00:00,2021-11-15 09:55:36.653000+00:00,2021-11-15 10:06:27.678000+00:00,3,"AFT,FORE,NADIR","NCA,NCF,NCN",True,True,True,True,3,ch2_tmc_nca_20211115T0955366570_d_img_d18.zip | ch2_tmc_ncf_20211115T0955366538_d_img_d18.zip | ch2_tmc_ncn_20211115T0955366570_d_img_d18.zip
2021-11-15 15:49:01+00:00,2021-11-15 15:49:01.391000+00:00,2021-11-15 16:00:05.963000+00:00,3,"AFT,FORE,NADIR","NCA,NCF,NCN",True,True,True,True,3,ch2_tmc_nca_20211115T1549013951_d_img_d18.zip | ch2_tmc_ncf_20211115T1549013919_d_img_d18.zip | ch2_tmc_ncn_20211115T1549013919_d_img_d18.zip
2021-11-15 19:45:32+00:00,2021-11-15 19:45:31.675000+00:00,2021-11-15 19:56:36.376000+00:00,3,"AFT,FORE,NADIR","NCA,NCF,NCN",True,True,True,True,3,ch2_tmc_nca_20211115T1945316792_d_img_d18.zip | ch2_tmc_ncf_20211115T1945316759_d_img_d18.zip | ch2_tmc_ncn_20211115T1945316759_d_img_d18.zip
2021-11-16 13:29:46+00:00,2021-11-16 13:29:46.196000+00:00,2021-11-16 13:40:18.967000+00:00,3,"AFT,FORE,NADIR","NCA,NCF,NCN",True,True,True,True,3,ch2_tmc_nca_20211116T1329461997_d_img_d18.zip | ch2_tmc_ncf_20211116T1329461965_d_img_d18.zip | ch2_tmc_ncn_20211116T1329461965_d_img_d18.zip
2021-11-16 17:26:14+00:00,2021-11-16 17:26:13.990000+00:00,2021-11-16 17:36:43.586000+00:00,3,"AFT,FORE,NADIR","NCA,NCF,NCN",True,True,True,True,3,ch2_tmc_nca_20211116T1726139934_d_img_d18.zip | ch2_tmc_ncf_20211116T1726139902_d_img_d18.zip | ch2_tmc_ncn_20211116T1726139902_d_img_d18.zip
2021-11-16 19:24:29+00:00,2021-11-16 19:24:28.857000+00:00,2021-11-16 19:35:32.406000+00:00,3,"AFT,FORE,NADIR","NCA,NCF,NCN",True,True,True,True,3,ch2_tmc_nca_20211116T1924288609_d_img_d18.zip | ch2_tmc_ncf_20211116T1924288577_d_img_d18.zip | ch2_tmc_ncn_20211116T1924288577_d_img_d18.zip
2021-11-17 11:10:24+00:00,2021-11-17 11:10:24.142000+00:00,2021-11-17 11:20:33.811000+00:00,3,"AFT,FORE,NADIR","NCA,NCF,NCN",True,True,True,True,3,ch2_tmc_nca_20211117T1110241429_d_img_d18.zip | ch2_tmc_ncf_20211117T1110241429_d_img_d18.zip | ch2_tmc_ncn_20211117T1110241429_d_img_d18.zip
2021-11-20 18:09:36+00:00,2021-11-20 18:09:35.549000+00:00,2021-11-20 18:20:03.386000+00:00,3,"AFT,FORE,NADIR","NCA,NCF,NCN",True,True,True,True,3,ch2_tmc_nca_20211120T1809355531_d_img_d18.zip | ch2_tmc_ncf_20211120T1809355499_d_img_d18.zip | ch2_tmc_ncn_20211120T1809355499_d_img_d18.zip
2021-11-20 22:06:01+00:00,2021-11-20 22:06:01.399000+00:00,2021-11-20 22:16:29.109000+00:00,3,"AFT,FORE,NADIR","NCA,NCF,NCN",True,True,True,True,3,ch2_tmc_nca_20211120T2206014026_d_img_d18.zip | ch2_tmc_ncf_20211120T2206013994_d_img_d18.zip | ch2_tmc_ncn_20211120T2206013994_d_img_d18.zip
2021-11-21 00:04:11+00:00,2021-11-21 00:04:10.678000+00:00,2021-11-21 00:14:41.585000+00:00,3,"AFT,FORE,NADIR","NCA,NCF,NCN",True,True,True,True,3,ch2_tmc_nca_20211121T0004106813_d_img_d18.zip | ch2_tmc_ncf_20211121T0004106781_d_img_d18.zip | ch2_tmc_ncn_20211121T0004106781_d_img_d18.zip
2021-11-21 15:49:56+00:00,2021-11-21 15:49:55.805000+00:00,2021-11-21 16:00:27.701000+00:00,3,"AFT,FORE,NADIR","NCA,NCF,NCN",True,True,True,True,3,ch2_tmc_nca_20211121T1549558059_d_img_d18.zip | ch2_tmc_ncf_20211121T1549558091_d_img_d18.zip | ch2_tmc_ncn_20211121T1549558059_d_img_d18.zip
2021-11-21 17:48:10+00:00,2021-11-21 17:48:09.556000+00:00,2021-11-21 17:58:39.310000+00:00,3,"AFT,FORE,NADIR","NCA,NCF,NCN",True,True,True,True,3,ch2_tmc_nca_20211121T1748095560_d_img_d18.zip | ch2_tmc_ncf_20211121T1748095560_d_img_d18.zip | ch2_tmc_ncn_20211121T1748095592_d_img_d18.zip
2021-11-21 19:46:26+00:00,2021-11-21 19:46:25.870000+00:00,2021-11-21 19:56:52.684000+00:00,3,"AFT,FORE,NADIR","NCA,NCF,NCN",True,True,True,True,3,ch2_tmc_nca_20211121T1946258708_d_img_d18.zip | ch2_tmc_ncf_20211121T1946258741_d_img_d18.zip | ch2_tmc_ncn_20211121T1946258708_d_img_d18.zip
2021-11-21 21:44:37+00:00,2021-11-21 21:44:37.325000+00:00,2021-11-21 21:55:07.799000+00:00,3,"AFT,FORE,NADIR","NCA,NCF,NCN",True,True,True,True,3,ch2_tmc_nca_20211121T2144373284_d_img_d18.zip | ch2_tmc_ncf_20211121T2144373252_d_img_d18.zip | ch2_tmc_ncn_20211121T2144373252_d_img_d18.zip
2021-11-21 23:42:50+00:00,2021-11-21 23:42:50.110000+00:00,2021-11-21 23:53:20.785000+00:00,1,FORE,NCF,False,False,True,False,1,ch2_tmc_ncf_20211121T2342501102_d_img_d18.zip
2021-11-21 23:42:51+00:00,2021-11-21 23:42:50.776000+00:00,2021-11-21 23:53:20.788000+00:00,2,"AFT,NADIR","NCA,NCN",True,True,False,False,2,ch2_tmc_nca_20211121T2342507769_d_img_d18.zip | ch2_tmc_ncn_20211121T2342507769_d_img_d18.zip
2021-11-22 15:28:44+00:00,2021-11-22 15:28:43.761000+00:00,2021-11-22 15:39:12.490000+00:00,3,"AFT,FORE,NADIR","NCA,NCF,NCN",True,True,True,True,3,ch2_tmc_nca_20211122T1528437615_d_img_d18.zip | ch2_tmc_ncf_20211122T1528437647_d_img_d18.zip | ch2_tmc_ncn_20211122T1528437615_d_img_d18.zip
2021-11-22 17:26:56+00:00,2021-11-22 17:26:56.207000+00:00,2021-11-22 17:37:27.244000+00:00,3,"AFT,FORE,NADIR","NCA,NCF,NCN",True,True,True,True,3,ch2_tmc_nca_20211122T1726562110_d_img_d18.zip | ch2_tmc_ncf_20211122T1726562077_d_img_d18.zip | ch2_tmc_ncn_20211122T1726562077_d_img_d18.zip
2021-11-22 19:25:08+00:00,2021-11-22 19:25:07.918000+00:00,2021-11-22 19:35:38.698000+00:00,3,"AFT,FORE,NADIR","NCA,NCF,NCN",True,True,True,True,3,ch2_tmc_nca_20211122T1925079181_d_img_d18.zip | ch2_tmc_ncf_20211122T1925079181_d_img_d18.zip | ch2_tmc_ncn_20211122T1925079214_d_img_d18.zip
2021-11-22 21:23:23+00:00,2021-11-22 21:23:22.568000+00:00,2021-11-22 21:33:53.349000+00:00,3,"AFT,FORE,NADIR","NCA,NCF,NCN",True,True,True,True,3,ch2_tmc_nca_20211122T2123225689_d_img_d18.zip | ch2_tmc_ncf_20211122T2123225722_d_img_d18.zip | ch2_tmc_ncn_20211122T2123225689_d_img_d18.zip
2021-11-22 23:21:36+00:00,2021-11-22 23:21:36.181000+00:00,2021-11-22 23:32:07.910000+00:00,3,"AFT,FORE,NADIR","NCA,NCF,NCN",True,True,True,True,3,ch2_tmc_nca_20211122T2321361810_d_img_d18.zip | ch2_tmc_ncf_20211122T2321361810_d_img_d18.zip | ch2_tmc_ncn_20211122T2321361843_d_img_d18.zip
2021-11-23 01:19:54+00:00,2021-11-23 01:19:53.778000+00:00,2021-11-23 01:30:22.510000+00:00,3,"AFT,FORE,NADIR","NCA,NCF,NCN",True,True,True,True,3,ch2_tmc_nca_20211123T0119537782_d_img_d18.zip | ch2_tmc_ncf_20211123T0119537782_d_img_d18.zip | ch2_tmc_ncn_20211123T0119537815_d_img_d18.zip
2021-11-23 17:05:35+00:00,2021-11-23 17:05:35.196000+00:00,2021-11-23 17:15:34.672000+00:00,3,"AFT,FORE,NADIR","NCA,NCF,NCN",True,True,True,True,3,ch2_tmc_nca_20211123T1705351967_d_img_d18.zip | ch2_tmc_ncf_20211123T1705351998_d_img_d18.zip | ch2_tmc_ncn_20211123T1705351967_d_img_d18.zip
2021-11-23 19:03:46+00:00,2021-11-23 19:03:45.920000+00:00,2021-11-23 19:14:20.797000+00:00,3,"AFT,FORE,NADIR","NCA,NCF,NCN",True,True,True,True,3,ch2_tmc_nca_20211123T1903459238_d_img_d18.zip | ch2_tmc_ncf_20211123T1903459206_d_img_d18.zip | ch2_tmc_ncn_20211123T1903459206_d_img_d18.zip
2021-11-23 21:01:59+00:00,2021-11-23 21:01:58.653000+00:00,2021-11-23 21:12:32.634000+00:00,3,"AFT,FORE,NADIR","NCA,NCF,NCN",True,True,True,True,3,ch2_tmc_nca_20211123T2101586530_d_img_d18.zip | ch2_tmc_ncf_20211123T2101586530_d_img_d18.zip | ch2_tmc_ncn_20211123T2101586563_d_img_d18.zip
2021-11-23 23:00:10+00:00,2021-11-23 23:00:10.360000+00:00,2021-11-23 23:10:45.364000+00:00,3,"AFT,FORE,NADIR","NCA,NCF,NCN",True,True,True,True,3,ch2_tmc_nca_20211123T2300103603_d_img_d18.zip | ch2_tmc_ncf_20211123T2300103603_d_img_d18.zip | ch2_tmc_ncn_20211123T2300103636_d_img_d18.zip
2021-11-24 00:58:24+00:00,2021-11-24 00:58:23.961000+00:00,2021-11-24 01:02:00.921000+00:00,3,"AFT,FORE,NADIR","NCA,NCF,NCN",True,True,True,True,3,ch2_tmc_nca_20211124T0058239650_d_img_d18.zip | ch2_tmc_ncf_20211124T0058239650_d_img_d18.zip | ch2_tmc_ncn_20211124T0058239617_d_img_d18.zip
2021-11-24 02:56:35+00:00,2021-11-24 02:56:35.184000+00:00,2021-11-24 03:07:11.844000+00:00,3,"AFT,FORE,NADIR","NCA,NCF,NCN",True,True,True,True,3,ch2_tmc_nca_20211124T0256351843_d_img_d18.zip | ch2_tmc_ncf_20211124T0256351875_d_img_d18.zip | ch2_tmc_ncn_20211124T0256351843_d_img_d18.zip
2021-11-24 16:44:05+00:00,2021-11-24 16:44:05.149000+00:00,2021-11-24 16:54:24.738000+00:00,3,"AFT,FORE,NADIR","NCA,NCF,NCN",True,True,True,True,6,ch2_tmc_nca_20211124T1644051529_d_img_d18.zip | ch2_tmc_nca_20211124T1644053407_d_img_d18.zip | ch2_tmc_ncf_20211124T1644051497_d_img_d18.zip | ch2_tmc_ncf_20211124T1644053374_d_img_d18.zip | ch2_tmc_ncn_20211124T1644051497_d_img_d18.zip | ch2_tmc_ncn_20211124T1644053407_d_img_d18.zip
2021-11-24 20:40:29+00:00,2021-11-24 20:40:29.465000+00:00,2021-11-24 20:51:03.443000+00:00,3,"AFT,FORE,NADIR","NCA,NCF,NCN",True,True,True,True,3,ch2_tmc_nca_20211124T2040294688_d_img_d18.zip | ch2_tmc_ncf_20211124T2040294655_d_img_d18.zip | ch2_tmc_ncn_20211124T2040294655_d_img_d18.zip
2021-11-24 22:38:42+00:00,2021-11-24 22:38:41.942000+00:00,2021-11-24 22:49:15.794000+00:00,3,"AFT,FORE,NADIR","NCA,NCF,NCN",True,True,True,True,3,ch2_tmc_nca_20211124T2238419458_d_img_d18.zip | ch2_tmc_ncf_20211124T2238419425_d_img_d18.zip | ch2_tmc_ncn_20211124T2238419425_d_img_d18.zip
2021-11-25 00:36:54+00:00,2021-11-25 00:36:54.419000+00:00,2021-11-25 00:47:26.222000+00:00,3,"AFT,FORE,NADIR","NCA,NCF,NCN",True,True,True,True,3,ch2_tmc_nca_20211125T0036544192_d_img_d18.zip | ch2_tmc_ncf_20211125T0036544225_d_img_d18.zip | ch2_tmc_ncn_20211125T0036544192_d_img_d18.zip
2021-11-25 02:35:06+00:00,2021-11-25 02:35:05.697000+00:00,2021-11-25 02:45:39.549000+00:00,3,"AFT,FORE,NADIR","NCA,NCF,NCN",True,True,True,True,3,ch2_tmc_nca_20211125T0235057011_d_img_d18.zip | ch2_tmc_ncf_20211125T0235056979_d_img_d18.zip | ch2_tmc_ncn_20211125T0235056979_d_img_d18.zip
2021-11-25 18:20:46+00:00,2021-11-25 18:20:45.884000+00:00,2021-11-25 18:33:48.707000+00:00,3,"AFT,FORE,NADIR","NCA,NCF,NCN",True,True,True,True,6,ch2_tmc_nca_20211125T1820458876_d_img_d18.zip | ch2_tmc_nca_20211125T1820459523_d_img_d18.zip | ch2_tmc_ncf_20211125T1820458845_d_img_d18.zip | ch2_tmc_ncf_20211125T1820459491_d_img_d18.zip | ch2_tmc_ncn_20211125T1820458845_d_img_d18.zip | ch2_tmc_ncn_20211125T1820459491_d_img_d18.zip
2021-11-25 20:18:59+00:00,2021-11-25 20:18:59.430000+00:00,2021-11-25 20:29:31.359000+00:00,3,"AFT,FORE,NADIR","NCA,NCF,NCN",True,True,True,True,3,ch2_tmc_nca_20211125T2018594303_d_img_d18.zip | ch2_tmc_ncf_20211125T2018594336_d_img_d18.zip | ch2_tmc_ncn_20211125T2018594303_d_img_d18.zip
2021-11-25 22:17:12+00:00,2021-11-25 22:17:11.905000+00:00,2021-11-25 22:27:45.757000+00:00,3,"AFT,FORE,NADIR","NCA,NCF,NCN",True,True,True,True,3,ch2_tmc_nca_20211125T2217119054_d_img_d18.zip | ch2_tmc_ncf_20211125T2217119054_d_img_d18.zip | ch2_tmc_ncn_20211125T2217119085_d_img_d18.zip
2021-11-26 00:15:24+00:00,2021-11-26 00:15:24.368000+00:00,2021-11-26 00:25:57.194000+00:00,3,"AFT,FORE,NADIR","NCA,NCF,NCN",True,True,True,True,3,ch2_tmc_nca_20211126T0015243721_d_img_d18.zip | ch2_tmc_ncf_20211126T0015243689_d_img_d18.zip | ch2_tmc_ncn_20211126T0015243689_d_img_d18.zip
2021-11-26 02:13:38+00:00,2021-11-26 02:13:38.124000+00:00,2021-11-26 02:24:07.882000+00:00,3,"AFT,FORE,NADIR","NCA,NCF,NCN",True,True,True,True,3,ch2_tmc_nca_20211126T0213381242_d_img_d18.zip | ch2_tmc_ncf_20211126T0213381242_d_img_d18.zip | ch2_tmc_ncn_20211126T0213381275_d_img_d18.zip
2021-11-26 04:11:52+00:00,2021-11-26 04:11:51.626000+00:00,2021-11-26 04:22:23.429000+00:00,3,"AFT,FORE,NADIR","NCA,NCF,NCN",True,True,True,True,3,ch2_tmc_nca_20211126T0411516262_d_img_d18.zip | ch2_tmc_ncf_20211126T0411516295_d_img_d18.zip | ch2_tmc_ncn_20211126T0411516262_d_img_d18.zip
2021-11-26 19:57:45+00:00,2021-11-26 19:57:44.556000+00:00,2021-11-26 20:08:05.273000+00:00,3,"AFT,FORE,NADIR","NCA,NCF,NCN",True,True,True,True,3,ch2_tmc_nca_20211126T1957445563_d_img_d18.zip | ch2_tmc_ncf_20211126T1957445888_d_img_d18.zip | ch2_tmc_ncn_20211126T1957445563_d_img_d18.zip
2021-11-26 21:56:01+00:00,2021-11-26 21:56:01.341000+00:00,2021-11-26 22:06:30.789000+00:00,3,"AFT,FORE,NADIR","NCA,NCF,NCN",True,True,True,True,3,ch2_tmc_nca_20211126T2156013416_d_img_d18.zip | ch2_tmc_ncf_20211126T2156013416_d_img_d18.zip | ch2_tmc_ncn_20211126T2156013741_d_img_d18.zip
2021-11-27 01:52:29+00:00,2021-11-27 01:52:28.803000+00:00,2021-11-27 02:02:58.687000+00:00,3,"AFT,FORE,NADIR","NCA,NCF,NCN",True,True,True,True,3,ch2_tmc_nca_20211127T0152288065_d_img_d18.zip | ch2_tmc_ncf_20211127T0152288033_d_img_d18.zip | ch2_tmc_ncn_20211127T0152288033_d_img_d18.zip
2021-11-27 03:50:41+00:00,2021-11-27 03:50:41.283000+00:00,2021-11-27 04:01:13.864000+00:00,3,"AFT,FORE,NADIR","NCA,NCF,NCN",True,True,True,True,3,ch2_tmc_nca_20211127T0350412830_d_img_d18.zip | ch2_tmc_ncf_20211127T0350412862_d_img_d18.zip | ch2_tmc_ncn_20211127T0350412830_d_img_d18.zip
2021-11-27 19:36:38+00:00,2021-11-27 19:36:38.326000+00:00,2021-11-27 19:46:53.927000+00:00,3,"AFT,FORE,NADIR","NCA,NCF,NCN",True,True,True,True,3,ch2_tmc_nca_20211127T1936383269_d_img_d18.zip | ch2_tmc_ncf_20211127T1936383301_d_img_d18.zip | ch2_tmc_ncn_20211127T1936383269_d_img_d18.zip
2021-11-27 21:34:54+00:00,2021-11-27 21:34:53.882000+00:00,2021-11-27 21:45:23.766000+00:00,3,"AFT,FORE,NADIR","NCA,NCF,NCN",True,True,True,True,3,ch2_tmc_nca_20211127T2134538820_d_img_d18.zip | ch2_tmc_ncf_20211127T2134538820_d_img_d18.zip | ch2_tmc_ncn_20211127T2134538852_d_img_d18.zip
2021-11-27 23:33:09+00:00,2021-11-27 23:33:08.538000+00:00,2021-11-27 23:43:38.422000+00:00,3,"AFT,FORE,NADIR","NCA,NCF,NCN",True,True,True,True,3,ch2_tmc_nca_20211127T2333085411_d_img_d18.zip | ch2_tmc_ncf_20211127T2333085380_d_img_d18.zip | ch2_tmc_ncn_20211127T2333085380_d_img_d18.zip
2021-11-28 01:31:24+00:00,2021-11-28 01:31:23.642000+00:00,2021-11-28 01:41:52.932000+00:00,3,"AFT,FORE,NADIR","NCA,NCF,NCN",True,True,True,True,3,ch2_tmc_nca_20211128T0131236746_d_img_d18.zip | ch2_tmc_ncf_20211128T0131236422_d_img_d18.zip | ch2_tmc_ncn_20211128T0131236422_d_img_d18.zip
2021-11-28 03:29:37+00:00,2021-11-28 03:29:37.444000+00:00,2021-11-28 03:40:08.354000+00:00,3,"AFT,FORE,NADIR","NCA,NCF,NCN",True,True,True,True,3,ch2_tmc_nca_20211128T0329374478_d_img_d18.zip | ch2_tmc_ncf_20211128T0329374445_d_img_d18.zip | ch2_tmc_ncn_20211128T0329374445_d_img_d18.zip
2021-11-28 05:27:52+00:00,2021-11-28 05:27:52.226000+00:00,2021-11-28 05:38:23.262000+00:00,3,"AFT,FORE,NADIR","NCA,NCF,NCN",True,True,True,True,3,ch2_tmc_nca_20211128T0527522260_d_img_d18.zip | ch2_tmc_ncf_20211128T0527522293_d_img_d18.zip | ch2_tmc_ncn_20211128T0527522260_d_img_d18.zip
2021-11-28 21:13:51+00:00,2021-11-28 21:13:51.186000+00:00,2021-11-28 21:24:03.377000+00:00,3,"AFT,FORE,NADIR","NCA,NCF,NCN",True,True,True,True,3,ch2_tmc_nca_20211128T2113511860_d_img_d18.zip | ch2_tmc_ncf_20211128T2113511860_d_img_d18.zip | ch2_tmc_ncn_20211128T2113511892_d_img_d18.zip
2021-11-28 23:12:06+00:00,2021-11-28 23:12:05.635000+00:00,2021-11-28 23:22:35.516000+00:00,3,"AFT,FORE,NADIR","NCA,NCF,NCN",True,True,True,True,3,ch2_tmc_nca_20211128T2312056387_d_img_d18.zip | ch2_tmc_ncf_20211128T2312056355_d_img_d18.zip | ch2_tmc_ncn_20211128T2312056355_d_img_d18.zip
2021-11-29 01:10:19+00:00,2021-11-29 01:10:19.123000+00:00,2021-11-29 01:20:49.916000+00:00,1,NADIR,NCN,True,False,False,False,1,ch2_tmc_ncn_20211129T0110191237_d_img_d18.zip
2021-11-29 01:10:20+00:00,2021-11-29 01:10:19.911000+00:00,2021-11-29 01:20:49.916000+00:00,2,"AFT,FORE","NCA,NCF",False,True,True,False,2,ch2_tmc_nca_20211129T0110199115_d_img_d18.zip | ch2_tmc_ncf_20211129T0110199115_d_img_d18.zip
2021-11-29 03:08:35+00:00,2021-11-29 03:08:34.556000+00:00,2021-11-29 03:19:05.466000+00:00,3,"AFT,FORE,NADIR","NCA,NCF,NCN",True,True,True,True,3,ch2_tmc_nca_20211129T0308345566_d_img_d18.zip | ch2_tmc_ncf_20211129T0308345566_d_img_d18.zip | ch2_tmc_ncn_20211129T0308345599_d_img_d18.zip
2021-11-29 05:06:50+00:00,2021-11-29 05:06:50.108000+00:00,2021-11-29 05:17:19.993000+00:00,3,"AFT,FORE,NADIR","NCA,NCF,NCN",True,True,True,True,3,ch2_tmc_nca_20211129T0506501087_d_img_d18.zip | ch2_tmc_ncf_20211129T0506501120_d_img_d18.zip | ch2_tmc_ncn_20211129T0506501087_d_img_d18.zip
2021-11-29 22:51:03+00:00,2021-11-29 22:51:02.684000+00:00,2021-11-29 23:01:29.778000+00:00,3,"AFT,FORE,NADIR","NCA,NCF,NCN",True,True,True,True,3,ch2_tmc_nca_20211129T2251026842_d_img_d18.zip | ch2_tmc_ncf_20211129T2251027167_d_img_d18.zip | ch2_tmc_ncn_20211129T2251026842_d_img_d18.zip
2021-11-30 00:49:12+00:00,2021-11-30 00:49:12.373000+00:00,2021-11-30 00:59:39.570000+00:00,3,"AFT,FORE,NADIR","NCA,NCF,NCN",True,True,True,True,3,ch2_tmc_nca_20211130T0049123731_d_img_d18.zip | ch2_tmc_ncf_20211130T0049123763_d_img_d18.zip | ch2_tmc_ncn_20211130T0049123731_d_img_d18.zip
2021-12-01 00:48:00+00:00,2021-12-01 00:47:59.876000+00:00,2021-12-01 01:07:25.675000+00:00,3,"AFT,FORE,NADIR","NCA,NCF,NCN",True,True,True,True,3,ch2_tmc_nca_20211201T0047598768_d_img_d18.zip | ch2_tmc_ncf_20211201T0047598799_d_img_d18.zip | ch2_tmc_ncn_20211201T0047598768_d_img_d18.zip
2021-12-01 02:46:14+00:00,2021-12-01 02:46:13.680000+00:00,2021-12-01 02:58:56.189000+00:00,3,"AFT,FORE,NADIR","NCA,NCF,NCN",True,True,True,True,3,ch2_tmc_nca_20211201T0246136802_d_img_d18.zip | ch2_tmc_ncf_20211201T0246136833_d_img_d18.zip | ch2_tmc_ncn_20211201T0246136802_d_img_d18.zip
2021-12-01 04:44:26+00:00,2021-12-01 04:44:26.115000+00:00,2021-12-01 05:04:04.816000+00:00,3,"AFT,FORE,NADIR","NCA,NCF,NCN",True,True,True,True,3,ch2_tmc_nca_20211201T0444261152_d_img_d18.zip | ch2_tmc_ncf_20211201T0444261185_d_img_d18.zip | ch2_tmc_ncn_20211201T0444261152_d_img_d18.zip
2021-12-01 06:42:42+00:00,2021-12-01 06:42:41.746000+00:00,2021-12-01 07:02:17.292000+00:00,3,"AFT,FORE,NADIR","NCA,NCF,NCN",True,True,True,True,3,ch2_tmc_nca_20211201T0642417462_d_img_d18.zip | ch2_tmc_ncf_20211201T0642417462_d_img_d18.zip | ch2_tmc_ncn_20211201T0642417494_d_img_d18.zip
2021-12-01 22:28:31+00:00,2021-12-01 22:28:31.106000+00:00,2021-12-01 22:46:53.816000+00:00,3,"AFT,FORE,NADIR","NCA,NCF,NCN",True,True,True,True,3,ch2_tmc_nca_20211201T2228311069_d_img_d18.zip | ch2_tmc_ncf_20211201T2228311101_d_img_d18.zip | ch2_tmc_ncn_20211201T2228311069_d_img_d18.zip
2021-12-02 02:24:53+00:00,2021-12-02 02:24:53.304000+00:00,2021-12-02 02:44:25.410000+00:00,3,"AFT,FORE,NADIR","NCA,NCF,NCN",True,True,True,True,3,ch2_tmc_nca_20211202T0224533080_d_img_d18.zip | ch2_tmc_ncf_20211202T0224533047_d_img_d18.zip | ch2_tmc_ncn_20211202T0224533047_d_img_d18.zip
2021-12-02 04:23:08+00:00,2021-12-02 04:23:08.343000+00:00,2021-12-02 04:42:49.138000+00:00,3,"AFT,FORE,NADIR","NCA,NCF,NCN",True,True,True,True,3,ch2_tmc_nca_20211202T0423083437_d_img_d18.zip | ch2_tmc_ncf_20211202T0423083437_d_img_d18.zip | ch2_tmc_ncn_20211202T0423083469_d_img_d18.zip
2021-12-02 06:21:22+00:00,2021-12-02 06:21:22.484000+00:00,2021-12-02 06:41:02.130000+00:00,3,"AFT,FORE,NADIR","NCA,NCF,NCN",True,True,True,True,3,ch2_tmc_nca_20211202T0621224846_d_img_d18.zip | ch2_tmc_ncf_20211202T0621224877_d_img_d18.zip | ch2_tmc_ncn_20211202T0621224846_d_img_d18.zip
2021-12-02 08:19:37+00:00,2021-12-02 08:19:36.626000+00:00,2021-12-02 08:39:18.320000+00:00,3,"AFT,FORE,NADIR","NCA,NCF,NCN",True,True,True,True,3,ch2_tmc_nca_20211202T0819366261_d_img_d18.zip | ch2_tmc_ncf_20211202T0819366293_d_img_d18.zip | ch2_tmc_ncn_20211202T0819366261_d_img_d18.zip
2021-12-03 00:05:28+00:00,2021-12-03 00:05:27.528000+00:00,2021-12-03 00:24:01.324000+00:00,3,"AFT,FORE,NADIR","NCA,NCF,NCN",True,True,True,True,3,ch2_tmc_nca_20211203T0005275287_d_img_d18.zip | ch2_tmc_ncf_20211203T0005275318_d_img_d18.zip | ch2_tmc_ncn_20211203T0005275287_d_img_d18.zip
2021-12-03 02:03:40+00:00,2021-12-03 02:03:39.577000+00:00,2021-12-03 02:23:19.349000+00:00,3,"AFT,FORE,NADIR","NCA,NCF,NCN",True,True,True,True,3,ch2_tmc_nca_20211203T0203395777_d_img_d18.zip | ch2_tmc_ncf_20211203T0203395810_d_img_d18.zip | ch2_tmc_ncn_20211203T0203395777_d_img_d18.zip
2021-12-03 04:01:53+00:00,2021-12-03 04:01:52.649000+00:00,2021-12-03 04:21:33.317000+00:00,3,"AFT,FORE,NADIR","NCA,NCF,NCN",True,True,True,True,3,ch2_tmc_nca_20211203T0401526494_d_img_d18.zip | ch2_tmc_ncf_20211203T0401526526_d_img_d18.zip | ch2_tmc_ncn_20211203T0401526494_d_img_d18.zip
2021-12-03 06:00:06+00:00,2021-12-03 06:00:05.638000+00:00,2021-12-03 06:19:45.284000+00:00,3,"AFT,FORE,NADIR","NCA,NCF,NCN",True,True,True,True,3,ch2_tmc_nca_20211203T0600056419_d_img_d18.zip | ch2_tmc_ncf_20211203T0600056387_d_img_d18.zip | ch2_tmc_ncn_20211203T0600056387_d_img_d18.zip
2021-12-04 01:42:03+00:00,2021-12-04 01:42:03.107000+00:00,2021-12-04 02:00:08.929000+00:00,3,"AFT,FORE,NADIR","NCA,NCF,NCN",True,True,True,True,5,ch2_tmc_nca_20211204T0142031075_d_img_d18.zip | ch2_tmc_ncf_20211204T0142031075_d_img_d18.zip | ch2_tmc_ncf_20211204T0142034923_d_img_d18.zip | ch2_tmc_ncn_20211204T0142031075_d_img_d18.zip | ch2_tmc_ncn_20211204T0142034923_d_img_d18.zip
2021-12-04 01:42:04+00:00,2021-12-04 01:42:03.524000+00:00,2021-12-04 02:00:08.102000+00:00,1,AFT,NCA,False,True,False,False,1,ch2_tmc_nca_20211204T0142035248_d_img_d18.zip
2021-12-04 03:40:14+00:00,2021-12-04 03:40:13.594000+00:00,2021-12-04 03:58:12.284000+00:00,3,"AFT,FORE,NADIR","NCA,NCF,NCN",True,True,True,True,3,ch2_tmc_nca_20211204T0340135940_d_img_d18.zip | ch2_tmc_ncf_20211204T0340135940_d_img_d18.zip | ch2_tmc_ncn_20211204T0340136253_d_img_d18.zip
2021-12-04 05:38:26+00:00,2021-12-04 05:38:26.489000+00:00,2021-12-04 05:58:10.940000+00:00,2,"AFT,NADIR","NCA,NCN",True,True,False,False,2,ch2_tmc_nca_20211204T0538264898_d_img_d18.zip | ch2_tmc_ncn_20211204T0538264898_d_img_d18.zip
2021-12-04 05:38:27+00:00,2021-12-04 05:38:26.522000+00:00,2021-12-04 05:58:10.937000+00:00,1,FORE,NCF,False,False,True,False,1,ch2_tmc_ncf_20211204T0538265223_d_img_d18.zip
2021-12-04 07:36:34+00:00,2021-12-04 07:36:34.432000+00:00,2021-12-04 07:56:20.220000+00:00,3,"AFT,FORE,NADIR","NCA,NCF,NCN",True,True,True,True,3,ch2_tmc_nca_20211204T0736344325_d_img_d18.zip | ch2_tmc_ncf_20211204T0736344325_d_img_d18.zip | ch2_tmc_ncn_20211204T0736344357_d_img_d18.zip
2021-12-04 09:34:45+00:00,2021-12-04 09:34:44.989000+00:00,2021-12-04 09:54:32.905000+00:00,3,"AFT,FORE,NADIR","NCA,NCF,NCN",True,True,True,True,3,ch2_tmc_nca_20211204T0934449924_d_img_d18.zip | ch2_tmc_ncf_20211204T0934449891_d_img_d18.zip | ch2_tmc_ncn_20211204T0934449891_d_img_d18.zip
2021-12-05 03:18:32+00:00,2021-12-05 03:18:32.447000+00:00,2021-12-05 03:36:20.389000+00:00,3,"AFT,FORE,NADIR","NCA,NCF,NCN",True,True,True,True,3,ch2_tmc_nca_20211205T0318324479_d_img_d18.zip | ch2_tmc_ncf_20211205T0318324511_d_img_d18.zip | ch2_tmc_ncn_20211205T0318324479_d_img_d18.zip
2021-12-05 05:16:43+00:00,2021-12-05 05:16:43.458000+00:00,2021-12-05 05:34:30.483000+00:00,3,"AFT,FORE,NADIR","NCA,NCF,NCN",True,True,True,True,3,ch2_tmc_nca_20211205T0516434612_d_img_d18.zip | ch2_tmc_ncf_20211205T0516434580_d_img_d18.zip | ch2_tmc_ncn_20211205T0516434580_d_img_d18.zip
2021-12-05 07:14:57+00:00,2021-12-05 07:14:57.470000+00:00,2021-12-05 07:34:46.403000+00:00,3,"AFT,FORE,NADIR","NCA,NCF,NCN",True,True,True,True,6,ch2_tmc_nca_20211205T0714574703_d_img_d18.zip | ch2_tmc_nca_20211205T0714574930_d_img_d18.zip | ch2_tmc_ncf_20211205T0714574736_d_img_d18.zip | ch2_tmc_ncf_20211205T0714574962_d_img_d18.zip | ch2_tmc_ncn_20211205T0714574703_d_img_d18.zip | ch2_tmc_ncn_20211205T0714574930_d_img_d18.zip
2021-12-05 09:13:10+00:00,2021-12-05 09:13:10.460000+00:00,2021-12-05 09:32:59.322000+00:00,3,"AFT,FORE,NADIR","NCA,NCF,NCN",True,True,True,True,3,ch2_tmc_nca_20211205T0913104607_d_img_d18.zip | ch2_tmc_ncf_20211205T0913104607_d_img_d18.zip | ch2_tmc_ncn_20211205T0913104639_d_img_d18.zip
2021-12-05 11:11:23+00:00,2021-12-05 11:11:23.322000+00:00,2021-12-05 11:31:13.207000+00:00,3,"AFT,FORE,NADIR","NCA,NCF,NCN",True,True,True,True,3,ch2_tmc_nca_20211205T1111233228_d_img_d18.zip | ch2_tmc_ncf_20211205T1111233261_d_img_d18.zip | ch2_tmc_ncn_20211205T1111233228_d_img_d18.zip
2021-12-06 06:53:33+00:00,2021-12-06 06:53:32.974000+00:00,2021-12-06 07:12:48.657000+00:00,3,"AFT,FORE,NADIR","NCA,NCF,NCN",True,True,True,True,6,ch2_tmc_nca_20211206T0653329782_d_img_d18.zip | ch2_tmc_nca_20211206T0653331982_d_img_d18.zip | ch2_tmc_ncf_20211206T0653329749_d_img_d18.zip | ch2_tmc_ncf_20211206T0653332014_d_img_d18.zip | ch2_tmc_ncn_20211206T0653329749_d_img_d18.zip | ch2_tmc_ncn_20211206T0653331982_d_img_d18.zip
2021-12-06 08:51:46+00:00,2021-12-06 08:51:45.914000+00:00,2021-12-06 09:11:34.776000+00:00,3,"AFT,FORE,NADIR","NCA,NCF,NCN",True,True,True,True,3,ch2_tmc_nca_20211206T0851459148_d_img_d18.zip | ch2_tmc_ncf_20211206T0851459148_d_img_d18.zip | ch2_tmc_ncn_20211206T0851459180_d_img_d18.zip
2021-12-06 10:49:57+00:00,2021-12-06 10:49:57.242000+00:00,2021-12-06 11:09:47.126000+00:00,3,"AFT,FORE,NADIR","NCA,NCF,NCN",True,True,True,True,3,ch2_tmc_nca_20211206T1049572420_d_img_d18.zip | ch2_tmc_ncf_20211206T1049572452_d_img_d18.zip | ch2_tmc_ncn_20211206T1049572420_d_img_d18.zip
2021-12-07 04:33:37+00:00,2021-12-07 04:33:36.904000+00:00,2021-12-07 04:51:59.416000+00:00,3,"AFT,FORE,NADIR","NCA,NCF,NCN",True,True,True,True,3,ch2_tmc_nca_20211207T0433369046_d_img_d18.zip | ch2_tmc_ncf_20211207T0433369046_d_img_d18.zip | ch2_tmc_ncn_20211207T0433369077_d_img_d18.zip
2021-12-07 06:31:47+00:00,2021-12-07 06:31:47.463000+00:00,2021-12-07 06:51:42.598000+00:00,3,"AFT,FORE,NADIR","NCA,NCF,NCN",True,True,True,True,3,ch2_tmc_nca_20211207T0631474638_d_img_d18.zip | ch2_tmc_ncf_20211207T0631474670_d_img_d18.zip | ch2_tmc_ncn_20211207T0631474638_d_img_d18.zip
2021-12-07 08:30:01+00:00,2021-12-07 08:30:01.102000+00:00,2021-12-07 08:49:56.237000+00:00,3,"AFT,FORE,NADIR","NCA,NCF,NCN",True,True,True,True,3,ch2_tmc_nca_20211207T0830011023_d_img_d18.zip | ch2_tmc_ncf_20211207T0830011023_d_img_d18.zip | ch2_tmc_ncn_20211207T0830011056_d_img_d18.zip
2021-12-07 10:28:12+00:00,2021-12-07 10:28:11.796000+00:00,2021-12-07 10:48:07.824000+00:00,3,"AFT,FORE,NADIR","NCA,NCF,NCN",True,True,True,True,3,ch2_tmc_nca_20211207T1028117969_d_img_d18.zip | ch2_tmc_ncf_20211207T1028117969_d_img_d18.zip | ch2_tmc_ncn_20211207T1028118001_d_img_d18.zip
2021-12-07 12:26:23+00:00,2021-12-07 12:26:23.387000+00:00,2021-12-07 12:46:19.545000+00:00,3,"AFT,FORE,NADIR","NCA,NCF,NCN",True,True,True,True,3,ch2_tmc_nca_20211207T1226233878_d_img_d18.zip | ch2_tmc_ncf_20211207T1226233911_d_img_d18.zip | ch2_tmc_ncn_20211207T1226233878_d_img_d18.zip
2021-12-24 17:49:51+00:00,2021-12-24 17:49:51.151000+00:00,2021-12-24 17:58:38.613000+00:00,3,"AFT,FORE,NADIR","NCA,NCF,NCN",True,True,True,True,3,ch2_tmc_nca_20211224T1749511513_d_img_d18.zip | ch2_tmc_ncf_20211224T1749511513_d_img_d18.zip | ch2_tmc_ncn_20211224T1749511513_d_img_d18.zip
2021-12-24 19:48:03+00:00,2021-12-24 19:48:03.399000+00:00,2021-12-24 19:57:46.844000+00:00,3,"AFT,FORE,NADIR","NCA,NCF,NCN",True,True,True,True,3,ch2_tmc_nca_20211224T1948034322_d_img_d18.zip | ch2_tmc_ncf_20211224T1948033997_d_img_d18.zip | ch2_tmc_ncn_20211224T1948033997_d_img_d18.zip
2021-12-24 23:44:29+00:00,2021-12-24 23:44:29.154000+00:00,2021-12-24 23:54:10.913000+00:00,3,"AFT,FORE,NADIR","NCA,NCF,NCN",True,True,True,True,3,ch2_tmc_nca_20211224T2344291544_d_img_d18.zip | ch2_tmc_ncf_20211224T2344291576_d_img_d18.zip | ch2_tmc_ncn_20211224T2344291544_d_img_d18.zip
2021-12-25 01:42:41+00:00,2021-12-25 01:42:41.261000+00:00,2021-12-25 01:52:24.403000+00:00,3,"AFT,FORE,NADIR","NCA,NCF,NCN",True,True,True,True,3,ch2_tmc_nca_20211225T0142412619_d_img_d18.zip | ch2_tmc_ncf_20211225T0142412650_d_img_d18.zip | ch2_tmc_ncn_20211225T0142412619_d_img_d18.zip
2021-12-25 03:50:39+00:00,2021-12-25 03:50:38.728000+00:00,2021-12-25 03:59:46.449000+00:00,3,"AFT,FORE,NADIR","NCA,NCF,NCN",True,True,True,True,3,ch2_tmc_nca_20211225T0350387614_d_img_d18.zip | ch2_tmc_ncf_20211225T0350387289_d_img_d18.zip | ch2_tmc_ncn_20211225T0350387289_d_img_d18.zip
2021-12-25 19:26:39+00:00,2021-12-25 19:26:39.431000+00:00,2021-12-25 19:35:26.854000+00:00,3,"AFT,FORE,NADIR","NCA,NCF,NCN",True,True,True,True,3,ch2_tmc_nca_20211225T1926394313_d_img_d18.zip | ch2_tmc_ncf_20211225T1926394345_d_img_d18.zip | ch2_tmc_ncn_20211225T1926394313_d_img_d18.zip
2021-12-25 19:35:19+00:00,2021-12-25 19:35:19.198000+00:00,2021-12-25 19:45:04.350000+00:00,3,"AFT,FORE,NADIR","NCA,NCF,NCN",True,True,True,True,3,ch2_tmc_nca_20211225T1935191982_d_img_d18.zip | ch2_tmc_ncf_20211225T1935191982_d_img_d18.zip | ch2_tmc_ncn_20211225T1935192015_d_img_d18.zip
2021-12-25 21:24:52+00:00,2021-12-25 21:24:51.790000+00:00,2021-12-25 21:35:09.637000+00:00,3,"AFT,FORE,NADIR","NCA,NCF,NCN",True,True,True,True,3,ch2_tmc_nca_20211225T2124517900_d_img_d18.zip | ch2_tmc_ncf_20211225T2124517932_d_img_d18.zip | ch2_tmc_ncn_20211225T2124517900_d_img_d18.zip
2021-12-25 21:35:03+00:00,2021-12-25 21:35:02.783000+00:00,2021-12-25 21:44:14.156000+00:00,3,"AFT,FORE,NADIR","NCA,NCF,NCN",True,True,True,True,3,ch2_tmc_nca_20211225T2135027835_d_img_d18.zip | ch2_tmc_ncf_20211225T2135027868_d_img_d18.zip | ch2_tmc_ncn_20211225T2135027835_d_img_d18.zip
2021-12-25 23:23:07+00:00,2021-12-25 23:23:07.223000+00:00,2021-12-25 23:42:27.412000+00:00,3,"AFT,FORE,NADIR","NCA,NCF,NCN",True,True,True,True,3,ch2_tmc_nca_20211225T2323072266_d_img_d18.zip | ch2_tmc_ncf_20211225T2323072233_d_img_d18.zip | ch2_tmc_ncn_20211225T2323072233_d_img_d18.zip
2021-12-26 01:21:20+00:00,2021-12-26 01:21:19.922000+00:00,2021-12-26 01:34:50.993000+00:00,3,"AFT,FORE,NADIR","NCA,NCF,NCN",True,True,True,True,3,ch2_tmc_nca_20211226T0121199228_d_img_d18.zip | ch2_tmc_ncf_20211226T0121199261_d_img_d18.zip | ch2_tmc_ncn_20211226T0121199228_d_img_d18.zip
2021-12-26 01:34:45+00:00,2021-12-26 01:34:44.527000+00:00,2021-12-26 01:37:07.812000+00:00,3,"AFT,FORE,NADIR","NCA,NCF,NCN",True,True,True,True,3,ch2_tmc_nca_20211226T0134445275_d_img_d18.zip | ch2_tmc_ncf_20211226T0134445307_d_img_d18.zip | ch2_tmc_ncn_20211226T0134445307_d_img_d18.zip
2021-12-26 03:29:18+00:00,2021-12-26 03:29:18.114000+00:00,2021-12-26 03:48:30.120000+00:00,3,"AFT,FORE,NADIR","NCA,NCF,NCN",True,True,True,True,3,ch2_tmc_nca_20211226T0329181468_d_img_d18.zip | ch2_tmc_ncf_20211226T0329181142_d_img_d18.zip | ch2_tmc_ncn_20211226T0329181142_d_img_d18.zip
2021-12-26 19:05:17+00:00,2021-12-26 19:05:17.364000+00:00,2021-12-26 19:24:34.608000+00:00,3,"AFT,FORE,NADIR","NCA,NCF,NCN",True,True,True,True,3,ch2_tmc_nca_20211226T1905173675_d_img_d18.zip | ch2_tmc_ncf_20211226T1905173642_d_img_d18.zip | ch2_tmc_ncn_20211226T1905173642_d_img_d18.zip
2021-12-26 21:03:30+00:00,2021-12-26 21:03:29.507000+00:00,2021-12-26 21:22:48.803000+00:00,3,"AFT,FORE,NADIR","NCA,NCF,NCN",True,True,True,True,3,ch2_tmc_nca_20211226T2103295074_d_img_d18.zip | ch2_tmc_ncf_20211226T2103295107_d_img_d18.zip | ch2_tmc_ncn_20211226T2103295074_d_img_d18.zip
2021-12-26 23:01:42+00:00,2021-12-26 23:01:42.463000+00:00,2021-12-26 23:21:01.755000+00:00,3,"AFT,FORE,NADIR","NCA,NCF,NCN",True,True,True,True,3,ch2_tmc_nca_20211226T2301424636_d_img_d18.zip | ch2_tmc_ncf_20211226T2301424636_d_img_d18.zip | ch2_tmc_ncn_20211226T2301424667_d_img_d18.zip
2021-12-27 00:59:57+00:00,2021-12-27 00:59:56.600000+00:00,2021-12-27 01:19:13.718000+00:00,3,"AFT,FORE,NADIR","NCA,NCF,NCN",True,True,True,True,3,ch2_tmc_nca_20211227T0059566034_d_img_d18.zip | ch2_tmc_ncf_20211227T0059566001_d_img_d18.zip | ch2_tmc_ncn_20211227T0059566001_d_img_d18.zip
2021-12-27 02:58:11+00:00,2021-12-27 02:58:10.626000+00:00,2021-12-27 03:17:26.718000+00:00,3,"AFT,FORE,NADIR","NCA,NCF,NCN",True,True,True,True,3,ch2_tmc_nca_20211227T0258106264_d_img_d18.zip | ch2_tmc_ncf_20211227T0258106264_d_img_d18.zip | ch2_tmc_ncn_20211227T0258106296_d_img_d18.zip
2021-12-27 20:42:10+00:00,2021-12-27 20:42:09.856000+00:00,2021-12-27 21:01:24.925000+00:00,3,"AFT,FORE,NADIR","NCA,NCF,NCN",True,True,True,True,3,ch2_tmc_nca_20211227T2042098566_d_img_d18.zip | ch2_tmc_ncf_20211227T2042098599_d_img_d18.zip | ch2_tmc_ncn_20211227T2042098566_d_img_d18.zip
2021-12-27 22:40:23+00:00,2021-12-27 22:40:22.900000+00:00,2021-12-27 22:59:39.207000+00:00,3,"AFT,FORE,NADIR","NCA,NCF,NCN",True,True,True,True,3,ch2_tmc_nca_20211227T2240229006_d_img_d18.zip | ch2_tmc_ncf_20211227T2240229006_d_img_d18.zip | ch2_tmc_ncn_20211227T2240229331_d_img_d18.zip
2021-12-29 02:15:30+00:00,2021-12-29 02:15:29.886000+00:00,2021-12-29 02:34:42.907000+00:00,3,"AFT,FORE,NADIR","NCA,NCF,NCN",True,True,True,True,3,ch2_tmc_nca_20211229T0215298865_d_img_d18.zip | ch2_tmc_ncf_20211229T0215298865_d_img_d18.zip | ch2_tmc_ncn_20211229T0215298898_d_img_d18.zip
2021-12-29 04:13:41+00:00,2021-12-29 04:13:40.966000+00:00,2021-12-29 04:32:55.142000+00:00,3,"AFT,FORE,NADIR","NCA,NCF,NCN",True,True,True,True,3,ch2_tmc_nca_20211229T0413409660_d_img_d18.zip | ch2_tmc_ncf_20211229T0413409660_d_img_d18.zip | ch2_tmc_ncn_20211229T0413409692_d_img_d18.zip
2021-12-30 03:52:16+00:00,2021-12-30 03:52:16.212000+00:00,2021-12-30 04:11:32.434000+00:00,3,"AFT,FORE,NADIR","NCA,NCF,NCN",True,True,True,True,3,ch2_tmc_nca_20211230T0352162129_d_img_d18.zip | ch2_tmc_ncf_20211230T0352162129_d_img_d18.zip | ch2_tmc_ncn_20211230T0352162162_d_img_d18.zip
2021-12-30 05:50:28+00:00,2021-12-30 05:50:28.188000+00:00,2021-12-30 06:09:43.339000+00:00,3,"AFT,FORE,NADIR","NCA,NCF,NCN",True,True,True,True,3,ch2_tmc_nca_20211230T0550281921_d_img_d18.zip | ch2_tmc_ncf_20211230T0550281888_d_img_d18.zip | ch2_tmc_ncn_20211230T0550281888_d_img_d18.zip
2021-12-30 23:34:14+00:00,2021-12-30 23:34:14.308000+00:00,2021-12-30 23:53:28.354000+00:00,3,"AFT,FORE,NADIR","NCA,NCF,NCN",True,True,True,True,3,ch2_tmc_nca_20211230T2334143086_d_img_d18.zip | ch2_tmc_ncf_20211230T2334143086_d_img_d18.zip | ch2_tmc_ncn_20211230T2334143119_d_img_d18.zip
2021-12-31 01:32:25+00:00,2021-12-31 01:32:25.288000+00:00,2021-12-31 01:51:40.357000+00:00,3,"AFT,FORE,NADIR","NCA,NCF,NCN",True,True,True,True,3,ch2_tmc_nca_20211231T0132252916_d_img_d18.zip | ch2_tmc_ncf_20211231T0132252884_d_img_d18.zip | ch2_tmc_ncn_20211231T0132252884_d_img_d18.zip
2021-12-31 03:30:35+00:00,2021-12-31 03:30:35.215000+00:00,2021-12-31 03:49:50.283000+00:00,3,"AFT,FORE,NADIR","NCA,NCF,NCN",True,True,True,True,3,ch2_tmc_nca_20211231T0330352150_d_img_d18.zip | ch2_tmc_ncf_20211231T0330352183_d_img_d18.zip | ch2_tmc_ncn_20211231T0330352150_d_img_d18.zip
2021-12-31 05:28:48+00:00,2021-12-31 05:28:48.341000+00:00,2021-12-31 05:48:02.385000+00:00,3,"AFT,FORE,NADIR","NCA,NCF,NCN",True,True,True,True,3,ch2_tmc_nca_20211231T0528483419_d_img_d18.zip | ch2_tmc_ncf_20211231T0528483419_d_img_d18.zip | ch2_tmc_ncn_20211231T0528483451_d_img_d18.zip
2022-01-01 01:10:30+00:00,2022-01-01 01:10:30.354000+00:00,2022-01-01 01:29:45.549000+00:00,3,"AFT,FORE,NADIR","NCA,NCF,NCN",True,True,True,True,3,ch2_tmc_nca_20220101T0110303545_d_img_d18.zip | ch2_tmc_ncf_20220101T0110303545_d_img_d18.zip | ch2_tmc_ncn_20220101T0110303578_d_img_d18.zip
2022-01-01 03:08:41+00:00,2022-01-01 03:08:41.432000+00:00,2022-01-01 03:27:57.653000+00:00,3,"AFT,FORE,NADIR","NCA,NCF,NCN",True,True,True,True,3,ch2_tmc_nca_20220101T0308414328_d_img_d18.zip | ch2_tmc_ncf_20220101T0308414361_d_img_d18.zip | ch2_tmc_ncn_20220101T0308414328_d_img_d18.zip
2022-01-01 05:06:52+00:00,2022-01-01 05:06:52.384000+00:00,2022-01-01 05:26:07.579000+00:00,3,"AFT,FORE,NADIR","NCA,NCF,NCN",True,True,True,True,3,ch2_tmc_nca_20220101T0506523880_d_img_d18.zip | ch2_tmc_ncf_20220101T0506523847_d_img_d18.zip | ch2_tmc_ncn_20220101T0506523847_d_img_d18.zip
2022-01-01 07:05:06+00:00,2022-01-01 07:05:05.511000+00:00,2022-01-01 07:24:18.612000+00:00,3,"AFT,FORE,NADIR","NCA,NCF,NCN",True,True,True,True,3,ch2_tmc_nca_20220101T0705055111_d_img_d18.zip | ch2_tmc_ncf_20220101T0705055144_d_img_d18.zip | ch2_tmc_ncn_20220101T0705055111_d_img_d18.zip
2022-01-02 00:48:59+00:00,2022-01-02 00:48:58.789000+00:00,2022-01-02 01:08:11.809000+00:00,3,"AFT,FORE,NADIR","NCA,NCF,NCN",True,True,True,True,3,ch2_tmc_nca_20220102T0048587892_d_img_d18.zip | ch2_tmc_ncf_20220102T0048587892_d_img_d18.zip | ch2_tmc_ncn_20220102T0048587924_d_img_d18.zip
2022-01-02 02:47:12+00:00,2022-01-02 02:47:11.883000+00:00,2022-01-02 03:06:24.907000+00:00,3,"AFT,FORE,NADIR","NCA,NCF,NCN",True,True,True,True,3,ch2_tmc_nca_20220102T0247118835_d_img_d18.zip | ch2_tmc_ncf_20220102T0247118868_d_img_d18.zip | ch2_tmc_ncn_20220102T0247118835_d_img_d18.zip
2022-01-02 04:45:23+00:00,2022-01-02 04:45:22.836000+00:00,2022-01-02 05:04:37.841000+00:00,3,"AFT,FORE,NADIR","NCA,NCF,NCN",True,True,True,True,3,ch2_tmc_nca_20220102T0445228360_d_img_d18.zip | ch2_tmc_ncf_20220102T0445228360_d_img_d18.zip | ch2_tmc_ncn_20220102T0445228391_d_img_d18.zip
2022-01-02 06:43:36+00:00,2022-01-02 06:43:35.963000+00:00,2022-01-02 07:02:48.984000+00:00,3,"AFT,FORE,NADIR","NCA,NCF,NCN",True,True,True,True,3,ch2_tmc_nca_20220102T0643359636_d_img_d18.zip | ch2_tmc_ncf_20220102T0643359636_d_img_d18.zip | ch2_tmc_ncn_20220102T0643359668_d_img_d18.zip
2022-01-02 08:41:48+00:00,2022-01-02 08:41:47.939000+00:00,2022-01-02 09:01:01.982000+00:00,3,"AFT,FORE,NADIR","NCA,NCF,NCN",True,True,True,True,3,ch2_tmc_nca_20220102T0841479394_d_img_d18.zip | ch2_tmc_ncf_20220102T0841479427_d_img_d18.zip | ch2_tmc_ncn_20220102T0841479394_d_img_d18.zip
2022-01-03 02:25:35+00:00,2022-01-03 02:25:34.943000+00:00,2022-01-03 02:44:47.675000+00:00,3,"AFT,FORE,NADIR","NCA,NCF,NCN",True,True,True,True,3,ch2_tmc_nca_20220103T0225349437_d_img_d18.zip | ch2_tmc_ncf_20220103T0225349437_d_img_d18.zip | ch2_tmc_ncn_20220103T0225349470_d_img_d18.zip
2022-01-03 04:23:48+00:00,2022-01-03 04:23:47.940000+00:00,2022-01-03 04:42:58.193000+00:00,3,"AFT,FORE,NADIR","NCA,NCF,NCN",True,True,True,True,3,ch2_tmc_nca_20220103T0423479404_d_img_d18.zip | ch2_tmc_ncf_20220103T0423479404_d_img_d18.zip | ch2_tmc_ncn_20220103T0423479436_d_img_d18.zip
2022-01-03 06:21:57+00:00,2022-01-03 06:21:56.970000+00:00,2022-01-03 06:41:09.991000+00:00,3,"AFT,FORE,NADIR","NCA,NCF,NCN",True,True,True,True,3,ch2_tmc_nca_20220103T0621569707_d_img_d18.zip | ch2_tmc_ncf_20220103T0621569707_d_img_d18.zip | ch2_tmc_ncn_20220103T0621569739_d_img_d18.zip
2022-01-03 10:18:19+00:00,2022-01-03 10:18:18.892000+00:00,2022-01-03 10:37:31.163000+00:00,3,"AFT,FORE,NADIR","NCA,NCF,NCN",True,True,True,True,3,ch2_tmc_nca_20220103T1018188955_d_img_d18.zip | ch2_tmc_ncf_20220103T1018188923_d_img_d18.zip | ch2_tmc_ncn_20220103T1018188923_d_img_d18.zip
2022-01-04 04:02:06+00:00,2022-01-04 04:02:05.654000+00:00,2022-01-04 04:21:16.630000+00:00,3,"AFT,FORE,NADIR","NCA,NCF,NCN",True,True,True,True,3,ch2_tmc_nca_20220104T0402056549_d_img_d18.zip | ch2_tmc_ncf_20220104T0402056581_d_img_d18.zip | ch2_tmc_ncn_20220104T0402056549_d_img_d18.zip
2022-01-05 03:49:37+00:00,2022-01-05 03:49:37.220000+00:00,2022-01-05 04:09:14.746000+00:00,3,"AFT,FORE,NADIR","NCA,NCF,NCN",True,True,True,True,3,ch2_tmc_nca_20220105T0349372529_d_img_d18.zip | ch2_tmc_ncf_20220105T0349372204_d_img_d18.zip | ch2_tmc_ncn_20220105T0349372204_d_img_d18.zip
2022-01-05 05:48:58+00:00,2022-01-05 05:48:57.556000+00:00,2022-01-05 06:08:34.258000+00:00,3,"AFT,FORE,NADIR","NCA,NCF,NCN",True,True,True,True,3,ch2_tmc_nca_20220105T0548575596_d_img_d18.zip | ch2_tmc_ncf_20220105T0548575564_d_img_d18.zip | ch2_tmc_ncn_20220105T0548575564_d_img_d18.zip
2022-01-05 07:48:15+00:00,2022-01-05 07:48:15.323000+00:00,2022-01-05 08:07:52.905000+00:00,3,"AFT,FORE,NADIR","NCA,NCF,NCN",True,True,True,True,3,ch2_tmc_nca_20220105T0748153233_d_img_d18.zip | ch2_tmc_ncf_20220105T0748153266_d_img_d18.zip | ch2_tmc_ncn_20220105T0748153233_d_img_d18.zip
2022-01-05 09:47:35+00:00,2022-01-05 09:47:34.739000+00:00,2022-01-05 10:07:12.463000+00:00,3,"AFT,FORE,NADIR","NCA,NCF,NCN",True,True,True,True,3,ch2_tmc_nca_20220105T0947347394_d_img_d18.zip | ch2_tmc_ncf_20220105T0947347394_d_img_d18.zip | ch2_tmc_ncn_20220105T0947347427_d_img_d18.zip
2022-01-05 11:46:51+00:00,2022-01-05 11:46:51.481000+00:00,2022-01-05 12:06:30.993000+00:00,3,"AFT,FORE,NADIR","NCA,NCF,NCN",True,True,True,True,3,ch2_tmc_nca_20220105T1146514818_d_img_d18.zip | ch2_tmc_ncf_20220105T1146514818_d_img_d18.zip | ch2_tmc_ncn_20220105T1146514851_d_img_d18.zip
2022-01-20 15:25:47+00:00,2022-01-20 15:25:47.330000+00:00,2022-01-20 15:40:12.723000+00:00,3,"AFT,FORE,NADIR","NCA,NCF,NCN",True,True,True,True,3,ch2_tmc_nca_20220120T1525473341_d_img_d18.zip | ch2_tmc_ncf_20220120T1525473308_d_img_d18.zip | ch2_tmc_ncn_20220120T1525473308_d_img_d18.zip
2022-01-20 19:21:28+00:00,2022-01-20 19:21:27.790000+00:00,2022-01-20 19:36:08.211000+00:00,3,"AFT,FORE,NADIR","NCA,NCF,NCN",True,True,True,True,3,ch2_tmc_nca_20220120T1921277908_d_img_d18.zip | ch2_tmc_ncf_20220120T1921277908_d_img_d18.zip | ch2_tmc_ncn_20220120T1921277941_d_img_d18.zip
2022-01-20 21:19:20+00:00,2022-01-20 21:19:20.305000+00:00,2022-01-20 21:34:24.495000+00:00,3,"AFT,FORE,NADIR","NCA,NCF,NCN",True,True,True,True,3,ch2_tmc_nca_20220120T2119203091_d_img_d18.zip | ch2_tmc_ncf_20220120T2119203059_d_img_d18.zip | ch2_tmc_ncn_20220120T2119203059_d_img_d18.zip
2022-01-20 23:17:12+00:00,2022-01-20 23:17:11.796000+00:00,2022-01-20 23:32:15.986000+00:00,3,"AFT,FORE,NADIR","NCA,NCF,NCN",True,True,True,True,3,ch2_tmc_nca_20220120T2317118001_d_img_d18.zip | ch2_tmc_ncf_20220120T2317117968_d_img_d18.zip | ch2_tmc_ncn_20220120T2317117968_d_img_d18.zip
2022-01-21 01:15:09+00:00,2022-01-21 01:15:09.306000+00:00,2022-01-21 01:30:14.647000+00:00,3,"AFT,FORE,NADIR","NCA,NCF,NCN",True,True,True,True,3,ch2_tmc_nca_20220121T0115093095_d_img_d18.zip | ch2_tmc_ncf_20220121T0115093063_d_img_d18.zip | ch2_tmc_ncn_20220121T0115093063_d_img_d18.zip
2022-01-21 16:58:02+00:00,2022-01-21 16:58:02.204000+00:00,2022-01-21 17:13:03.514000+00:00,3,"AFT,FORE,NADIR","NCA,NCF,NCN",True,True,True,True,3,ch2_tmc_nca_20220121T1658022079_d_img_d18.zip | ch2_tmc_ncf_20220121T1658022047_d_img_d18.zip | ch2_tmc_ncn_20220121T1658022047_d_img_d18.zip
2022-01-21 18:55:54+00:00,2022-01-21 18:55:53.662000+00:00,2022-01-21 19:11:00.925000+00:00,3,"AFT,FORE,NADIR","NCA,NCF,NCN",True,True,True,True,3,ch2_tmc_nca_20220121T1855536653_d_img_d18.zip | ch2_tmc_ncf_20220121T1855536620_d_img_d18.zip | ch2_tmc_ncn_20220121T1855536620_d_img_d18.zip
2022-01-21 20:53:45+00:00,2022-01-21 20:53:45.284000+00:00,2022-01-21 21:08:51.521000+00:00,3,"AFT,FORE,NADIR","NCA,NCF,NCN",True,True,True,True,3,ch2_tmc_nca_20220121T2053452871_d_img_d18.zip | ch2_tmc_ncf_20220121T2053452840_d_img_d18.zip | ch2_tmc_ncn_20220121T2053452840_d_img_d18.zip
2022-01-21 22:51:38+00:00,2022-01-21 22:51:37.672000+00:00,2022-01-21 23:06:45.619000+00:00,3,"AFT,FORE,NADIR","NCA,NCF,NCN",True,True,True,True,3,ch2_tmc_nca_20220121T2251376753_d_img_d18.zip | ch2_tmc_ncf_20220121T2251376721_d_img_d18.zip | ch2_tmc_ncn_20220121T2251376721_d_img_d18.zip
2022-01-22 00:49:33+00:00,2022-01-22 00:49:33.467000+00:00,2022-01-22 01:04:40.728000+00:00,3,"AFT,FORE,NADIR","NCA,NCF,NCN",True,True,True,True,3,ch2_tmc_nca_20220122T0049334678_d_img_d18.zip | ch2_tmc_ncf_20220122T0049334678_d_img_d18.zip | ch2_tmc_ncn_20220122T0049334711_d_img_d18.zip
2022-01-22 18:35:22+00:00,2022-01-22 18:35:22.118000+00:00,2022-01-22 18:45:17.705000+00:00,3,"AFT,FORE,NADIR","NCA,NCF,NCN",True,True,True,True,3,ch2_tmc_nca_20220122T1835221186_d_img_d18.zip | ch2_tmc_ncf_20220122T1835221477_d_img_d18.zip | ch2_tmc_ncn_20220122T1835221477_d_img_d18.zip
2022-01-22 20:28:15+00:00,2022-01-22 20:28:14.574000+00:00,2022-01-22 20:43:10.609000+00:00,3,"AFT,FORE,NADIR","NCA,NCF,NCN",True,True,True,True,3,ch2_tmc_nca_20220122T2028145745_d_img_d18.zip | ch2_tmc_ncf_20220122T2028145778_d_img_d18.zip | ch2_tmc_ncn_20220122T2028145745_d_img_d18.zip
2022-01-22 22:26:08+00:00,2022-01-22 22:26:07.910000+00:00,2022-01-22 22:41:12.432000+00:00,3,"AFT,FORE,NADIR","NCA,NCF,NCN",True,True,True,True,3,ch2_tmc_nca_20220122T2226079427_d_img_d18.zip | ch2_tmc_ncf_20220122T2226079102_d_img_d18.zip | ch2_tmc_ncn_20220122T2226079102_d_img_d18.zip
2022-01-23 00:24:00+00:00,2022-01-23 00:23:59.606000+00:00,2022-01-23 00:39:04.947000+00:00,3,"AFT,FORE,NADIR","NCA,NCF,NCN",True,True,True,True,3,ch2_tmc_nca_20220123T0023596061_d_img_d18.zip | ch2_tmc_ncf_20220123T0023596061_d_img_d18.zip | ch2_tmc_ncn_20220123T0023596093_d_img_d18.zip
2022-01-23 02:21:53+00:00,2022-01-23 02:21:53.147000+00:00,2022-01-23 02:36:56.437000+00:00,3,"AFT,FORE,NADIR","NCA,NCF,NCN",True,True,True,True,3,ch2_tmc_nca_20220123T0221531511_d_img_d18.zip | ch2_tmc_ncf_20220123T0221531479_d_img_d18.zip | ch2_tmc_ncn_20220123T0221531479_d_img_d18.zip
2022-01-23 18:09:51+00:00,2022-01-23 18:09:51.266000+00:00,2022-01-23 18:19:54.201000+00:00,3,"AFT,FORE,NADIR","NCA,NCF,NCN",True,True,True,True,3,ch2_tmc_nca_20220123T1809512663_d_img_d18.zip | ch2_tmc_ncf_20220123T1809512954_d_img_d18.zip | ch2_tmc_ncn_20220123T1809512954_d_img_d18.zip
2022-01-23 20:07:49+00:00,2022-01-23 20:07:48.811000+00:00,2022-01-23 20:17:45.621000+00:00,3,"AFT,FORE,NADIR","NCA,NCF,NCN",True,True,True,True,3,ch2_tmc_nca_20220123T2007488117_d_img_d18.zip | ch2_tmc_ncf_20220123T2007488409_d_img_d18.zip | ch2_tmc_ncn_20220123T2007488409_d_img_d18.zip
2022-01-24 02:01:20+00:00,2022-01-24 02:01:19.762000+00:00,2022-01-24 02:11:23.153000+00:00,3,"AFT,FORE,NADIR","NCA,NCF,NCN",True,True,True,True,3,ch2_tmc_nca_20220124T0201197913_d_img_d18.zip | ch2_tmc_ncf_20220124T0201197913_d_img_d18.zip | ch2_tmc_ncn_20220124T0201197622_d_img_d18.zip
2022-01-24 21:34:50+00:00,2022-01-24 21:34:49.881000+00:00,2022-01-24 21:49:59.315000+00:00,3,"AFT,FORE,NADIR","NCA,NCF,NCN",True,True,True,True,3,ch2_tmc_nca_20220124T2134498810_d_img_d18.zip | ch2_tmc_ncf_20220124T2134498810_d_img_d18.zip | ch2_tmc_ncn_20220124T2134498841_d_img_d18.zip
2022-01-24 23:32:41+00:00,2022-01-24 23:32:41.368000+00:00,2022-01-24 23:47:50.803000+00:00,3,"AFT,FORE,NADIR","NCA,NCF,NCN",True,True,True,True,3,ch2_tmc_nca_20220124T2332413719_d_img_d18.zip | ch2_tmc_ncf_20220124T2332413686_d_img_d18.zip | ch2_tmc_ncn_20220124T2332413686_d_img_d18.zip
2022-01-25 01:35:47+00:00,2022-01-25 01:35:47.348000+00:00,2022-01-25 01:45:48.675000+00:00,3,"AFT,FORE,NADIR","NCA,NCF,NCN",True,True,True,True,3,ch2_tmc_nca_20220125T0135473777_d_img_d18.zip | ch2_tmc_ncf_20220125T0135473777_d_img_d18.zip | ch2_tmc_ncn_20220125T0135473485_d_img_d18.zip
2022-01-25 03:33:34+00:00,2022-01-25 03:33:34.458000+00:00,2022-01-25 03:43:39.863000+00:00,3,"AFT,FORE,NADIR","NCA,NCF,NCN",True,True,True,True,3,ch2_tmc_nca_20220125T0333344587_d_img_d18.zip | ch2_tmc_ncf_20220125T0333344846_d_img_d18.zip | ch2_tmc_ncn_20220125T0333344846_d_img_d18.zip
2022-01-25 19:11:27+00:00,2022-01-25 19:11:26.664000+00:00,2022-01-25 19:26:31.879000+00:00,3,"AFT,FORE,NADIR","NCA,NCF,NCN",True,True,True,True,3,ch2_tmc_nca_20220125T1911266644_d_img_d18.zip | ch2_tmc_ncf_20220125T1911266644_d_img_d18.zip | ch2_tmc_ncn_20220125T1911266677_d_img_d18.zip
2022-01-25 21:09:21+00:00,2022-01-25 21:09:20.759000+00:00,2022-01-25 21:24:24.391000+00:00,3,"AFT,FORE,NADIR","NCA,NCF,NCN",True,True,True,True,3,ch2_tmc_nca_20220125T2109207590_d_img_d18.zip | ch2_tmc_ncf_20220125T2109207590_d_img_d18.zip | ch2_tmc_ncn_20220125T2109207915_d_img_d18.zip
2022-01-25 23:07:11+00:00,2022-01-25 23:07:10.538000+00:00,2022-01-25 23:22:16.905000+00:00,3,"AFT,FORE,NADIR","NCA,NCF,NCN",True,True,True,True,3,ch2_tmc_nca_20220125T2307105422_d_img_d18.zip | ch2_tmc_ncf_20220125T2307105389_d_img_d18.zip | ch2_tmc_ncn_20220125T2307105389_d_img_d18.zip
2022-01-26 01:05:09+00:00,2022-01-26 01:05:09.194000+00:00,2022-01-26 01:20:14.535000+00:00,3,"AFT,FORE,NADIR","NCA,NCF,NCN",True,True,True,True,3,ch2_tmc_nca_20220126T0105091977_d_img_d18.zip | ch2_tmc_ncf_20220126T0105091944_d_img_d18.zip | ch2_tmc_ncn_20220126T0105091944_d_img_d18.zip
2022-01-26 03:03:00+00:00,2022-01-26 03:02:59.787000+00:00,2022-01-26 03:18:06.213000+00:00,3,"AFT,FORE,NADIR","NCA,NCF,NCN",True,True,True,True,3,ch2_tmc_nca_20220126T0302597903_d_img_d18.zip | ch2_tmc_ncf_20220126T0302597871_d_img_d18.zip | ch2_tmc_ncn_20220126T0302597871_d_img_d18.zip
2022-01-26 20:49:20+00:00,2022-01-26 20:49:20.429000+00:00,2022-01-26 20:58:38.857000+00:00,3,"AFT,FORE,NADIR","NCA,NCF,NCN",True,True,True,True,3,ch2_tmc_nca_20220126T2049204293_d_img_d18.zip | ch2_tmc_ncf_20220126T2049204326_d_img_d18.zip | ch2_tmc_ncn_20220126T2049204293_d_img_d18.zip
2022-01-26 22:41:29+00:00,2022-01-26 22:41:28.879000+00:00,2022-01-26 22:56:36.265000+00:00,3,"AFT,FORE,NADIR","NCA,NCF,NCN",True,True,True,True,3,ch2_tmc_nca_20220126T2241288824_d_img_d18.zip | ch2_tmc_ncf_20220126T2241288791_d_img_d18.zip | ch2_tmc_ncn_20220126T2241288791_d_img_d18.zip
2022-01-27 00:39:19+00:00,2022-01-27 00:39:18.573000+00:00,2022-01-27 00:54:25.832000+00:00,3,"AFT,FORE,NADIR","NCA,NCF,NCN",True,True,True,True,3,ch2_tmc_nca_20220127T0039185765_d_img_d18.zip | ch2_tmc_ncf_20220127T0039185733_d_img_d18.zip | ch2_tmc_ncn_20220127T0039185733_d_img_d18.zip
2022-01-27 02:37:11+00:00,2022-01-27 02:37:11.212000+00:00,2022-01-27 02:52:18.601000+00:00,3,"AFT,FORE,NADIR","NCA,NCF,NCN",True,True,True,True,3,ch2_tmc_nca_20220127T0237112124_d_img_d18.zip | ch2_tmc_ncf_20220127T0237112124_d_img_d18.zip | ch2_tmc_ncn_20220127T0237112157_d_img_d18.zip
2022-01-27 04:35:00+00:00,2022-01-27 04:34:59.963000+00:00,2022-01-27 04:50:07.349000+00:00,3,"AFT,FORE,NADIR","NCA,NCF,NCN",True,True,True,True,3,ch2_tmc_nca_20220127T0434599670_d_img_d18.zip | ch2_tmc_ncf_20220127T0434599637_d_img_d18.zip | ch2_tmc_ncn_20220127T0434599637_d_img_d18.zip
2022-01-27 22:15:30+00:00,2022-01-27 22:15:29.630000+00:00,2022-01-27 22:30:29.826000+00:00,3,"AFT,FORE,NADIR","NCA,NCF,NCN",True,True,True,True,3,ch2_tmc_nca_20220127T2215296335_d_img_d18.zip | ch2_tmc_ncf_20220127T2215296303_d_img_d18.zip | ch2_tmc_ncn_20220127T2215296303_d_img_d18.zip
2022-01-28 04:09:06+00:00,2022-01-28 04:09:05.590000+00:00,2022-01-28 04:24:07.730000+00:00,3,"AFT,FORE,NADIR","NCA,NCF,NCN",True,True,True,True,3,ch2_tmc_nca_20220128T0409055940_d_img_d18.zip | ch2_tmc_ncf_20220128T0409055907_d_img_d18.zip | ch2_tmc_ncn_20220128T0409055907_d_img_d18.zip
2022-01-29 05:41:08+00:00,2022-01-29 05:41:07.953000+00:00,2022-01-29 05:56:06.123000+00:00,3,"AFT,FORE,NADIR","NCA,NCF,NCN",True,True,True,True,3,ch2_tmc_nca_20220129T0541079566_d_img_d18.zip | ch2_tmc_ncf_20220129T0541079533_d_img_d18.zip | ch2_tmc_ncn_20220129T0541079533_d_img_d18.zip
2022-01-30 01:19:40+00:00,2022-01-30 01:19:40.119000+00:00,2022-01-30 01:32:58.257000+00:00,3,"AFT,FORE,NADIR","NCA,NCF,NCN",True,True,True,True,3,ch2_tmc_nca_20220130T0119401228_d_img_d18.zip | ch2_tmc_ncf_20220130T0119401196_d_img_d18.zip | ch2_tmc_ncn_20220130T0119401196_d_img_d18.zip
2022-01-30 03:17:31+00:00,2022-01-30 03:17:30.766000+00:00,2022-01-30 03:32:15.998000+00:00,3,"AFT,FORE,NADIR","NCA,NCF,NCN",True,True,True,True,3,ch2_tmc_nca_20220130T0317307668_d_img_d18.zip | ch2_tmc_ncf_20220130T0317307668_d_img_d18.zip | ch2_tmc_ncn_20220130T0317307668_d_img_d18.zip
2022-01-30 05:15:22+00:00,2022-01-30 05:15:22.144000+00:00,2022-01-30 05:30:19.165000+00:00,3,"AFT,FORE,NADIR","NCA,NCF,NCN",True,True,True,True,3,ch2_tmc_nca_20220130T0515221473_d_img_d18.zip | ch2_tmc_ncf_20220130T0515221440_d_img_d18.zip | ch2_tmc_ncn_20220130T0515221440_d_img_d18.zip
2022-01-30 07:13:12+00:00,2022-01-30 07:13:12.354000+00:00,2022-01-30 07:28:09.501000+00:00,3,"AFT,FORE,NADIR","NCA,NCF,NCN",True,True,True,True,3,ch2_tmc_nca_20220130T0713123575_d_img_d18.zip | ch2_tmc_ncf_20220130T0713123542_d_img_d18.zip | ch2_tmc_ncn_20220130T0713123542_d_img_d18.zip
2022-01-31 00:53:49+00:00,2022-01-31 00:53:48.845000+00:00,2022-01-31 01:07:50.103000+00:00,3,"AFT,FORE,NADIR","NCA,NCF,NCN",True,True,True,True,3,ch2_tmc_nca_20220131T0053488453_d_img_d18.zip | ch2_tmc_ncf_20220131T0053488453_d_img_d18.zip | ch2_tmc_ncn_20220131T0053488486_d_img_d18.zip
2022-01-31 02:51:38+00:00,2022-01-31 02:51:38.412000+00:00,2022-01-31 03:06:31.336000+00:00,3,"AFT,FORE,NADIR","NCA,NCF,NCN",True,True,True,True,3,ch2_tmc_nca_20220131T0251384153_d_img_d18.zip | ch2_tmc_ncf_20220131T0251384121_d_img_d18.zip | ch2_tmc_ncn_20220131T0251384121_d_img_d18.zip
2022-01-31 06:47:19+00:00,2022-01-31 06:47:18.948000+00:00,2022-01-31 07:02:09.953000+00:00,3,"AFT,FORE,NADIR","NCA,NCF,NCN",True,True,True,True,3,ch2_tmc_nca_20220131T0647189516_d_img_d18.zip | ch2_tmc_ncf_20220131T0647189484_d_img_d18.zip | ch2_tmc_ncn_20220131T0647189484_d_img_d18.zip
2022-01-31 08:45:09+00:00,2022-01-31 08:45:09.284000+00:00,2022-01-31 09:00:00.286000+00:00,3,"AFT,FORE,NADIR","NCA,NCF,NCN",True,True,True,True,3,ch2_tmc_nca_20220131T0845092881_d_img_d18.zip | ch2_tmc_ncf_20220131T0845092848_d_img_d18.zip | ch2_tmc_ncn_20220131T0845092848_d_img_d18.zip
2022-02-01 02:25:46+00:00,2022-02-01 02:25:45.569000+00:00,2022-02-01 02:39:47.756000+00:00,3,"AFT,FORE,NADIR","NCA,NCF,NCN",True,True,True,True,3,ch2_tmc_nca_20220201T0225455692_d_img_d18.zip | ch2_tmc_ncf_20220201T0225455725_d_img_d18.zip | ch2_tmc_ncn_20220201T0225455692_d_img_d18.zip
2022-02-18 18:17:44+00:00,2022-02-18 18:17:43.690000+00:00,2022-02-18 18:20:22.935000+00:00,3,"AFT,FORE,NADIR","NCA,NCF,NCN",True,True,True,True,3,ch2_tmc_nca_20220218T1817436904_d_img_d18.zip | ch2_tmc_ncf_20220218T1817436904_d_img_d18.zip | ch2_tmc_ncn_20220218T1817436904_d_img_d18.zip
2022-02-18 20:15:39+00:00,2022-02-18 20:15:39.145000+00:00,2022-02-18 20:18:19.142000+00:00,3,"AFT,FORE,NADIR","NCA,NCF,NCN",True,True,True,True,3,ch2_tmc_nca_20220218T2015391451_d_img_d18.zip | ch2_tmc_ncf_20220218T2015391451_d_img_d18.zip | ch2_tmc_ncn_20220218T2015391451_d_img_d18.zip
2022-02-21 11:09:28+00:00,2022-02-21 11:09:28.168000+00:00,2022-02-21 11:12:07.885000+00:00,3,"AFT,FORE,NADIR","NCA,NCF,NCN",True,True,True,True,3,ch2_tmc_nca_20220221T1109281684_d_img_d18.zip | ch2_tmc_ncf_20220221T1109281684_d_img_d18.zip | ch2_tmc_ncn_20220221T1109281684_d_img_d18.zip
2022-02-21 15:05:21+00:00,2022-02-21 15:05:21.228000+00:00,2022-02-21 15:07:59.175000+00:00,3,"AFT,FORE,NADIR","NCA,NCF,NCN",True,True,True,True,3,ch2_tmc_nca_20220221T1505212283_d_img_d18.zip | ch2_tmc_ncf_20220221T1505212283_d_img_d18.zip | ch2_tmc_ncn_20220221T1505212283_d_img_d18.zip
2022-04-03 10:07:08+00:00,2022-04-03 10:07:07.572000+00:00,2022-04-03 10:09:46.671000+00:00,3,"AFT,FORE,NADIR","NCA,NCF,NCN",True,True,True,True,3,ch2_tmc_nca_20220403T1007075726_d_img_d18.zip | ch2_tmc_ncf_20220403T1007075726_d_img_d18.zip | ch2_tmc_ncn_20220403T1007075726_d_img_d18.zip
2022-05-10 14:30:27+00:00,2022-05-10 14:30:27.351000+00:00,2022-05-10 14:42:26.190000+00:00,3,"AFT,FORE,NADIR","NCA,NCF,NCN",True,True,True,True,3,ch2_tmc_nca_20220510T1430273519_d_img_d18.zip | ch2_tmc_ncf_20220510T1430273519_d_img_d18.zip | ch2_tmc_ncn_20220510T1430273519_d_img_d18.zip
2022-05-11 08:09:31+00:00,2022-05-11 08:09:31.204000+00:00,2022-05-11 08:27:24.706000+00:00,3,"AFT,FORE,NADIR","NCA,NCF,NCN",True,True,True,True,3,ch2_tmc_nca_20220511T0809312048_d_img_d18.zip | ch2_tmc_ncf_20220511T0809312048_d_img_d18.zip | ch2_tmc_ncn_20220511T0809312081_d_img_d18.zip
2022-05-11 14:02:29+00:00,2022-05-11 14:02:28.556000+00:00,2022-05-11 14:22:05.372000+00:00,3,"AFT,FORE,NADIR","NCA,NCF,NCN",True,True,True,True,3,ch2_tmc_nca_20220511T1402285597_d_img_d18.zip | ch2_tmc_ncf_20220511T1402285565_d_img_d18.zip | ch2_tmc_ncn_20220511T1402285565_d_img_d18.zip
2022-05-11 17:57:46+00:00,2022-05-11 17:57:46.288000+00:00,2022-05-11 18:17:34.238000+00:00,3,"AFT,FORE,NADIR","NCA,NCF,NCN",True,True,True,True,3,ch2_tmc_nca_20220511T1757462918_d_img_d18.zip | ch2_tmc_ncf_20220511T1757462886_d_img_d18.zip | ch2_tmc_ncn_20220511T1757462918_d_img_d18.zip
2022-05-12 09:38:58+00:00,2022-05-12 09:38:57.936000+00:00,2022-05-12 09:57:24.303000+00:00,3,"AFT,FORE,NADIR","NCA,NCF,NCN",True,True,True,True,3,ch2_tmc_nca_20220512T0938579393_d_img_d18.zip | ch2_tmc_ncf_20220512T0938579360_d_img_d18.zip | ch2_tmc_ncn_20220512T0938579360_d_img_d18.zip
2022-05-12 13:34:16+00:00,2022-05-12 13:34:16.173000+00:00,2022-05-12 13:54:06.452000+00:00,3,"AFT,FORE,NADIR","NCA,NCF,NCN",True,True,True,True,3,ch2_tmc_nca_20220512T1334161763_d_img_d18.zip | ch2_tmc_ncf_20220512T1334161763_d_img_d18.zip | ch2_tmc_ncn_20220512T1334161730_d_img_d18.zip
2022-05-12 17:29:35+00:00,2022-05-12 17:29:34.925000+00:00,2022-05-12 17:49:25.960000+00:00,3,"AFT,FORE,NADIR","NCA,NCF,NCN",True,True,True,True,3,ch2_tmc_nca_20220512T1729349258_d_img_d18.zip | ch2_tmc_ncf_20220512T1729349291_d_img_d18.zip | ch2_tmc_ncn_20220512T1729349258_d_img_d18.zip
2022-05-13 13:05:56+00:00,2022-05-13 13:05:56.454000+00:00,2022-05-13 13:24:07.910000+00:00,3,"AFT,FORE,NADIR","NCA,NCF,NCN",True,True,True,True,3,ch2_tmc_nca_20220513T1305564577_d_img_d18.zip | ch2_tmc_ncf_20220513T1305564545_d_img_d18.zip | ch2_tmc_ncn_20220513T1305564545_d_img_d18.zip
2022-05-13 17:01:14+00:00,2022-05-13 17:01:14.224000+00:00,2022-05-13 17:20:55.570000+00:00,3,"AFT,FORE,NADIR","NCA,NCF,NCN",True,True,True,True,3,ch2_tmc_nca_20220513T1701142246_d_img_d18.zip | ch2_tmc_ncf_20220513T1701142279_d_img_d18.zip | ch2_tmc_ncn_20220513T1701142246_d_img_d18.zip
2022-05-14 10:39:55+00:00,2022-05-14 10:39:55.289000+00:00,2022-05-14 10:58:26.180000+00:00,3,"AFT,FORE,NADIR","NCA,NCF,NCN",True,True,True,True,3,ch2_tmc_nca_20220514T1039552931_d_img_d18.zip | ch2_tmc_ncf_20220514T1039552931_d_img_d18.zip | ch2_tmc_ncn_20220514T1039552899_d_img_d18.zip
2022-05-17 21:00:24+00:00,2022-05-17 21:00:23.659000+00:00,2022-05-17 21:10:05.477000+00:00,3,"AFT,FORE,NADIR","NCA,NCF,NCN",True,True,True,True,3,ch2_tmc_nca_20220517T2100236594_d_img_d18.zip | ch2_tmc_ncf_20220517T2100236594_d_img_d18.zip | ch2_tmc_ncn_20220517T2100236594_d_img_d18.zip
2022-05-17 22:58:01+00:00,2022-05-17 22:58:01.212000+00:00,2022-05-17 23:07:32.365000+00:00,3,"AFT,FORE,NADIR","NCA,NCF,NCN",True,True,True,True,6,ch2_tmc_nca_20220517T2258012156_d_img_d18.zip | ch2_tmc_nca_20220517T2258012964_d_img_d18.zip | ch2_tmc_ncf_20220517T2258012123_d_img_d18.zip | ch2_tmc_ncf_20220517T2258012964_d_img_d18.zip | ch2_tmc_ncn_20220517T2258012123_d_img_d18.zip | ch2_tmc_ncn_20220517T2258012964_d_img_d18.zip
2022-05-18 14:59:01+00:00,2022-05-18 14:59:00.660000+00:00,2022-05-18 15:07:42.577000+00:00,3,"AFT,FORE,NADIR","NCA,NCF,NCN",True,True,True,True,3,ch2_tmc_nca_20220518T1459006607_d_img_d18.zip | ch2_tmc_ncf_20220518T1459006607_d_img_d18.zip | ch2_tmc_ncn_20220518T1459006639_d_img_d18.zip
2022-05-18 18:34:22+00:00,2022-05-18 18:34:22.238000+00:00,2022-05-18 18:44:19.153000+00:00,3,"AFT,FORE,NADIR","NCA,NCF,NCN",True,True,True,True,3,ch2_tmc_nca_20220518T1834222383_d_img_d18.zip | ch2_tmc_ncf_20220518T1834222383_d_img_d18.zip | ch2_tmc_ncn_20220518T1834222416_d_img_d18.zip
2022-05-18 22:39:38+00:00,2022-05-18 22:39:37.915000+00:00,2022-05-18 22:45:52.315000+00:00,3,"AFT,FORE,NADIR","NCA,NCF,NCN",True,True,True,True,3,ch2_tmc_nca_20220518T2239379155_d_img_d18.zip | ch2_tmc_ncf_20220518T2239379155_d_img_d18.zip | ch2_tmc_ncn_20220518T2239379187_d_img_d18.zip
2022-05-18 22:45:45+00:00,2022-05-18 22:45:44.834000+00:00,2022-05-18 22:48:53.173000+00:00,3,"AFT,FORE,NADIR","NCA,NCF,NCN",True,True,True,True,3,ch2_tmc_nca_20220518T2245448343_d_img_d18.zip | ch2_tmc_ncf_20220518T2245448375_d_img_d18.zip | ch2_tmc_ncn_20220518T2245448343_d_img_d18.zip
2022-05-19 18:06:05+00:00,2022-05-19 18:06:04.652000+00:00,2022-05-19 18:13:50.512000+00:00,3,"AFT,FORE,NADIR","NCA,NCF,NCN",True,True,True,True,3,ch2_tmc_nca_20220519T1806046554_d_img_d18.zip | ch2_tmc_ncf_20220519T1806046521_d_img_d18.zip | ch2_tmc_ncn_20220519T1806046521_d_img_d18.zip
2022-05-19 20:03:44+00:00,2022-05-19 20:03:43.978000+00:00,2022-05-19 20:13:22.222000+00:00,3,"AFT,FORE,NADIR","NCA,NCF,NCN",True,True,True,True,3,ch2_tmc_nca_20220519T2003439788_d_img_d18.zip | ch2_tmc_ncf_20220519T2003439788_d_img_d18.zip | ch2_tmc_ncn_20220519T2003439820_d_img_d18.zip
2022-05-19 22:01:20+00:00,2022-05-19 22:01:20.115000+00:00,2022-05-19 22:10:11.869000+00:00,1,FORE,NCF,False,False,True,False,1,ch2_tmc_ncf_20220519T2201201155_d_img_d18.zip
2022-05-19 22:01:21+00:00,2022-05-19 22:01:20.830000+00:00,2022-05-19 22:10:11.869000+00:00,2,"AFT,NADIR","NCA,NCN",True,True,False,False,2,ch2_tmc_nca_20220519T2201208300_d_img_d18.zip | ch2_tmc_ncn_20220519T2201208300_d_img_d18.zip
2022-05-20 01:56:39+00:00,2022-05-20 01:56:38.826000+00:00,2022-05-20 02:06:34.896000+00:00,3,"AFT,FORE,NADIR","NCA,NCF,NCN",True,True,True,True,3,ch2_tmc_nca_20220520T0156388295_d_img_d18.zip | ch2_tmc_ncf_20220520T0156388262_d_img_d18.zip | ch2_tmc_ncn_20220520T0156388262_d_img_d18.zip
2022-05-20 17:37:35+00:00,2022-05-20 17:37:35.363000+00:00,2022-05-20 17:46:09.275000+00:00,3,"AFT,FORE,NADIR","NCA,NCF,NCN",True,True,True,True,3,ch2_tmc_nca_20220520T1737353639_d_img_d18.zip | ch2_tmc_ncf_20220520T1737353639_d_img_d18.zip | ch2_tmc_ncn_20220520T1737353672_d_img_d18.zip
2022-05-20 21:32:50+00:00,2022-05-20 21:32:50.233000+00:00,2022-05-20 21:42:18.354000+00:00,3,"AFT,FORE,NADIR","NCA,NCF,NCN",True,True,True,True,3,ch2_tmc_nca_20220520T2132502371_d_img_d18.zip | ch2_tmc_ncf_20220520T2132502339_d_img_d18.zip | ch2_tmc_ncn_20220520T2132502339_d_img_d18.zip
2022-05-20 23:30:22+00:00,2022-05-20 23:30:22.101000+00:00,2022-05-20 23:40:20.210000+00:00,3,"AFT,FORE,NADIR","NCA,NCF,NCN",True,True,True,True,3,ch2_tmc_nca_20220520T2330221015_d_img_d18.zip | ch2_tmc_ncf_20220520T2330221047_d_img_d18.zip | ch2_tmc_ncn_20220520T2330221047_d_img_d18.zip
2022-05-21 19:19:50+00:00,2022-05-21 19:19:49.843000+00:00,2022-05-21 19:28:20.276000+00:00,3,"AFT,FORE,NADIR","NCA,NCF,NCN",True,True,True,True,3,ch2_tmc_nca_20220521T1919498437_d_img_d18.zip | ch2_tmc_ncf_20220521T1919498470_d_img_d18.zip | ch2_tmc_ncn_20220521T1919498437_d_img_d18.zip
2022-05-21 23:11:44+00:00,2022-05-21 23:11:43.826000+00:00,2022-05-21 23:15:08.433000+00:00,3,"AFT,FORE,NADIR","NCA,NCF,NCN",True,True,True,True,3,ch2_tmc_nca_20220521T2311438296_d_img_d18.zip | ch2_tmc_ncf_20220521T2311438263_d_img_d18.zip | ch2_tmc_ncn_20220521T2311438263_d_img_d18.zip
2022-05-21 23:14:58+00:00,2022-05-21 23:14:57.997000+00:00,2022-05-21 23:20:25.636000+00:00,3,"AFT,FORE,NADIR","NCA,NCF,NCN",True,True,True,True,3,ch2_tmc_nca_20220521T2314579971_d_img_d18.zip | ch2_tmc_ncf_20220521T2314579971_d_img_d18.zip | ch2_tmc_ncn_20220521T2314579971_d_img_d18.zip
2022-05-22 01:12:42+00:00,2022-05-22 01:12:42.332000+00:00,2022-05-22 01:22:37.949000+00:00,3,"AFT,FORE,NADIR","NCA,NCF,NCN",True,True,True,True,3,ch2_tmc_nca_20220522T0112423647_d_img_d18.zip | ch2_tmc_ncf_20220522T0112423322_d_img_d18.zip | ch2_tmc_ncn_20220522T0112423322_d_img_d18.zip
2022-05-22 18:38:05+00:00,2022-05-22 18:38:04.971000+00:00,2022-05-22 18:46:41.592000+00:00,3,"AFT,FORE,NADIR","NCA,NCF,NCN",True,True,True,True,3,ch2_tmc_nca_20220522T1838049714_d_img_d18.zip | ch2_tmc_ncf_20220522T1838049714_d_img_d18.zip | ch2_tmc_ncn_20220522T1838049746_d_img_d18.zip
2022-05-22 22:46:40+00:00,2022-05-22 22:46:39.523000+00:00,2022-05-22 22:56:35.432000+00:00,3,"AFT,FORE,NADIR","NCA,NCF,NCN",True,True,True,True,3,ch2_tmc_nca_20220522T2246395231_d_img_d18.zip | ch2_tmc_ncf_20220522T2246395264_d_img_d18.zip | ch2_tmc_ncn_20220522T2246395264_d_img_d18.zip
2022-05-23 02:38:38+00:00,2022-05-23 02:38:37.548000+00:00,2022-05-23 02:48:33.513000+00:00,3,"AFT,FORE,NADIR","NCA,NCF,NCN",True,True,True,True,3,ch2_tmc_nca_20220523T0238375485_d_img_d18.zip | ch2_tmc_ncf_20220523T0238375517_d_img_d18.zip | ch2_tmc_ncn_20220523T0238375485_d_img_d18.zip
2022-05-23 20:07:32+00:00,2022-05-23 20:07:31.686000+00:00,2022-05-23 20:27:03.170000+00:00,3,"AFT,FORE,NADIR","NCA,NCF,NCN",True,True,True,True,3,ch2_tmc_nca_20220523T2007316899_d_img_d18.zip | ch2_tmc_ncf_20220523T2007316866_d_img_d18.zip | ch2_tmc_ncn_20220523T2007316866_d_img_d18.zip
2022-05-24 00:22:55+00:00,2022-05-24 00:22:54.792000+00:00,2022-05-24 00:42:43.660000+00:00,3,"AFT,FORE,NADIR","NCA,NCF,NCN",True,True,True,True,3,ch2_tmc_nca_20220524T0022547922_d_img_d18.zip | ch2_tmc_ncf_20220524T0022547922_d_img_d18.zip | ch2_tmc_ncn_20220524T0022547922_d_img_d18.zip
2022-05-24 19:50:27+00:00,2022-05-24 19:50:26.645000+00:00,2022-05-24 20:10:18.911000+00:00,3,"AFT,FORE,NADIR","NCA,NCF,NCN",True,True,True,True,3,ch2_tmc_nca_20220524T1950266452_d_img_d18.zip | ch2_tmc_ncf_20220524T1950266485_d_img_d18.zip | ch2_tmc_ncn_20220524T1950266452_d_img_d18.zip
2022-05-25 00:18:25+00:00,2022-05-25 00:18:25.439000+00:00,2022-05-25 00:27:14.638000+00:00,3,"AFT,FORE,NADIR","NCA,NCF,NCN",True,True,True,True,3,ch2_tmc_nca_20220525T0018254424_d_img_d18.zip | ch2_tmc_ncf_20220525T0018254391_d_img_d18.zip | ch2_tmc_ncn_20220525T0018254391_d_img_d18.zip
2022-05-25 01:47:32+00:00,2022-05-25 01:47:31.655000+00:00,2022-05-25 02:07:28.703000+00:00,3,"AFT,FORE,NADIR","NCA,NCF,NCN",True,True,True,True,3,ch2_tmc_nca_20220525T0147316554_d_img_d18.zip | ch2_tmc_ncf_20220525T0147316554_d_img_d18.zip | ch2_tmc_ncn_20220525T0147316586_d_img_d18.zip
2022-05-25 03:56:33+00:00,2022-05-25 03:56:32.833000+00:00,2022-05-25 04:09:49.502000+00:00,3,"AFT,FORE,NADIR","NCA,NCF,NCN",True,True,True,True,3,ch2_tmc_nca_20220525T0356328368_d_img_d18.zip | ch2_tmc_ncf_20220525T0356328337_d_img_d18.zip | ch2_tmc_ncn_20220525T0356328337_d_img_d18.zip
2022-05-25 05:45:34+00:00,2022-05-25 05:45:33.887000+00:00,2022-05-25 06:05:31.690000+00:00,3,"AFT,FORE,NADIR","NCA,NCF,NCN",True,True,True,True,3,ch2_tmc_nca_20220525T0545338910_d_img_d18.zip | ch2_tmc_ncf_20220525T0545338877_d_img_d18.zip | ch2_tmc_ncn_20220525T0545338877_d_img_d18.zip
2022-05-25 21:57:42+00:00,2022-05-25 21:57:42.480000+00:00,2022-05-25 22:17:12.393000+00:00,3,"AFT,FORE,NADIR","NCA,NCF,NCN",True,True,True,True,3,ch2_tmc_nca_20220525T2157424805_d_img_d18.zip | ch2_tmc_ncf_20220525T2157424805_d_img_d18.zip | ch2_tmc_ncn_20220525T2157424837_d_img_d18.zip
2022-05-26 01:49:06+00:00,2022-05-26 01:49:05.837000+00:00,2022-05-26 01:59:01.180000+00:00,3,"AFT,FORE,NADIR","NCA,NCF,NCN",True,True,True,True,3,ch2_tmc_nca_20220526T0149058373_d_img_d18.zip | ch2_tmc_ncf_20220526T0149058373_d_img_d18.zip | ch2_tmc_ncn_20220526T0149058373_d_img_d18.zip
2022-05-26 03:44:46+00:00,2022-05-26 03:44:46.425000+00:00,2022-05-26 03:58:06.889000+00:00,1,FORE,NCF,False,False,True,False,1,ch2_tmc_ncf_20220526T0344464254_d_img_d18.zip
2022-05-26 03:44:47+00:00,2022-05-26 03:44:46.750000+00:00,2022-05-26 03:58:06.889000+00:00,2,"AFT,NADIR","NCA,NCN",True,True,False,False,2,ch2_tmc_nca_20220526T0344467504_d_img_d18.zip | ch2_tmc_ncn_20220526T0344467504_d_img_d18.zip
2022-05-26 05:33:46+00:00,2022-05-26 05:33:46.412000+00:00,2022-05-26 05:53:46.665000+00:00,3,"AFT,FORE,NADIR","NCA,NCF,NCN",True,True,True,True,3,ch2_tmc_nca_20220526T0533464128_d_img_d18.zip | ch2_tmc_ncf_20220526T0533464161_d_img_d18.zip | ch2_tmc_ncn_20220526T0533464128_d_img_d18.zip
2022-05-26 23:24:57+00:00,2022-05-26 23:24:56.885000+00:00,2022-05-26 23:44:54.801000+00:00,3,"AFT,FORE,NADIR","NCA,NCF,NCN",True,True,True,True,3,ch2_tmc_nca_20220526T2324568859_d_img_d18.zip | ch2_tmc_ncf_20220526T2324568892_d_img_d18.zip | ch2_tmc_ncn_20220526T2324568859_d_img_d18.zip
2022-05-27 01:34:06+00:00,2022-05-27 01:34:06.424000+00:00,2022-05-27 01:54:10.479000+00:00,3,"AFT,FORE,NADIR","NCA,NCF,NCN",True,True,True,True,3,ch2_tmc_nca_20220527T0134064246_d_img_d18.zip | ch2_tmc_ncf_20220527T0134064246_d_img_d18.zip | ch2_tmc_ncn_20220527T0134064246_d_img_d18.zip
2022-05-27 05:22:07+00:00,2022-05-27 05:22:06.627000+00:00,2022-05-27 05:32:09.889000+00:00,3,"AFT,FORE,NADIR","NCA,NCF,NCN",True,True,True,True,3,ch2_tmc_nca_20220527T0522066274_d_img_d18.zip | ch2_tmc_ncf_20220527T0522066307_d_img_d18.zip | ch2_tmc_ncn_20220527T0522066274_d_img_d18.zip
2022-05-27 07:21:07+00:00,2022-05-27 07:21:06.720000+00:00,2022-05-27 07:41:14.140000+00:00,3,"AFT,FORE,NADIR","NCA,NCF,NCN",True,True,True,True,3,ch2_tmc_nca_20220527T0721067238_d_img_d18.zip | ch2_tmc_ncf_20220527T0721067206_d_img_d18.zip | ch2_tmc_ncn_20220527T0721067206_d_img_d18.zip
2022-05-27 23:27:02+00:00,2022-05-27 23:27:01.979000+00:00,2022-05-27 23:40:27.861000+00:00,3,"AFT,FORE,NADIR","NCA,NCF,NCN",True,True,True,True,3,ch2_tmc_nca_20220527T2327019832_d_img_d18.zip | ch2_tmc_ncf_20220527T2327019799_d_img_d18.zip | ch2_tmc_ncn_20220527T2327019799_d_img_d18.zip
2022-05-28 01:26:04+00:00,2022-05-28 01:26:03.954000+00:00,2022-05-28 01:39:27.955000+00:00,3,"AFT,FORE,NADIR","NCA,NCF,NCN",True,True,True,True,3,ch2_tmc_nca_20220528T0126039546_d_img_d18.zip | ch2_tmc_ncf_20220528T0126039546_d_img_d18.zip | ch2_tmc_ncn_20220528T0126039872_d_img_d18.zip
2022-05-28 03:25:06+00:00,2022-05-28 03:25:06.342000+00:00,2022-05-28 03:38:29.283000+00:00,3,"AFT,FORE,NADIR","NCA,NCF,NCN",True,True,True,True,3,ch2_tmc_nca_20220528T0325063429_d_img_d18.zip | ch2_tmc_ncf_20220528T0325063462_d_img_d18.zip | ch2_tmc_ncn_20220528T0325063429_d_img_d18.zip
2022-05-28 05:24:05+00:00,2022-05-28 05:24:05.414000+00:00,2022-05-28 05:37:31.299000+00:00,3,"AFT,FORE,NADIR","NCA,NCF,NCN",True,True,True,True,3,ch2_tmc_nca_20220528T0524054148_d_img_d18.zip | ch2_tmc_ncf_20220528T0524054148_d_img_d18.zip | ch2_tmc_ncn_20220528T0524054180_d_img_d18.zip
2022-05-28 07:23:07+00:00,2022-05-28 07:23:06.518000+00:00,2022-05-28 07:36:31.377000+00:00,3,"AFT,FORE,NADIR","NCA,NCF,NCN",True,True,True,True,3,ch2_tmc_nca_20220528T0723065214_d_img_d18.zip | ch2_tmc_ncf_20220528T0723065182_d_img_d18.zip | ch2_tmc_ncn_20220528T0723065182_d_img_d18.zip
2022-05-29 01:00:42+00:00,2022-05-29 01:00:41.679000+00:00,2022-05-29 01:20:46.290000+00:00,3,"AFT,FORE,NADIR","NCA,NCF,NCN",True,True,True,True,3,ch2_tmc_nca_20220529T0100416799_d_img_d18.zip | ch2_tmc_ncf_20220529T0100416830_d_img_d18.zip | ch2_tmc_ncn_20220529T0100416799_d_img_d18.zip
2022-05-29 05:18:52+00:00,2022-05-29 05:18:51.597000+00:00,2022-05-29 05:38:50.779000+00:00,3,"AFT,FORE,NADIR","NCA,NCF,NCN",True,True,True,True,3,ch2_tmc_nca_20220529T0518515977_d_img_d18.zip | ch2_tmc_ncf_20220529T0518516009_d_img_d18.zip | ch2_tmc_ncn_20220529T0518515977_d_img_d18.zip
2022-05-29 09:06:49+00:00,2022-05-29 09:06:48.975000+00:00,2022-05-29 09:16:52.107000+00:00,3,"AFT,FORE,NADIR","NCA,NCF,NCN",True,True,True,True,3,ch2_tmc_nca_20220529T0906489785_d_img_d18.zip | ch2_tmc_ncf_20220529T0906489752_d_img_d18.zip | ch2_tmc_ncn_20220529T0906489752_d_img_d18.zip
2022-07-16 16:48:05+00:00,2022-07-16 16:48:05.207000+00:00,2022-07-16 16:55:18.264000+00:00,3,"AFT,FORE,NADIR","NCA,NCF,NCN",True,True,True,True,3,ch2_tmc_nca_20220716T1648052108_d_img_d18.zip | ch2_tmc_ncf_20220716T1648052108_d_img_d18.zip | ch2_tmc_ncn_20220716T1648052076_d_img_d18.zip
2022-07-16 20:34:57+00:00,2022-07-16 20:34:56.926000+00:00,2022-07-16 20:41:00.580000+00:00,3,"AFT,FORE,NADIR","NCA,NCF,NCN",True,True,True,True,3,ch2_tmc_nca_20220716T2034569294_d_img_d18.zip | ch2_tmc_ncf_20220716T2034569261_d_img_d18.zip | ch2_tmc_ncn_20220716T2034569261_d_img_d18.zip
2022-07-16 20:40:53+00:00,2022-07-16 20:40:53.274000+00:00,2022-07-16 20:42:00.663000+00:00,3,"AFT,FORE,NADIR","NCA,NCF,NCN",True,True,True,True,3,ch2_tmc_nca_20220716T2040532747_d_img_d18.zip | ch2_tmc_ncf_20220716T2040532747_d_img_d18.zip | ch2_tmc_ncn_20220716T2040532747_d_img_d18.zip
2022-07-16 22:33:22+00:00,2022-07-16 22:33:22.297000+00:00,2022-07-16 22:40:24.121000+00:00,3,"AFT,FORE,NADIR","NCA,NCF,NCN",True,True,True,True,3,ch2_tmc_nca_20220716T2233222974_d_img_d18.zip | ch2_tmc_ncf_20220716T2233222974_d_img_d18.zip | ch2_tmc_ncn_20220716T2233222974_d_img_d18.zip
2022-07-17 18:31:06+00:00,2022-07-17 18:31:05.681000+00:00,2022-07-17 18:50:41.294000+00:00,3,"AFT,FORE,NADIR","NCA,NCF,NCN",True,True,True,True,3,ch2_tmc_nca_20220717T1831056810_d_img_d18.zip | ch2_tmc_ncf_20220717T1831056810_d_img_d18.zip | ch2_tmc_ncn_20220717T1831056842_d_img_d18.zip
2022-07-17 22:14:35+00:00,2022-07-17 22:14:34.620000+00:00,2022-07-17 22:34:39.805000+00:00,3,"AFT,FORE,NADIR","NCA,NCF,NCN",True,True,True,True,3,ch2_tmc_nca_20220717T2214346206_d_img_d18.zip | ch2_tmc_ncf_20220717T2214346206_d_img_d18.zip | ch2_tmc_ncn_20220717T2214346238_d_img_d18.zip
2022-07-18 00:13:02+00:00,2022-07-18 00:13:01.636000+00:00,2022-07-18 00:33:07.870000+00:00,3,"AFT,FORE,NADIR","NCA,NCF,NCN",True,True,True,True,3,ch2_tmc_nca_20220718T0013016367_d_img_d18.zip | ch2_tmc_ncf_20220718T0013016399_d_img_d18.zip | ch2_tmc_ncn_20220718T0013016367_d_img_d18.zip
2022-07-18 02:31:34+00:00,2022-07-18 02:31:33.610000+00:00,2022-07-18 02:41:33.119000+00:00,3,"AFT,FORE,NADIR","NCA,NCF,NCN",True,True,True,True,3,ch2_tmc_nca_20220718T0231336432_d_img_d18.zip | ch2_tmc_ncf_20220718T0231336107_d_img_d18.zip | ch2_tmc_ncn_20220718T0231336107_d_img_d18.zip
2022-07-18 19:57:20+00:00,2022-07-18 19:57:20.210000+00:00,2022-07-18 20:07:00.697000+00:00,3,"AFT,FORE,NADIR","NCA,NCF,NCN",True,True,True,True,3,ch2_tmc_nca_20220718T1957202102_d_img_d18.zip | ch2_tmc_ncf_20220718T1957202135_d_img_d18.zip | ch2_tmc_ncn_20220718T1957202102_d_img_d18.zip
2022-07-18 21:55:47+00:00,2022-07-18 21:55:47.394000+00:00,2022-07-18 22:15:57.889000+00:00,3,"AFT,FORE,NADIR","NCA,NCF,NCN",True,True,True,True,3,ch2_tmc_nca_20220718T2155473949_d_img_d18.zip | ch2_tmc_ncf_20220718T2155473982_d_img_d18.zip | ch2_tmc_ncn_20220718T2155473949_d_img_d18.zip
2022-07-19 01:52:36+00:00,2022-07-19 01:52:36.294000+00:00,2022-07-19 02:12:47.811000+00:00,3,"AFT,FORE,NADIR","NCA,NCF,NCN",True,True,True,True,3,ch2_tmc_nca_20220719T0152362943_d_img_d18.zip | ch2_tmc_ncf_20220719T0152362976_d_img_d18.zip | ch2_tmc_ncn_20220719T0152362943_d_img_d18.zip
2022-07-19 19:38:31+00:00,2022-07-19 19:38:31.485000+00:00,2022-07-19 19:48:00.600000+00:00,2,"FORE,NADIR","NCF,NCN",True,False,True,False,2,ch2_tmc_ncf_20220719T1938314859_d_img_d18.zip | ch2_tmc_ncn_20220719T1938314859_d_img_d18.zip
2022-07-19 19:38:32+00:00,2022-07-19 19:38:31.518000+00:00,2022-07-19 19:48:00.597000+00:00,1,AFT,NCA,False,True,False,False,1,ch2_tmc_nca_20220719T1938315184_d_img_d18.zip
2022-07-19 21:37:00+00:00,2022-07-19 21:36:59.555000+00:00,2022-07-19 21:57:11.890000+00:00,3,"AFT,FORE,NADIR","NCA,NCF,NCN",True,True,True,True,3,ch2_tmc_nca_20220719T2136595550_d_img_d18.zip | ch2_tmc_ncf_20220719T2136595550_d_img_d18.zip | ch2_tmc_ncn_20220719T2136595550_d_img_d18.zip
2022-07-31 04:09:48+00:00,2022-07-31 04:09:47.786000+00:00,2022-07-31 04:19:40.124000+00:00,3,"AFT,FORE,NADIR","NCA,NCF,NCN",True,True,True,True,3,ch2_tmc_nca_20220731T0409477869_d_img_d18.zip | ch2_tmc_ncf_20220731T0409477869_d_img_d18.zip | ch2_tmc_ncn_20220731T0409478194_d_img_d18.zip
2022-07-31 08:06:39+00:00,2022-07-31 08:06:39.174000+00:00,2022-07-31 08:17:43.173000+00:00,3,"AFT,FORE,NADIR","NCA,NCF,NCN",True,True,True,True,3,ch2_tmc_nca_20220731T0806391746_d_img_d18.zip | ch2_tmc_ncf_20220731T0806391746_d_img_d18.zip | ch2_tmc_ncn_20220731T0806391778_d_img_d18.zip
2022-07-31 12:03:30+00:00,2022-07-31 12:03:30.392000+00:00,2022-07-31 12:15:10.281000+00:00,3,"AFT,FORE,NADIR","NCA,NCF,NCN",True,True,True,True,3,ch2_tmc_nca_20220731T1203304253_d_img_d18.zip | ch2_tmc_ncf_20220731T1203303928_d_img_d18.zip | ch2_tmc_ncn_20220731T1203303928_d_img_d18.zip
2022-08-01 03:50:48+00:00,2022-08-01 03:50:48.109000+00:00,2022-08-01 04:01:05.785000+00:00,3,"AFT,FORE,NADIR","NCA,NCF,NCN",True,True,True,True,3,ch2_tmc_nca_20220801T0350481131_d_img_d18.zip | ch2_tmc_ncf_20220801T0350481098_d_img_d18.zip | ch2_tmc_ncn_20220801T0350481098_d_img_d18.zip
2022-08-01 07:47:42+00:00,2022-08-01 07:47:41.517000+00:00,2022-08-01 07:59:07.524000+00:00,3,"AFT,FORE,NADIR","NCA,NCF,NCN",True,True,True,True,3,ch2_tmc_nca_20220801T0747415174_d_img_d18.zip | ch2_tmc_ncf_20220801T0747415174_d_img_d18.zip | ch2_tmc_ncn_20220801T0747415174_d_img_d18.zip
2022-08-01 11:44:31+00:00,2022-08-01 11:44:31.259000+00:00,2022-08-01 11:56:12.637000+00:00,3,"AFT,FORE,NADIR","NCA,NCF,NCN",True,True,True,True,3,ch2_tmc_nca_20220801T1144312591_d_img_d18.zip | ch2_tmc_ncf_20220801T1144312591_d_img_d18.zip | ch2_tmc_ncn_20220801T1144312591_d_img_d18.zip
2022-08-02 05:30:20+00:00,2022-08-02 05:30:19.946000+00:00,2022-08-02 05:40:14.316000+00:00,3,"AFT,FORE,NADIR","NCA,NCF,NCN",True,True,True,True,3,ch2_tmc_nca_20220802T0530199469_d_img_d18.zip | ch2_tmc_ncf_20220802T0530199501_d_img_d18.zip | ch2_tmc_ncn_20220802T0530199469_d_img_d18.zip
2022-08-03 05:26:15+00:00,2022-08-03 05:26:15.342000+00:00,2022-08-03 05:33:02.527000+00:00,3,"AFT,FORE,NADIR","NCA,NCF,NCN",True,True,True,True,3,ch2_tmc_nca_20220803T0526153454_d_img_d18.zip | ch2_tmc_ncf_20220803T0526153454_d_img_d18.zip | ch2_tmc_ncn_20220803T0526153423_d_img_d18.zip
2022-08-03 05:32:52+00:00,2022-08-03 05:32:52.343000+00:00,2022-08-03 05:34:58.810000+00:00,3,"AFT,FORE,NADIR","NCA,NCF,NCN",True,True,True,True,3,ch2_tmc_nca_20220803T0532523437_d_img_d18.zip | ch2_tmc_ncf_20220803T0532523437_d_img_d18.zip | ch2_tmc_ncn_20220803T0532523437_d_img_d18.zip
2023-06-14 05:50:17+00:00,2023-06-14 05:50:17.188000+00:00,2023-06-14 06:02:06.945000+00:00,3,"AFT,FORE,NADIR","NCA,NCF,NCN",True,True,True,True,3,ch2_tmc_nca_20230614T0550171884_d_img_d18.zip | ch2_tmc_ncf_20230614T0550171884_d_img_d18.zip | ch2_tmc_ncn_20230614T0550171884_d_img_d18.zip
2023-07-13 06:01:19+00:00,2023-07-13 06:01:19.292000+00:00,2023-07-13 06:08:54.335000+00:00,3,"AFT,FORE,NADIR","NCA,NCF,NCN",True,True,True,True,3,ch2_tmc_nca_20230713T0601192926_d_img_d18.zip | ch2_tmc_ncf_20230713T0601192959_d_img_d18.zip | ch2_tmc_ncn_20230713T0601192926_d_img_d18.zip
2023-07-14 03:39:53+00:00,2023-07-14 03:39:52.773000+00:00,2023-07-14 03:47:31.667000+00:00,3,"AFT,FORE,NADIR","NCA,NCF,NCN",True,True,True,True,3,ch2_tmc_nca_20230714T0339527731_d_img_d18.zip | ch2_tmc_ncf_20230714T0339527731_d_img_d18.zip | ch2_tmc_ncn_20230714T0339527731_d_img_d18.zip
2023-07-15 04:24:00+00:00,2023-07-15 04:24:00.310000+00:00,2023-07-15 04:34:00.355000+00:00,3,"AFT,FORE,NADIR","NCA,NCF,NCN",True,True,True,True,3,ch2_tmc_nca_20230715T0424003137_d_img_d18.zip | ch2_tmc_ncf_20230715T0424003105_d_img_d18.zip | ch2_tmc_ncn_20230715T0424003105_d_img_d18.zip
2023-07-15 06:22:06+00:00,2023-07-15 06:22:05.867000+00:00,2023-07-15 06:32:07.778000+00:00,3,"AFT,FORE,NADIR","NCA,NCF,NCN",True,True,True,True,3,ch2_tmc_nca_20230715T0622058674_d_img_d18.zip | ch2_tmc_ncf_20230715T0622058674_d_img_d18.zip | ch2_tmc_ncn_20230715T0622058706_d_img_d18.zip
2023-07-15 08:20:13+00:00,2023-07-15 08:20:12.588000+00:00,2023-07-15 08:30:13.802000+00:00,3,"AFT,FORE,NADIR","NCA,NCF,NCN",True,True,True,True,3,ch2_tmc_nca_20230715T0820125889_d_img_d18.zip | ch2_tmc_ncf_20230715T0820125889_d_img_d18.zip | ch2_tmc_ncn_20230715T0820125921_d_img_d18.zip
2023-07-16 07:57:34+00:00,2023-07-16 07:57:33.610000+00:00,2023-07-16 08:07:35.720000+00:00,3,"AFT,FORE,NADIR","NCA,NCF,NCN",True,True,True,True,3,ch2_tmc_nca_20230716T0757336100_d_img_d18.zip | ch2_tmc_ncf_20230716T0757336133_d_img_d18.zip | ch2_tmc_ncn_20230716T0757336100_d_img_d18.zip
2023-07-16 09:55:41+00:00,2023-07-16 09:55:41.358000+00:00,2023-07-16 10:05:42.568000+00:00,3,"AFT,FORE,NADIR","NCA,NCF,NCN",True,True,True,True,3,ch2_tmc_nca_20230716T0955413584_d_img_d18.zip | ch2_tmc_ncf_20230716T0955413615_d_img_d18.zip | ch2_tmc_ncn_20230716T0955413584_d_img_d18.zip
2023-07-17 05:36:48+00:00,2023-07-17 05:36:47.797000+00:00,2023-07-17 05:46:48.881000+00:00,3,"AFT,FORE,NADIR","NCA,NCF,NCN",True,True,True,True,3,ch2_tmc_nca_20230717T0536477971_d_img_d18.zip | ch2_tmc_ncf_20230717T0536477971_d_img_d18.zip | ch2_tmc_ncn_20230717T0536478003_d_img_d18.zip
2023-07-19 08:37:02+00:00,2023-07-19 08:37:01.924000+00:00,2023-07-19 08:46:42.657000+00:00,3,"AFT,FORE,NADIR","NCA,NCF,NCN",True,True,True,True,3,ch2_tmc_nca_20230719T0837019275_d_img_d18.zip | ch2_tmc_ncf_20230719T0837019242_d_img_d18.zip | ch2_tmc_ncn_20230719T0837019242_d_img_d18.zip
2023-10-19 04:39:12+00:00,2023-10-19 04:39:12.218000+00:00,2023-10-19 04:49:32.886000+00:00,3,"AFT,FORE,NADIR","NCA,NCF,NCN",True,True,True,True,3,ch2_tmc_nca_20231019T0439122213_d_img_d18.zip | ch2_tmc_ncf_20231019T0439122181_d_img_d18.zip | ch2_tmc_ncn_20231019T0439122181_d_img_d18.zip
2023-10-19 08:35:11+00:00,2023-10-19 08:35:10.621000+00:00,2023-10-19 08:45:31.289000+00:00,3,"AFT,FORE,NADIR","NCA,NCF,NCN",True,True,True,True,3,ch2_tmc_nca_20231019T0835106243_d_img_d18.zip | ch2_tmc_ncf_20231019T0835106210_d_img_d18.zip | ch2_tmc_ncn_20231019T0835106210_d_img_d18.zip
2023-10-19 12:31:11+00:00,2023-10-19 12:31:11.152000+00:00,2023-10-19 12:41:30.796000+00:00,3,"AFT,FORE,NADIR","NCA,NCF,NCN",True,True,True,True,3,ch2_tmc_nca_20231019T1231111562_d_img_d18.zip | ch2_tmc_ncf_20231019T1231111529_d_img_d18.zip | ch2_tmc_ncn_20231019T1231111529_d_img_d18.zip
2023-10-20 08:11:16+00:00,2023-10-20 08:11:15.934000+00:00,2023-10-20 08:19:14.367000+00:00,3,"AFT,FORE,NADIR","NCA,NCF,NCN",True,True,True,True,3,ch2_tmc_nca_20231020T0811159665_d_img_d18.zip | ch2_tmc_ncf_20231020T0811159340_d_img_d18.zip | ch2_tmc_ncn_20231020T0811159340_d_img_d18.zip
2023-10-20 12:07:14+00:00,2023-10-20 12:07:13.926000+00:00,2023-10-20 12:15:17.388000+00:00,3,"AFT,FORE,NADIR","NCA,NCF,NCN",True,True,True,True,3,ch2_tmc_nca_20231020T1207139269_d_img_d18.zip | ch2_tmc_ncf_20231020T1207139269_d_img_d18.zip | ch2_tmc_ncn_20231020T1207139269_d_img_d18.zip
2023-10-21 09:45:06+00:00,2023-10-21 09:45:06.456000+00:00,2023-10-21 09:53:29.327000+00:00,3,"AFT,FORE,NADIR","NCA,NCF,NCN",True,True,True,True,3,ch2_tmc_nca_20231021T0945064601_d_img_d18.zip | ch2_tmc_ncf_20231021T0945064568_d_img_d18.zip | ch2_tmc_ncn_20231021T0945064601_d_img_d18.zip
2023-10-21 09:53:18+00:00,2023-10-21 09:53:18.118000+00:00,2023-10-21 09:55:22.970000+00:00,3,"AFT,FORE,NADIR","NCA,NCF,NCN",True,True,True,True,3,ch2_tmc_nca_20231021T0953181182_d_img_d18.zip | ch2_tmc_ncf_20231021T0953181182_d_img_d18.zip | ch2_tmc_ncn_20231021T0953181182_d_img_d18.zip
2023-10-21 13:41:06+00:00,2023-10-21 13:41:05.935000+00:00,2023-10-21 13:51:08.937000+00:00,3,"AFT,FORE,NADIR","NCA,NCF,NCN",True,True,True,True,3,ch2_tmc_nca_20231021T1341059682_d_img_d18.zip | ch2_tmc_ncf_20231021T1341059357_d_img_d18.zip | ch2_tmc_ncn_20231021T1341059357_d_img_d18.zip
2023-10-22 13:16:49+00:00,2023-10-22 13:16:49.479000+00:00,2023-10-22 13:27:04.471000+00:00,2,"FORE,NADIR","NCF,NCN",True,False,True,False,2,ch2_tmc_ncf_20231022T1316494793_d_img_d18.zip | ch2_tmc_ncn_20231022T1316494793_d_img_d18.zip
2023-10-22 13:16:50+00:00,2023-10-22 13:16:49.511000+00:00,2023-10-22 13:27:04.468000+00:00,1,AFT,NCA,False,True,False,False,1,ch2_tmc_nca_20231022T1316495119_d_img_d18.zip
2023-10-23 12:52:39+00:00,2023-10-23 12:52:38.844000+00:00,2023-10-23 13:03:00.539000+00:00,3,"AFT,FORE,NADIR","NCA,NCF,NCN",True,True,True,True,3,ch2_tmc_nca_20231023T1252388476_d_img_d18.zip | ch2_tmc_ncf_20231023T1252388444_d_img_d18.zip | ch2_tmc_ncn_20231023T1252388444_d_img_d18.zip
2023-10-23 16:48:39+00:00,2023-10-23 16:48:39.436000+00:00,2023-10-23 16:59:00.997000+00:00,3,"AFT,FORE,NADIR","NCA,NCF,NCN",True,True,True,True,3,ch2_tmc_nca_20231023T1648394398_d_img_d18.zip | ch2_tmc_ncf_20231023T1648394365_d_img_d18.zip | ch2_tmc_ncn_20231023T1648394365_d_img_d18.zip
2023-10-24 08:32:34+00:00,2023-10-24 08:32:33.965000+00:00,2023-10-24 08:42:56.681000+00:00,3,"AFT,FORE,NADIR","NCA,NCF,NCN",True,True,True,True,3,ch2_tmc_nca_20231024T0832339689_d_img_d18.zip | ch2_tmc_ncf_20231024T0832339656_d_img_d18.zip | ch2_tmc_ncn_20231024T0832339656_d_img_d18.zip
2023-10-24 12:28:35+00:00,2023-10-24 12:28:34.695000+00:00,2023-10-24 12:38:58.433000+00:00,3,"AFT,FORE,NADIR","NCA,NCF,NCN",True,True,True,True,3,ch2_tmc_nca_20231024T1228346988_d_img_d18.zip | ch2_tmc_ncf_20231024T1228346956_d_img_d18.zip | ch2_tmc_ncn_20231024T1228346956_d_img_d18.zip
2023-10-24 16:24:37+00:00,2023-10-24 16:24:37.183000+00:00,2023-10-24 16:34:58.876000+00:00,3,"AFT,FORE,NADIR","NCA,NCF,NCN",True,True,True,True,3,ch2_tmc_nca_20231024T1624371836_d_img_d18.zip | ch2_tmc_ncf_20231024T1624371868_d_img_d18.zip | ch2_tmc_ncn_20231024T1624371836_d_img_d18.zip
2023-10-25 19:56:51+00:00,2023-10-25 19:56:51.380000+00:00,2023-10-25 20:07:09.869000+00:00,3,"AFT,FORE,NADIR","NCA,NCF,NCN",True,True,True,True,3,ch2_tmc_nca_20231025T1956513833_d_img_d18.zip | ch2_tmc_ncf_20231025T1956513800_d_img_d18.zip | ch2_tmc_ncn_20231025T1956513800_d_img_d18.zip
2023-10-26 09:43:00+00:00,2023-10-26 09:43:00.197000+00:00,2023-10-26 09:53:19.838000+00:00,3,"AFT,FORE,NADIR","NCA,NCF,NCN",True,True,True,True,3,ch2_tmc_nca_20231026T0943002004_d_img_d18.zip | ch2_tmc_ncf_20231026T0943001971_d_img_d18.zip | ch2_tmc_ncn_20231026T0943001971_d_img_d18.zip
2023-10-26 13:39:02+00:00,2023-10-26 13:39:01.861000+00:00,2023-10-26 13:49:21.503000+00:00,3,"AFT,FORE,NADIR","NCA,NCF,NCN",True,True,True,True,3,ch2_tmc_nca_20231026T1339018648_d_img_d18.zip | ch2_tmc_ncf_20231026T1339018616_d_img_d18.zip | ch2_tmc_ncn_20231026T1339018616_d_img_d18.zip
2023-10-26 17:35:03+00:00,2023-10-26 17:35:02.540000+00:00,2023-10-26 17:45:23.788000+00:00,3,"AFT,FORE,NADIR","NCA,NCF,NCN",True,True,True,True,3,ch2_tmc_nca_20231026T1735025442_d_img_d18.zip | ch2_tmc_ncf_20231026T1735025409_d_img_d18.zip | ch2_tmc_ncn_20231026T1735025409_d_img_d18.zip
2023-10-27 13:15:13+00:00,2023-10-27 13:15:13.488000+00:00,2023-10-27 13:25:33.716000+00:00,2,"FORE,NADIR","NCF,NCN",True,False,True,False,2,ch2_tmc_ncf_20231027T1315134884_d_img_d18.zip | ch2_tmc_ncn_20231027T1315134884_d_img_d18.zip
2023-10-27 13:15:14+00:00,2023-10-27 13:15:13.520000+00:00,2023-10-27 13:25:33.713000+00:00,1,AFT,NCA,False,True,False,False,1,ch2_tmc_nca_20231027T1315135208_d_img_d18.zip
2023-10-27 17:11:15+00:00,2023-10-27 17:11:14.647000+00:00,2023-10-27 17:21:35.185000+00:00,3,"AFT,FORE,NADIR","NCA,NCF,NCN",True,True,True,True,3,ch2_tmc_nca_20231027T1711146507_d_img_d18.zip | ch2_tmc_ncf_20231027T1711146475_d_img_d18.zip | ch2_tmc_ncn_20231027T1711146475_d_img_d18.zip
2023-10-27 21:07:17+00:00,2023-10-27 21:07:17.183000+00:00,2023-10-27 21:17:37.851000+00:00,3,"AFT,FORE,NADIR","NCA,NCF,NCN",True,True,True,True,3,ch2_tmc_nca_20231027T2107171872_d_img_d18.zip | ch2_tmc_ncf_20231027T2107171839_d_img_d18.zip | ch2_tmc_ncn_20231027T2107171839_d_img_d18.zip
2023-10-29 16:23:32+00:00,2023-10-29 16:23:32.150000+00:00,2023-10-29 16:33:49.617000+00:00,3,"AFT,FORE,NADIR","NCA,NCF,NCN",True,True,True,True,3,ch2_tmc_nca_20231029T1623321542_d_img_d18.zip | ch2_tmc_ncf_20231029T1623321509_d_img_d18.zip | ch2_tmc_ncn_20231029T1623321509_d_img_d18.zip
2023-10-29 20:19:35+00:00,2023-10-29 20:19:34.905000+00:00,2023-10-29 20:28:13.606000+00:00,3,"AFT,FORE,NADIR","NCA,NCF,NCN",True,True,True,True,3,ch2_tmc_nca_20231029T2019349382_d_img_d18.zip | ch2_tmc_ncf_20231029T2019349057_d_img_d18.zip | ch2_tmc_ncn_20231029T2019349057_d_img_d18.zip
2023-10-30 17:57:33+00:00,2023-10-30 17:57:32.639000+00:00,2023-10-30 18:06:07.657000+00:00,3,"AFT,FORE,NADIR","NCA,NCF,NCN",True,True,True,True,3,ch2_tmc_nca_20231030T1757326423_d_img_d18.zip | ch2_tmc_ncf_20231030T1757326391_d_img_d18.zip | ch2_tmc_ncn_20231030T1757326423_d_img_d18.zip
2023-10-31 21:29:16+00:00,2023-10-31 21:29:15.776000+00:00,2023-10-31 21:38:43.981000+00:00,3,"AFT,FORE,NADIR","NCA,NCF,NCN",True,True,True,True,3,ch2_tmc_nca_20231031T2129157799_d_img_d18.zip | ch2_tmc_ncf_20231031T2129157767_d_img_d18.zip | ch2_tmc_ncn_20231031T2129157767_d_img_d18.zip
2023-11-01 01:25:12+00:00,2023-11-01 01:25:12.134000+00:00,2023-11-01 01:35:26.973000+00:00,3,"AFT,FORE,NADIR","NCA,NCF,NCN",True,True,True,True,3,ch2_tmc_nca_20231101T0125121377_d_img_d18.zip | ch2_tmc_ncf_20231101T0125121344_d_img_d18.zip | ch2_tmc_ncn_20231101T0125121377_d_img_d18.zip
2023-11-01 17:08:58+00:00,2023-11-01 17:08:58.152000+00:00,2023-11-01 17:19:15.620000+00:00,3,"AFT,FORE,NADIR","NCA,NCF,NCN",True,True,True,True,3,ch2_tmc_nca_20231101T1708581561_d_img_d18.zip | ch2_tmc_ncf_20231101T1708581528_d_img_d18.zip | ch2_tmc_ncn_20231101T1708581528_d_img_d18.zip
2023-11-01 21:04:54+00:00,2023-11-01 21:04:53.747000+00:00,2023-11-01 21:09:32.539000+00:00,3,"AFT,FORE,NADIR","NCA,NCF,NCN",True,True,True,True,3,ch2_tmc_nca_20231101T2104537506_d_img_d18.zip | ch2_tmc_ncf_20231101T2104537475_d_img_d18.zip | ch2_tmc_ncn_20231101T2104537475_d_img_d18.zip
2023-11-02 22:42:54+00:00,2023-11-02 22:42:53.920000+00:00,2023-11-02 22:48:28.722000+00:00,3,"AFT,FORE,NADIR","NCA,NCF,NCN",True,True,True,True,3,ch2_tmc_nca_20231102T2242539208_d_img_d18.zip | ch2_tmc_ncf_20231102T2242539208_d_img_d18.zip | ch2_tmc_ncn_20231102T2242539208_d_img_d18.zip
2023-11-03 16:28:26+00:00,2023-11-03 16:28:25.751000+00:00,2023-11-03 16:30:28.716000+00:00,3,"AFT,FORE,NADIR","NCA,NCF,NCN",True,True,True,True,3,ch2_tmc_nca_20231103T1628257510_d_img_d18.zip | ch2_tmc_ncf_20231103T1628257543_d_img_d18.zip | ch2_tmc_ncn_20231103T1628257510_d_img_d18.zip
2023-11-03 20:20:52+00:00,2023-11-03 20:20:51.821000+00:00,2023-11-03 20:26:27.894000+00:00,3,"AFT,FORE,NADIR","NCA,NCF,NCN",True,True,True,True,3,ch2_tmc_nca_20231103T2020518216_d_img_d18.zip | ch2_tmc_ncf_20231103T2020518216_d_img_d18.zip | ch2_tmc_ncn_20231103T2020518216_d_img_d18.zip
2023-11-04 18:02:27+00:00,2023-11-04 18:02:26.760000+00:00,2023-11-04 18:04:08.649000+00:00,3,"AFT,FORE,NADIR","NCA,NCF,NCN",True,True,True,True,3,ch2_tmc_nca_20231104T1802267609_d_img_d18.zip | ch2_tmc_ncf_20231104T1802267609_d_img_d18.zip | ch2_tmc_ncn_20231104T1802267609_d_img_d18.zip
2023-11-04 21:50:42+00:00,2023-11-04 21:50:41.687000+00:00,2023-11-04 21:54:50.582000+00:00,3,"AFT,FORE,NADIR","NCA,NCF,NCN",True,True,True,True,3,ch2_tmc_nca_20231104T2150416876_d_img_d18.zip | ch2_tmc_ncf_20231104T2150417200_d_img_d18.zip | ch2_tmc_ncn_20231104T2150417200_d_img_d18.zip
2023-11-04 21:54:43+00:00,2023-11-04 21:54:43.162000+00:00,2023-11-04 22:00:24.930000+00:00,3,"AFT,FORE,NADIR","NCA,NCF,NCN",True,True,True,True,3,ch2_tmc_nca_20231104T2154431952_d_img_d18.zip | ch2_tmc_ncf_20231104T2154431627_d_img_d18.zip | ch2_tmc_ncn_20231104T2154431952_d_img_d18.zip
2023-11-05 03:44:01+00:00,2023-11-05 03:44:01.362000+00:00,2023-11-05 03:54:25.752000+00:00,3,"AFT,FORE,NADIR","NCA,NCF,NCN",True,True,True,True,3,ch2_tmc_nca_20231105T0344013952_d_img_d18.zip | ch2_tmc_ncf_20231105T0344013627_d_img_d18.zip | ch2_tmc_ncn_20231105T0344013627_d_img_d18.zip
2023-11-05 03:44:36+00:00,2023-11-05 03:44:36.489000+00:00,2023-11-05 03:54:25.748000+00:00,1,AFT,NCA,False,True,False,False,1,ch2_tmc_nca_20231105T0344364899_d_img_d18.zip
2023-11-05 03:44:37+00:00,2023-11-05 03:44:36.810000+00:00,2023-11-05 03:54:25.752000+00:00,2,"FORE,NADIR","NCF,NCN",True,False,True,False,2,ch2_tmc_ncf_20231105T0344368103_d_img_d18.zip | ch2_tmc_ncn_20231105T0344368103_d_img_d18.zip
2023-11-05 23:24:23+00:00,2023-11-05 23:24:22.955000+00:00,2023-11-05 23:33:27.984000+00:00,3,"AFT,FORE,NADIR","NCA,NCF,NCN",True,True,True,True,3,ch2_tmc_nca_20231105T2324229555_d_img_d18.zip | ch2_tmc_ncf_20231105T2324229846_d_img_d18.zip | ch2_tmc_ncn_20231105T2324229555_d_img_d18.zip
2023-11-06 03:19:42+00:00,2023-11-06 03:19:42.496000+00:00,2023-11-06 03:30:04.894000+00:00,3,"AFT,FORE,NADIR","NCA,NCF,NCN",True,True,True,True,3,ch2_tmc_nca_20231106T0319424961_d_img_d18.zip | ch2_tmc_ncf_20231106T0319424961_d_img_d18.zip | ch2_tmc_ncn_20231106T0319424961_d_img_d18.zip
2023-11-06 03:20:20+00:00,2023-11-06 03:20:20.192000+00:00,2023-11-06 03:30:04.894000+00:00,3,"AFT,FORE,NADIR","NCA,NCF,NCN",True,True,True,True,3,ch2_tmc_nca_20231106T0320201926_d_img_d18.zip | ch2_tmc_ncf_20231106T0320201926_d_img_d18.zip | ch2_tmc_ncn_20231106T0320201926_d_img_d18.zip
2023-11-06 19:03:37+00:00,2023-11-06 19:03:36.844000+00:00,2023-11-06 19:14:01.604000+00:00,3,"AFT,FORE,NADIR","NCA,NCF,NCN",True,True,True,True,3,ch2_tmc_nca_20231106T1903368474_d_img_d18.zip | ch2_tmc_ncf_20231106T1903368442_d_img_d18.zip | ch2_tmc_ncn_20231106T1903368442_d_img_d18.zip
2023-11-06 22:59:37+00:00,2023-11-06 22:59:37.412000+00:00,2023-11-06 23:09:14.642000+00:00,3,"AFT,FORE,NADIR","NCA,NCF,NCN",True,True,True,True,3,ch2_tmc_nca_20231106T2259374162_d_img_d18.zip | ch2_tmc_ncf_20231106T2259374129_d_img_d18.zip | ch2_tmc_ncn_20231106T2259374129_d_img_d18.zip
2023-11-07 02:55:38+00:00,2023-11-07 02:55:38.198000+00:00,2023-11-07 03:06:01.623000+00:00,3,"AFT,FORE,NADIR","NCA,NCF,NCN",True,True,True,True,3,ch2_tmc_nca_20231107T0255381986_d_img_d18.zip | ch2_tmc_ncf_20231107T0255381986_d_img_d18.zip | ch2_tmc_ncn_20231107T0255381986_d_img_d18.zip
2023-11-08 02:31:44+00:00,2023-11-08 02:31:43.599000+00:00,2023-11-08 02:42:07.338000+00:00,3,"AFT,FORE,NADIR","NCA,NCF,NCN",True,True,True,True,3,ch2_tmc_nca_20231108T0231436025_d_img_d18.zip | ch2_tmc_ncf_20231108T0231435992_d_img_d18.zip | ch2_tmc_ncn_20231108T0231435992_d_img_d18.zip
2023-11-08 06:27:44+00:00,2023-11-08 06:27:44.323000+00:00,2023-11-08 06:38:08.959000+00:00,3,"AFT,FORE,NADIR","NCA,NCF,NCN",True,True,True,True,3,ch2_tmc_nca_20231108T0627443269_d_img_d18.zip | ch2_tmc_ncf_20231108T0627443237_d_img_d18.zip | ch2_tmc_ncn_20231108T0627443237_d_img_d18.zip
2023-11-09 02:07:53+00:00,2023-11-09 02:07:53.111000+00:00,2023-11-09 02:18:19.796000+00:00,3,"AFT,FORE,NADIR","NCA,NCF,NCN",True,True,True,True,3,ch2_tmc_nca_20231109T0207531151_d_img_d18.zip | ch2_tmc_ncf_20231109T0207531119_d_img_d18.zip | ch2_tmc_ncn_20231109T0207531119_d_img_d18.zip
2023-11-09 06:03:57+00:00,2023-11-09 06:03:56.769000+00:00,2023-11-09 06:14:20.382000+00:00,3,"AFT,FORE,NADIR","NCA,NCF,NCN",True,True,True,True,3,ch2_tmc_nca_20231109T0603567725_d_img_d18.zip | ch2_tmc_ncf_20231109T0603567692_d_img_d18.zip | ch2_tmc_ncn_20231109T0603567692_d_img_d18.zip
2023-11-09 21:48:03+00:00,2023-11-09 21:48:02.879000+00:00,2023-11-09 21:58:25.466000+00:00,3,"AFT,FORE,NADIR","NCA,NCF,NCN",True,True,True,True,3,ch2_tmc_nca_20231109T2148028828_d_img_d18.zip | ch2_tmc_ncf_20231109T2148028796_d_img_d18.zip | ch2_tmc_ncn_20231109T2148028796_d_img_d18.zip
2023-11-10 03:42:07+00:00,2023-11-10 03:42:07.383000+00:00,2023-11-10 03:52:29.778000+00:00,3,"AFT,FORE,NADIR","NCA,NCF,NCN",True,True,True,True,3,ch2_tmc_nca_20231110T0342073836_d_img_d18.zip | ch2_tmc_ncf_20231110T0342073869_d_img_d18.zip | ch2_tmc_ncn_20231110T0342073836_d_img_d18.zip
2023-11-10 07:38:09+00:00,2023-11-10 07:38:08.899000+00:00,2023-11-10 07:48:30.590000+00:00,3,"AFT,FORE,NADIR","NCA,NCF,NCN",True,True,True,True,3,ch2_tmc_nca_20231110T0738089024_d_img_d18.zip | ch2_tmc_ncf_20231110T0738088991_d_img_d18.zip | ch2_tmc_ncn_20231110T0738088991_d_img_d18.zip
2023-11-10 23:32:48+00:00,2023-11-10 23:32:47.596000+00:00,2023-11-10 23:42:45.609000+00:00,3,"AFT,FORE,NADIR","NCA,NCF,NCN",True,True,True,True,3,ch2_tmc_nca_20231110T2332475999_d_img_d18.zip | ch2_tmc_ncf_20231110T2332475966_d_img_d18.zip | ch2_tmc_ncn_20231110T2332475966_d_img_d18.zip
2023-11-11 05:26:32+00:00,2023-11-11 05:26:31.864000+00:00,2023-11-11 05:36:30.899000+00:00,3,"AFT,FORE,NADIR","NCA,NCF,NCN",True,True,True,True,3,ch2_tmc_nca_20231111T0526318673_d_img_d18.zip | ch2_tmc_ncf_20231111T0526318640_d_img_d18.zip | ch2_tmc_ncn_20231111T0526318640_d_img_d18.zip
2023-11-12 01:06:43+00:00,2023-11-12 01:06:42.840000+00:00,2023-11-12 01:16:41.878000+00:00,3,"AFT,FORE,NADIR","NCA,NCF,NCN",True,True,True,True,3,ch2_tmc_nca_20231112T0106428404_d_img_d18.zip | ch2_tmc_ncf_20231112T0106428404_d_img_d18.zip | ch2_tmc_ncn_20231112T0106428437_d_img_d18.zip
2023-11-12 04:59:15+00:00,2023-11-12 04:59:14.555000+00:00,2023-11-12 05:09:12.698000+00:00,3,"AFT,FORE,NADIR","NCA,NCF,NCN",True,True,True,True,3,ch2_tmc_nca_20231112T0459145554_d_img_d18.zip | ch2_tmc_ncf_20231112T0459145554_d_img_d18.zip | ch2_tmc_ncn_20231112T0459145586_d_img_d18.zip
2023-11-12 08:48:14+00:00,2023-11-12 08:48:14.324000+00:00,2023-11-12 08:58:37.411000+00:00,3,"AFT,FORE,NADIR","NCA,NCF,NCN",True,True,True,True,3,ch2_tmc_nca_20231112T0848143280_d_img_d18.zip | ch2_tmc_ncf_20231112T0848143248_d_img_d18.zip | ch2_tmc_ncn_20231112T0848143248_d_img_d18.zip
2023-11-15 02:30:13+00:00,2023-11-15 02:30:12.680000+00:00,2023-11-15 02:38:51.349000+00:00,3,"AFT,FORE,NADIR","NCA,NCF,NCN",True,True,True,True,3,ch2_tmc_nca_20231115T0230126801_d_img_d18.zip | ch2_tmc_ncf_20231115T0230126801_d_img_d18.zip | ch2_tmc_ncn_20231115T0230126801_d_img_d18.zip
2023-11-17 07:38:54+00:00,2023-11-17 07:38:54.492000+00:00,2023-11-17 07:44:23.818000+00:00,3,"AFT,FORE,NADIR","NCA,NCF,NCN",True,True,True,True,3,ch2_tmc_nca_20231117T0738544925_d_img_d18.zip | ch2_tmc_ncf_20231117T0738544925_d_img_d18.zip | ch2_tmc_ncn_20231117T0738544958_d_img_d18.zip
2023-11-18 13:05:12+00:00,2023-11-18 13:05:12.184000+00:00,2023-11-18 13:15:14.301000+00:00,3,"AFT,FORE,NADIR","NCA,NCF,NCN",True,True,True,True,3,ch2_tmc_nca_20231118T1305121880_d_img_d18.zip | ch2_tmc_ncf_20231118T1305121848_d_img_d18.zip | ch2_tmc_ncn_20231118T1305121880_d_img_d18.zip
2023-11-22 15:24:17+00:00,2023-11-22 15:24:16.907000+00:00,2023-11-22 15:34:04.358000+00:00,3,"AFT,FORE,NADIR","NCA,NCF,NCN",True,True,True,True,3,ch2_tmc_nca_20231122T1524169072_d_img_d18.zip | ch2_tmc_ncf_20231122T1524169072_d_img_d18.zip | ch2_tmc_ncn_20231122T1524169072_d_img_d18.zip
2023-11-22 17:22:17+00:00,2023-11-22 17:22:16.535000+00:00,2023-11-22 17:32:11.279000+00:00,3,"AFT,FORE,NADIR","NCA,NCF,NCN",True,True,True,True,3,ch2_tmc_nca_20231122T1722165385_d_img_d18.zip | ch2_tmc_ncf_20231122T1722165353_d_img_d18.zip | ch2_tmc_ncn_20231122T1722165353_d_img_d18.zip
2023-11-23 13:02:14+00:00,2023-11-23 13:02:13.863000+00:00,2023-11-23 13:12:06.800000+00:00,3,"AFT,FORE,NADIR","NCA,NCF,NCN",True,True,True,True,3,ch2_tmc_nca_20231123T1302138639_d_img_d18.zip | ch2_tmc_ncf_20231123T1302138673_d_img_d18.zip | ch2_tmc_ncn_20231123T1302138639_d_img_d18.zip
2023-11-23 16:58:14+00:00,2023-11-23 16:58:14.298000+00:00,2023-11-23 17:07:58.769000+00:00,3,"AFT,FORE,NADIR","NCA,NCF,NCN",True,True,True,True,3,ch2_tmc_nca_20231123T1658142982_d_img_d18.zip | ch2_tmc_ncf_20231123T1658143015_d_img_d18.zip | ch2_tmc_ncn_20231123T1658142982_d_img_d18.zip
2023-11-24 18:32:03+00:00,2023-11-24 18:32:03.444000+00:00,2023-11-24 18:41:58.432000+00:00,3,"AFT,FORE,NADIR","NCA,NCF,NCN",True,True,True,True,3,ch2_tmc_nca_20231124T1832034443_d_img_d18.zip | ch2_tmc_ncf_20231124T1832034476_d_img_d18.zip | ch2_tmc_ncn_20231124T1832034476_d_img_d18.zip
2023-11-26 13:47:48+00:00,2023-11-26 13:47:47.825000+00:00,2023-11-26 13:55:18.840000+00:00,3,"AFT,FORE,NADIR","NCA,NCF,NCN",True,True,True,True,3,ch2_tmc_nca_20231126T1347478258_d_img_d18.zip | ch2_tmc_ncf_20231126T1347478258_d_img_d18.zip | ch2_tmc_ncn_20231126T1347478258_d_img_d18.zip
2023-11-27 11:25:33+00:00,2023-11-27 11:25:33.133000+00:00,2023-11-27 11:35:12.242000+00:00,3,"AFT,FORE,NADIR","NCA,NCF,NCN",True,True,True,True,3,ch2_tmc_nca_20231127T1125331334_d_img_d18.zip | ch2_tmc_ncf_20231127T1125331334_d_img_d18.zip | ch2_tmc_ncn_20231127T1125331334_d_img_d18.zip
2023-12-03 00:19:08+00:00,2023-12-03 00:19:07.952000+00:00,2023-12-03 00:22:21.453000+00:00,3,"AFT,FORE,NADIR","NCA,NCF,NCN",True,True,True,True,3,ch2_tmc_nca_20231203T0019079527_d_img_d18.zip | ch2_tmc_ncf_20231203T0019079527_d_img_d18.zip | ch2_tmc_ncn_20231203T0019079527_d_img_d18.zip
2023-12-03 00:22:18+00:00,2023-12-03 00:22:17.725000+00:00,2023-12-03 00:33:51.379000+00:00,3,"AFT,FORE,NADIR","NCA,NCF,NCN",True,True,True,True,3,ch2_tmc_nca_20231203T0022177259_d_img_d18.zip | ch2_tmc_ncf_20231203T0022177292_d_img_d18.zip | ch2_tmc_ncn_20231203T0022177259_d_img_d18.zip
2023-12-03 22:00:41+00:00,2023-12-03 22:00:40.966000+00:00,2023-12-03 22:03:12.781000+00:00,3,"AFT,FORE,NADIR","NCA,NCF,NCN",True,True,True,True,3,ch2_tmc_nca_20231203T2200409663_d_img_d18.zip | ch2_tmc_ncf_20231203T2200409696_d_img_d18.zip | ch2_tmc_ncn_20231203T2200409663_d_img_d18.zip
2023-12-04 23:33:28+00:00,2023-12-04 23:33:28.206000+00:00,2023-12-04 23:44:17.956000+00:00,3,"AFT,FORE,NADIR","NCA,NCF,NCN",True,True,True,True,3,ch2_tmc_nca_20231204T2333282096_d_img_d18.zip | ch2_tmc_ncf_20231204T2333282063_d_img_d18.zip | ch2_tmc_ncn_20231204T2333282063_d_img_d18.zip
2023-12-05 19:06:51+00:00,2023-12-05 19:06:51.293000+00:00,2023-12-05 19:18:11.356000+00:00,3,"AFT,FORE,NADIR","NCA,NCF,NCN",True,True,True,True,3,ch2_tmc_nca_20231205T1906512939_d_img_d18.zip | ch2_tmc_ncf_20231205T1906512939_d_img_d18.zip | ch2_tmc_ncn_20231205T1906512971_d_img_d18.zip
2023-12-06 03:42:05+00:00,2023-12-06 03:42:04.963000+00:00,2023-12-06 03:56:46.822000+00:00,3,"AFT,FORE,NADIR","NCA,NCF,NCN",True,True,True,True,3,ch2_tmc_nca_20231206T0342049639_d_img_d18.zip | ch2_tmc_ncf_20231206T0342049639_d_img_d18.zip | ch2_tmc_ncn_20231206T0342049639_d_img_d18.zip
2023-12-07 05:23:51+00:00,2023-12-07 05:23:50.908000+00:00,2023-12-07 05:30:32.570000+00:00,3,"AFT,FORE,NADIR","NCA,NCF,NCN",True,True,True,True,3,ch2_tmc_nca_20231207T0523509080_d_img_d18.zip | ch2_tmc_ncf_20231207T0523509080_d_img_d18.zip | ch2_tmc_ncn_20231207T0523509080_d_img_d18.zip
2023-12-13 06:26:14+00:00,2023-12-13 06:26:13.564000+00:00,2023-12-13 06:32:49.970000+00:00,3,"AFT,FORE,NADIR","NCA,NCF,NCN",True,True,True,True,3,ch2_tmc_nca_20231213T0626135643_d_img_d18.zip | ch2_tmc_ncf_20231213T0626135643_d_img_d18.zip | ch2_tmc_ncn_20231213T0626135643_d_img_d18.zip
2023-12-14 00:54:21+00:00,2023-12-14 00:54:21.402000+00:00,2023-12-14 01:05:28.149000+00:00,3,"AFT,FORE,NADIR","NCA,NCF,NCN",True,True,True,True,3,ch2_tmc_nca_20231214T0054214061_d_img_d18.zip | ch2_tmc_ncf_20231214T0054214028_d_img_d18.zip | ch2_tmc_ncn_20231214T0054214028_d_img_d18.zip
2023-12-14 05:37:05+00:00,2023-12-14 05:37:04.737000+00:00,2023-12-14 05:43:30.782000+00:00,3,"AFT,FORE,NADIR","NCA,NCF,NCN",True,True,True,True,3,ch2_tmc_nca_20231214T0537047376_d_img_d18.zip | ch2_tmc_ncf_20231214T0537047376_d_img_d18.zip | ch2_tmc_ncn_20231214T0537047409_d_img_d18.zip
2023-12-15 02:00:50+00:00,2023-12-15 02:00:49.643000+00:00,2023-12-15 02:11:52.723000+00:00,3,"AFT,FORE,NADIR","NCA,NCF,NCN",True,True,True,True,3,ch2_tmc_nca_20231215T0200496439_d_img_d18.zip | ch2_tmc_ncf_20231215T0200496765_d_img_d18.zip | ch2_tmc_ncn_20231215T0200496439_d_img_d18.zip
2023-12-22 07:51:40+00:00,2023-12-22 07:51:39.911000+00:00,2023-12-22 08:06:01.897000+00:00,3,"AFT,FORE,NADIR","NCA,NCF,NCN",True,True,True,True,3,ch2_tmc_nca_20231222T0751399116_d_img_d18.zip | ch2_tmc_ncf_20231222T0751399116_d_img_d18.zip | ch2_tmc_ncn_20231222T0751399116_d_img_d18.zip
2023-12-22 15:51:01+00:00,2023-12-22 15:51:00.688000+00:00,2023-12-22 16:02:14.606000+00:00,3,"AFT,FORE,NADIR","NCA,NCF,NCN",True,True,True,True,5,ch2_tmc_nca_20231222T1551006922_d_img_d18.zip | ch2_tmc_nca_20231222T1551012949_d_img_d18.zip | ch2_tmc_ncf_20231222T1551006889_d_img_d18.zip | ch2_tmc_ncf_20231222T1551012949_d_img_d18.zip | ch2_tmc_ncn_20231222T1551006889_d_img_d18.zip
2023-12-22 15:51:02+00:00,2023-12-22 15:51:01.619000+00:00,2023-12-22 16:02:14.606000+00:00,1,NADIR,NCN,True,False,False,False,1,ch2_tmc_ncn_20231222T1551016199_d_img_d18.zip
2023-12-23 08:58:19+00:00,2023-12-23 08:58:19.187000+00:00,2023-12-23 09:11:07.973000+00:00,3,"AFT,FORE,NADIR","NCA,NCF,NCN",True,True,True,True,3,ch2_tmc_nca_20231223T0858191875_d_img_d18.zip | ch2_tmc_ncf_20231223T0858191875_d_img_d18.zip | ch2_tmc_ncn_20231223T0858191875_d_img_d18.zip
2023-12-23 09:11:04+00:00,2023-12-23 09:11:03.623000+00:00,2023-12-23 09:13:35.131000+00:00,3,"AFT,FORE,NADIR","NCA,NCF,NCN",True,True,True,True,3,ch2_tmc_nca_20231223T0911036270_d_img_d18.zip | ch2_tmc_ncf_20231223T0911036238_d_img_d18.zip | ch2_tmc_ncn_20231223T0911036270_d_img_d18.zip
2023-12-23 15:01:49+00:00,2023-12-23 15:01:49.165000+00:00,2023-12-23 15:11:22.968000+00:00,3,"AFT,FORE,NADIR","NCA,NCF,NCN",True,True,True,True,3,ch2_tmc_nca_20231223T1501491659_d_img_d18.zip | ch2_tmc_ncf_20231223T1501491659_d_img_d18.zip | ch2_tmc_ncn_20231223T1501491659_d_img_d18.zip
2023-12-24 18:15:12+00:00,2023-12-24 18:15:12.144000+00:00,2023-12-24 18:26:40.764000+00:00,3,"AFT,FORE,NADIR","NCA,NCF,NCN",True,True,True,True,3,ch2_tmc_nca_20231224T1815121479_d_img_d18.zip | ch2_tmc_ncf_20231224T1815121479_d_img_d18.zip | ch2_tmc_ncn_20231224T1815121447_d_img_d18.zip
2023-12-25 15:03:01+00:00,2023-12-25 15:03:00.563000+00:00,2023-12-25 15:20:03.343000+00:00,3,"AFT,FORE,NADIR","NCA,NCF,NCN",True,True,True,True,3,ch2_tmc_nca_20231225T1503005663_d_img_d18.zip | ch2_tmc_ncf_20231225T1503005631_d_img_d18.zip | ch2_tmc_ncn_20231225T1503005631_d_img_d18.zip
2023-12-26 10:27:23+00:00,2023-12-26 10:27:23.345000+00:00,2023-12-26 10:36:07.264000+00:00,3,"AFT,FORE,NADIR","NCA,NCF,NCN",True,True,True,True,3,ch2_tmc_nca_20231226T1027233489_d_img_d18.zip | ch2_tmc_ncf_20231226T1027233458_d_img_d18.zip | ch2_tmc_ncn_20231226T1027233489_d_img_d18.zip
2023-12-27 10:21:31+00:00,2023-12-27 10:21:30.758000+00:00,2023-12-27 10:27:15.816000+00:00,3,"AFT,FORE,NADIR","NCA,NCF,NCN",True,True,True,True,3,ch2_tmc_nca_20231227T1021307580_d_img_d18.zip | ch2_tmc_ncf_20231227T1021307613_d_img_d18.zip | ch2_tmc_ncn_20231227T1021307580_d_img_d18.zip
2023-12-28 18:47:58+00:00,2023-12-28 18:47:58.261000+00:00,2023-12-28 18:59:19.302000+00:00,3,"AFT,FORE,NADIR","NCA,NCF,NCN",True,True,True,True,3,ch2_tmc_nca_20231228T1847582643_d_img_d18.zip | ch2_tmc_ncf_20231228T1847582611_d_img_d18.zip | ch2_tmc_ncn_20231228T1847582643_d_img_d18.zip
2023-12-29 13:53:34+00:00,2023-12-29 13:53:34.486000+00:00,2023-12-29 13:56:29.383000+00:00,3,"AFT,FORE,NADIR","NCA,NCF,NCN",True,True,True,True,3,ch2_tmc_nca_20231229T1353344860_d_img_d18.zip | ch2_tmc_ncf_20231229T1353344860_d_img_d18.zip | ch2_tmc_ncn_20231229T1353344860_d_img_d18.zip
2023-12-29 18:06:21+00:00,2023-12-29 18:06:21.318000+00:00,2023-12-29 18:16:52.218000+00:00,3,"AFT,FORE,NADIR","NCA,NCF,NCN",True,True,True,True,3,ch2_tmc_nca_20231229T1806213216_d_img_d18.zip | ch2_tmc_ncf_20231229T1806213216_d_img_d18.zip | ch2_tmc_ncn_20231229T1806213183_d_img_d18.zip
2023-12-29 21:30:59+00:00,2023-12-29 21:30:59.165000+00:00,2023-12-29 21:41:57.195000+00:00,3,"AFT,FORE,NADIR","NCA,NCF,NCN",True,True,True,True,3,ch2_tmc_nca_20231229T2130591655_d_img_d18.zip | ch2_tmc_ncf_20231229T2130591655_d_img_d18.zip | ch2_tmc_ncn_20231229T2130591688_d_img_d18.zip
2023-12-30 19:17:30+00:00,2023-12-30 19:17:30.103000+00:00,2023-12-30 19:28:55.286000+00:00,3,"AFT,FORE,NADIR","NCA,NCF,NCN",True,True,True,True,3,ch2_tmc_nca_20231230T1917301066_d_img_d18.zip | ch2_tmc_ncf_20231230T1917301033_d_img_d18.zip | ch2_tmc_ncn_20231230T1917301033_d_img_d18.zip
2023-12-30 22:31:12+00:00,2023-12-30 22:31:11.745000+00:00,2023-12-30 22:42:21.792000+00:00,3,"AFT,FORE,NADIR","NCA,NCF,NCN",True,True,True,True,3,ch2_tmc_nca_20231230T2231117781_d_img_d18.zip | ch2_tmc_ncf_20231230T2231117455_d_img_d18.zip | ch2_tmc_ncn_20231230T2231117455_d_img_d18.zip
2023-12-31 00:33:56+00:00,2023-12-31 00:33:56.151000+00:00,2023-12-31 00:44:37.850000+00:00,3,"AFT,FORE,NADIR","NCA,NCF,NCN",True,True,True,True,3,ch2_tmc_nca_20231231T0033561513_d_img_d18.zip | ch2_tmc_ncf_20231231T0033561546_d_img_d18.zip | ch2_tmc_ncn_20231231T0033561546_d_img_d18.zip
2023-12-31 14:23:50+00:00,2023-12-31 14:23:49.653000+00:00,2023-12-31 14:35:16.153000+00:00,3,"AFT,FORE,NADIR","NCA,NCF,NCN",True,True,True,True,3,ch2_tmc_nca_20231231T1423496534_d_img_d18.zip | ch2_tmc_ncf_20231231T1423496566_d_img_d18.zip | ch2_tmc_ncn_20231231T1423496566_d_img_d18.zip
2023-12-31 20:11:31+00:00,2023-12-31 20:11:31.208000+00:00,2023-12-31 20:12:47.287000+00:00,3,"AFT,FORE,NADIR","NCA,NCF,NCN",True,True,True,True,3,ch2_tmc_nca_20231231T2011312086_d_img_d18.zip | ch2_tmc_ncf_20231231T2011312086_d_img_d18.zip | ch2_tmc_ncn_20231231T2011312086_d_img_d18.zip
2023-12-31 20:12:40+00:00,2023-12-31 20:12:40.466000+00:00,2023-12-31 20:21:54.778000+00:00,3,"AFT,FORE,NADIR","NCA,NCF,NCN",True,True,True,True,3,ch2_tmc_nca_20231231T2012404663_d_img_d18.zip | ch2_tmc_ncf_20231231T2012404663_d_img_d18.zip | ch2_tmc_ncn_20231231T2012404663_d_img_d18.zip
2024-01-01 21:43:42+00:00,2024-01-01 21:43:41.676000+00:00,2024-01-01 21:50:04.648000+00:00,3,"AFT,FORE,NADIR","NCA,NCF,NCN",True,True,True,True,3,ch2_tmc_nca_20240101T2143416768_d_img_d18.zip | ch2_tmc_ncf_20240101T2143416800_d_img_d18.zip | ch2_tmc_ncn_20240101T2143416768_d_img_d18.zip
2024-01-01 23:20:36+00:00,2024-01-01 23:20:35.561000+00:00,2024-01-01 23:39:34.248000+00:00,3,"AFT,FORE,NADIR","NCA,NCF,NCN",True,True,True,True,3,ch2_tmc_nca_20240101T2320355611_d_img_d18.zip | ch2_tmc_ncf_20240101T2320355611_d_img_d18.zip | ch2_tmc_ncn_20240101T2320355643_d_img_d18.zip
2024-01-02 15:07:01+00:00,2024-01-02 15:07:00.904000+00:00,2024-01-02 15:12:58.751000+00:00,3,"AFT,FORE,NADIR","NCA,NCF,NCN",True,True,True,True,3,ch2_tmc_nca_20240102T1507009049_d_img_d18.zip | ch2_tmc_ncf_20240102T1507009049_d_img_d18.zip | ch2_tmc_ncn_20240102T1507009049_d_img_d18.zip
2024-01-02 20:20:05+00:00,2024-01-02 20:20:04.734000+00:00,2024-01-02 20:34:24.974000+00:00,3,"AFT,FORE,NADIR","NCA,NCF,NCN",True,True,True,True,3,ch2_tmc_nca_20240102T2020047380_d_img_d18.zip | ch2_tmc_ncf_20240102T2020047348_d_img_d18.zip | ch2_tmc_ncn_20240102T2020047348_d_img_d18.zip
2024-01-02 22:11:16+00:00,2024-01-02 22:11:15.681000+00:00,2024-01-02 22:20:54.367000+00:00,3,"AFT,FORE,NADIR","NCA,NCF,NCN",True,True,True,True,3,ch2_tmc_nca_20240102T2211156818_d_img_d18.zip | ch2_tmc_ncf_20240102T2211156818_d_img_d18.zip | ch2_tmc_ncn_20240102T2211156818_d_img_d18.zip
2024-01-03 00:40:15+00:00,2024-01-03 00:40:14.562000+00:00,2024-01-03 00:49:57.474000+00:00,3,"AFT,FORE,NADIR","NCA,NCF,NCN",True,True,True,True,3,ch2_tmc_nca_20240103T0040145626_d_img_d18.zip | ch2_tmc_ncf_20240103T0040145626_d_img_d18.zip | ch2_tmc_ncn_20240103T0040145626_d_img_d18.zip
2024-01-03 02:01:36+00:00,2024-01-03 02:01:35.853000+00:00,2024-01-03 02:20:27.372000+00:00,3,"AFT,FORE,NADIR","NCA,NCF,NCN",True,True,True,True,3,ch2_tmc_nca_20240103T0201358539_d_img_d18.zip | ch2_tmc_ncf_20240103T0201358539_d_img_d18.zip | ch2_tmc_ncn_20240103T0201358572_d_img_d18.zip
2024-01-04 01:16:06+00:00,2024-01-04 01:16:06.209000+00:00,2024-01-04 01:25:49.890000+00:00,3,"AFT,FORE,NADIR","NCA,NCF,NCN",True,True,True,True,3,ch2_tmc_nca_20240104T0116062132_d_img_d18.zip | ch2_tmc_ncf_20240104T0116062132_d_img_d18.zip | ch2_tmc_ncn_20240104T0116062099_d_img_d18.zip
2024-01-04 03:08:35+00:00,2024-01-04 03:08:34.769000+00:00,2024-01-04 03:21:44.526000+00:00,3,"AFT,FORE,NADIR","NCA,NCF,NCN",True,True,True,True,3,ch2_tmc_nca_20240104T0308347691_d_img_d18.zip | ch2_tmc_ncf_20240104T0308347691_d_img_d18.zip | ch2_tmc_ncn_20240104T0308347691_d_img_d18.zip
2024-01-04 19:10:25+00:00,2024-01-04 19:10:24.610000+00:00,2024-01-04 19:15:46.413000+00:00,3,"AFT,FORE,NADIR","NCA,NCF,NCN",True,True,True,True,3,ch2_tmc_nca_20240104T1910246108_d_img_d18.zip | ch2_tmc_ncf_20240104T1910246433_d_img_d18.zip | ch2_tmc_ncn_20240104T1910246108_d_img_d18.zip
2024-01-04 19:15:40+00:00,2024-01-04 19:15:39.563000+00:00,2024-01-04 19:19:34.890000+00:00,3,"AFT,FORE,NADIR","NCA,NCF,NCN",True,True,True,True,3,ch2_tmc_nca_20240104T1915395668_d_img_d18.zip | ch2_tmc_ncf_20240104T1915395636_d_img_d18.zip | ch2_tmc_ncn_20240104T1915395668_d_img_d18.zip
2024-01-05 18:13:27+00:00,2024-01-05 18:13:27.321000+00:00,2024-01-05 18:26:14.495000+00:00,3,"AFT,FORE,NADIR","NCA,NCF,NCN",True,True,True,True,3,ch2_tmc_nca_20240105T1813273218_d_img_d18.zip | ch2_tmc_ncf_20240105T1813273218_d_img_d18.zip | ch2_tmc_ncn_20240105T1813273218_d_img_d18.zip
2024-01-05 23:37:49+00:00,2024-01-05 23:37:48.702000+00:00,2024-01-05 23:56:30.987000+00:00,3,"AFT,FORE,NADIR","NCA,NCF,NCN",True,True,True,True,3,ch2_tmc_nca_20240105T2337487025_d_img_d18.zip | ch2_tmc_ncf_20240105T2337487025_d_img_d18.zip | ch2_tmc_ncn_20240105T2337487025_d_img_d18.zip
2024-01-06 01:33:45+00:00,2024-01-06 01:33:45.235000+00:00,2024-01-06 01:52:28.688000+00:00,3,"AFT,FORE,NADIR","NCA,NCF,NCN",True,True,True,True,3,ch2_tmc_nca_20240106T0133452389_d_img_d18.zip | ch2_tmc_ncf_20240106T0133452357_d_img_d18.zip | ch2_tmc_ncn_20240106T0133452357_d_img_d18.zip
2024-01-06 19:13:19+00:00,2024-01-06 19:13:18.992000+00:00,2024-01-06 19:15:41.674000+00:00,3,"AFT,FORE,NADIR","NCA,NCF,NCN",True,True,True,True,3,ch2_tmc_nca_20240106T1913189924_d_img_d18.zip | ch2_tmc_ncf_20240106T1913189924_d_img_d18.zip | ch2_tmc_ncn_20240106T1913189924_d_img_d18.zip
2024-01-07 00:46:14+00:00,2024-01-07 00:46:13.757000+00:00,2024-01-07 01:04:56.184000+00:00,3,"AFT,FORE,NADIR","NCA,NCF,NCN",True,True,True,True,3,ch2_tmc_nca_20240107T0046137610_d_img_d18.zip | ch2_tmc_ncf_20240107T0046137578_d_img_d18.zip | ch2_tmc_ncn_20240107T0046137578_d_img_d18.zip
2024-01-07 05:02:58+00:00,2024-01-07 05:02:58.387000+00:00,2024-01-07 05:17:08.306000+00:00,3,"AFT,FORE,NADIR","NCA,NCF,NCN",True,True,True,True,3,ch2_tmc_nca_20240107T0502583874_d_img_d18.zip | ch2_tmc_ncf_20240107T0502583907_d_img_d18.zip | ch2_tmc_ncn_20240107T0502583874_d_img_d18.zip
2024-01-09 02:57:55+00:00,2024-01-09 02:57:54.952000+00:00,2024-01-09 03:11:56.676000+00:00,3,"AFT,FORE,NADIR","NCA,NCF,NCN",True,True,True,True,3,ch2_tmc_nca_20240109T0257549553_d_img_d18.zip | ch2_tmc_ncf_20240109T0257549521_d_img_d18.zip | ch2_tmc_ncn_20240109T0257549521_d_img_d18.zip
2024-01-09 04:53:47+00:00,2024-01-09 04:53:46.506000+00:00,2024-01-09 05:07:49.382000+00:00,3,"AFT,FORE,NADIR","NCA,NCF,NCN",True,True,True,True,3,ch2_tmc_nca_20240109T0453465100_d_img_d18.zip | ch2_tmc_ncf_20240109T0453465068_d_img_d18.zip | ch2_tmc_ncn_20240109T0453465068_d_img_d18.zip
2024-01-09 22:24:06+00:00,2024-01-09 22:24:05.779000+00:00,2024-01-09 22:32:16.939000+00:00,3,"AFT,FORE,NADIR","NCA,NCF,NCN",True,True,True,True,3,ch2_tmc_nca_20240109T2224057791_d_img_d18.zip | ch2_tmc_ncf_20240109T2224057791_d_img_d18.zip | ch2_tmc_ncn_20240109T2224057791_d_img_d18.zip
2024-01-09 22:32:09+00:00,2024-01-09 22:32:08.564000+00:00,2024-01-09 22:34:57.158000+00:00,3,"AFT,FORE,NADIR","NCA,NCF,NCN",True,True,True,True,3,ch2_tmc_nca_20240109T2232085642_d_img_d18.zip | ch2_tmc_ncf_20240109T2232085642_d_img_d18.zip | ch2_tmc_ncn_20240109T2232085955_d_img_d18.zip
2024-01-11 05:57:06+00:00,2024-01-11 05:57:06.303000+00:00,2024-01-11 06:10:43.331000+00:00,3,"AFT,FORE,NADIR","NCA,NCF,NCN",True,True,True,True,3,ch2_tmc_nca_20240111T0557063034_d_img_d18.zip | ch2_tmc_ncf_20240111T0557063034_d_img_d18.zip | ch2_tmc_ncn_20240111T0557063034_d_img_d18.zip
2024-01-11 09:24:56+00:00,2024-01-11 09:24:55.923000+00:00,2024-01-11 09:39:21.841000+00:00,3,"AFT,FORE,NADIR","NCA,NCF,NCN",True,True,True,True,3,ch2_tmc_nca_20240111T0924559238_d_img_d18.zip | ch2_tmc_ncf_20240111T0924559238_d_img_d18.zip | ch2_tmc_ncn_20240111T0924559238_d_img_d18.zip
2024-01-11 19:38:57+00:00,2024-01-11 19:38:57.369000+00:00,2024-01-11 19:53:40.529000+00:00,3,"AFT,FORE,NADIR","NCA,NCF,NCN",True,True,True,True,3,ch2_tmc_nca_20240111T1938573690_d_img_d18.zip | ch2_tmc_ncf_20240111T1938573723_d_img_d18.zip | ch2_tmc_ncn_20240111T1938573690_d_img_d18.zip
2024-01-12 06:56:20+00:00,2024-01-12 06:56:19.905000+00:00,2024-01-12 07:10:45.181000+00:00,3,"AFT,FORE,NADIR","NCA,NCF,NCN",True,True,True,True,3,ch2_tmc_nca_20240112T0656199083_d_img_d18.zip | ch2_tmc_ncf_20240112T0656199051_d_img_d18.zip | ch2_tmc_ncn_20240112T0656199051_d_img_d18.zip
2024-01-12 20:41:04+00:00,2024-01-12 20:41:04.180000+00:00,2024-01-12 20:53:54.586000+00:00,3,"AFT,FORE,NADIR","NCA,NCF,NCN",True,True,True,True,3,ch2_tmc_nca_20240112T2041041801_d_img_d18.zip | ch2_tmc_ncf_20240112T2041041801_d_img_d18.zip | ch2_tmc_ncn_20240112T2041041801_d_img_d18.zip
2024-01-13 06:25:10+00:00,2024-01-13 06:25:09.973000+00:00,2024-01-13 06:44:25.421000+00:00,3,"AFT,FORE,NADIR","NCA,NCF,NCN",True,True,True,True,3,ch2_tmc_nca_20240113T0625099735_d_img_d18.zip | ch2_tmc_ncf_20240113T0625099768_d_img_d18.zip | ch2_tmc_ncn_20240113T0625099735_d_img_d18.zip
2024-01-14 06:04:24+00:00,2024-01-14 06:04:24.212000+00:00,2024-01-14 06:23:42.482000+00:00,3,"AFT,FORE,NADIR","NCA,NCF,NCN",True,True,True,True,3,ch2_tmc_nca_20240114T0604242129_d_img_d18.zip | ch2_tmc_ncf_20240114T0604242162_d_img_d18.zip | ch2_tmc_ncn_20240114T0604242129_d_img_d18.zip
2024-01-14 08:01:51+00:00,2024-01-14 08:01:51.128000+00:00,2024-01-14 08:21:09.380000+00:00,3,"AFT,FORE,NADIR","NCA,NCF,NCN",True,True,True,True,3,ch2_tmc_nca_20240114T0801511283_d_img_d18.zip | ch2_tmc_ncf_20240114T0801511316_d_img_d18.zip | ch2_tmc_ncn_20240114T0801511283_d_img_d18.zip
2024-01-14 21:43:59+00:00,2024-01-14 21:43:58.930000+00:00,2024-01-14 22:03:17.702000+00:00,3,"AFT,FORE,NADIR","NCA,NCF,NCN",True,True,True,True,3,ch2_tmc_nca_20240114T2143589305_d_img_d18.zip | ch2_tmc_ncf_20240114T2143589305_d_img_d18.zip | ch2_tmc_ncn_20240114T2143589337_d_img_d18.zip
2024-01-15 07:48:36+00:00,2024-01-15 07:48:35.927000+00:00,2024-01-15 08:03:11.572000+00:00,3,"AFT,FORE,NADIR","NCA,NCF,NCN",True,True,True,True,3,ch2_tmc_nca_20240115T0748359272_d_img_d18.zip | ch2_tmc_ncf_20240115T0748359272_d_img_d18.zip | ch2_tmc_ncn_20240115T0748359304_d_img_d18.zip
2024-01-16 08:58:09+00:00,2024-01-16 08:58:09.247000+00:00,2024-01-16 09:17:23.419000+00:00,3,"AFT,FORE,NADIR","NCA,NCF,NCN",True,True,True,True,3,ch2_tmc_nca_20240116T0858092473_d_img_d18.zip | ch2_tmc_ncf_20240116T0858092505_d_img_d18.zip | ch2_tmc_ncn_20240116T0858092473_d_img_d18.zip
2024-01-16 12:53:03+00:00,2024-01-16 12:53:03.189000+00:00,2024-01-16 13:12:17.232000+00:00,3,"AFT,FORE,NADIR","NCA,NCF,NCN",True,True,True,True,3,ch2_tmc_nca_20240116T1253031896_d_img_d18.zip | ch2_tmc_ncf_20240116T1253031928_d_img_d18.zip | ch2_tmc_ncn_20240116T1253031896_d_img_d18.zip
2024-01-16 15:07:49+00:00,2024-01-16 15:07:48.570000+00:00,2024-01-16 15:22:25.112000+00:00,3,"AFT,FORE,NADIR","NCA,NCF,NCN",True,True,True,True,3,ch2_tmc_nca_20240116T1507485708_d_img_d18.zip | ch2_tmc_ncf_20240116T1507485741_d_img_d18.zip | ch2_tmc_ncn_20240116T1507485708_d_img_d18.zip
2024-01-16 22:39:18+00:00,2024-01-16 22:39:18.398000+00:00,2024-01-16 22:46:22.501000+00:00,3,"AFT,FORE,NADIR","NCA,NCF,NCN",True,True,True,True,3,ch2_tmc_nca_20240116T2239183981_d_img_d18.zip | ch2_tmc_ncf_20240116T2239184014_d_img_d18.zip | ch2_tmc_ncn_20240116T2239183981_d_img_d18.zip
2024-01-17 10:42:21+00:00,2024-01-17 10:42:21.423000+00:00,2024-01-17 10:56:52.971000+00:00,3,"AFT,FORE,NADIR","NCA,NCF,NCN",True,True,True,True,3,ch2_tmc_nca_20240117T1042214236_d_img_d18.zip | ch2_tmc_ncf_20240117T1042214236_d_img_d18.zip | ch2_tmc_ncn_20240117T1042214269_d_img_d18.zip
2024-01-17 14:20:03+00:00,2024-01-17 14:20:02.529000+00:00,2024-01-17 14:39:11.582000+00:00,3,"AFT,FORE,NADIR","NCA,NCF,NCN",True,True,True,True,3,ch2_tmc_nca_20240117T1420025331_d_img_d18.zip | ch2_tmc_ncf_20240117T1420025298_d_img_d18.zip | ch2_tmc_ncn_20240117T1420025298_d_img_d18.zip
2024-01-18 01:51:37+00:00,2024-01-18 01:51:36.949000+00:00,2024-01-18 02:02:37.723000+00:00,3,"AFT,FORE,NADIR","NCA,NCF,NCN",True,True,True,True,3,ch2_tmc_nca_20240118T0151369499_d_img_d18.zip | ch2_tmc_ncf_20240118T0151369499_d_img_d18.zip | ch2_tmc_ncn_20240118T0151369499_d_img_d18.zip
2024-01-18 09:54:30+00:00,2024-01-18 09:54:30.488000+00:00,2024-01-18 10:03:22.527000+00:00,3,"AFT,FORE,NADIR","NCA,NCF,NCN",True,True,True,True,3,ch2_tmc_nca_20240118T0954304880_d_img_d18.zip | ch2_tmc_ncf_20240118T0954304880_d_img_d18.zip | ch2_tmc_ncn_20240118T0954304880_d_img_d18.zip
2024-01-18 11:51:57+00:00,2024-01-18 11:51:57.361000+00:00,2024-01-18 12:01:28.738000+00:00,3,"AFT,FORE,NADIR","NCA,NCF,NCN",True,True,True,True,3,ch2_tmc_nca_20240118T1151573643_d_img_d18.zip | ch2_tmc_ncf_20240118T1151573643_d_img_d18.zip | ch2_tmc_ncn_20240118T1151573611_d_img_d18.zip
2024-01-20 02:47:49+00:00,2024-01-20 02:47:48.854000+00:00,2024-01-20 02:59:16.852000+00:00,3,"AFT,FORE,NADIR","NCA,NCF,NCN",True,True,True,True,3,ch2_tmc_nca_20240120T0247488579_d_img_d18.zip | ch2_tmc_ncf_20240120T0247488548_d_img_d18.zip | ch2_tmc_ncn_20240120T0247488548_d_img_d18.zip
2024-01-20 10:50:50+00:00,2024-01-20 10:50:49.988000+00:00,2024-01-20 11:00:21.379000+00:00,3,"AFT,FORE,NADIR","NCA,NCF,NCN",True,True,True,True,3,ch2_tmc_nca_20240120T1050499887_d_img_d18.zip | ch2_tmc_ncf_20240120T1050499887_d_img_d18.zip | ch2_tmc_ncn_20240120T1050499919_d_img_d18.zip
2024-01-21 02:20:28+00:00,2024-01-21 02:20:28.471000+00:00,2024-01-21 02:31:52.628000+00:00,3,"AFT,FORE,NADIR","NCA,NCF,NCN",True,True,True,True,3,ch2_tmc_nca_20240121T0220284719_d_img_d18.zip | ch2_tmc_ncf_20240121T0220284751_d_img_d18.zip | ch2_tmc_ncn_20240121T0220284719_d_img_d18.zip
2024-01-21 12:39:31+00:00,2024-01-21 12:39:30.958000+00:00,2024-01-21 12:46:00.203000+00:00,3,"AFT,FORE,NADIR","NCA,NCF,NCN",True,True,True,True,3,ch2_tmc_nca_20240121T1239309587_d_img_d18.zip | ch2_tmc_ncf_20240121T1239309619_d_img_d18.zip | ch2_tmc_ncn_20240121T1239309587_d_img_d18.zip
2024-01-21 16:10:36+00:00,2024-01-21 16:10:35.786000+00:00,2024-01-21 16:13:54.446000+00:00,3,"AFT,FORE,NADIR","NCA,NCF,NCN",True,True,True,True,3,ch2_tmc_nca_20240121T1610357868_d_img_d18.zip | ch2_tmc_ncf_20240121T1610357901_d_img_d18.zip | ch2_tmc_ncn_20240121T1610357901_d_img_d18.zip
2024-01-22 18:00:56+00:00,2024-01-22 18:00:56.392000+00:00,2024-01-22 18:07:23.156000+00:00,3,"AFT,FORE,NADIR","NCA,NCF,NCN",True,True,True,True,3,ch2_tmc_nca_20240122T1800563920_d_img_d18.zip | ch2_tmc_ncf_20240122T1800563920_d_img_d18.zip | ch2_tmc_ncn_20240122T1800563920_d_img_d18.zip
2024-01-22 19:58:20+00:00,2024-01-22 19:58:19.791000+00:00,2024-01-22 20:04:57.226000+00:00,3,"AFT,FORE,NADIR","NCA,NCF,NCN",True,True,True,True,3,ch2_tmc_nca_20240122T1958197912_d_img_d18.zip | ch2_tmc_ncf_20240122T1958197912_d_img_d18.zip | ch2_tmc_ncn_20240122T1958197912_d_img_d18.zip
2024-01-23 05:13:33+00:00,2024-01-23 05:13:32.658000+00:00,2024-01-23 05:25:01.807000+00:00,3,"AFT,FORE,NADIR","NCA,NCF,NCN",True,True,True,True,3,ch2_tmc_nca_20240123T0513326583_d_img_d18.zip | ch2_tmc_ncf_20240123T0513326583_d_img_d18.zip | ch2_tmc_ncn_20240123T0513326614_d_img_d18.zip
2024-01-23 15:00:44+00:00,2024-01-23 15:00:44.224000+00:00,2024-01-23 15:12:15.422000+00:00,3,"AFT,FORE,NADIR","NCA,NCF,NCN",True,True,True,True,3,ch2_tmc_nca_20240123T1500442248_d_img_d18.zip | ch2_tmc_ncf_20240123T1500442280_d_img_d18.zip | ch2_tmc_ncn_20240123T1500442248_d_img_d18.zip
2024-01-23 18:55:37+00:00,2024-01-23 18:55:37.157000+00:00,2024-01-23 19:07:08.352000+00:00,3,"AFT,FORE,NADIR","NCA,NCF,NCN",True,True,True,True,3,ch2_tmc_nca_20240123T1855371574_d_img_d18.zip | ch2_tmc_ncf_20240123T1855371574_d_img_d18.zip | ch2_tmc_ncn_20240123T1855371607_d_img_d18.zip
2024-01-24 08:38:06+00:00,2024-01-24 08:38:05.836000+00:00,2024-01-24 08:49:36.281000+00:00,3,"AFT,FORE,NADIR","NCA,NCF,NCN",True,True,True,True,3,ch2_tmc_nca_20240124T0838058366_d_img_d18.zip | ch2_tmc_ncf_20240124T0838058366_d_img_d18.zip | ch2_tmc_ncn_20240124T0838058678_d_img_d18.zip
2024-01-24 14:30:24+00:00,2024-01-24 14:30:24.180000+00:00,2024-01-24 14:41:02.945000+00:00,3,"AFT,FORE,NADIR","NCA,NCF,NCN",True,True,True,True,3,ch2_tmc_nca_20240124T1430241807_d_img_d18.zip | ch2_tmc_ncf_20240124T1430241807_d_img_d18.zip | ch2_tmc_ncn_20240124T1430241807_d_img_d18.zip
2024-01-24 20:27:22+00:00,2024-01-24 20:27:21.734000+00:00,2024-01-24 20:33:31.262000+00:00,3,"AFT,FORE,NADIR","NCA,NCF,NCN",True,True,True,True,3,ch2_tmc_nca_20240124T2027217343_d_img_d18.zip | ch2_tmc_ncf_20240124T2027217343_d_img_d18.zip | ch2_tmc_ncn_20240124T2027217343_d_img_d18.zip
2024-01-25 06:22:48+00:00,2024-01-25 06:22:47.607000+00:00,2024-01-25 06:33:55.862000+00:00,3,"AFT,FORE,NADIR","NCA,NCF,NCN",True,True,True,True,3,ch2_tmc_nca_20240125T0622476111_d_img_d18.zip | ch2_tmc_ncf_20240125T0622476078_d_img_d18.zip | ch2_tmc_ncn_20240125T0622476078_d_img_d18.zip
2024-01-25 20:01:57+00:00,2024-01-25 20:01:57.201000+00:00,2024-01-25 20:11:34.833000+00:00,3,"AFT,FORE,NADIR","NCA,NCF,NCN",True,True,True,True,3,ch2_tmc_nca_20240125T2001572010_d_img_d18.zip | ch2_tmc_ncf_20240125T2001572010_d_img_d18.zip | ch2_tmc_ncn_20240125T2001572010_d_img_d18.zip
2024-01-26 07:36:31+00:00,2024-01-26 07:36:31.247000+00:00,2024-01-26 07:47:16.516000+00:00,3,"AFT,FORE,NADIR","NCA,NCF,NCN",True,True,True,True,3,ch2_tmc_nca_20240126T0736312471_d_img_d18.zip | ch2_tmc_ncf_20240126T0736312471_d_img_d18.zip | ch2_tmc_ncn_20240126T0736312471_d_img_d18.zip
2024-01-26 17:23:44+00:00,2024-01-26 17:23:44.152000+00:00,2024-01-26 17:34:38.389000+00:00,3,"AFT,FORE,NADIR","NCA,NCF,NCN",True,True,True,True,3,ch2_tmc_nca_20240126T1723441527_d_img_d18.zip | ch2_tmc_ncf_20240126T1723441559_d_img_d18.zip | ch2_tmc_ncn_20240126T1723441559_d_img_d18.zip
2024-01-26 21:23:44+00:00,2024-01-26 21:23:44.256000+00:00,2024-01-26 21:29:50.856000+00:00,3,"AFT,FORE,NADIR","NCA,NCF,NCN",True,True,True,True,3,ch2_tmc_nca_20240126T2123442568_d_img_d18.zip | ch2_tmc_ncf_20240126T2123442601_d_img_d18.zip | ch2_tmc_ncn_20240126T2123442601_d_img_d18.zip
2024-01-27 09:03:15+00:00,2024-01-27 09:03:15.240000+00:00,2024-01-27 09:14:03.140000+00:00,3,"AFT,FORE,NADIR","NCA,NCF,NCN",True,True,True,True,3,ch2_tmc_nca_20240127T0903152434_d_img_d18.zip | ch2_tmc_ncf_20240127T0903152401_d_img_d18.zip | ch2_tmc_ncn_20240127T0903152401_d_img_d18.zip
2024-01-27 18:50:32+00:00,2024-01-27 18:50:32.437000+00:00,2024-01-27 19:01:15.140000+00:00,3,"AFT,FORE,NADIR","NCA,NCF,NCN",True,True,True,True,3,ch2_tmc_nca_20240127T1850324378_d_img_d18.zip | ch2_tmc_ncf_20240127T1850324411_d_img_d18.zip | ch2_tmc_ncn_20240127T1850324378_d_img_d18.zip
2024-01-27 22:45:24+00:00,2024-01-27 22:45:24.435000+00:00,2024-01-27 22:50:54.891000+00:00,3,"AFT,FORE,NADIR","NCA,NCF,NCN",True,True,True,True,3,ch2_tmc_nca_20240127T2245244389_d_img_d18.zip | ch2_tmc_ncf_20240127T2245244356_d_img_d18.zip | ch2_tmc_ncn_20240127T2245244356_d_img_d18.zip
2024-01-27 22:50:48+00:00,2024-01-27 22:50:48.212000+00:00,2024-01-27 22:56:23.493000+00:00,3,"AFT,FORE,NADIR","NCA,NCF,NCN",True,True,True,True,3,ch2_tmc_nca_20240127T2250482121_d_img_d18.zip | ch2_tmc_ncf_20240127T2250482121_d_img_d18.zip | ch2_tmc_ncn_20240127T2250482121_d_img_d18.zip
2024-01-28 08:32:45+00:00,2024-01-28 08:32:45.208000+00:00,2024-01-28 08:43:34.277000+00:00,3,"AFT,FORE,NADIR","NCA,NCF,NCN",True,True,True,True,3,ch2_tmc_nca_20240128T0832452085_d_img_d18.zip | ch2_tmc_ncf_20240128T0832452085_d_img_d18.zip | ch2_tmc_ncn_20240128T0832452085_d_img_d18.zip
2024-01-28 18:20:07+00:00,2024-01-28 18:20:07.232000+00:00,2024-01-28 18:32:44.114000+00:00,3,"AFT,FORE,NADIR","NCA,NCF,NCN",True,True,True,True,3,ch2_tmc_nca_20240128T1820072324_d_img_d18.zip | ch2_tmc_ncf_20240128T1820072324_d_img_d18.zip | ch2_tmc_ncn_20240128T1820072324_d_img_d18.zip
2024-01-28 22:20:52+00:00,2024-01-28 22:20:51.922000+00:00,2024-01-28 22:27:50.767000+00:00,3,"AFT,FORE,NADIR","NCA,NCF,NCN",True,True,True,True,3,ch2_tmc_nca_20240128T2220519226_d_img_d18.zip | ch2_tmc_ncf_20240128T2220519226_d_img_d18.zip | ch2_tmc_ncn_20240128T2220519226_d_img_d18.zip
2024-01-29 10:17:33+00:00,2024-01-29 10:17:32.842000+00:00,2024-01-29 10:31:53.320000+00:00,3,"AFT,FORE,NADIR","NCA,NCF,NCN",True,True,True,True,3,ch2_tmc_nca_20240129T1017328461_d_img_d18.zip | ch2_tmc_ncf_20240129T1017328428_d_img_d18.zip | ch2_tmc_ncn_20240129T1017328428_d_img_d18.zip
2024-01-29 17:59:48+00:00,2024-01-29 17:59:47.766000+00:00,2024-01-29 18:09:19.283000+00:00,3,"AFT,FORE,NADIR","NCA,NCF,NCN",True,True,True,True,3,ch2_tmc_nca_20240129T1759477664_d_img_d18.zip | ch2_tmc_ncf_20240129T1759477664_d_img_d18.zip | ch2_tmc_ncn_20240129T1759477696_d_img_d18.zip
2024-01-29 19:57:14+00:00,2024-01-29 19:57:13.679000+00:00,2024-01-29 20:06:46.931000+00:00,3,"AFT,FORE,NADIR","NCA,NCF,NCN",True,True,True,True,3,ch2_tmc_nca_20240129T1957136830_d_img_d18.zip | ch2_tmc_ncf_20240129T1957136798_d_img_d18.zip | ch2_tmc_ncn_20240129T1957136798_d_img_d18.zip
2024-01-30 01:39:45+00:00,2024-01-30 01:39:44.757000+00:00,2024-01-30 01:52:54.886000+00:00,3,"AFT,FORE,NADIR","NCA,NCF,NCN",True,True,True,True,3,ch2_tmc_nca_20240130T0139447576_d_img_d18.zip | ch2_tmc_ncf_20240130T0139447576_d_img_d18.zip | ch2_tmc_ncn_20240130T0139447576_d_img_d18.zip
2024-01-30 19:16:58+00:00,2024-01-30 19:16:57.998000+00:00,2024-01-30 19:29:58.419000+00:00,3,"AFT,FORE,NADIR","NCA,NCF,NCN",True,True,True,True,3,ch2_tmc_nca_20240130T1916579980_d_img_d18.zip | ch2_tmc_ncf_20240130T1916579980_d_img_d18.zip | ch2_tmc_ncn_20240130T1916579980_d_img_d18.zip
2024-01-30 21:14:27+00:00,2024-01-30 21:14:26.728000+00:00,2024-01-30 21:27:36.456000+00:00,3,"AFT,FORE,NADIR","NCA,NCF,NCN",True,True,True,True,3,ch2_tmc_nca_20240130T2114267322_d_img_d18.zip | ch2_tmc_ncf_20240130T2114267289_d_img_d18.zip | ch2_tmc_ncn_20240130T2114267322_d_img_d18.zip
2024-01-30 23:11:55+00:00,2024-01-30 23:11:55.279000+00:00,2024-01-30 23:25:04.907000+00:00,3,"AFT,FORE,NADIR","NCA,NCF,NCN",True,True,True,True,3,ch2_tmc_nca_20240130T2311552794_d_img_d18.zip | ch2_tmc_ncf_20240130T2311552794_d_img_d18.zip | ch2_tmc_ncn_20240130T2311552794_d_img_d18.zip
2024-01-31 01:09:25+00:00,2024-01-31 01:09:25.134000+00:00,2024-01-31 01:22:33.739000+00:00,3,"AFT,FORE,NADIR","NCA,NCF,NCN",True,True,True,True,3,ch2_tmc_nca_20240131T0109251346_d_img_d18.zip | ch2_tmc_ncf_20240131T0109251346_d_img_d18.zip | ch2_tmc_ncn_20240131T0109251346_d_img_d18.zip
2024-01-31 10:56:47+00:00,2024-01-31 10:56:46.945000+00:00,2024-01-31 11:09:37.627000+00:00,3,"AFT,FORE,NADIR","NCA,NCF,NCN",True,True,True,True,3,ch2_tmc_nca_20240131T1056469458_d_img_d18.zip | ch2_tmc_ncf_20240131T1056469458_d_img_d18.zip | ch2_tmc_ncn_20240131T1056469458_d_img_d18.zip
2024-01-31 20:44:08+00:00,2024-01-31 20:44:08.245000+00:00,2024-01-31 20:57:01.742000+00:00,3,"AFT,FORE,NADIR","NCA,NCF,NCN",True,True,True,True,3,ch2_tmc_nca_20240131T2044082490_d_img_d18.zip | ch2_tmc_ncf_20240131T2044082457_d_img_d18.zip | ch2_tmc_ncn_20240131T2044082490_d_img_d18.zip
2024-01-31 22:41:36+00:00,2024-01-31 22:41:35.909000+00:00,2024-01-31 22:54:45.649000+00:00,3,"AFT,FORE,NADIR","NCA,NCF,NCN",True,True,True,True,3,ch2_tmc_nca_20240131T2241359091_d_img_d18.zip | ch2_tmc_ncf_20240131T2241359091_d_img_d18.zip | ch2_tmc_ncn_20240131T2241359091_d_img_d18.zip
2024-02-01 00:39:05+00:00,2024-02-01 00:39:04.581000+00:00,2024-02-01 00:52:14.212000+00:00,3,"AFT,FORE,NADIR","NCA,NCF,NCN",True,True,True,True,3,ch2_tmc_nca_20240201T0039045813_d_img_d18.zip | ch2_tmc_ncf_20240201T0039045813_d_img_d18.zip | ch2_tmc_ncn_20240201T0039045813_d_img_d18.zip
2024-02-01 02:36:33+00:00,2024-02-01 02:36:32.649000+00:00,2024-02-01 02:49:42.276000+00:00,3,"AFT,FORE,NADIR","NCA,NCF,NCN",True,True,True,True,3,ch2_tmc_nca_20240201T0236326491_d_img_d18.zip | ch2_tmc_ncf_20240201T0236326491_d_img_d18.zip | ch2_tmc_ncn_20240201T0236326491_d_img_d18.zip
2024-02-01 10:26:25+00:00,2024-02-01 10:26:24.530000+00:00,2024-02-01 10:39:28.162000+00:00,3,"AFT,FORE,NADIR","NCA,NCF,NCN",True,True,True,True,3,ch2_tmc_nca_20240201T1026245302_d_img_d18.zip | ch2_tmc_ncf_20240201T1026245302_d_img_d18.zip | ch2_tmc_ncn_20240201T1026245302_d_img_d18.zip
2024-02-01 22:11:10+00:00,2024-02-01 22:11:10.211000+00:00,2024-02-01 22:24:19.894000+00:00,3,"AFT,FORE,NADIR","NCA,NCF,NCN",True,True,True,True,3,ch2_tmc_nca_20240201T2211102111_d_img_d18.zip | ch2_tmc_ncf_20240201T2211102111_d_img_d18.zip | ch2_tmc_ncn_20240201T2211102143_d_img_d18.zip
2024-02-02 02:30:11+00:00,2024-02-02 02:30:11.260000+00:00,2024-02-02 02:43:20.121000+00:00,3,"AFT,FORE,NADIR","NCA,NCF,NCN",True,True,True,True,3,ch2_tmc_nca_20240202T0230112602_d_img_d18.zip | ch2_tmc_ncf_20240202T0230112602_d_img_d18.zip | ch2_tmc_ncn_20240202T0230112602_d_img_d18.zip
2024-02-02 11:53:49+00:00,2024-02-02 11:53:49.327000+00:00,2024-02-02 12:12:48.903000+00:00,3,"AFT,FORE,NADIR","NCA,NCF,NCN",True,True,True,True,3,ch2_tmc_nca_20240202T1153493279_d_img_d18.zip | ch2_tmc_ncf_20240202T1153493312_d_img_d18.zip | ch2_tmc_ncn_20240202T1153493279_d_img_d18.zip
2024-02-02 22:12:44+00:00,2024-02-02 22:12:44.241000+00:00,2024-02-02 22:18:34.392000+00:00,3,"AFT,FORE,NADIR","NCA,NCF,NCN",True,True,True,True,3,ch2_tmc_nca_20240202T2212442412_d_img_d18.zip | ch2_tmc_ncf_20240202T2212442412_d_img_d18.zip | ch2_tmc_ncn_20240202T2212442412_d_img_d18.zip
2024-02-03 03:33:34+00:00,2024-02-03 03:33:33.576000+00:00,2024-02-03 03:52:31.957000+00:00,3,"AFT,FORE,NADIR","NCA,NCF,NCN",True,True,True,True,3,ch2_tmc_nca_20240203T0333335769_d_img_d18.zip | ch2_tmc_ncf_20240203T0333335769_d_img_d18.zip | ch2_tmc_ncn_20240203T0333335802_d_img_d18.zip
2024-02-03 23:08:03+00:00,2024-02-03 23:08:03.162000+00:00,2024-02-03 23:27:04.218000+00:00,3,"AFT,FORE,NADIR","NCA,NCF,NCN",True,True,True,True,3,ch2_tmc_nca_20240203T2308031624_d_img_d18.zip | ch2_tmc_ncf_20240203T2308031624_d_img_d18.zip | ch2_tmc_ncn_20240203T2308031657_d_img_d18.zip
2024-02-05 00:48:56+00:00,2024-02-05 00:48:55.821000+00:00,2024-02-05 01:03:09.959000+00:00,3,"AFT,FORE,NADIR","NCA,NCF,NCN",True,True,True,True,3,ch2_tmc_nca_20240205T0048558242_d_img_d18.zip | ch2_tmc_ncf_20240205T0048558210_d_img_d18.zip | ch2_tmc_ncn_20240205T0048558210_d_img_d18.zip
2024-02-06 15:43:46+00:00,2024-02-06 15:43:45.690000+00:00,2024-02-06 16:02:44.376000+00:00,3,"AFT,FORE,NADIR","NCA,NCF,NCN",True,True,True,True,3,ch2_tmc_nca_20240206T1543456909_d_img_d18.zip | ch2_tmc_ncf_20240206T1543456942_d_img_d18.zip | ch2_tmc_ncn_20240206T1543456909_d_img_d18.zip
2024-02-07 05:25:56+00:00,2024-02-07 05:25:55.574000+00:00,2024-02-07 05:44:52.849000+00:00,3,"AFT,FORE,NADIR","NCA,NCF,NCN",True,True,True,True,3,ch2_tmc_nca_20240207T0525555747_d_img_d18.zip | ch2_tmc_ncf_20240207T0525555747_d_img_d18.zip | ch2_tmc_ncn_20240207T0525555747_d_img_d18.zip
2024-02-07 19:31:45+00:00,2024-02-07 19:31:44.878000+00:00,2024-02-07 19:46:14.253000+00:00,3,"AFT,FORE,NADIR","NCA,NCF,NCN",True,True,True,True,3,ch2_tmc_nca_20240207T1931448784_d_img_d18.zip | ch2_tmc_ncf_20240207T1931448817_d_img_d18.zip | ch2_tmc_ncn_20240207T1931448784_d_img_d18.zip
2024-02-08 20:49:20+00:00,2024-02-08 20:49:20.471000+00:00,2024-02-08 20:55:47.185000+00:00,3,"AFT,FORE,NADIR","NCA,NCF,NCN",True,True,True,True,3,ch2_tmc_nca_20240208T2049204710_d_img_d18.zip | ch2_tmc_ncf_20240208T2049204710_d_img_d18.zip | ch2_tmc_ncn_20240208T2049204710_d_img_d18.zip
2024-02-09 04:19:49+00:00,2024-02-09 04:19:48.622000+00:00,2024-02-09 04:34:07.835000+00:00,3,"AFT,FORE,NADIR","NCA,NCF,NCN",True,True,True,True,3,ch2_tmc_nca_20240209T0419486220_d_img_d18.zip | ch2_tmc_ncf_20240209T0419486220_d_img_d18.zip | ch2_tmc_ncn_20240209T0419486253_d_img_d18.zip
2024-02-09 08:09:57+00:00,2024-02-09 08:09:56.511000+00:00,2024-02-09 08:18:10.457000+00:00,3,"AFT,FORE,NADIR","NCA,NCF,NCN",True,True,True,True,3,ch2_tmc_nca_20240209T0809565112_d_img_d18.zip | ch2_tmc_ncf_20240209T0809565112_d_img_d18.zip | ch2_tmc_ncn_20240209T0809565112_d_img_d18.zip
2024-02-10 10:37:37+00:00,2024-02-10 10:37:36.533000+00:00,2024-02-10 10:50:45.133000+00:00,3,"AFT,FORE,NADIR","NCA,NCF,NCN",True,True,True,True,3,ch2_tmc_nca_20240210T1037365331_d_img_d18.zip | ch2_tmc_ncf_20240210T1037365331_d_img_d18.zip | ch2_tmc_ncn_20240210T1037365331_d_img_d18.zip
2024-02-10 22:13:06+00:00,2024-02-10 22:13:05.572000+00:00,2024-02-10 22:21:27.786000+00:00,3,"AFT,FORE,NADIR","NCA,NCF,NCN",True,True,True,True,3,ch2_tmc_nca_20240210T2213055729_d_img_d18.zip | ch2_tmc_ncf_20240210T2213055729_d_img_d18.zip | ch2_tmc_ncn_20240210T2213055761_d_img_d18.zip
2024-02-10 22:21:20+00:00,2024-02-10 22:21:20.405000+00:00,2024-02-10 22:26:43.469000+00:00,3,"AFT,FORE,NADIR","NCA,NCF,NCN",True,True,True,True,3,ch2_tmc_nca_20240210T2221204085_d_img_d18.zip | ch2_tmc_ncf_20240210T2221204085_d_img_d18.zip | ch2_tmc_ncn_20240210T2221204053_d_img_d18.zip
2024-02-12 22:09:21+00:00,2024-02-12 22:09:21.249000+00:00,2024-02-12 22:23:34.315000+00:00,3,"AFT,FORE,NADIR","NCA,NCF,NCN",True,True,True,True,3,ch2_tmc_nca_20240212T2209212495_d_img_d18.zip | ch2_tmc_ncf_20240212T2209212528_d_img_d18.zip | ch2_tmc_ncn_20240212T2209212495_d_img_d18.zip
2024-02-13 09:33:43+00:00,2024-02-13 09:33:43.391000+00:00,2024-02-13 09:52:42.200000+00:00,3,"AFT,FORE,NADIR","NCA,NCF,NCN",True,True,True,True,3,ch2_tmc_nca_20240213T0933433948_d_img_d18.zip | ch2_tmc_ncf_20240213T0933433915_d_img_d18.zip | ch2_tmc_ncn_20240213T0933433915_d_img_d18.zip
2024-02-15 09:44:22+00:00,2024-02-15 09:44:22.214000+00:00,2024-02-15 09:53:44.388000+00:00,3,"AFT,FORE,NADIR","NCA,NCF,NCN",True,True,True,True,3,ch2_tmc_nca_20240215T0944222144_d_img_d18.zip | ch2_tmc_ncf_20240215T0944222144_d_img_d18.zip | ch2_tmc_ncn_20240215T0944222176_d_img_d18.zip
2024-02-15 19:15:12+00:00,2024-02-15 19:15:12.216000+00:00,2024-02-15 19:24:19.646000+00:00,3,"AFT,FORE,NADIR","NCA,NCF,NCN",True,True,True,True,3,ch2_tmc_nca_20240215T1915122197_d_img_d18.zip | ch2_tmc_ncf_20240215T1915122164_d_img_d18.zip | ch2_tmc_ncn_20240215T1915122164_d_img_d18.zip
2024-02-16 12:31:03+00:00,2024-02-16 12:31:03.106000+00:00,2024-02-16 12:45:11.347000+00:00,3,"AFT,FORE,NADIR","NCA,NCF,NCN",True,True,True,True,3,ch2_tmc_nca_20240216T1231031097_d_img_d18.zip | ch2_tmc_ncf_20240216T1231031064_d_img_d18.zip | ch2_tmc_ncn_20240216T1231031064_d_img_d18.zip
2024-02-16 16:22:06+00:00,2024-02-16 16:22:06.226000+00:00,2024-02-16 16:24:35.242000+00:00,3,"AFT,FORE,NADIR","NCA,NCF,NCN",True,True,True,True,3,ch2_tmc_nca_20240216T1622062300_d_img_d18.zip | ch2_tmc_ncf_20240216T1622062300_d_img_d18.zip | ch2_tmc_ncn_20240216T1622062268_d_img_d18.zip
2024-02-17 09:38:04+00:00,2024-02-17 09:38:03.736000+00:00,2024-02-17 09:41:28.873000+00:00,3,"AFT,FORE,NADIR","NCA,NCF,NCN",True,True,True,True,3,ch2_tmc_nca_20240217T0938037363_d_img_d18.zip | ch2_tmc_ncf_20240217T0938037363_d_img_d18.zip | ch2_tmc_ncn_20240217T0938037363_d_img_d18.zip
2024-02-17 09:41:23+00:00,2024-02-17 09:41:22.932000+00:00,2024-02-17 09:47:24.748000+00:00,3,"AFT,FORE,NADIR","NCA,NCF,NCN",True,True,True,True,3,ch2_tmc_nca_20240217T0941229359_d_img_d18.zip | ch2_tmc_ncf_20240217T0941229326_d_img_d18.zip | ch2_tmc_ncn_20240217T0941229359_d_img_d18.zip
2024-02-17 17:26:47+00:00,2024-02-17 17:26:46.891000+00:00,2024-02-17 17:31:45.530000+00:00,3,"AFT,FORE,NADIR","NCA,NCF,NCN",True,True,True,True,3,ch2_tmc_nca_20240217T1726468912_d_img_d18.zip | ch2_tmc_ncf_20240217T1726468912_d_img_d18.zip | ch2_tmc_ncn_20240217T1726468912_d_img_d18.zip
2024-02-18 01:02:46+00:00,2024-02-18 01:02:46.141000+00:00,2024-02-18 01:07:12.285000+00:00,3,"AFT,FORE,NADIR","NCA,NCF,NCN",True,True,True,True,3,ch2_tmc_nca_20240218T0102461419_d_img_d18.zip | ch2_tmc_ncf_20240218T0102461452_d_img_d18.zip | ch2_tmc_ncn_20240218T0102461419_d_img_d18.zip
2024-02-18 01:02:47+00:00,2024-02-18 01:02:46.577000+00:00,2024-02-18 01:07:12.285000+00:00,3,"AFT,FORE,NADIR","NCA,NCF,NCN",True,True,True,True,3,ch2_tmc_nca_20240218T0102465778_d_img_d18.zip | ch2_tmc_ncf_20240218T0102466103_d_img_d18.zip | ch2_tmc_ncn_20240218T0102465778_d_img_d18.zip
2024-02-18 01:07:03+00:00,2024-02-18 01:07:02.822000+00:00,2024-02-18 01:11:52.592000+00:00,3,"AFT,FORE,NADIR","NCA,NCF,NCN",True,True,True,True,3,ch2_tmc_nca_20240218T0107028260_d_img_d18.zip | ch2_tmc_ncf_20240218T0107028228_d_img_d18.zip | ch2_tmc_ncn_20240218T0107028228_d_img_d18.zip
2024-02-19 11:34:14+00:00,2024-02-19 11:34:14.165000+00:00,2024-02-19 11:43:39.410000+00:00,3,"AFT,FORE,NADIR","NCA,NCF,NCN",True,True,True,True,3,ch2_tmc_nca_20240219T1134141658_d_img_d18.zip | ch2_tmc_ncf_20240219T1134141690_d_img_d18.zip | ch2_tmc_ncn_20240219T1134141658_d_img_d18.zip
2024-02-19 15:24:26+00:00,2024-02-19 15:24:26.234000+00:00,2024-02-19 15:33:50.453000+00:00,3,"AFT,FORE,NADIR","NCA,NCF,NCN",True,True,True,True,3,ch2_tmc_nca_20240219T1524262348_d_img_d18.zip | ch2_tmc_ncf_20240219T1524262348_d_img_d18.zip | ch2_tmc_ncn_20240219T1524262379_d_img_d18.zip
2024-02-19 19:18:50+00:00,2024-02-19 19:18:50.181000+00:00,2024-02-19 19:24:02.874000+00:00,3,"AFT,FORE,NADIR","NCA,NCF,NCN",True,True,True,True,3,ch2_tmc_nca_20240219T1918501810_d_img_d18.zip | ch2_tmc_ncf_20240219T1918501810_d_img_d18.zip | ch2_tmc_ncn_20240219T1918501810_d_img_d18.zip
2024-02-20 00:59:49+00:00,2024-02-20 00:59:49.198000+00:00,2024-02-20 01:09:15.290000+00:00,3,"AFT,FORE,NADIR","NCA,NCF,NCN",True,True,True,True,3,ch2_tmc_nca_20240220T0059491984_d_img_d18.zip | ch2_tmc_ncf_20240220T0059492297_d_img_d18.zip | ch2_tmc_ncn_20240220T0059491984_d_img_d18.zip
2024-02-20 12:30:24+00:00,2024-02-20 12:30:24.287000+00:00,2024-02-20 12:39:48.635000+00:00,3,"AFT,FORE,NADIR","NCA,NCF,NCN",True,True,True,True,3,ch2_tmc_nca_20240220T1230242902_d_img_d18.zip | ch2_tmc_ncf_20240220T1230242871_d_img_d18.zip | ch2_tmc_ncn_20240220T1230242871_d_img_d18.zip
2024-02-20 16:20:36+00:00,2024-02-20 16:20:35.729000+00:00,2024-02-20 16:29:59.948000+00:00,3,"AFT,FORE,NADIR","NCA,NCF,NCN",True,True,True,True,3,ch2_tmc_nca_20240220T1620357299_d_img_d18.zip | ch2_tmc_ncf_20240220T1620357299_d_img_d18.zip | ch2_tmc_ncn_20240220T1620357332_d_img_d18.zip
2024-02-20 20:10:47+00:00,2024-02-20 20:10:46.997000+00:00,2024-02-20 20:15:21.333000+00:00,3,"AFT,FORE,NADIR","NCA,NCF,NCN",True,True,True,True,3,ch2_tmc_nca_20240220T2010469970_d_img_d18.zip | ch2_tmc_ncf_20240220T2010469970_d_img_d18.zip | ch2_tmc_ncn_20240220T2010472300_d_img_d18.zip
2024-02-20 20:15:17+00:00,2024-02-20 20:15:17.165000+00:00,2024-02-20 20:20:02.284000+00:00,3,"AFT,FORE,NADIR","NCA,NCF,NCN",True,True,True,True,3,ch2_tmc_nca_20240220T2015171652_d_img_d18.zip | ch2_tmc_ncf_20240220T2015171652_d_img_d18.zip | ch2_tmc_ncn_20240220T2015171683_d_img_d18.zip
2024-02-21 01:56:02+00:00,2024-02-21 01:56:01.610000+00:00,2024-02-21 02:05:26.830000+00:00,3,"AFT,FORE,NADIR","NCA,NCF,NCN",True,True,True,True,3,ch2_tmc_nca_20240221T0156016106_d_img_d18.zip | ch2_tmc_ncf_20240221T0156016106_d_img_d18.zip | ch2_tmc_ncn_20240221T0156016106_d_img_d18.zip
2024-02-21 17:06:41+00:00,2024-02-21 17:06:41.365000+00:00,2024-02-21 17:16:08.326000+00:00,3,"AFT,FORE,NADIR","NCA,NCF,NCN",True,True,True,True,3,ch2_tmc_nca_20240221T1706413659_d_img_d18.zip | ch2_tmc_ncf_20240221T1706413659_d_img_d18.zip | ch2_tmc_ncn_20240221T1706413984_d_img_d18.zip
2024-02-22 02:52:05+00:00,2024-02-22 02:52:05.165000+00:00,2024-02-22 03:01:32.585000+00:00,3,"AFT,FORE,NADIR","NCA,NCF,NCN",True,True,True,True,3,ch2_tmc_nca_20240222T0252051658_d_img_d18.zip | ch2_tmc_ncf_20240222T0252051658_d_img_d18.zip | ch2_tmc_ncn_20240222T0252051691_d_img_d18.zip
2024-02-22 18:07:45+00:00,2024-02-22 18:07:44.589000+00:00,2024-02-22 18:21:08.519000+00:00,3,"AFT,FORE,NADIR","NCA,NCF,NCN",True,True,True,True,3,ch2_tmc_nca_20240222T1807445894_d_img_d18.zip | ch2_tmc_ncf_20240222T1807445894_d_img_d18.zip | ch2_tmc_ncn_20240222T1807445926_d_img_d18.zip
2024-02-22 18:12:02+00:00,2024-02-22 18:12:01.943000+00:00,2024-02-22 18:21:08.551000+00:00,3,"AFT,FORE,NADIR","NCA,NCF,NCN",True,True,True,True,3,ch2_tmc_nca_20240222T1812019463_d_img_d18.zip | ch2_tmc_ncf_20240222T1812019431_d_img_d18.zip | ch2_tmc_ncn_20240222T1812019463_d_img_d18.zip
2024-02-23 03:47:38+00:00,2024-02-23 03:47:37.912000+00:00,2024-02-23 04:05:43.577000+00:00,3,"AFT,FORE,NADIR","NCA,NCF,NCN",True,True,True,True,3,ch2_tmc_nca_20240223T0347379157_d_img_d18.zip | ch2_tmc_ncf_20240223T0347379125_d_img_d18.zip | ch2_tmc_ncn_20240223T0347379125_d_img_d18.zip
2024-02-23 15:37:35+00:00,2024-02-23 15:37:34.932000+00:00,2024-02-23 15:47:15.208000+00:00,3,"AFT,FORE,NADIR","NCA,NCF,NCN",True,True,True,True,3,ch2_tmc_nca_20240223T1537349322_d_img_d18.zip | ch2_tmc_ncf_20240223T1537349354_d_img_d18.zip | ch2_tmc_ncn_20240223T1537349322_d_img_d18.zip
2024-02-24 16:54:48+00:00,2024-02-24 16:54:47.773000+00:00,2024-02-24 16:58:45.303000+00:00,3,"AFT,FORE,NADIR","NCA,NCF,NCN",True,True,True,True,3,ch2_tmc_nca_20240224T1654477735_d_img_d18.zip | ch2_tmc_ncf_20240224T1654477767_d_img_d18.zip | ch2_tmc_ncn_20240224T1654477735_d_img_d18.zip
2024-02-24 16:58:36+00:00,2024-02-24 16:58:35.534000+00:00,2024-02-24 17:04:25.431000+00:00,3,"AFT,FORE,NADIR","NCA,NCF,NCN",True,True,True,True,3,ch2_tmc_nca_20240224T1658355343_d_img_d18.zip | ch2_tmc_ncf_20240224T1658355376_d_img_d18.zip | ch2_tmc_ncn_20240224T1658355376_d_img_d18.zip
2024-02-24 18:51:27+00:00,2024-02-24 18:51:27.319000+00:00,2024-02-24 18:57:23.656000+00:00,3,"AFT,FORE,NADIR","NCA,NCF,NCN",True,True,True,True,3,ch2_tmc_nca_20240224T1851273192_d_img_d18.zip | ch2_tmc_ncf_20240224T1851273192_d_img_d18.zip | ch2_tmc_ncn_20240224T1851273224_d_img_d18.zip
2024-02-24 18:57:18+00:00,2024-02-24 18:57:17.569000+00:00,2024-02-24 18:59:13.124000+00:00,3,"AFT,FORE,NADIR","NCA,NCF,NCN",True,True,True,True,3,ch2_tmc_nca_20240224T1857175724_d_img_d18.zip | ch2_tmc_ncf_20240224T1857175691_d_img_d18.zip | ch2_tmc_ncn_20240224T1857175724_d_img_d18.zip
2024-02-24 20:38:10+00:00,2024-02-24 20:38:09.627000+00:00,2024-02-24 20:47:48.893000+00:00,3,"AFT,FORE,NADIR","NCA,NCF,NCN",True,True,True,True,3,ch2_tmc_nca_20240224T2038096273_d_img_d18.zip | ch2_tmc_ncf_20240224T2038096273_d_img_d18.zip | ch2_tmc_ncn_20240224T2038096273_d_img_d18.zip
2024-02-24 22:34:52+00:00,2024-02-24 22:34:52.426000+00:00,2024-02-24 22:44:30.981000+00:00,3,"AFT,FORE,NADIR","NCA,NCF,NCN",True,True,True,True,3,ch2_tmc_nca_20240224T2234524269_d_img_d18.zip | ch2_tmc_ncf_20240224T2234524301_d_img_d18.zip | ch2_tmc_ncn_20240224T2234524269_d_img_d18.zip
2024-02-25 06:31:18+00:00,2024-02-25 06:31:18.336000+00:00,2024-02-25 06:40:13.622000+00:00,3,"AFT,FORE,NADIR","NCA,NCF,NCN",True,True,True,True,3,ch2_tmc_nca_20240225T0631183366_d_img_d18.zip | ch2_tmc_ncf_20240225T0631183366_d_img_d18.zip | ch2_tmc_ncn_20240225T0631183399_d_img_d18.zip
2024-02-25 16:14:48+00:00,2024-02-25 16:14:47.780000+00:00,2024-02-25 16:22:10.160000+00:00,3,"AFT,FORE,NADIR","NCA,NCF,NCN",True,True,True,True,3,ch2_tmc_nca_20240225T1614477808_d_img_d18.zip | ch2_tmc_ncf_20240225T1614477840_d_img_d18.zip | ch2_tmc_ncn_20240225T1614477840_d_img_d18.zip
2024-02-25 16:22:04+00:00,2024-02-25 16:22:04.316000+00:00,2024-02-25 16:23:38.115000+00:00,3,"AFT,FORE,NADIR","NCA,NCF,NCN",True,True,True,True,3,ch2_tmc_nca_20240225T1622043161_d_img_d18.zip | ch2_tmc_ncf_20240225T1622043161_d_img_d18.zip | ch2_tmc_ncn_20240225T1622043193_d_img_d18.zip
2024-02-25 20:08:11+00:00,2024-02-25 20:08:11.118000+00:00,2024-02-25 20:17:48.779000+00:00,3,"AFT,FORE,NADIR","NCA,NCF,NCN",True,True,True,True,3,ch2_tmc_nca_20240225T2008111183_d_img_d18.zip | ch2_tmc_ncf_20240225T2008111183_d_img_d18.zip | ch2_tmc_ncn_20240225T2008111216_d_img_d18.zip
2024-02-25 22:04:53+00:00,2024-02-25 22:04:52.920000+00:00,2024-02-25 22:14:29.429000+00:00,3,"AFT,FORE,NADIR","NCA,NCF,NCN",True,True,True,True,3,ch2_tmc_nca_20240225T2204529203_d_img_d18.zip | ch2_tmc_ncf_20240225T2204529203_d_img_d18.zip | ch2_tmc_ncn_20240225T2204529235_d_img_d18.zip
2024-02-26 00:01:30+00:00,2024-02-26 00:01:29.650000+00:00,2024-02-26 00:11:07.292000+00:00,3,"AFT,FORE,NADIR","NCA,NCF,NCN",True,True,True,True,3,ch2_tmc_nca_20240226T0001296504_d_img_d18.zip | ch2_tmc_ncf_20240226T0001296504_d_img_d18.zip | ch2_tmc_ncn_20240226T0001296536_d_img_d18.zip
2024-02-26 05:42:04+00:00,2024-02-26 05:42:03.533000+00:00,2024-02-26 05:52:02.698000+00:00,3,"AFT,FORE,NADIR","NCA,NCF,NCN",True,True,True,True,3,ch2_tmc_nca_20240226T0542035335_d_img_d18.zip | ch2_tmc_ncf_20240226T0542035335_d_img_d18.zip | ch2_tmc_ncn_20240226T0542035367_d_img_d18.zip
2024-02-26 17:22:05+00:00,2024-02-26 17:22:04.961000+00:00,2024-02-26 17:31:42.493000+00:00,3,"AFT,FORE,NADIR","NCA,NCF,NCN",True,True,True,True,3,ch2_tmc_nca_20240226T1722049613_d_img_d18.zip | ch2_tmc_ncf_20240226T1722049645_d_img_d18.zip | ch2_tmc_ncn_20240226T1722049613_d_img_d18.zip
2024-02-26 23:12:10+00:00,2024-02-26 23:12:09.611000+00:00,2024-02-26 23:21:46.250000+00:00,3,"AFT,FORE,NADIR","NCA,NCF,NCN",True,True,True,True,3,ch2_tmc_nca_20240226T2312096112_d_img_d18.zip | ch2_tmc_ncf_20240226T2312096112_d_img_d18.zip | ch2_tmc_ncn_20240226T2312096145_d_img_d18.zip
2024-04-17 11:03:19+00:00,2024-04-17 11:03:18.715000+00:00,2024-04-17 11:12:58.422000+00:00,3,"AFT,FORE,NADIR","NCA,NCF,NCN",True,True,True,True,3,ch2_tmc_nca_20240417T1103187191_d_img_d18.zip | ch2_tmc_ncf_20240417T1103187159_d_img_d18.zip | ch2_tmc_ncn_20240417T1103187159_d_img_d18.zip
2024-04-18 02:35:58+00:00,2024-04-18 02:35:57.702000+00:00,2024-04-18 02:45:39.457000+00:00,3,"AFT,FORE,NADIR","NCA,NCF,NCN",True,True,True,True,3,ch2_tmc_nca_20240418T0235577025_d_img_d18.zip | ch2_tmc_ncf_20240418T0235577025_d_img_d18.zip | ch2_tmc_ncn_20240418T0235577058_d_img_d18.zip
2024-04-18 14:15:30+00:00,2024-04-18 14:15:30.258000+00:00,2024-04-18 14:25:16.109000+00:00,3,"AFT,FORE,NADIR","NCA,NCF,NCN",True,True,True,True,3,ch2_tmc_nca_20240418T1415302614_d_img_d18.zip | ch2_tmc_ncf_20240418T1415302581_d_img_d18.zip | ch2_tmc_ncn_20240418T1415302581_d_img_d18.zip
2024-04-18 16:12:07+00:00,2024-04-18 16:12:07.225000+00:00,2024-04-18 16:21:51.925000+00:00,3,"AFT,FORE,NADIR","NCA,NCF,NCN",True,True,True,True,3,ch2_tmc_nca_20240418T1612072258_d_img_d18.zip | ch2_tmc_ncf_20240418T1612072291_d_img_d18.zip | ch2_tmc_ncn_20240418T1612072258_d_img_d18.zip
2024-04-18 18:08:43+00:00,2024-04-18 18:08:42.802000+00:00,2024-04-18 18:18:27.502000+00:00,3,"AFT,FORE,NADIR","NCA,NCF,NCN",True,True,True,True,3,ch2_tmc_nca_20240418T1808428062_d_img_d18.zip | ch2_tmc_ncf_20240418T1808428029_d_img_d18.zip | ch2_tmc_ncn_20240418T1808428029_d_img_d18.zip
2024-04-19 02:04:53+00:00,2024-04-19 02:04:53.463000+00:00,2024-04-19 02:14:40.211000+00:00,3,"AFT,FORE,NADIR","NCA,NCF,NCN",True,True,True,True,3,ch2_tmc_nca_20240419T0204534630_d_img_d18.zip | ch2_tmc_ncf_20240419T0204534630_d_img_d18.zip | ch2_tmc_ncn_20240419T0204534663_d_img_d18.zip
2024-04-19 11:47:57+00:00,2024-04-19 11:47:56.543000+00:00,2024-04-19 11:57:43.291000+00:00,3,"AFT,FORE,NADIR","NCA,NCF,NCN",True,True,True,True,3,ch2_tmc_nca_20240419T1147565433_d_img_d18.zip | ch2_tmc_ncf_20240419T1147565433_d_img_d18.zip | ch2_tmc_ncn_20240419T1147565466_d_img_d18.zip
2024-04-19 13:41:35+00:00,2024-04-19 13:41:35.176000+00:00,2024-04-19 13:51:20.899000+00:00,3,"AFT,FORE,NADIR","NCA,NCF,NCN",True,True,True,True,3,ch2_tmc_nca_20240419T1341351769_d_img_d18.zip | ch2_tmc_ncf_20240419T1341351802_d_img_d18.zip | ch2_tmc_ncn_20240419T1341351769_d_img_d18.zip
2024-04-19 15:31:10+00:00,2024-04-19 15:31:09.875000+00:00,2024-04-19 15:40:56.749000+00:00,3,"AFT,FORE,NADIR","NCA,NCF,NCN",True,True,True,True,3,ch2_tmc_nca_20240419T1531098753_d_img_d18.zip | ch2_tmc_ncf_20240419T1531098785_d_img_d18.zip | ch2_tmc_ncn_20240419T1531098753_d_img_d18.zip
2024-04-19 17:27:46+00:00,2024-04-19 17:27:45.706000+00:00,2024-04-19 17:37:32.454000+00:00,3,"AFT,FORE,NADIR","NCA,NCF,NCN",True,True,True,True,3,ch2_tmc_nca_20240419T1727457063_d_img_d18.zip | ch2_tmc_ncf_20240419T1727457063_d_img_d18.zip | ch2_tmc_ncn_20240419T1727457096_d_img_d18.zip
2024-04-19 19:24:23+00:00,2024-04-19 19:24:22.561000+00:00,2024-04-19 19:34:09.438000+00:00,3,"AFT,FORE,NADIR","NCA,NCF,NCN",True,True,True,True,3,ch2_tmc_nca_20240419T1924225611_d_img_d18.zip | ch2_tmc_ncf_20240419T1924225611_d_img_d18.zip | ch2_tmc_ncn_20240419T1924225642_d_img_d18.zip
2024-04-20 07:00:42+00:00,2024-04-20 07:00:41.997000+00:00,2024-04-20 07:13:47.443000+00:00,3,"AFT,FORE,NADIR","NCA,NCF,NCN",True,True,True,True,3,ch2_tmc_nca_20240420T0700419972_d_img_d18.zip | ch2_tmc_ncf_20240420T0700419972_d_img_d18.zip | ch2_tmc_ncn_20240420T0700419972_d_img_d18.zip
2024-04-20 13:00:31+00:00,2024-04-20 13:00:30.931000+00:00,2024-04-20 13:13:01.622000+00:00,3,"AFT,FORE,NADIR","NCA,NCF,NCN",True,True,True,True,3,ch2_tmc_nca_20240420T1300309344_d_img_d18.zip | ch2_tmc_ncf_20240420T1300309311_d_img_d18.zip | ch2_tmc_ncn_20240420T1300309344_d_img_d18.zip
2024-04-20 14:57:08+00:00,2024-04-20 14:57:07.587000+00:00,2024-04-20 15:10:05.952000+00:00,3,"AFT,FORE,NADIR","NCA,NCF,NCN",True,True,True,True,3,ch2_tmc_nca_20240420T1457075906_d_img_d18.zip | ch2_tmc_ncf_20240420T1457075874_d_img_d18.zip | ch2_tmc_ncn_20240420T1457075874_d_img_d18.zip
2024-04-20 18:40:20+00:00,2024-04-20 18:40:20.198000+00:00,2024-04-20 18:59:49.726000+00:00,3,"AFT,FORE,NADIR","NCA,NCF,NCN",True,True,True,True,3,ch2_tmc_nca_20240420T1840201984_d_img_d18.zip | ch2_tmc_ncf_20240420T1840202016_d_img_d18.zip | ch2_tmc_ncn_20240420T1840201984_d_img_d18.zip
2024-04-21 06:19:58+00:00,2024-04-21 06:19:58.336000+00:00,2024-04-21 06:34:35.980000+00:00,3,"AFT,FORE,NADIR","NCA,NCF,NCN",True,True,True,True,3,ch2_tmc_nca_20240421T0619583364_d_img_d18.zip | ch2_tmc_ncf_20240421T0619583364_d_img_d18.zip | ch2_tmc_ncn_20240421T0619583396_d_img_d18.zip
2024-04-21 14:16:23+00:00,2024-04-21 14:16:23.212000+00:00,2024-04-21 14:29:10.681000+00:00,3,"AFT,FORE,NADIR","NCA,NCF,NCN",True,True,True,True,3,ch2_tmc_nca_20240421T1416232127_d_img_d18.zip | ch2_tmc_ncf_20240421T1416232160_d_img_d18.zip | ch2_tmc_ncn_20240421T1416232127_d_img_d18.zip
2024-04-21 16:16:01+00:00,2024-04-21 16:16:01.248000+00:00,2024-04-21 16:27:29.170000+00:00,3,"AFT,FORE,NADIR","NCA,NCF,NCN",True,True,True,True,3,ch2_tmc_nca_20240421T1616012489_d_img_d18.zip | ch2_tmc_ncf_20240421T1616012489_d_img_d18.zip | ch2_tmc_ncn_20240421T1616012522_d_img_d18.zip
2024-04-21 18:08:20+00:00,2024-04-21 18:08:19.601000+00:00,2024-04-21 18:24:06.923000+00:00,3,"AFT,FORE,NADIR","NCA,NCF,NCN",True,True,True,True,3,ch2_tmc_nca_20240421T1808196018_d_img_d18.zip | ch2_tmc_ncf_20240421T1808196050_d_img_d18.zip | ch2_tmc_ncn_20240421T1808196018_d_img_d18.zip
2024-04-22 05:47:23+00:00,2024-04-22 05:47:23.268000+00:00,2024-04-22 05:59:38.148000+00:00,3,"AFT,FORE,NADIR","NCA,NCF,NCN",True,True,True,True,3,ch2_tmc_nca_20240422T0547232681_d_img_d18.zip | ch2_tmc_ncf_20240422T0547232681_d_img_d18.zip | ch2_tmc_ncn_20240422T0547232681_d_img_d18.zip
2024-04-22 19:22:00+00:00,2024-04-22 19:21:59.660000+00:00,2024-04-22 19:29:07.937000+00:00,3,"AFT,FORE,NADIR","NCA,NCF,NCN",True,True,True,True,3,ch2_tmc_nca_20240422T1921596604_d_img_d18.zip | ch2_tmc_ncf_20240422T1921596604_d_img_d18.zip | ch2_tmc_ncn_20240422T1921596604_d_img_d18.zip
2024-04-23 06:58:15+00:00,2024-04-23 06:58:14.627000+00:00,2024-04-23 07:08:27.836000+00:00,3,"AFT,FORE,NADIR","NCA,NCF,NCN",True,True,True,True,3,ch2_tmc_nca_20240423T0658146277_d_img_d18.zip | ch2_tmc_ncf_20240423T0658146277_d_img_d18.zip | ch2_tmc_ncn_20240423T0658146277_d_img_d18.zip
2024-04-23 16:51:23+00:00,2024-04-23 16:51:23.264000+00:00,2024-04-23 17:01:43.791000+00:00,3,"AFT,FORE,NADIR","NCA,NCF,NCN",True,True,True,True,3,ch2_tmc_nca_20240423T1651232640_d_img_d18.zip | ch2_tmc_ncf_20240423T1651232965_d_img_d18.zip | ch2_tmc_ncn_20240423T1651232640_d_img_d18.zip
2024-04-23 20:44:24+00:00,2024-04-23 20:44:24.262000+00:00,2024-04-23 20:51:17.746000+00:00,3,"AFT,FORE,NADIR","NCA,NCF,NCN",True,True,True,True,3,ch2_tmc_nca_20240423T2044242620_d_img_d18.zip | ch2_tmc_ncf_20240423T2044242620_d_img_d18.zip | ch2_tmc_ncn_20240423T2044242620_d_img_d18.zip
2024-04-23 20:51:33+00:00,2024-04-23 20:51:33.237000+00:00,2024-04-23 20:56:05.827000+00:00,3,"AFT,FORE,NADIR","NCA,NCF,NCN",True,True,True,True,3,ch2_tmc_nca_20240423T2051332378_d_img_d18.zip | ch2_tmc_ncf_20240423T2051332378_d_img_d18.zip | ch2_tmc_ncn_20240423T2051332411_d_img_d18.zip
2024-04-24 08:14:05+00:00,2024-04-24 08:14:04.935000+00:00,2024-04-24 08:19:56.819000+00:00,3,"AFT,FORE,NADIR","NCA,NCF,NCN",True,True,True,True,3,ch2_tmc_nca_20240424T0814049356_d_img_d18.zip | ch2_tmc_ncf_20240424T0814049356_d_img_d18.zip | ch2_tmc_ncn_20240424T0814049356_d_img_d18.zip
2024-04-24 18:10:19+00:00,2024-04-24 18:10:18.921000+00:00,2024-04-24 18:17:40.114000+00:00,3,"AFT,FORE,NADIR","NCA,NCF,NCN",True,True,True,True,3,ch2_tmc_nca_20240424T1810189215_d_img_d18.zip | ch2_tmc_ncf_20240424T1810189248_d_img_d18.zip | ch2_tmc_ncn_20240424T1810189215_d_img_d18.zip
2024-04-24 21:57:09+00:00,2024-04-24 21:57:08.560000+00:00,2024-04-24 22:03:58.680000+00:00,3,"AFT,FORE,NADIR","NCA,NCF,NCN",True,True,True,True,3,ch2_tmc_nca_20240424T2157085602_d_img_d18.zip | ch2_tmc_ncf_20240424T2157085602_d_img_d18.zip | ch2_tmc_ncn_20240424T2157085602_d_img_d18.zip
2024-04-24 22:03:49+00:00,2024-04-24 22:03:49.134000+00:00,2024-04-24 22:06:42.565000+00:00,3,"AFT,FORE,NADIR","NCA,NCF,NCN",True,True,True,True,3,ch2_tmc_nca_20240424T2203491372_d_img_d18.zip | ch2_tmc_ncf_20240424T2203491372_d_img_d18.zip | ch2_tmc_ncn_20240424T2203491340_d_img_d18.zip
2024-04-26 04:55:52+00:00,2024-04-26 04:55:51.704000+00:00,2024-04-26 05:06:12.269000+00:00,3,"AFT,FORE,NADIR","NCA,NCF,NCN",True,True,True,True,3,ch2_tmc_nca_20240426T0455517041_d_img_d18.zip | ch2_tmc_ncf_20240426T0455517041_d_img_d18.zip | ch2_tmc_ncn_20240426T0455517041_d_img_d18.zip
2024-04-26 18:36:56+00:00,2024-04-26 18:36:55.725000+00:00,2024-04-26 18:47:07.523000+00:00,3,"AFT,FORE,NADIR","NCA,NCF,NCN",True,True,True,True,3,ch2_tmc_nca_20240426T1836557283_d_img_d18.zip | ch2_tmc_ncf_20240426T1836557250_d_img_d18.zip | ch2_tmc_ncn_20240426T1836557250_d_img_d18.zip
2024-04-26 22:26:49+00:00,2024-04-26 22:26:48.577000+00:00,2024-04-26 22:32:00.383000+00:00,3,"AFT,FORE,NADIR","NCA,NCF,NCN",True,True,True,True,3,ch2_tmc_nca_20240426T2226485779_d_img_d18.zip | ch2_tmc_ncf_20240426T2226485811_d_img_d18.zip | ch2_tmc_ncn_20240426T2226485779_d_img_d18.zip
2024-04-26 22:31:57+00:00,2024-04-26 22:31:56.688000+00:00,2024-04-26 22:37:04.537000+00:00,3,"AFT,FORE,NADIR","NCA,NCF,NCN",True,True,True,True,3,ch2_tmc_nca_20240426T2231566886_d_img_d18.zip | ch2_tmc_ncf_20240426T2231566919_d_img_d18.zip | ch2_tmc_ncn_20240426T2231566919_d_img_d18.zip
2024-04-27 19:53:57+00:00,2024-04-27 19:53:57.274000+00:00,2024-04-27 20:04:29.711000+00:00,3,"AFT,FORE,NADIR","NCA,NCF,NCN",True,True,True,True,3,ch2_tmc_nca_20240427T1953572740_d_img_d18.zip | ch2_tmc_ncf_20240427T1953572772_d_img_d18.zip | ch2_tmc_ncn_20240427T1953572772_d_img_d18.zip
2024-04-28 11:26:47+00:00,2024-04-28 11:26:46.877000+00:00,2024-04-28 11:31:52.632000+00:00,3,"AFT,FORE,NADIR","NCA,NCF,NCN",True,True,True,True,3,ch2_tmc_nca_20240428T1126468770_d_img_d18.zip | ch2_tmc_ncf_20240428T1126468770_d_img_d18.zip | ch2_tmc_ncn_20240428T1126468770_d_img_d18.zip
2024-04-28 11:31:48+00:00,2024-04-28 11:31:48.208000+00:00,2024-04-28 11:35:29.759000+00:00,3,"AFT,FORE,NADIR","NCA,NCF,NCN",True,True,True,True,3,ch2_tmc_nca_20240428T1131482089_d_img_d18.zip | ch2_tmc_ncf_20240428T1131482089_d_img_d18.zip | ch2_tmc_ncn_20240428T1131482089_d_img_d18.zip
2024-04-28 11:33:03+00:00,2024-04-28 11:33:02.527000+00:00,2024-04-28 11:35:29.765000+00:00,3,"AFT,FORE,NADIR","NCA,NCF,NCN",True,True,True,True,3,ch2_tmc_nca_20240428T1133025303_d_img_d18.zip | ch2_tmc_ncf_20240428T1133025303_d_img_d18.zip | ch2_tmc_ncn_20240428T1133025270_d_img_d18.zip
2024-04-28 21:12:42+00:00,2024-04-28 21:12:41.611000+00:00,2024-04-28 21:14:49.543000+00:00,3,"AFT,FORE,NADIR","NCA,NCF,NCN",True,True,True,True,3,ch2_tmc_nca_20240428T2112416424_d_img_d18.zip | ch2_tmc_ncf_20240428T2112416112_d_img_d18.zip | ch2_tmc_ncn_20240428T2112416112_d_img_d18.zip
2024-04-29 01:04:37+00:00,2024-04-29 01:04:37.174000+00:00,2024-04-29 01:07:41.118000+00:00,3,"AFT,FORE,NADIR","NCA,NCF,NCN",True,True,True,True,3,ch2_tmc_nca_20240429T0104371741_d_img_d18.zip | ch2_tmc_ncf_20240429T0104371741_d_img_d18.zip | ch2_tmc_ncn_20240429T0104371741_d_img_d18.zip
2024-04-29 01:07:35+00:00,2024-04-29 01:07:35.148000+00:00,2024-04-29 01:14:34.624000+00:00,3,"AFT,FORE,NADIR","NCA,NCF,NCN",True,True,True,True,3,ch2_tmc_nca_20240429T0107351488_d_img_d18.zip | ch2_tmc_ncf_20240429T0107351488_d_img_d18.zip | ch2_tmc_ncn_20240429T0107351488_d_img_d18.zip
2024-04-29 12:47:51+00:00,2024-04-29 12:47:50.579000+00:00,2024-04-29 12:52:35.666000+00:00,3,"AFT,FORE,NADIR","NCA,NCF,NCN",True,True,True,True,3,ch2_tmc_nca_20240429T1247505793_d_img_d18.zip | ch2_tmc_ncf_20240429T1247505793_d_img_d18.zip | ch2_tmc_ncn_20240429T1247505793_d_img_d18.zip
2024-04-29 22:25:26+00:00,2024-04-29 22:25:25.642000+00:00,2024-04-29 22:27:44.118000+00:00,3,"AFT,FORE,NADIR","NCA,NCF,NCN",True,True,True,True,3,ch2_tmc_nca_20240429T2225256427_d_img_d18.zip | ch2_tmc_ncf_20240429T2225256459_d_img_d18.zip | ch2_tmc_ncn_20240429T2225256427_d_img_d18.zip
2024-04-30 02:22:06+00:00,2024-04-30 02:22:05.708000+00:00,2024-04-30 02:28:43.849000+00:00,3,"AFT,FORE,NADIR","NCA,NCF,NCN",True,True,True,True,3,ch2_tmc_nca_20240430T0222057088_d_img_d18.zip | ch2_tmc_ncf_20240430T0222057088_d_img_d18.zip | ch2_tmc_ncn_20240430T0222057088_d_img_d18.zip
2024-04-30 23:41:00+00:00,2024-04-30 23:41:00.232000+00:00,2024-04-30 23:43:19.477000+00:00,3,"AFT,FORE,NADIR","NCA,NCF,NCN",True,True,True,True,3,ch2_tmc_nca_20240430T2341002324_d_img_d18.zip | ch2_tmc_ncf_20240430T2341002356_d_img_d18.zip | ch2_tmc_ncn_20240430T2341002324_d_img_d18.zip
2024-05-01 22:59:53+00:00,2024-05-01 22:59:52.587000+00:00,2024-05-01 23:02:15.820000+00:00,3,"AFT,FORE,NADIR","NCA,NCF,NCN",True,True,True,True,3,ch2_tmc_nca_20240501T2259525910_d_img_d18.zip | ch2_tmc_ncf_20240501T2259525910_d_img_d18.zip | ch2_tmc_ncn_20240501T2259525878_d_img_d18.zip
2024-05-01 23:02:10+00:00,2024-05-01 23:02:09.985000+00:00,2024-05-01 23:09:56.486000+00:00,3,"AFT,FORE,NADIR","NCA,NCF,NCN",True,True,True,True,3,ch2_tmc_nca_20240501T2302099857_d_img_d18.zip | ch2_tmc_ncf_20240501T2302099889_d_img_d18.zip | ch2_tmc_ncn_20240501T2302099857_d_img_d18.zip
2024-05-03 13:55:08+00:00,2024-05-03 13:55:08.438000+00:00,2024-05-03 13:57:38.392000+00:00,3,"AFT,FORE,NADIR","NCA,NCF,NCN",True,True,True,True,3,ch2_tmc_nca_20240503T1355084385_d_img_d18.zip | ch2_tmc_ncf_20240503T1355084418_d_img_d18.zip | ch2_tmc_ncn_20240503T1355084385_d_img_d18.zip
2024-05-03 13:57:27+00:00,2024-05-03 13:57:26.739000+00:00,2024-05-03 14:06:41.279000+00:00,3,"AFT,FORE,NADIR","NCA,NCF,NCN",True,True,True,True,3,ch2_tmc_nca_20240503T1357267395_d_img_d18.zip | ch2_tmc_ncf_20240503T1357267395_d_img_d18.zip | ch2_tmc_ncn_20240503T1357267395_d_img_d18.zip
2024-05-04 05:25:02+00:00,2024-05-04 05:25:01.915000+00:00,2024-05-04 05:40:04.119000+00:00,3,"AFT,FORE,NADIR","NCA,NCF,NCN",True,True,True,True,3,ch2_tmc_nca_20240504T0525019150_d_img_d18.zip | ch2_tmc_ncf_20240504T0525019181_d_img_d18.zip | ch2_tmc_ncn_20240504T0525019150_d_img_d18.zip
2024-05-04 15:08:06+00:00,2024-05-04 15:08:05.773000+00:00,2024-05-04 15:23:00.875000+00:00,3,"AFT,FORE,NADIR","NCA,NCF,NCN",True,True,True,True,3,ch2_tmc_nca_20240504T1508057736_d_img_d18.zip | ch2_tmc_ncf_20240504T1508057768_d_img_d18.zip | ch2_tmc_ncn_20240504T1508057736_d_img_d18.zip
2024-05-05 00:51:09+00:00,2024-05-05 00:51:09.473000+00:00,2024-05-05 01:04:11.272000+00:00,3,"AFT,FORE,NADIR","NCA,NCF,NCN",True,True,True,True,3,ch2_tmc_nca_20240505T0051094736_d_img_d18.zip | ch2_tmc_ncf_20240505T0051094736_d_img_d18.zip | ch2_tmc_ncn_20240505T0051094736_d_img_d18.zip
2024-05-05 02:47:46+00:00,2024-05-05 02:47:45.580000+00:00,2024-05-05 03:00:54.421000+00:00,3,"AFT,FORE,NADIR","NCA,NCF,NCN",True,True,True,True,3,ch2_tmc_nca_20240505T0247455837_d_img_d18.zip | ch2_tmc_ncf_20240505T0247455837_d_img_d18.zip | ch2_tmc_ncn_20240505T0247455804_d_img_d18.zip
2024-05-05 04:46:02+00:00,2024-05-05 04:46:02.250000+00:00,2024-05-05 04:59:17.796000+00:00,3,"AFT,FORE,NADIR","NCA,NCF,NCN",True,True,True,True,3,ch2_tmc_nca_20240505T0446022509_d_img_d18.zip | ch2_tmc_ncf_20240505T0446022509_d_img_d18.zip | ch2_tmc_ncn_20240505T0446022834_d_img_d18.zip
2024-05-05 06:42:40+00:00,2024-05-05 06:42:40.334000+00:00,2024-05-05 06:55:54.650000+00:00,3,"AFT,FORE,NADIR","NCA,NCF,NCN",True,True,True,True,3,ch2_tmc_nca_20240505T0642403349_d_img_d18.zip | ch2_tmc_ncf_20240505T0642403349_d_img_d18.zip | ch2_tmc_ncn_20240505T0642403674_d_img_d18.zip
2024-05-06 02:07:08+00:00,2024-05-06 02:07:07.807000+00:00,2024-05-06 02:22:04.957000+00:00,3,"AFT,FORE,NADIR","NCA,NCF,NCN",True,True,True,True,3,ch2_tmc_nca_20240506T0207078103_d_img_d18.zip | ch2_tmc_ncf_20240506T0207078070_d_img_d18.zip | ch2_tmc_ncn_20240506T0207078070_d_img_d18.zip
2024-05-06 04:03:42+00:00,2024-05-06 04:03:42.307000+00:00,2024-05-06 04:16:52.939000+00:00,3,"AFT,FORE,NADIR","NCA,NCF,NCN",True,True,True,True,3,ch2_tmc_nca_20240506T0403423073_d_img_d18.zip | ch2_tmc_ncf_20240506T0403423073_d_img_d18.zip | ch2_tmc_ncn_20240506T0403423073_d_img_d18.zip
2024-05-06 06:00:19+00:00,2024-05-06 06:00:18.887000+00:00,2024-05-06 06:13:28.514000+00:00,3,"AFT,FORE,NADIR","NCA,NCF,NCN",True,True,True,True,3,ch2_tmc_nca_20240506T0600188878_d_img_d18.zip | ch2_tmc_ncf_20240506T0600188878_d_img_d18.zip | ch2_tmc_ncn_20240506T0600188878_d_img_d18.zip
2024-05-06 07:58:35+00:00,2024-05-06 07:58:34.895000+00:00,2024-05-06 08:10:24.266000+00:00,3,"AFT,FORE,NADIR","NCA,NCF,NCN",True,True,True,True,3,ch2_tmc_nca_20240506T0758348958_d_img_d18.zip | ch2_tmc_ncf_20240506T0758348958_d_img_d18.zip | ch2_tmc_ncn_20240506T0758348958_d_img_d18.zip
2024-05-06 17:40:00+00:00,2024-05-06 17:40:00.289000+00:00,2024-05-06 17:55:02.425000+00:00,3,"AFT,FORE,NADIR","NCA,NCF,NCN",True,True,True,True,3,ch2_tmc_nca_20240506T1740002922_d_img_d18.zip | ch2_tmc_ncf_20240506T1740002891_d_img_d18.zip | ch2_tmc_ncn_20240506T1740002891_d_img_d18.zip
2024-05-07 01:27:14+00:00,2024-05-07 01:27:13.967000+00:00,2024-05-07 01:40:07.715000+00:00,3,"AFT,FORE,NADIR","NCA,NCF,NCN",True,True,True,True,3,ch2_tmc_nca_20240507T0127139674_d_img_d18.zip | ch2_tmc_ncf_20240507T0127139674_d_img_d18.zip | ch2_tmc_ncn_20240507T0127139674_d_img_d18.zip
2024-05-07 03:23:03+00:00,2024-05-07 03:23:02.999000+00:00,2024-05-07 03:36:13.625000+00:00,3,"AFT,FORE,NADIR","NCA,NCF,NCN",True,True,True,True,3,ch2_tmc_nca_20240507T0323029991_d_img_d18.zip | ch2_tmc_ncf_20240507T0323029991_d_img_d18.zip | ch2_tmc_ncn_20240507T0323029991_d_img_d18.zip
2024-05-07 05:19:41+00:00,2024-05-07 05:19:40.778000+00:00,2024-05-07 05:34:44.699000+00:00,3,"AFT,FORE,NADIR","NCA,NCF,NCN",True,True,True,True,3,ch2_tmc_nca_20240507T0519407780_d_img_d18.zip | ch2_tmc_ncf_20240507T0519407780_d_img_d18.zip | ch2_tmc_ncn_20240507T0519407813_d_img_d18.zip
2024-05-07 07:16:17+00:00,2024-05-07 07:16:16.610000+00:00,2024-05-07 07:31:19.772000+00:00,3,"AFT,FORE,NADIR","NCA,NCF,NCN",True,True,True,True,3,ch2_tmc_nca_20240507T0716166133_d_img_d18.zip | ch2_tmc_ncf_20240507T0716166101_d_img_d18.zip | ch2_tmc_ncn_20240507T0716166101_d_img_d18.zip
2024-05-07 09:12:53+00:00,2024-05-07 09:12:52.648000+00:00,2024-05-07 09:21:23.748000+00:00,3,"AFT,FORE,NADIR","NCA,NCF,NCN",True,True,True,True,3,ch2_tmc_nca_20240507T0912526486_d_img_d18.zip | ch2_tmc_ncf_20240507T0912526486_d_img_d18.zip | ch2_tmc_ncn_20240507T0912526486_d_img_d18.zip
2024-05-07 16:59:15+00:00,2024-05-07 16:59:14.510000+00:00,2024-05-07 17:07:10.415000+00:00,3,"AFT,FORE,NADIR","NCA,NCF,NCN",True,True,True,True,3,ch2_tmc_nca_20240507T1659145105_d_img_d18.zip | ch2_tmc_ncf_20240507T1659145105_d_img_d18.zip | ch2_tmc_ncn_20240507T1659145105_d_img_d18.zip
2024-05-08 02:42:18+00:00,2024-05-08 02:42:18.466000+00:00,2024-05-08 02:55:11.768000+00:00,3,"AFT,FORE,NADIR","NCA,NCF,NCN",True,True,True,True,3,ch2_tmc_nca_20240508T0242184668_d_img_d18.zip | ch2_tmc_ncf_20240508T0242184668_d_img_d18.zip | ch2_tmc_ncn_20240508T0242184668_d_img_d18.zip
2024-05-08 04:38:57+00:00,2024-05-08 04:38:56.724000+00:00,2024-05-08 04:52:05.758000+00:00,3,"AFT,FORE,NADIR","NCA,NCF,NCN",True,True,True,True,3,ch2_tmc_nca_20240508T0438567240_d_img_d18.zip | ch2_tmc_ncf_20240508T0438567240_d_img_d18.zip | ch2_tmc_ncn_20240508T0438567273_d_img_d18.zip
2024-05-08 06:35:33+00:00,2024-05-08 06:35:32.627000+00:00,2024-05-08 06:48:42.384000+00:00,3,"AFT,FORE,NADIR","NCA,NCF,NCN",True,True,True,True,3,ch2_tmc_nca_20240508T0635326278_d_img_d18.zip | ch2_tmc_ncf_20240508T0635326278_d_img_d18.zip | ch2_tmc_ncn_20240508T0635326278_d_img_d18.zip
2024-05-08 08:32:08+00:00,2024-05-08 08:32:08.412000+00:00,2024-05-08 08:45:20.874000+00:00,3,"AFT,FORE,NADIR","NCA,NCF,NCN",True,True,True,True,3,ch2_tmc_nca_20240508T0832084124_d_img_d18.zip | ch2_tmc_ncf_20240508T0832084124_d_img_d18.zip | ch2_tmc_ncn_20240508T0832084124_d_img_d18.zip
2024-05-08 18:15:15+00:00,2024-05-08 18:15:14.664000+00:00,2024-05-08 18:30:14.755000+00:00,3,"AFT,FORE,NADIR","NCA,NCF,NCN",True,True,True,True,3,ch2_tmc_nca_20240508T1815146676_d_img_d18.zip | ch2_tmc_ncf_20240508T1815146643_d_img_d18.zip | ch2_tmc_ncn_20240508T1815146643_d_img_d18.zip
2024-05-09 09:51:21+00:00,2024-05-09 09:51:20.717000+00:00,2024-05-09 10:03:09.702000+00:00,3,"AFT,FORE,NADIR","NCA,NCF,NCN",True,True,True,True,3,ch2_tmc_nca_20240509T0951207176_d_img_d18.zip | ch2_tmc_ncf_20240509T0951207176_d_img_d18.zip | ch2_tmc_ncn_20240509T0951207176_d_img_d18.zip
2024-05-09 11:46:15+00:00,2024-05-09 11:46:15.147000+00:00,2024-05-09 11:59:24.777000+00:00,3,"AFT,FORE,NADIR","NCA,NCF,NCN",True,True,True,True,3,ch2_tmc_nca_20240509T1146151472_d_img_d18.zip | ch2_tmc_ncf_20240509T1146151472_d_img_d18.zip | ch2_tmc_ncn_20240509T1146151472_d_img_d18.zip
2024-05-09 19:30:53+00:00,2024-05-09 19:30:52.814000+00:00,2024-05-09 19:43:24.907000+00:00,3,"AFT,FORE,NADIR","NCA,NCF,NCN",True,True,True,True,3,ch2_tmc_nca_20240509T1930528148_d_img_d18.zip | ch2_tmc_ncf_20240509T1930528148_d_img_d18.zip | ch2_tmc_ncn_20240509T1930528148_d_img_d18.zip
2024-05-10 05:13:45+00:00,2024-05-10 05:13:44.699000+00:00,2024-05-10 05:26:06.694000+00:00,3,"AFT,FORE,NADIR","NCA,NCF,NCN",True,True,True,True,3,ch2_tmc_nca_20240510T0513446990_d_img_d18.zip | ch2_tmc_ncf_20240510T0513446990_d_img_d18.zip | ch2_tmc_ncn_20240510T0513446990_d_img_d18.zip
2024-05-10 07:11:56+00:00,2024-05-10 07:11:55.607000+00:00,2024-05-10 07:25:06.179000+00:00,3,"AFT,FORE,NADIR","NCA,NCF,NCN",True,True,True,True,3,ch2_tmc_nca_20240510T0711556103_d_img_d18.zip | ch2_tmc_ncf_20240510T0711556071_d_img_d18.zip | ch2_tmc_ncn_20240510T0711556071_d_img_d18.zip
2024-05-10 09:06:51+00:00,2024-05-10 09:06:51.261000+00:00,2024-05-10 09:19:59.865000+00:00,3,"AFT,FORE,NADIR","NCA,NCF,NCN",True,True,True,True,3,ch2_tmc_nca_20240510T0906512612_d_img_d18.zip | ch2_tmc_ncf_20240510T0906512612_d_img_d18.zip | ch2_tmc_ncn_20240510T0906512612_d_img_d18.zip
2024-05-10 11:03:26+00:00,2024-05-10 11:03:26.233000+00:00,2024-05-10 11:16:34.623000+00:00,3,"AFT,FORE,NADIR","NCA,NCF,NCN",True,True,True,True,3,ch2_tmc_nca_20240510T1103262330_d_img_d18.zip | ch2_tmc_ncf_20240510T1103262330_d_img_d18.zip | ch2_tmc_ncn_20240510T1103262330_d_img_d18.zip
2024-05-10 12:59:59+00:00,2024-05-10 12:59:59.146000+00:00,2024-05-10 13:12:47.114000+00:00,3,"AFT,FORE,NADIR","NCA,NCF,NCN",True,True,True,True,3,ch2_tmc_nca_20240510T1259591467_d_img_d18.zip | ch2_tmc_ncf_20240510T1259591467_d_img_d18.zip | ch2_tmc_ncn_20240510T1259591467_d_img_d18.zip
2024-05-10 20:46:17+00:00,2024-05-10 20:46:17.180000+00:00,2024-05-10 20:54:34.556000+00:00,3,"AFT,FORE,NADIR","NCA,NCF,NCN",True,True,True,True,3,ch2_tmc_nca_20240510T2046171808_d_img_d18.zip | ch2_tmc_ncf_20240510T2046171841_d_img_d18.zip | ch2_tmc_ncn_20240510T2046171808_d_img_d18.zip
2024-05-11 06:26:13+00:00,2024-05-11 06:26:12.588000+00:00,2024-05-11 06:32:22.127000+00:00,3,"AFT,FORE,NADIR","NCA,NCF,NCN",True,True,True,True,3,ch2_tmc_nca_20240511T0626125880_d_img_d18.zip | ch2_tmc_ncf_20240511T0626125880_d_img_d18.zip | ch2_tmc_ncn_20240511T0626125880_d_img_d18.zip
2024-05-11 06:32:18+00:00,2024-05-11 06:32:18.125000+00:00,2024-05-11 06:36:50.365000+00:00,3,"AFT,FORE,NADIR","NCA,NCF,NCN",True,True,True,True,3,ch2_tmc_nca_20240511T0632181285_d_img_d18.zip | ch2_tmc_ncf_20240511T0632181285_d_img_d18.zip | ch2_tmc_ncn_20240511T0632181253_d_img_d18.zip
2024-05-11 06:36:44+00:00,2024-05-11 06:36:44.342000+00:00,2024-05-11 06:38:27.937000+00:00,3,"AFT,FORE,NADIR","NCA,NCF,NCN",True,True,True,True,3,ch2_tmc_nca_20240511T0636443426_d_img_d18.zip | ch2_tmc_ncf_20240511T0636443426_d_img_d18.zip | ch2_tmc_ncn_20240511T0636443459_d_img_d18.zip
2024-05-11 10:20:21+00:00,2024-05-11 10:20:21.479000+00:00,2024-05-11 10:25:48.384000+00:00,3,"AFT,FORE,NADIR","NCA,NCF,NCN",True,True,True,True,3,ch2_tmc_nca_20240511T1020214826_d_img_d18.zip | ch2_tmc_ncf_20240511T1020214793_d_img_d18.zip | ch2_tmc_ncn_20240511T1020214793_d_img_d18.zip
2024-05-11 12:19:00+00:00,2024-05-11 12:18:59.747000+00:00,2024-05-11 12:23:46.494000+00:00,3,"AFT,FORE,NADIR","NCA,NCF,NCN",True,True,True,True,3,ch2_tmc_nca_20240511T1218597471_d_img_d18.zip | ch2_tmc_ncf_20240511T1218597471_d_img_d18.zip | ch2_tmc_ncn_20240511T1218597471_d_img_d18.zip
2024-05-11 20:01:55+00:00,2024-05-11 20:01:54.727000+00:00,2024-05-11 20:09:47.393000+00:00,3,"AFT,FORE,NADIR","NCA,NCF,NCN",True,True,True,True,3,ch2_tmc_nca_20240511T2001547277_d_img_d18.zip | ch2_tmc_ncf_20240511T2001547277_d_img_d18.zip | ch2_tmc_ncn_20240511T2001547309_d_img_d18.zip
2024-05-12 07:44:52+00:00,2024-05-12 07:44:52.284000+00:00,2024-05-12 07:48:43.555000+00:00,3,"AFT,FORE,NADIR","NCA,NCF,NCN",True,True,True,True,3,ch2_tmc_nca_20240512T0744523167_d_img_d18.zip | ch2_tmc_ncf_20240512T0744523167_d_img_d18.zip | ch2_tmc_ncn_20240512T0744522842_d_img_d18.zip
2024-05-12 07:48:37+00:00,2024-05-12 07:48:36.591000+00:00,2024-05-12 07:53:03.145000+00:00,3,"AFT,FORE,NADIR","NCA,NCF,NCN",True,True,True,True,3,ch2_tmc_nca_20240512T0748365949_d_img_d18.zip | ch2_tmc_ncf_20240512T0748365918_d_img_d18.zip | ch2_tmc_ncn_20240512T0748365949_d_img_d18.zip
2024-05-12 07:52:57+00:00,2024-05-12 07:52:57.149000+00:00,2024-05-12 07:54:43.769000+00:00,3,"AFT,FORE,NADIR","NCA,NCF,NCN",True,True,True,True,3,ch2_tmc_nca_20240512T0752571496_d_img_d18.zip | ch2_tmc_ncf_20240512T0752571496_d_img_d18.zip | ch2_tmc_ncn_20240512T0752571528_d_img_d18.zip
2024-05-12 11:38:02+00:00,2024-05-12 11:38:02.436000+00:00,2024-05-12 11:43:34.263000+00:00,3,"AFT,FORE,NADIR","NCA,NCF,NCN",True,True,True,True,3,ch2_tmc_nca_20240512T1138024363_d_img_d18.zip | ch2_tmc_ncf_20240512T1138024395_d_img_d18.zip | ch2_tmc_ncn_20240512T1138024395_d_img_d18.zip
2024-05-12 11:43:30+00:00,2024-05-12 11:43:29.568000+00:00,2024-05-12 11:47:57.545000+00:00,3,"AFT,FORE,NADIR","NCA,NCF,NCN",True,True,True,True,3,ch2_tmc_nca_20240512T1143295680_d_img_d18.zip | ch2_tmc_ncf_20240512T1143295680_d_img_d18.zip | ch2_tmc_ncn_20240512T1143295680_d_img_d18.zip
2024-05-12 11:47:52+00:00,2024-05-12 11:47:51.591000+00:00,2024-05-12 11:49:36.609000+00:00,3,"AFT,FORE,NADIR","NCA,NCF,NCN",True,True,True,True,3,ch2_tmc_nca_20240512T1147515917_d_img_d18.zip | ch2_tmc_ncf_20240512T1147515917_d_img_d18.zip | ch2_tmc_ncn_20240512T1147515917_d_img_d18.zip
2024-05-12 23:20:11+00:00,2024-05-12 23:20:10.721000+00:00,2024-05-12 23:23:47.335000+00:00,3,"AFT,FORE,NADIR","NCA,NCF,NCN",True,True,True,True,3,ch2_tmc_nca_20240512T2320107251_d_img_d18.zip | ch2_tmc_ncf_20240512T2320107251_d_img_d18.zip | ch2_tmc_ncn_20240512T2320107218_d_img_d18.zip
2024-05-12 23:23:38+00:00,2024-05-12 23:23:37.785000+00:00,2024-05-12 23:30:46.878000+00:00,3,"AFT,FORE,NADIR","NCA,NCF,NCN",True,True,True,True,3,ch2_tmc_nca_20240512T2323377884_d_img_d18.zip | ch2_tmc_ncf_20240512T2323377884_d_img_d18.zip | ch2_tmc_ncn_20240512T2323377851_d_img_d18.zip
2024-05-13 14:56:33+00:00,2024-05-13 14:56:33.446000+00:00,2024-05-13 15:03:08.706000+00:00,3,"AFT,FORE,NADIR","NCA,NCF,NCN",True,True,True,True,3,ch2_tmc_nca_20240513T1456334461_d_img_d18.zip | ch2_tmc_ncf_20240513T1456334494_d_img_d18.zip | ch2_tmc_ncn_20240513T1456334461_d_img_d18.zip
2024-05-14 06:16:49+00:00,2024-05-14 06:16:48.590000+00:00,2024-05-14 06:25:02.355000+00:00,3,"AFT,FORE,NADIR","NCA,NCF,NCN",True,True,True,True,3,ch2_tmc_nca_20240514T0616485909_d_img_d18.zip | ch2_tmc_ncf_20240514T0616485909_d_img_d18.zip | ch2_tmc_ncn_20240514T0616486234_d_img_d18.zip
2024-05-14 06:24:57+00:00,2024-05-14 06:24:57.153000+00:00,2024-05-14 06:30:48.929000+00:00,3,"AFT,FORE,NADIR","NCA,NCF,NCN",True,True,True,True,3,ch2_tmc_nca_20240514T0624571531_d_img_d18.zip | ch2_tmc_ncf_20240514T0624571857_d_img_d18.zip | ch2_tmc_ncn_20240514T0624571857_d_img_d18.zip
2024-05-14 08:19:22+00:00,2024-05-14 08:19:21.988000+00:00,2024-05-14 08:24:37.924000+00:00,3,"AFT,FORE,NADIR","NCA,NCF,NCN",True,True,True,True,3,ch2_tmc_nca_20240514T0819219888_d_img_d18.zip | ch2_tmc_ncf_20240514T0819219888_d_img_d18.zip | ch2_tmc_ncn_20240514T0819219888_d_img_d18.zip
2024-05-14 08:24:33+00:00,2024-05-14 08:24:33.365000+00:00,2024-05-14 08:29:06.278000+00:00,3,"AFT,FORE,NADIR","NCA,NCF,NCN",True,True,True,True,3,ch2_tmc_nca_20240514T0824333651_d_img_d18.zip | ch2_tmc_ncf_20240514T0824333683_d_img_d18.zip | ch2_tmc_ncn_20240514T0824333683_d_img_d18.zip
2024-05-14 14:09:10+00:00,2024-05-14 14:09:10.161000+00:00,2024-05-14 14:23:54.584000+00:00,3,"AFT,FORE,NADIR","NCA,NCF,NCN",True,True,True,True,3,ch2_tmc_nca_20240514T1409101610_d_img_d18.zip | ch2_tmc_ncf_20240514T1409101610_d_img_d18.zip | ch2_tmc_ncn_20240514T1409101610_d_img_d18.zip
2024-05-14 16:05:46+00:00,2024-05-14 16:05:45.535000+00:00,2024-05-14 16:18:55.350000+00:00,3,"AFT,FORE,NADIR","NCA,NCF,NCN",True,True,True,True,3,ch2_tmc_nca_20240514T1605455385_d_img_d18.zip | ch2_tmc_ncf_20240514T1605455352_d_img_d18.zip | ch2_tmc_ncn_20240514T1605455352_d_img_d18.zip
2024-05-15 01:48:41+00:00,2024-05-15 01:48:40.996000+00:00,2024-05-15 02:01:24.774000+00:00,3,"AFT,FORE,NADIR","NCA,NCF,NCN",True,True,True,True,3,ch2_tmc_nca_20240515T0148409967_d_img_d18.zip | ch2_tmc_ncf_20240515T0148409967_d_img_d18.zip | ch2_tmc_ncn_20240515T0148409967_d_img_d18.zip
2024-05-15 01:48:42+00:00,2024-05-15 01:48:41.666000+00:00,2024-05-15 02:01:24.774000+00:00,3,"AFT,FORE,NADIR","NCA,NCF,NCN",True,True,True,True,3,ch2_tmc_nca_20240515T0148416668_d_img_d18.zip | ch2_tmc_ncf_20240515T0148416668_d_img_d18.zip | ch2_tmc_ncn_20240515T0148416668_d_img_d18.zip
2024-05-15 09:35:05+00:00,2024-05-15 09:35:04.805000+00:00,2024-05-15 09:47:45.816000+00:00,3,"AFT,FORE,NADIR","NCA,NCF,NCN",True,True,True,True,3,ch2_tmc_nca_20240515T0935048055_d_img_d18.zip | ch2_tmc_ncf_20240515T0935048055_d_img_d18.zip | ch2_tmc_ncn_20240515T0935048055_d_img_d18.zip
2024-05-15 13:28:16+00:00,2024-05-15 13:28:15.646000+00:00,2024-05-15 13:41:25.273000+00:00,3,"AFT,FORE,NADIR","NCA,NCF,NCN",True,True,True,True,3,ch2_tmc_nca_20240515T1328156467_d_img_d18.zip | ch2_tmc_ncf_20240515T1328156467_d_img_d18.zip | ch2_tmc_ncn_20240515T1328156467_d_img_d18.zip
2024-05-15 15:24:51+00:00,2024-05-15 15:24:51.462000+00:00,2024-05-15 15:38:00.195000+00:00,3,"AFT,FORE,NADIR","NCA,NCF,NCN",True,True,True,True,3,ch2_tmc_nca_20240515T1524514621_d_img_d18.zip | ch2_tmc_ncf_20240515T1524514621_d_img_d18.zip | ch2_tmc_ncn_20240515T1524514621_d_img_d18.zip
2024-05-15 17:21:28+00:00,2024-05-15 17:21:28.319000+00:00,2024-05-15 17:32:31.108000+00:00,3,"AFT,FORE,NADIR","NCA,NCF,NCN",True,True,True,True,3,ch2_tmc_nca_20240515T1721283199_d_img_d18.zip | ch2_tmc_ncf_20240515T1721283231_d_img_d18.zip | ch2_tmc_ncn_20240515T1721283199_d_img_d18.zip
2024-05-16 01:07:47+00:00,2024-05-16 01:07:47.445000+00:00,2024-05-16 01:18:20.187000+00:00,3,"AFT,FORE,NADIR","NCA,NCF,NCN",True,True,True,True,3,ch2_tmc_nca_20240516T0107474488_d_img_d18.zip | ch2_tmc_ncf_20240516T0107474455_d_img_d18.zip | ch2_tmc_ncn_20240516T0107474455_d_img_d18.zip
2024-05-16 10:49:16+00:00,2024-05-16 10:49:15.800000+00:00,2024-05-16 11:02:40.775000+00:00,3,"AFT,FORE,NADIR","NCA,NCF,NCN",True,True,True,True,3,ch2_tmc_nca_20240516T1049158001_d_img_d18.zip | ch2_tmc_ncf_20240516T1049158001_d_img_d18.zip | ch2_tmc_ncn_20240516T1049158001_d_img_d18.zip
2024-05-16 12:45:53+00:00,2024-05-16 12:45:52.726000+00:00,2024-05-16 13:00:36.295000+00:00,3,"AFT,FORE,NADIR","NCA,NCF,NCN",True,True,True,True,3,ch2_tmc_nca_20240516T1245527299_d_img_d18.zip | ch2_tmc_ncf_20240516T1245527299_d_img_d18.zip | ch2_tmc_ncn_20240516T1245527266_d_img_d18.zip
2024-05-16 14:42:29+00:00,2024-05-16 14:42:28.580000+00:00,2024-05-16 14:57:16.527000+00:00,3,"AFT,FORE,NADIR","NCA,NCF,NCN",True,True,True,True,3,ch2_tmc_nca_20240516T1442285804_d_img_d18.zip | ch2_tmc_ncf_20240516T1442285804_d_img_d18.zip | ch2_tmc_ncn_20240516T1442285804_d_img_d18.zip
2024-05-16 16:39:06+00:00,2024-05-16 16:39:05.566000+00:00,2024-05-16 16:53:54.457000+00:00,3,"AFT,FORE,NADIR","NCA,NCF,NCN",True,True,True,True,3,ch2_tmc_nca_20240516T1639055695_d_img_d18.zip | ch2_tmc_ncf_20240516T1639055663_d_img_d18.zip | ch2_tmc_ncn_20240516T1639055663_d_img_d18.zip
2024-05-17 00:27:07+00:00,2024-05-17 00:27:06.972000+00:00,2024-05-17 00:37:15.169000+00:00,3,"AFT,FORE,NADIR","NCA,NCF,NCN",True,True,True,True,3,ch2_tmc_nca_20240517T0027069725_d_img_d18.zip | ch2_tmc_ncf_20240517T0027069725_d_img_d18.zip | ch2_tmc_ncn_20240517T0027069757_d_img_d18.zip
2024-05-17 12:08:39+00:00,2024-05-17 12:08:38.687000+00:00,2024-05-17 12:21:55.355000+00:00,3,"AFT,FORE,NADIR","NCA,NCF,NCN",True,True,True,True,3,ch2_tmc_nca_20240517T1208386903_d_img_d18.zip | ch2_tmc_ncf_20240517T1208386871_d_img_d18.zip | ch2_tmc_ncn_20240517T1208386871_d_img_d18.zip
2024-05-17 13:56:56+00:00,2024-05-17 13:56:56.475000+00:00,2024-05-17 14:10:06.231000+00:00,3,"AFT,FORE,NADIR","NCA,NCF,NCN",True,True,True,True,3,ch2_tmc_nca_20240517T1356564751_d_img_d18.zip | ch2_tmc_ncf_20240517T1356564751_d_img_d18.zip | ch2_tmc_ncn_20240517T1356564751_d_img_d18.zip
2024-05-17 15:53:33+00:00,2024-05-17 15:53:33.201000+00:00,2024-05-17 16:06:42.831000+00:00,3,"AFT,FORE,NADIR","NCA,NCF,NCN",True,True,True,True,3,ch2_tmc_nca_20240517T1553332017_d_img_d18.zip | ch2_tmc_ncf_20240517T1553332017_d_img_d18.zip | ch2_tmc_ncn_20240517T1553332017_d_img_d18.zip
2024-05-18 01:36:35+00:00,2024-05-18 01:36:34.613000+00:00,2024-05-18 01:47:13.920000+00:00,3,"AFT,FORE,NADIR","NCA,NCF,NCN",True,True,True,True,3,ch2_tmc_nca_20240518T0136346130_d_img_d18.zip | ch2_tmc_ncf_20240518T0136346130_d_img_d18.zip | ch2_tmc_ncn_20240518T0136346130_d_img_d18.zip
2024-05-18 17:09:31+00:00,2024-05-18 17:09:31.388000+00:00,2024-05-18 17:21:55.219000+00:00,3,"AFT,FORE,NADIR","NCA,NCF,NCN",True,True,True,True,3,ch2_tmc_nca_20240518T1709313921_d_img_d18.zip | ch2_tmc_ncf_20240518T1709313921_d_img_d18.zip | ch2_tmc_ncn_20240518T1709313889_d_img_d18.zip
2024-05-18 19:06:08+00:00,2024-05-18 19:06:08.462000+00:00,2024-05-18 19:19:17.283000+00:00,3,"AFT,FORE,NADIR","NCA,NCF,NCN",True,True,True,True,3,ch2_tmc_nca_20240518T1906084656_d_img_d18.zip | ch2_tmc_ncf_20240518T1906084624_d_img_d18.zip | ch2_tmc_ncn_20240518T1906084624_d_img_d18.zip
2024-05-19 02:57:23+00:00,2024-05-19 02:57:23.157000+00:00,2024-05-19 03:10:23.153000+00:00,3,"AFT,FORE,NADIR","NCA,NCF,NCN",True,True,True,True,3,ch2_tmc_nca_20240519T0257231570_d_img_d18.zip | ch2_tmc_ncf_20240519T0257231570_d_img_d18.zip | ch2_tmc_ncn_20240519T0257231570_d_img_d18.zip
2024-05-19 12:45:28+00:00,2024-05-19 12:45:28.149000+00:00,2024-05-19 12:58:28.486000+00:00,3,"AFT,FORE,NADIR","NCA,NCF,NCN",True,True,True,True,3,ch2_tmc_nca_20240519T1245281495_d_img_d18.zip | ch2_tmc_ncf_20240519T1245281495_d_img_d18.zip | ch2_tmc_ncn_20240519T1245281495_d_img_d18.zip
2024-05-20 04:11:39+00:00,2024-05-20 04:11:39.373000+00:00,2024-05-20 04:23:30.495000+00:00,3,"AFT,FORE,NADIR","NCA,NCF,NCN",True,True,True,True,3,ch2_tmc_nca_20240520T0411393736_d_img_d18.zip | ch2_tmc_ncf_20240520T0411393736_d_img_d18.zip | ch2_tmc_ncn_20240520T0411393736_d_img_d18.zip
2024-05-20 13:56:14+00:00,2024-05-20 13:56:14.425000+00:00,2024-05-20 14:08:11.494000+00:00,3,"AFT,FORE,NADIR","NCA,NCF,NCN",True,True,True,True,3,ch2_tmc_nca_20240520T1356144259_d_img_d18.zip | ch2_tmc_ncf_20240520T1356144259_d_img_d18.zip | ch2_tmc_ncn_20240520T1356144292_d_img_d18.zip
2024-05-20 17:59:26+00:00,2024-05-20 17:59:26.442000+00:00,2024-05-20 18:11:32.599000+00:00,3,"AFT,FORE,NADIR","NCA,NCF,NCN",True,True,True,True,3,ch2_tmc_nca_20240520T1759264429_d_img_d18.zip | ch2_tmc_ncf_20240520T1759264429_d_img_d18.zip | ch2_tmc_ncn_20240520T1759264429_d_img_d18.zip
2024-05-21 05:25:43+00:00,2024-05-21 05:25:43.370000+00:00,2024-05-21 05:36:58.170000+00:00,3,"AFT,FORE,NADIR","NCA,NCF,NCN",True,True,True,True,3,ch2_tmc_nca_20240521T0525434030_d_img_d18.zip | ch2_tmc_ncf_20240521T0525433705_d_img_d18.zip | ch2_tmc_ncn_20240521T0525434030_d_img_d18.zip
2024-05-21 19:07:22+00:00,2024-05-21 19:07:21.675000+00:00,2024-05-21 19:19:34.196000+00:00,3,"AFT,FORE,NADIR","NCA,NCF,NCN",True,True,True,True,3,ch2_tmc_nca_20240521T1907216789_d_img_d18.zip | ch2_tmc_ncf_20240521T1907216789_d_img_d18.zip | ch2_tmc_ncn_20240521T1907216757_d_img_d18.zip
2024-05-22 10:35:03+00:00,2024-05-22 10:35:02.825000+00:00,2024-05-22 10:46:36.295000+00:00,3,"AFT,FORE,NADIR","NCA,NCF,NCN",True,True,True,True,3,ch2_tmc_nca_20240522T1035028255_d_img_d18.zip | ch2_tmc_ncf_20240522T1035028255_d_img_d18.zip | ch2_tmc_ncn_20240522T1035028255_d_img_d18.zip
2024-05-22 16:36:32+00:00,2024-05-22 16:36:32.313000+00:00,2024-05-22 16:48:17.238000+00:00,3,"AFT,FORE,NADIR","NCA,NCF,NCN",True,True,True,True,3,ch2_tmc_nca_20240522T1636323170_d_img_d18.zip | ch2_tmc_ncf_20240522T1636323138_d_img_d18.zip | ch2_tmc_ncn_20240522T1636323138_d_img_d18.zip
2024-05-22 20:29:35+00:00,2024-05-22 20:29:34.807000+00:00,2024-05-22 20:31:45.177000+00:00,3,"AFT,FORE,NADIR","NCA,NCF,NCN",True,True,True,True,3,ch2_tmc_nca_20240522T2029348110_d_img_d18.zip | ch2_tmc_ncf_20240522T2029348078_d_img_d18.zip | ch2_tmc_ncn_20240522T2029348078_d_img_d18.zip
2024-05-22 20:31:42+00:00,2024-05-22 20:31:41.536000+00:00,2024-05-22 20:41:52.955000+00:00,3,"AFT,FORE,NADIR","NCA,NCF,NCN",True,True,True,True,3,ch2_tmc_nca_20240522T2031415400_d_img_d18.zip | ch2_tmc_ncf_20240522T2031415400_d_img_d18.zip | ch2_tmc_ncn_20240522T2031415368_d_img_d18.zip
2024-05-23 04:31:12+00:00,2024-05-23 04:31:12.316000+00:00,2024-05-23 04:40:42.425000+00:00,3,"AFT,FORE,NADIR","NCA,NCF,NCN",True,True,True,True,3,ch2_tmc_nca_20240523T0431123169_d_img_d18.zip | ch2_tmc_ncf_20240523T0431123169_d_img_d18.zip | ch2_tmc_ncn_20240523T0431123169_d_img_d18.zip
2024-05-23 16:00:31+00:00,2024-05-23 16:00:30.954000+00:00,2024-05-23 16:12:05.265000+00:00,3,"AFT,FORE,NADIR","NCA,NCF,NCN",True,True,True,True,3,ch2_tmc_nca_20240523T1600309581_d_img_d18.zip | ch2_tmc_ncf_20240523T1600309581_d_img_d18.zip | ch2_tmc_ncn_20240523T1600309548_d_img_d18.zip
2024-05-24 07:26:49+00:00,2024-05-24 07:26:49.329000+00:00,2024-05-24 07:36:50.490000+00:00,3,"AFT,FORE,NADIR","NCA,NCF,NCN",True,True,True,True,3,ch2_tmc_nca_20240524T0726493290_d_img_d18.zip | ch2_tmc_ncf_20240524T0726493323_d_img_d18.zip | ch2_tmc_ncn_20240524T0726493290_d_img_d18.zip
2024-05-24 17:10:02+00:00,2024-05-24 17:10:01.857000+00:00,2024-05-24 17:21:47.724000+00:00,3,"AFT,FORE,NADIR","NCA,NCF,NCN",True,True,True,True,3,ch2_tmc_nca_20240524T1710018611_d_img_d18.zip | ch2_tmc_ncf_20240524T1710018579_d_img_d18.zip | ch2_tmc_ncn_20240524T1710018579_d_img_d18.zip
2024-05-24 21:00:55+00:00,2024-05-24 21:00:54.755000+00:00,2024-05-24 21:06:14.807000+00:00,3,"AFT,FORE,NADIR","NCA,NCF,NCN",True,True,True,True,3,ch2_tmc_nca_20240524T2100547590_d_img_d18.zip | ch2_tmc_ncf_20240524T2100547558_d_img_d18.zip | ch2_tmc_ncn_20240524T2100547590_d_img_d18.zip
2024-05-24 21:06:10+00:00,2024-05-24 21:06:10.202000+00:00,2024-05-24 21:11:32.587000+00:00,3,"AFT,FORE,NADIR","NCA,NCF,NCN",True,True,True,True,3,ch2_tmc_nca_20240524T2106102061_d_img_d18.zip | ch2_tmc_ncf_20240524T2106102029_d_img_d18.zip | ch2_tmc_ncn_20240524T2106102061_d_img_d18.zip
2024-05-25 18:23:29+00:00,2024-05-25 18:23:29.444000+00:00,2024-05-25 18:26:16.603000+00:00,3,"AFT,FORE,NADIR","NCA,NCF,NCN",True,True,True,True,3,ch2_tmc_nca_20240525T1823294440_d_img_d18.zip | ch2_tmc_ncf_20240525T1823294440_d_img_d18.zip | ch2_tmc_ncn_20240525T1823294440_d_img_d18.zip
2024-05-25 22:17:01+00:00,2024-05-25 22:17:00.541000+00:00,2024-05-25 22:21:08.576000+00:00,3,"AFT,FORE,NADIR","NCA,NCF,NCN",True,True,True,True,3,ch2_tmc_nca_20240525T2217005411_d_img_d18.zip | ch2_tmc_ncf_20240525T2217005411_d_img_d18.zip | ch2_tmc_ncn_20240525T2217005411_d_img_d18.zip
2024-05-25 22:21:04+00:00,2024-05-25 22:21:03.873000+00:00,2024-05-25 22:28:06.371000+00:00,3,"AFT,FORE,NADIR","NCA,NCF,NCN",True,True,True,True,3,ch2_tmc_nca_20240525T2221038769_d_img_d18.zip | ch2_tmc_ncf_20240525T2221038736_d_img_d18.zip | ch2_tmc_ncn_20240525T2221038769_d_img_d18.zip
2024-05-26 19:40:10+00:00,2024-05-26 19:40:10.292000+00:00,2024-05-26 19:52:00.107000+00:00,3,"AFT,FORE,NADIR","NCA,NCF,NCN",True,True,True,True,3,ch2_tmc_nca_20240526T1940102922_d_img_d18.zip | ch2_tmc_ncf_20240526T1940102922_d_img_d18.zip | ch2_tmc_ncn_20240526T1940102922_d_img_d18.zip
2024-05-26 23:23:23+00:00,2024-05-26 23:23:22.829000+00:00,2024-05-26 23:28:25.248000+00:00,3,"AFT,FORE,NADIR","NCA,NCF,NCN",True,True,True,True,3,ch2_tmc_nca_20240526T2323228326_d_img_d18.zip | ch2_tmc_ncf_20240526T2323228294_d_img_d18.zip | ch2_tmc_ncn_20240526T2323228326_d_img_d18.zip
2024-05-27 20:45:49+00:00,2024-05-27 20:45:49.171000+00:00,2024-05-27 20:49:06.600000+00:00,3,"AFT,FORE,NADIR","NCA,NCF,NCN",True,True,True,True,3,ch2_tmc_nca_20240527T2045491747_d_img_d18.zip | ch2_tmc_ncf_20240527T2045491715_d_img_d18.zip | ch2_tmc_ncn_20240527T2045491715_d_img_d18.zip
2024-05-27 20:49:01+00:00,2024-05-27 20:49:00.711000+00:00,2024-05-27 20:56:21.981000+00:00,3,"AFT,FORE,NADIR","NCA,NCF,NCN",True,True,True,True,3,ch2_tmc_nca_20240527T2049007114_d_img_d18.zip | ch2_tmc_ncf_20240527T2049007114_d_img_d18.zip | ch2_tmc_ncn_20240527T2049007114_d_img_d18.zip
2024-05-28 12:39:06+00:00,2024-05-28 12:39:06.137000+00:00,2024-05-28 12:51:07.614000+00:00,3,"AFT,FORE,NADIR","NCA,NCF,NCN",True,True,True,True,3,ch2_tmc_nca_20240528T1239061411_d_img_d18.zip | ch2_tmc_ncf_20240528T1239061378_d_img_d18.zip | ch2_tmc_ncn_20240528T1239061411_d_img_d18.zip
2024-05-28 22:20:27+00:00,2024-05-28 22:20:26.771000+00:00,2024-05-28 22:32:25.614000+00:00,3,"AFT,FORE,NADIR","NCA,NCF,NCN",True,True,True,True,3,ch2_tmc_nca_20240528T2220267716_d_img_d18.zip | ch2_tmc_ncf_20240528T2220267749_d_img_d18.zip | ch2_tmc_ncn_20240528T2220267716_d_img_d18.zip
2024-05-29 02:16:57+00:00,2024-05-29 02:16:57.216000+00:00,2024-05-29 02:28:57.850000+00:00,3,"AFT,FORE,NADIR","NCA,NCF,NCN",True,True,True,True,3,ch2_tmc_nca_20240529T0216572165_d_img_d18.zip | ch2_tmc_ncf_20240529T0216572197_d_img_d18.zip | ch2_tmc_ncn_20240529T0216572165_d_img_d18.zip
2024-05-29 12:08:21+00:00,2024-05-29 12:08:20.569000+00:00,2024-05-29 12:14:12.179000+00:00,3,"AFT,FORE,NADIR","NCA,NCF,NCN",True,True,True,True,3,ch2_tmc_nca_20240529T1208205699_d_img_d18.zip | ch2_tmc_ncf_20240529T1208205699_d_img_d18.zip | ch2_tmc_ncn_20240529T1208205699_d_img_d18.zip
2024-05-29 12:14:07+00:00,2024-05-29 12:14:06.991000+00:00,2024-05-29 12:19:11.653000+00:00,3,"AFT,FORE,NADIR","NCA,NCF,NCN",True,True,True,True,3,ch2_tmc_nca_20240529T1214069952_d_img_d18.zip | ch2_tmc_ncf_20240529T1214069919_d_img_d18.zip | ch2_tmc_ncn_20240529T1214069919_d_img_d18.zip
2024-05-30 13:41:46+00:00,2024-05-30 13:41:46.327000+00:00,2024-05-30 13:52:52.313000+00:00,3,"AFT,FORE,NADIR","NCA,NCF,NCN",True,True,True,True,3,ch2_tmc_nca_20240530T1341463273_d_img_d18.zip | ch2_tmc_ncf_20240530T1341463273_d_img_d18.zip | ch2_tmc_ncn_20240530T1341463273_d_img_d18.zip
2024-05-30 23:23:57+00:00,2024-05-30 23:23:56.711000+00:00,2024-05-30 23:29:03.977000+00:00,3,"AFT,FORE,NADIR","NCA,NCF,NCN",True,True,True,True,3,ch2_tmc_nca_20240530T2323567110_d_img_d18.zip | ch2_tmc_ncf_20240530T2323567110_d_img_d18.zip | ch2_tmc_ncn_20240530T2323567110_d_img_d18.zip
2024-05-31 03:31:44+00:00,2024-05-31 03:31:43.504000+00:00,2024-05-31 03:43:21.814000+00:00,3,"AFT,FORE,NADIR","NCA,NCF,NCN",True,True,True,True,3,ch2_tmc_nca_20240531T0331435040_d_img_d18.zip | ch2_tmc_ncf_20240531T0331435040_d_img_d18.zip | ch2_tmc_ncn_20240531T0331435072_d_img_d18.zip
2024-05-31 22:37:36+00:00,2024-05-31 22:37:35.512000+00:00,2024-05-31 22:50:45.140000+00:00,3,"AFT,FORE,NADIR","NCA,NCF,NCN",True,True,True,True,3,ch2_tmc_nca_20240531T2237355129_d_img_d18.zip | ch2_tmc_ncf_20240531T2237355129_d_img_d18.zip | ch2_tmc_ncn_20240531T2237355129_d_img_d18.zip
2024-06-01 00:44:09+00:00,2024-06-01 00:44:09.241000+00:00,2024-06-01 01:03:41.716000+00:00,3,"AFT,FORE,NADIR","NCA,NCF,NCN",True,True,True,True,3,ch2_tmc_nca_20240601T0044092418_d_img_d18.zip | ch2_tmc_ncf_20240601T0044092450_d_img_d18.zip | ch2_tmc_ncn_20240601T0044092418_d_img_d18.zip
2024-06-01 02:42:09+00:00,2024-06-01 02:42:08.874000+00:00,2024-06-01 02:51:54.597000+00:00,3,"AFT,FORE,NADIR","NCA,NCF,NCN",True,True,True,True,3,ch2_tmc_nca_20240601T0242088778_d_img_d18.zip | ch2_tmc_ncf_20240601T0242088746_d_img_d18.zip | ch2_tmc_ncn_20240601T0242088746_d_img_d18.zip
2024-06-01 04:38:43+00:00,2024-06-01 04:38:42.538000+00:00,2024-06-01 04:48:28.260000+00:00,3,"AFT,FORE,NADIR","NCA,NCF,NCN",True,True,True,True,3,ch2_tmc_nca_20240601T0438425383_d_img_d18.zip | ch2_tmc_ncf_20240601T0438425416_d_img_d18.zip | ch2_tmc_ncn_20240601T0438425383_d_img_d18.zip
2024-06-01 08:40:27+00:00,2024-06-01 08:40:27.222000+00:00,2024-06-01 08:53:32.598000+00:00,3,"AFT,FORE,NADIR","NCA,NCF,NCN",True,True,True,True,3,ch2_tmc_nca_20240601T0840272224_d_img_d18.zip | ch2_tmc_ncf_20240601T0840272224_d_img_d18.zip | ch2_tmc_ncn_20240601T0840272224_d_img_d18.zip
2024-06-02 15:25:36+00:00,2024-06-02 15:25:36.369000+00:00,2024-06-02 15:37:05.220000+00:00,3,"AFT,FORE,NADIR","NCA,NCF,NCN",True,True,True,True,3,ch2_tmc_nca_20240602T1525363692_d_img_d18.zip | ch2_tmc_ncf_20240602T1525363692_d_img_d18.zip | ch2_tmc_ncn_20240602T1525363692_d_img_d18.zip
2024-06-03 01:29:56+00:00,2024-06-03 01:29:56.402000+00:00,2024-06-03 01:39:41.747000+00:00,3,"AFT,FORE,NADIR","NCA,NCF,NCN",True,True,True,True,3,ch2_tmc_nca_20240603T0129564060_d_img_d18.zip | ch2_tmc_ncf_20240603T0129564029_d_img_d18.zip | ch2_tmc_ncn_20240603T0129564029_d_img_d18.zip
2024-06-03 03:05:04+00:00,2024-06-03 03:05:03.541000+00:00,2024-06-03 03:24:42.164000+00:00,3,"AFT,FORE,NADIR","NCA,NCF,NCN",True,True,True,True,3,ch2_tmc_nca_20240603T0305035411_d_img_d18.zip | ch2_tmc_ncf_20240603T0305035443_d_img_d18.zip | ch2_tmc_ncn_20240603T0305035411_d_img_d18.zip
2024-06-03 05:21:36+00:00,2024-06-03 05:21:36.192000+00:00,2024-06-03 05:33:18.606000+00:00,3,"AFT,FORE,NADIR","NCA,NCF,NCN",True,True,True,True,3,ch2_tmc_nca_20240603T0521361925_d_img_d18.zip | ch2_tmc_ncf_20240603T0521361958_d_img_d18.zip | ch2_tmc_ncn_20240603T0521361925_d_img_d18.zip
2024-06-03 07:18:11+00:00,2024-06-03 07:18:10.832000+00:00,2024-06-03 07:31:18.285000+00:00,3,"AFT,FORE,NADIR","NCA,NCF,NCN",True,True,True,True,3,ch2_tmc_nca_20240603T0718108325_d_img_d18.zip | ch2_tmc_ncf_20240603T0718108358_d_img_d18.zip | ch2_tmc_ncn_20240603T0718108325_d_img_d18.zip
2024-06-03 15:04:22+00:00,2024-06-03 15:04:22.272000+00:00,2024-06-03 15:17:48.288000+00:00,3,"AFT,FORE,NADIR","NCA,NCF,NCN",True,True,True,True,3,ch2_tmc_nca_20240603T1504222759_d_img_d18.zip | ch2_tmc_ncf_20240603T1504222726_d_img_d18.zip | ch2_tmc_ncn_20240603T1504222726_d_img_d18.zip
2024-06-04 00:47:07+00:00,2024-06-04 00:47:06.695000+00:00,2024-06-04 00:59:15.780000+00:00,3,"AFT,FORE,NADIR","NCA,NCF,NCN",True,True,True,True,3,ch2_tmc_nca_20240604T0047066950_d_img_d18.zip | ch2_tmc_ncf_20240604T0047066950_d_img_d18.zip | ch2_tmc_ncn_20240604T0047066950_d_img_d18.zip
2024-06-04 08:13:46+00:00,2024-06-04 08:13:45.516000+00:00,2024-06-04 08:26:54.376000+00:00,3,"AFT,FORE,NADIR","NCA,NCF,NCN",True,True,True,True,3,ch2_tmc_nca_20240604T0813455166_d_img_d18.zip | ch2_tmc_ncf_20240604T0813455166_d_img_d18.zip | ch2_tmc_ncn_20240604T0813455166_d_img_d18.zip
2024-06-04 16:01:45+00:00,2024-06-04 16:01:44.609000+00:00,2024-06-04 16:14:35.286000+00:00,3,"AFT,FORE,NADIR","NCA,NCF,NCN",True,True,True,True,3,ch2_tmc_nca_20240604T1601446091_d_img_d18.zip | ch2_tmc_ncf_20240604T1601446091_d_img_d18.zip | ch2_tmc_ncn_20240604T1601446091_d_img_d18.zip
2024-06-05 05:36:10+00:00,2024-06-05 05:36:09.576000+00:00,2024-06-05 05:49:17.411000+00:00,3,"AFT,FORE,NADIR","NCA,NCF,NCN",True,True,True,True,3,ch2_tmc_nca_20240605T0536095760_d_img_d18.zip | ch2_tmc_ncf_20240605T0536095760_d_img_d18.zip | ch2_tmc_ncn_20240605T0536095760_d_img_d18.zip
2024-06-05 23:37:02+00:00,2024-06-05 23:37:01.569000+00:00,2024-06-05 23:41:11.676000+00:00,3,"AFT,FORE,NADIR","NCA,NCF,NCN",True,True,True,True,6,ch2_tmc_nca_20240605T2337015690_d_img_d18.zip | ch2_tmc_nca_20240605T2337015707_d_img_d18.zip | ch2_tmc_ncf_20240605T2337015690_d_img_d18.zip | ch2_tmc_ncf_20240605T2337015707_d_img_d18.zip | ch2_tmc_ncn_20240605T2337015690_d_img_d18.zip | ch2_tmc_ncn_20240605T2337015707_d_img_d18.zip
2024-06-06 01:33:32+00:00,2024-06-06 01:33:31.889000+00:00,2024-06-06 01:37:41.870000+00:00,3,"AFT,FORE,NADIR","NCA,NCF,NCN",True,True,True,True,6,ch2_tmc_nca_20240606T0133318893_d_img_d18.zip | ch2_tmc_nca_20240606T0133318908_d_img_d18.zip | ch2_tmc_ncf_20240606T0133318893_d_img_d18.zip | ch2_tmc_ncf_20240606T0133318908_d_img_d18.zip | ch2_tmc_ncn_20240606T0133318893_d_img_d18.zip | ch2_tmc_ncn_20240606T0133318908_d_img_d18.zip
2024-06-06 18:54:04+00:00,2024-06-06 18:54:04.328000+00:00,2024-06-06 19:02:41.726000+00:00,3,"AFT,FORE,NADIR","NCA,NCF,NCN",True,True,True,True,3,ch2_tmc_nca_20240606T1854043284_d_img_d18.zip | ch2_tmc_ncf_20240606T1854043284_d_img_d18.zip | ch2_tmc_ncn_20240606T1854043284_d_img_d18.zip
2024-06-07 04:21:36+00:00,2024-06-07 04:21:36.407000+00:00,2024-06-07 04:34:46.188000+00:00,3,"AFT,FORE,NADIR","NCA,NCF,NCN",True,True,True,True,3,ch2_tmc_nca_20240607T0421364073_d_img_d18.zip | ch2_tmc_ncf_20240607T0421364073_d_img_d18.zip | ch2_tmc_ncn_20240607T0421364073_d_img_d18.zip
2024-06-07 06:18:12+00:00,2024-06-07 06:18:11.797000+00:00,2024-06-07 06:31:11.361000+00:00,3,"AFT,FORE,NADIR","NCA,NCF,NCN",True,True,True,True,3,ch2_tmc_nca_20240607T0618117974_d_img_d18.zip | ch2_tmc_ncf_20240607T0618117974_d_img_d18.zip | ch2_tmc_ncn_20240607T0618118299_d_img_d18.zip
2024-06-07 08:14:44+00:00,2024-06-07 08:14:43.591000+00:00,2024-06-07 08:27:44.899000+00:00,3,"AFT,FORE,NADIR","NCA,NCF,NCN",True,True,True,True,3,ch2_tmc_nca_20240607T0814435948_d_img_d18.zip | ch2_tmc_ncf_20240607T0814435916_d_img_d18.zip | ch2_tmc_ncn_20240607T0814435916_d_img_d18.zip
2024-06-07 10:11:16+00:00,2024-06-07 10:11:16.101000+00:00,2024-06-07 10:24:25.858000+00:00,3,"AFT,FORE,NADIR","NCA,NCF,NCN",True,True,True,True,3,ch2_tmc_nca_20240607T1011161018_d_img_d18.zip | ch2_tmc_ncf_20240607T1011161018_d_img_d18.zip | ch2_tmc_ncn_20240607T1011161018_d_img_d18.zip
2024-06-07 19:49:15+00:00,2024-06-07 19:49:14.859000+00:00,2024-06-07 19:58:58.915000+00:00,3,"AFT,FORE,NADIR","NCA,NCF,NCN",True,True,True,True,3,ch2_tmc_nca_20240607T1949148592_d_img_d18.zip | ch2_tmc_ncf_20240607T1949148917_d_img_d18.zip | ch2_tmc_ncn_20240607T1949148592_d_img_d18.zip
2024-06-08 11:18:31+00:00,2024-06-08 11:18:31.215000+00:00,2024-06-08 11:38:02.793000+00:00,3,"AFT,FORE,NADIR","NCA,NCF,NCN",True,True,True,True,3,ch2_tmc_nca_20240608T1118312191_d_img_d18.zip | ch2_tmc_ncf_20240608T1118312159_d_img_d18.zip | ch2_tmc_ncn_20240608T1118312159_d_img_d18.zip
2024-06-09 04:47:31+00:00,2024-06-09 04:47:31.210000+00:00,2024-06-09 04:59:29.590000+00:00,3,"AFT,FORE,NADIR","NCA,NCF,NCN",True,True,True,True,3,ch2_tmc_nca_20240609T0447312108_d_img_d18.zip | ch2_tmc_ncf_20240609T0447312108_d_img_d18.zip | ch2_tmc_ncn_20240609T0447312108_d_img_d18.zip
2024-06-09 10:45:17+00:00,2024-06-09 10:45:16.861000+00:00,2024-06-09 11:01:16.344000+00:00,3,"AFT,FORE,NADIR","NCA,NCF,NCN",True,True,True,True,3,ch2_tmc_nca_20240609T1045168615_d_img_d18.zip | ch2_tmc_ncf_20240609T1045168615_d_img_d18.zip | ch2_tmc_ncn_20240609T1045168647_d_img_d18.zip
2024-06-09 12:41:50+00:00,2024-06-09 12:41:50.171000+00:00,2024-06-09 12:54:58.773000+00:00,3,"AFT,FORE,NADIR","NCA,NCF,NCN",True,True,True,True,3,ch2_tmc_nca_20240609T1241501710_d_img_d18.zip | ch2_tmc_ncf_20240609T1241501710_d_img_d18.zip | ch2_tmc_ncn_20240609T1241501710_d_img_d18.zip
2024-06-10 10:15:44+00:00,2024-06-10 10:15:44.359000+00:00,2024-06-10 10:26:58.277000+00:00,3,"AFT,FORE,NADIR","NCA,NCF,NCN",True,True,True,True,3,ch2_tmc_nca_20240610T1015443631_d_img_d18.zip | ch2_tmc_ncf_20240610T1015443599_d_img_d18.zip | ch2_tmc_ncn_20240610T1015443599_d_img_d18.zip
2024-06-10 11:52:18+00:00,2024-06-10 11:52:17.898000+00:00,2024-06-10 12:03:31.812000+00:00,3,"AFT,FORE,NADIR","NCA,NCF,NCN",True,True,True,True,3,ch2_tmc_nca_20240610T1152178980_d_img_d18.zip | ch2_tmc_ncf_20240610T1152179013_d_img_d18.zip | ch2_tmc_ncn_20240610T1152178980_d_img_d18.zip
2024-06-10 13:48:51+00:00,2024-06-10 13:48:50.685000+00:00,2024-06-10 14:00:03.577000+00:00,3,"AFT,FORE,NADIR","NCA,NCF,NCN",True,True,True,True,3,ch2_tmc_nca_20240610T1348506856_d_img_d18.zip | ch2_tmc_ncf_20240610T1348506889_d_img_d18.zip | ch2_tmc_ncn_20240610T1348506856_d_img_d18.zip
2024-06-11 09:14:20+00:00,2024-06-11 09:14:20.427000+00:00,2024-06-11 09:27:18.951000+00:00,3,"AFT,FORE,NADIR","NCA,NCF,NCN",True,True,True,True,3,ch2_tmc_nca_20240611T0914204270_d_img_d18.zip | ch2_tmc_ncf_20240611T0914204270_d_img_d18.zip | ch2_tmc_ncn_20240611T0914204270_d_img_d18.zip
2024-06-11 13:12:19+00:00,2024-06-11 13:12:18.572000+00:00,2024-06-11 13:27:03.562000+00:00,3,"AFT,FORE,NADIR","NCA,NCF,NCN",True,True,True,True,3,ch2_tmc_nca_20240611T1312185727_d_img_d18.zip | ch2_tmc_ncf_20240611T1312185727_d_img_d18.zip | ch2_tmc_ncn_20240611T1312185727_d_img_d18.zip
2024-06-11 20:56:45+00:00,2024-06-11 20:56:44.754000+00:00,2024-06-11 21:09:52.130000+00:00,3,"AFT,FORE,NADIR","NCA,NCF,NCN",True,True,True,True,3,ch2_tmc_nca_20240611T2056447545_d_img_d18.zip | ch2_tmc_ncf_20240611T2056447545_d_img_d18.zip | ch2_tmc_ncn_20240611T2056447545_d_img_d18.zip
2024-06-12 08:43:08+00:00,2024-06-12 08:43:08.187000+00:00,2024-06-12 08:55:51.344000+00:00,3,"AFT,FORE,NADIR","NCA,NCF,NCN",True,True,True,True,3,ch2_tmc_nca_20240612T0843081871_d_img_d18.zip | ch2_tmc_ncf_20240612T0843081871_d_img_d18.zip | ch2_tmc_ncn_20240612T0843081904_d_img_d18.zip
2024-06-12 12:26:17+00:00,2024-06-12 12:26:16.656000+00:00,2024-06-12 12:37:47.980000+00:00,3,"AFT,FORE,NADIR","NCA,NCF,NCN",True,True,True,True,3,ch2_tmc_nca_20240612T1226166562_d_img_d18.zip | ch2_tmc_ncf_20240612T1226166562_d_img_d18.zip | ch2_tmc_ncn_20240612T1226166562_d_img_d18.zip
2024-06-12 14:29:19+00:00,2024-06-12 14:29:19.315000+00:00,2024-06-12 14:42:29.965000+00:00,3,"AFT,FORE,NADIR","NCA,NCF,NCN",True,True,True,True,3,ch2_tmc_nca_20240612T1429193150_d_img_d18.zip | ch2_tmc_ncf_20240612T1429193150_d_img_d18.zip | ch2_tmc_ncn_20240612T1429193150_d_img_d18.zip
2024-06-13 02:02:38+00:00,2024-06-13 02:02:38.362000+00:00,2024-06-13 02:15:36.748000+00:00,3,"AFT,FORE,NADIR","NCA,NCF,NCN",True,True,True,True,3,ch2_tmc_nca_20240613T0202383624_d_img_d18.zip | ch2_tmc_ncf_20240613T0202383624_d_img_d18.zip | ch2_tmc_ncn_20240613T0202383624_d_img_d18.zip
2024-06-13 09:48:40+00:00,2024-06-13 09:48:40.311000+00:00,2024-06-13 09:59:49.452000+00:00,3,"AFT,FORE,NADIR","NCA,NCF,NCN",True,True,True,True,3,ch2_tmc_nca_20240613T0948403110_d_img_d18.zip | ch2_tmc_ncf_20240613T0948403143_d_img_d18.zip | ch2_tmc_ncn_20240613T0948403110_d_img_d18.zip
2024-06-13 13:46:45+00:00,2024-06-13 13:46:44.992000+00:00,2024-06-13 13:53:15.133000+00:00,3,"AFT,FORE,NADIR","NCA,NCF,NCN",True,True,True,True,3,ch2_tmc_nca_20240613T1346449923_d_img_d18.zip | ch2_tmc_ncf_20240613T1346449923_d_img_d18.zip | ch2_tmc_ncn_20240613T1346449955_d_img_d18.zip
2024-06-13 15:48:11+00:00,2024-06-13 15:48:11.345000+00:00,2024-06-13 15:59:45.869000+00:00,3,"AFT,FORE,NADIR","NCA,NCF,NCN",True,True,True,True,3,ch2_tmc_nca_20240613T1548113452_d_img_d18.zip | ch2_tmc_ncf_20240613T1548113452_d_img_d18.zip | ch2_tmc_ncn_20240613T1548113452_d_img_d18.zip
2024-06-13 23:34:44+00:00,2024-06-13 23:34:44.425000+00:00,2024-06-13 23:47:54.537000+00:00,3,"AFT,FORE,NADIR","NCA,NCF,NCN",True,True,True,True,3,ch2_tmc_nca_20240613T2334444259_d_img_d18.zip | ch2_tmc_ncf_20240613T2334444259_d_img_d18.zip | ch2_tmc_ncn_20240613T2334444259_d_img_d18.zip
2024-06-14 09:27:36+00:00,2024-06-14 09:27:35.832000+00:00,2024-06-14 09:39:06.389000+00:00,3,"AFT,FORE,NADIR","NCA,NCF,NCN",True,True,True,True,3,ch2_tmc_nca_20240614T0927358323_d_img_d18.zip | ch2_tmc_ncf_20240614T0927358323_d_img_d18.zip | ch2_tmc_ncn_20240614T0927358323_d_img_d18.zip
2024-06-14 11:09:02+00:00,2024-06-14 11:09:01.595000+00:00,2024-06-14 11:15:42.357000+00:00,3,"AFT,FORE,NADIR","NCA,NCF,NCN",True,True,True,True,3,ch2_tmc_nca_20240614T1109015956_d_img_d18.zip | ch2_tmc_ncf_20240614T1109015956_d_img_d18.zip | ch2_tmc_ncn_20240614T1109015956_d_img_d18.zip
2024-06-14 15:02:13+00:00,2024-06-14 15:02:12.585000+00:00,2024-06-14 15:18:20.262000+00:00,3,"AFT,FORE,NADIR","NCA,NCF,NCN",True,True,True,True,3,ch2_tmc_nca_20240614T1502125891_d_img_d18.zip | ch2_tmc_ncf_20240614T1502125858_d_img_d18.zip | ch2_tmc_ncn_20240614T1502125858_d_img_d18.zip
2024-06-14 17:13:48+00:00,2024-06-14 17:13:48.252000+00:00,2024-06-14 17:28:56.665000+00:00,3,"AFT,FORE,NADIR","NCA,NCF,NCN",True,True,True,True,3,ch2_tmc_nca_20240614T1713482553_d_img_d18.zip | ch2_tmc_ncf_20240614T1713482522_d_img_d18.zip | ch2_tmc_ncn_20240614T1713482522_d_img_d18.zip
2024-06-15 10:28:01+00:00,2024-06-15 10:28:01.289000+00:00,2024-06-15 10:41:11.859000+00:00,3,"AFT,FORE,NADIR","NCA,NCF,NCN",True,True,True,True,3,ch2_tmc_nca_20240615T1028012895_d_img_d18.zip | ch2_tmc_ncf_20240615T1028012895_d_img_d18.zip | ch2_tmc_ncn_20240615T1028012895_d_img_d18.zip
2024-06-15 12:32:40+00:00,2024-06-15 12:32:40.198000+00:00,2024-06-15 12:49:01.314000+00:00,3,"AFT,FORE,NADIR","NCA,NCF,NCN",True,True,True,True,3,ch2_tmc_nca_20240615T1232401982_d_img_d18.zip | ch2_tmc_ncf_20240615T1232401982_d_img_d18.zip | ch2_tmc_ncn_20240615T1232402015_d_img_d18.zip
2024-06-15 16:22:52+00:00,2024-06-15 16:22:52.153000+00:00,2024-06-15 16:36:01.911000+00:00,3,"AFT,FORE,NADIR","NCA,NCF,NCN",True,True,True,True,3,ch2_tmc_nca_20240615T1622521536_d_img_d18.zip | ch2_tmc_ncf_20240615T1622521536_d_img_d18.zip | ch2_tmc_ncn_20240615T1622521536_d_img_d18.zip
2024-06-16 02:05:50+00:00,2024-06-16 02:05:49.893000+00:00,2024-06-16 02:18:59.524000+00:00,3,"AFT,FORE,NADIR","NCA,NCF,NCN",True,True,True,True,3,ch2_tmc_nca_20240616T0205498932_d_img_d18.zip | ch2_tmc_ncf_20240616T0205498932_d_img_d18.zip | ch2_tmc_ncn_20240616T0205498932_d_img_d18.zip
2024-06-16 11:41:58+00:00,2024-06-16 11:41:58.294000+00:00,2024-06-16 11:50:08.784000+00:00,3,"AFT,FORE,NADIR","NCA,NCF,NCN",True,True,True,True,3,ch2_tmc_nca_20240616T1141582978_d_img_d18.zip | ch2_tmc_ncf_20240616T1141582946_d_img_d18.zip | ch2_tmc_ncn_20240616T1141582946_d_img_d18.zip
2024-06-16 13:38:31+00:00,2024-06-16 13:38:31.320000+00:00,2024-06-16 13:50:28.245000+00:00,3,"AFT,FORE,NADIR","NCA,NCF,NCN",True,True,True,True,3,ch2_tmc_nca_20240616T1338313205_d_img_d18.zip | ch2_tmc_ncf_20240616T1338313205_d_img_d18.zip | ch2_tmc_ncn_20240616T1338313205_d_img_d18.zip
2024-06-16 17:41:16+00:00,2024-06-16 17:41:16.315000+00:00,2024-06-16 17:46:56.786000+00:00,3,"AFT,FORE,NADIR","NCA,NCF,NCN",True,True,True,True,3,ch2_tmc_nca_20240616T1741163154_d_img_d18.zip | ch2_tmc_ncf_20240616T1741163154_d_img_d18.zip | ch2_tmc_ncn_20240616T1741163186_d_img_d18.zip
2024-06-16 17:46:46+00:00,2024-06-16 17:46:45.939000+00:00,2024-06-16 17:53:04.919000+00:00,3,"AFT,FORE,NADIR","NCA,NCF,NCN",True,True,True,True,3,ch2_tmc_nca_20240616T1746459395_d_img_d18.zip | ch2_tmc_ncf_20240616T1746459428_d_img_d18.zip | ch2_tmc_ncn_20240616T1746459395_d_img_d18.zip
2024-06-17 03:22:15+00:00,2024-06-17 03:22:14.635000+00:00,2024-06-17 03:42:47.657000+00:00,3,"AFT,FORE,NADIR","NCA,NCF,NCN",True,True,True,True,3,ch2_tmc_nca_20240617T0322146358_d_img_d18.zip | ch2_tmc_ncf_20240617T0322146390_d_img_d18.zip | ch2_tmc_ncn_20240617T0322146358_d_img_d18.zip
2024-06-17 13:05:11+00:00,2024-06-17 13:05:11.361000+00:00,2024-06-17 13:25:43.230000+00:00,3,"AFT,FORE,NADIR","NCA,NCF,NCN",True,True,True,True,3,ch2_tmc_nca_20240617T1305113616_d_img_d18.zip | ch2_tmc_ncf_20240617T1305113648_d_img_d18.zip | ch2_tmc_ncn_20240617T1305113616_d_img_d18.zip
2024-06-17 16:58:23+00:00,2024-06-17 16:58:22.999000+00:00,2024-06-17 17:18:54.868000+00:00,3,"AFT,FORE,NADIR","NCA,NCF,NCN",True,True,True,True,3,ch2_tmc_nca_20240617T1658229994_d_img_d18.zip | ch2_tmc_ncf_20240617T1658232674_d_img_d18.zip | ch2_tmc_ncn_20240617T1658229994_d_img_d18.zip
2024-06-18 04:38:03+00:00,2024-06-18 04:38:02.714000+00:00,2024-06-18 04:58:32.535000+00:00,3,"AFT,FORE,NADIR","NCA,NCF,NCN",True,True,True,True,3,ch2_tmc_nca_20240618T0438027148_d_img_d18.zip | ch2_tmc_ncf_20240618T0438027148_d_img_d18.zip | ch2_tmc_ncn_20240618T0438027180_d_img_d18.zip
2024-06-18 14:21:00+00:00,2024-06-18 14:20:59.929000+00:00,2024-06-18 14:41:29.879000+00:00,3,"AFT,FORE,NADIR","NCA,NCF,NCN",True,True,True,True,3,ch2_tmc_nca_20240618T1420599291_d_img_d18.zip | ch2_tmc_ncf_20240618T1420599291_d_img_d18.zip | ch2_tmc_ncn_20240618T1420599324_d_img_d18.zip
2024-06-18 18:14:10+00:00,2024-06-18 18:14:09.698000+00:00,2024-06-18 18:34:40.542000+00:00,3,"AFT,FORE,NADIR","NCA,NCF,NCN",True,True,True,True,3,ch2_tmc_nca_20240618T1814096987_d_img_d18.zip | ch2_tmc_ncf_20240618T1814097020_d_img_d18.zip | ch2_tmc_ncn_20240618T1814096987_d_img_d18.zip
2024-06-19 04:01:29+00:00,2024-06-19 04:01:29.207000+00:00,2024-06-19 04:11:32.807000+00:00,3,"AFT,FORE,NADIR","NCA,NCF,NCN",True,True,True,True,3,ch2_tmc_nca_20240619T0401292078_d_img_d18.zip | ch2_tmc_ncf_20240619T0401292078_d_img_d18.zip | ch2_tmc_ncn_20240619T0401292110_d_img_d18.zip
2024-06-19 04:11:26+00:00,2024-06-19 04:11:26.101000+00:00,2024-06-19 04:13:24.980000+00:00,2,"AFT,FORE","NCA,NCF",False,True,True,False,2,ch2_tmc_nca_20240619T0411261017_d_img_d18.zip | ch2_tmc_ncf_20240619T0411261017_d_img_d18.zip
2024-06-19 04:11:27+00:00,2024-06-19 04:11:26.984000+00:00,2024-06-19 04:13:24.980000+00:00,1,NADIR,NCN,True,False,False,False,1,ch2_tmc_ncn_20240619T0411269847_d_img_d18.zip
2024-06-19 13:44:22+00:00,2024-06-19 13:44:21.687000+00:00,2024-06-19 13:48:09.580000+00:00,3,"AFT,FORE,NADIR","NCA,NCF,NCN",True,True,True,True,3,ch2_tmc_nca_20240619T1344216876_d_img_d18.zip | ch2_tmc_ncf_20240619T1344216907_d_img_d18.zip | ch2_tmc_ncn_20240619T1344216876_d_img_d18.zip
2024-06-19 15:40:56+00:00,2024-06-19 15:40:55.952000+00:00,2024-06-19 15:46:51.647000+00:00,3,"AFT,FORE,NADIR","NCA,NCF,NCN",True,True,True,True,3,ch2_tmc_nca_20240619T1540559528_d_img_d18.zip | ch2_tmc_ncf_20240619T1540559528_d_img_d18.zip | ch2_tmc_ncn_20240619T1540559561_d_img_d18.zip
2024-06-19 15:46:46+00:00,2024-06-19 15:46:45.660000+00:00,2024-06-19 15:52:51.466000+00:00,3,"AFT,FORE,NADIR","NCA,NCF,NCN",True,True,True,True,3,ch2_tmc_nca_20240619T1546456635_d_img_d18.zip | ch2_tmc_ncf_20240619T1546456604_d_img_d18.zip | ch2_tmc_ncn_20240619T1546456635_d_img_d18.zip
2024-06-19 17:37:31+00:00,2024-06-19 17:37:30.625000+00:00,2024-06-19 17:43:26.232000+00:00,3,"AFT,FORE,NADIR","NCA,NCF,NCN",True,True,True,True,3,ch2_tmc_nca_20240619T1737306258_d_img_d18.zip | ch2_tmc_ncf_20240619T1737306258_d_img_d18.zip | ch2_tmc_ncn_20240619T1737306290_d_img_d18.zip
2024-06-19 17:43:21+00:00,2024-06-19 17:43:20.512000+00:00,2024-06-19 17:49:26.398000+00:00,3,"AFT,FORE,NADIR","NCA,NCF,NCN",True,True,True,True,3,ch2_tmc_nca_20240619T1743205446_d_img_d18.zip | ch2_tmc_ncf_20240619T1743205121_d_img_d18.zip | ch2_tmc_ncn_20240619T1743205446_d_img_d18.zip
2024-06-19 19:34:05+00:00,2024-06-19 19:34:04.551000+00:00,2024-06-19 19:39:59.116000+00:00,3,"AFT,FORE,NADIR","NCA,NCF,NCN",True,True,True,True,3,ch2_tmc_nca_20240619T1934045549_d_img_d18.zip | ch2_tmc_ncf_20240619T1934045517_d_img_d18.zip | ch2_tmc_ncn_20240619T1934045517_d_img_d18.zip
2024-06-19 19:39:47+00:00,2024-06-19 19:39:46.657000+00:00,2024-06-19 19:46:01.346000+00:00,3,"AFT,FORE,NADIR","NCA,NCF,NCN",True,True,True,True,3,ch2_tmc_nca_20240619T1939466575_d_img_d18.zip | ch2_tmc_ncf_20240619T1939466575_d_img_d18.zip | ch2_tmc_ncn_20240619T1939466575_d_img_d18.zip
2024-06-20 05:17:02+00:00,2024-06-20 05:17:02.174000+00:00,2024-06-20 05:29:35.960000+00:00,3,"AFT,FORE,NADIR","NCA,NCF,NCN",True,True,True,True,3,ch2_tmc_nca_20240620T0517021772_d_img_d18.zip | ch2_tmc_ncf_20240620T0517021740_d_img_d18.zip | ch2_tmc_ncn_20240620T0517021740_d_img_d18.zip
2024-06-20 14:59:54+00:00,2024-06-20 14:59:54.447000+00:00,2024-06-20 15:03:16.627000+00:00,3,"AFT,FORE,NADIR","NCA,NCF,NCN",True,True,True,True,3,ch2_tmc_nca_20240620T1459544474_d_img_d18.zip | ch2_tmc_ncf_20240620T1459544506_d_img_d18.zip | ch2_tmc_ncn_20240620T1459544474_d_img_d18.zip
2024-06-20 16:56:28+00:00,2024-06-20 16:56:27.926000+00:00,2024-06-20 17:02:06.260000+00:00,3,"AFT,FORE,NADIR","NCA,NCF,NCN",True,True,True,True,3,ch2_tmc_nca_20240620T1656279260_d_img_d18.zip | ch2_tmc_ncf_20240620T1656279585_d_img_d18.zip | ch2_tmc_ncn_20240620T1656279260_d_img_d18.zip
2024-06-20 18:53:02+00:00,2024-06-20 18:53:02.170000+00:00,2024-06-20 18:58:45.787000+00:00,3,"AFT,FORE,NADIR","NCA,NCF,NCN",True,True,True,True,3,ch2_tmc_nca_20240620T1853021708_d_img_d18.zip | ch2_tmc_ncf_20240620T1853021708_d_img_d18.zip | ch2_tmc_ncn_20240620T1853021740_d_img_d18.zip
2024-06-20 18:58:37+00:00,2024-06-20 18:58:36.865000+00:00,2024-06-20 19:05:34.885000+00:00,3,"AFT,FORE,NADIR","NCA,NCF,NCN",True,True,True,True,3,ch2_tmc_nca_20240620T1858368658_d_img_d18.zip | ch2_tmc_ncf_20240620T1858368658_d_img_d18.zip | ch2_tmc_ncn_20240620T1858368689_d_img_d18.zip
2024-06-21 04:35:54+00:00,2024-06-21 04:35:54.112000+00:00,2024-06-21 04:48:25.727000+00:00,3,"AFT,FORE,NADIR","NCA,NCF,NCN",True,True,True,True,3,ch2_tmc_nca_20240621T0435541161_d_img_d18.zip | ch2_tmc_ncf_20240621T0435541129_d_img_d18.zip | ch2_tmc_ncn_20240621T0435541129_d_img_d18.zip
2024-06-21 16:15:26+00:00,2024-06-21 16:15:25.572000+00:00,2024-06-21 16:18:17.220000+00:00,3,"AFT,FORE,NADIR","NCA,NCF,NCN",True,True,True,True,3,ch2_tmc_nca_20240621T1615255724_d_img_d18.zip | ch2_tmc_ncf_20240621T1615255724_d_img_d18.zip | ch2_tmc_ncn_20240621T1615255756_d_img_d18.zip
2024-06-21 18:12:01+00:00,2024-06-21 18:12:01.160000+00:00,2024-06-21 18:17:27.985000+00:00,3,"AFT,FORE,NADIR","NCA,NCF,NCN",True,True,True,True,3,ch2_tmc_nca_20240621T1812011600_d_img_d18.zip | ch2_tmc_ncf_20240621T1812011600_d_img_d18.zip | ch2_tmc_ncn_20240621T1812011633_d_img_d18.zip
2024-06-22 05:51:37+00:00,2024-06-22 05:51:36.549000+00:00,2024-06-22 06:04:09.316000+00:00,3,"AFT,FORE,NADIR","NCA,NCF,NCN",True,True,True,True,3,ch2_tmc_nca_20240622T0551365497_d_img_d18.zip | ch2_tmc_ncf_20240622T0551365529_d_img_d18.zip | ch2_tmc_ncn_20240622T0551365497_d_img_d18.zip
2024-06-22 17:31:11+00:00,2024-06-22 17:31:11.243000+00:00,2024-06-22 17:33:44.275000+00:00,3,"AFT,FORE,NADIR","NCA,NCF,NCN",True,True,True,True,3,ch2_tmc_nca_20240622T1731112762_d_img_d18.zip | ch2_tmc_ncf_20240622T1731112437_d_img_d18.zip | ch2_tmc_ncn_20240622T1731112437_d_img_d18.zip
2024-06-22 19:27:47+00:00,2024-06-22 19:27:47.125000+00:00,2024-06-22 19:33:03.873000+00:00,3,"AFT,FORE,NADIR","NCA,NCF,NCN",True,True,True,True,3,ch2_tmc_nca_20240622T1927471254_d_img_d18.zip | ch2_tmc_ncf_20240622T1927471287_d_img_d18.zip | ch2_tmc_ncn_20240622T1927471254_d_img_d18.zip
2024-06-22 19:32:51+00:00,2024-06-22 19:32:51.185000+00:00,2024-06-22 19:40:18.736000+00:00,3,"AFT,FORE,NADIR","NCA,NCF,NCN",True,True,True,True,3,ch2_tmc_nca_20240622T1932511854_d_img_d18.zip | ch2_tmc_ncf_20240622T1932511854_d_img_d18.zip | ch2_tmc_ncn_20240622T1932511854_d_img_d18.zip
2024-06-22 21:24:23+00:00,2024-06-22 21:24:22.588000+00:00,2024-06-22 21:29:46.203000+00:00,3,"AFT,FORE,NADIR","NCA,NCF,NCN",True,True,True,True,3,ch2_tmc_nca_20240622T2124225913_d_img_d18.zip | ch2_tmc_ncf_20240622T2124225881_d_img_d18.zip | ch2_tmc_ncn_20240622T2124225881_d_img_d18.zip
2024-06-22 21:29:40+00:00,2024-06-22 21:29:40.314000+00:00,2024-06-22 21:36:55.351000+00:00,3,"AFT,FORE,NADIR","NCA,NCF,NCN",True,True,True,True,3,ch2_tmc_nca_20240622T2129403142_d_img_d18.zip | ch2_tmc_ncf_20240622T2129403142_d_img_d18.zip | ch2_tmc_ncn_20240622T2129403174_d_img_d18.zip
2024-06-23 07:07:18+00:00,2024-06-23 07:07:18.381000+00:00,2024-06-23 07:19:48.627000+00:00,3,"AFT,FORE,NADIR","NCA,NCF,NCN",True,True,True,True,3,ch2_tmc_nca_20240623T0707184144_d_img_d18.zip | ch2_tmc_ncf_20240623T0707183819_d_img_d18.zip | ch2_tmc_ncn_20240623T0707183819_d_img_d18.zip
2024-06-23 20:43:23+00:00,2024-06-23 20:43:23.112000+00:00,2024-06-23 20:45:14.470000+00:00,3,"AFT,FORE,NADIR","NCA,NCF,NCN",True,True,True,True,3,ch2_tmc_nca_20240623T2043231159_d_img_d18.zip | ch2_tmc_ncf_20240623T2043231126_d_img_d18.zip | ch2_tmc_ncn_20240623T2043231126_d_img_d18.zip
2024-06-23 22:40:00+00:00,2024-06-23 22:39:59.599000+00:00,2024-06-23 22:44:52.854000+00:00,3,"AFT,FORE,NADIR","NCA,NCF,NCN",True,True,True,True,3,ch2_tmc_nca_20240623T2239595994_d_img_d18.zip | ch2_tmc_ncf_20240623T2239596027_d_img_d18.zip | ch2_tmc_ncn_20240623T2239595994_d_img_d18.zip
2024-06-23 22:44:45+00:00,2024-06-23 22:44:44.851000+00:00,2024-06-23 22:52:27.114000+00:00,3,"AFT,FORE,NADIR","NCA,NCF,NCN",True,True,True,True,3,ch2_tmc_nca_20240623T2244448515_d_img_d18.zip | ch2_tmc_ncf_20240623T2244448515_d_img_d18.zip | ch2_tmc_ncn_20240623T2244448515_d_img_d18.zip
2024-06-24 08:22:48+00:00,2024-06-24 08:22:47.757000+00:00,2024-06-24 08:35:17.323000+00:00,3,"AFT,FORE,NADIR","NCA,NCF,NCN",True,True,True,True,3,ch2_tmc_nca_20240624T0822477603_d_img_d18.zip | ch2_tmc_ncf_20240624T0822477571_d_img_d18.zip | ch2_tmc_ncn_20240624T0822477571_d_img_d18.zip
2024-06-24 20:02:13+00:00,2024-06-24 20:02:12.743000+00:00,2024-06-24 20:04:28.527000+00:00,3,"AFT,FORE,NADIR","NCA,NCF,NCN",True,True,True,True,3,ch2_tmc_nca_20240624T2002127439_d_img_d18.zip | ch2_tmc_ncf_20240624T2002127471_d_img_d18.zip | ch2_tmc_ncn_20240624T2002127439_d_img_d18.zip
2024-06-24 21:58:47+00:00,2024-06-24 21:58:46.608000+00:00,2024-06-24 22:04:05.596000+00:00,3,"AFT,FORE,NADIR","NCA,NCF,NCN",True,True,True,True,3,ch2_tmc_nca_20240624T2158466087_d_img_d18.zip | ch2_tmc_ncf_20240624T2158466087_d_img_d18.zip | ch2_tmc_ncn_20240624T2158466087_d_img_d18.zip
2024-06-24 22:03:58+00:00,2024-06-24 22:03:57.590000+00:00,2024-06-24 22:11:14.952000+00:00,3,"AFT,FORE,NADIR","NCA,NCF,NCN",True,True,True,True,3,ch2_tmc_nca_20240624T2203575903_d_img_d18.zip | ch2_tmc_ncf_20240624T2203575903_d_img_d18.zip | ch2_tmc_ncn_20240624T2203575903_d_img_d18.zip
2024-06-25 00:00:47+00:00,2024-06-25 00:00:46.878000+00:00,2024-06-25 00:07:48.111000+00:00,3,"AFT,FORE,NADIR","NCA,NCF,NCN",True,True,True,True,3,ch2_tmc_nca_20240625T0000468821_d_img_d18.zip | ch2_tmc_ncf_20240625T0000468821_d_img_d18.zip | ch2_tmc_ncn_20240625T0000468788_d_img_d18.zip
2024-06-25 09:48:17+00:00,2024-06-25 09:48:17.273000+00:00,2024-06-25 09:50:44.836000+00:00,3,"AFT,FORE,NADIR","NCA,NCF,NCN",True,True,True,True,3,ch2_tmc_nca_20240625T0948172772_d_img_d18.zip | ch2_tmc_ncf_20240625T0948172739_d_img_d18.zip | ch2_tmc_ncn_20240625T0948172739_d_img_d18.zip
2024-06-25 19:21:10+00:00,2024-06-25 19:21:10.249000+00:00,2024-06-25 19:24:59.107000+00:00,3,"AFT,FORE,NADIR","NCA,NCF,NCN",True,True,True,True,3,ch2_tmc_nca_20240625T1921102492_d_img_d18.zip | ch2_tmc_ncf_20240625T1921102492_d_img_d18.zip | ch2_tmc_ncn_20240625T1921102525_d_img_d18.zip
2024-06-25 19:24:50+00:00,2024-06-25 19:24:49.687000+00:00,2024-06-25 19:33:38.919000+00:00,3,"AFT,FORE,NADIR","NCA,NCF,NCN",True,True,True,True,3,ch2_tmc_nca_20240625T1924496871_d_img_d18.zip | ch2_tmc_ncf_20240625T1924496871_d_img_d18.zip | ch2_tmc_ncn_20240625T1924496871_d_img_d18.zip
2024-06-25 21:17:47+00:00,2024-06-25 21:17:46.558000+00:00,2024-06-25 21:23:55.332000+00:00,3,"AFT,FORE,NADIR","NCA,NCF,NCN",True,True,True,True,3,ch2_tmc_nca_20240625T2117465619_d_img_d18.zip | ch2_tmc_ncf_20240625T2117465587_d_img_d18.zip | ch2_tmc_ncn_20240625T2117465587_d_img_d18.zip
2024-06-25 21:23:49+00:00,2024-06-25 21:23:48.702000+00:00,2024-06-25 21:30:15.990000+00:00,3,"AFT,FORE,NADIR","NCA,NCF,NCN",True,True,True,True,3,ch2_tmc_nca_20240625T2123487055_d_img_d18.zip | ch2_tmc_ncf_20240625T2123487055_d_img_d18.zip | ch2_tmc_ncn_20240625T2123487023_d_img_d18.zip
2024-06-25 23:14:20+00:00,2024-06-25 23:14:19.699000+00:00,2024-06-25 23:20:34.725000+00:00,3,"AFT,FORE,NADIR","NCA,NCF,NCN",True,True,True,True,3,ch2_tmc_nca_20240625T2314196998_d_img_d18.zip | ch2_tmc_ncf_20240625T2314196998_d_img_d18.zip | ch2_tmc_ncn_20240625T2314197030_d_img_d18.zip
2024-06-25 23:20:29+00:00,2024-06-25 23:20:28.561000+00:00,2024-06-25 23:26:50.418000+00:00,3,"AFT,FORE,NADIR","NCA,NCF,NCN",True,True,True,True,3,ch2_tmc_nca_20240625T2320285611_d_img_d18.zip | ch2_tmc_ncf_20240625T2320285611_d_img_d18.zip | ch2_tmc_ncn_20240625T2320285611_d_img_d18.zip
2024-06-26 01:17:15+00:00,2024-06-26 01:17:15.185000+00:00,2024-06-26 01:23:29.972000+00:00,3,"AFT,FORE,NADIR","NCA,NCF,NCN",True,True,True,True,3,ch2_tmc_nca_20240626T0117152171_d_img_d18.zip | ch2_tmc_ncf_20240626T0117152171_d_img_d18.zip | ch2_tmc_ncn_20240626T0117151858_d_img_d18.zip
2024-06-26 08:57:23+00:00,2024-06-26 08:57:22.832000+00:00,2024-06-26 09:09:53.420000+00:00,3,"AFT,FORE,NADIR","NCA,NCF,NCN",True,True,True,True,3,ch2_tmc_nca_20240626T0857228324_d_img_d18.zip | ch2_tmc_ncf_20240626T0857228324_d_img_d18.zip | ch2_tmc_ncn_20240626T0857228355_d_img_d18.zip
2024-06-26 20:37:01+00:00,2024-06-26 20:37:00.662000+00:00,2024-06-26 20:41:58.687000+00:00,3,"AFT,FORE,NADIR","NCA,NCF,NCN",True,True,True,True,3,ch2_tmc_nca_20240626T2037006624_d_img_d18.zip | ch2_tmc_ncf_20240626T2037006656_d_img_d18.zip | ch2_tmc_ncn_20240626T2037006624_d_img_d18.zip
2024-06-26 20:41:46+00:00,2024-06-26 20:41:46.402000+00:00,2024-06-26 20:49:31.380000+00:00,3,"AFT,FORE,NADIR","NCA,NCF,NCN",True,True,True,True,3,ch2_tmc_nca_20240626T2041464027_d_img_d18.zip | ch2_tmc_ncf_20240626T2041464027_d_img_d18.zip | ch2_tmc_ncn_20240626T2041464058_d_img_d18.zip
2024-06-26 22:33:40+00:00,2024-06-26 22:33:39.680000+00:00,2024-06-26 22:40:49.621000+00:00,3,"AFT,FORE,NADIR","NCA,NCF,NCN",True,True,True,True,3,ch2_tmc_nca_20240626T2233396805_d_img_d18.zip | ch2_tmc_ncf_20240626T2233396805_d_img_d18.zip | ch2_tmc_ncn_20240626T2233397130_d_img_d18.zip
2024-06-26 22:40:40+00:00,2024-06-26 22:40:39.705000+00:00,2024-06-26 22:46:09.657000+00:00,3,"AFT,FORE,NADIR","NCA,NCF,NCN",True,True,True,True,3,ch2_tmc_nca_20240626T2240397058_d_img_d18.zip | ch2_tmc_ncf_20240626T2240397058_d_img_d18.zip | ch2_tmc_ncn_20240626T2240397058_d_img_d18.zip
2024-06-27 00:30:12+00:00,2024-06-27 00:30:11.583000+00:00,2024-06-27 00:37:38.361000+00:00,3,"AFT,FORE,NADIR","NCA,NCF,NCN",True,True,True,True,3,ch2_tmc_nca_20240627T0030115833_d_img_d18.zip | ch2_tmc_ncf_20240627T0030115865_d_img_d18.zip | ch2_tmc_ncn_20240627T0030115833_d_img_d18.zip
2024-06-27 00:37:33+00:00,2024-06-27 00:37:32.779000+00:00,2024-06-27 00:42:43.198000+00:00,3,"AFT,FORE,NADIR","NCA,NCF,NCN",True,True,True,True,3,ch2_tmc_nca_20240627T0037327793_d_img_d18.zip | ch2_tmc_ncf_20240627T0037327825_d_img_d18.zip | ch2_tmc_ncn_20240627T0037327793_d_img_d18.zip
2024-06-27 02:26:49+00:00,2024-06-27 02:26:49.439000+00:00,2024-06-27 02:34:28.317000+00:00,3,"AFT,FORE,NADIR","NCA,NCF,NCN",True,True,True,True,3,ch2_tmc_nca_20240627T0226494716_d_img_d18.zip | ch2_tmc_ncf_20240627T0226494391_d_img_d18.zip | ch2_tmc_ncn_20240627T0226494391_d_img_d18.zip
2024-06-27 02:34:23+00:00,2024-06-27 02:34:23.410000+00:00,2024-06-27 02:39:20.914000+00:00,3,"AFT,FORE,NADIR","NCA,NCF,NCN",True,True,True,True,3,ch2_tmc_nca_20240627T0234234106_d_img_d18.zip | ch2_tmc_ncf_20240627T0234234139_d_img_d18.zip | ch2_tmc_ncn_20240627T0234234106_d_img_d18.zip
2024-06-27 10:13:15+00:00,2024-06-27 10:13:15.100000+00:00,2024-06-27 10:25:47.860000+00:00,1,FORE,NCF,False,False,True,False,1,ch2_tmc_ncf_20240627T1013151004_d_img_d18.zip
2024-06-27 10:13:16+00:00,2024-06-27 10:13:15.971000+00:00,2024-06-27 10:25:47.863000+00:00,2,"AFT,NADIR","NCA,NCN",True,True,False,False,2,ch2_tmc_nca_20240627T1013159717_d_img_d18.zip | ch2_tmc_ncn_20240627T1013159717_d_img_d18.zip
2024-06-27 19:56:19+00:00,2024-06-27 19:56:18.531000+00:00,2024-06-27 20:08:50.820000+00:00,3,"AFT,FORE,NADIR","NCA,NCF,NCN",True,True,True,True,3,ch2_tmc_nca_20240627T1956185311_d_img_d18.zip | ch2_tmc_ncf_20240627T1956185311_d_img_d18.zip | ch2_tmc_ncn_20240627T1956185636_d_img_d18.zip
2024-06-27 21:52:55+00:00,2024-06-27 21:52:54.620000+00:00,2024-06-27 22:05:28.409000+00:00,3,"AFT,FORE,NADIR","NCA,NCF,NCN",True,True,True,True,3,ch2_tmc_nca_20240627T2152546208_d_img_d18.zip | ch2_tmc_ncf_20240627T2152546239_d_img_d18.zip | ch2_tmc_ncn_20240627T2152546208_d_img_d18.zip
2024-06-28 01:46:08+00:00,2024-06-28 01:46:07.699000+00:00,2024-06-28 01:58:40.336000+00:00,3,"AFT,FORE,NADIR","NCA,NCF,NCN",True,True,True,True,3,ch2_tmc_nca_20240628T0146076996_d_img_d18.zip | ch2_tmc_ncf_20240628T0146076996_d_img_d18.zip | ch2_tmc_ncn_20240628T0146077028_d_img_d18.zip
2024-06-28 03:42:43+00:00,2024-06-28 03:42:42.902000+00:00,2024-06-28 03:55:17.717000+00:00,3,"AFT,FORE,NADIR","NCA,NCF,NCN",True,True,True,True,3,ch2_tmc_nca_20240628T0342429028_d_img_d18.zip | ch2_tmc_ncf_20240628T0342429061_d_img_d18.zip | ch2_tmc_ncn_20240628T0342429028_d_img_d18.zip
2024-06-28 11:29:11+00:00,2024-06-28 11:29:10.574000+00:00,2024-06-28 11:41:45.256000+00:00,3,"AFT,FORE,NADIR","NCA,NCF,NCN",True,True,True,True,3,ch2_tmc_nca_20240628T1129105743_d_img_d18.zip | ch2_tmc_ncf_20240628T1129105775_d_img_d18.zip | ch2_tmc_ncn_20240628T1129105743_d_img_d18.zip
2024-06-28 21:12:13+00:00,2024-06-28 21:12:13.410000+00:00,2024-06-28 21:24:47.706000+00:00,3,"AFT,FORE,NADIR","NCA,NCF,NCN",True,True,True,True,3,ch2_tmc_nca_20240628T2112134141_d_img_d18.zip | ch2_tmc_ncf_20240628T2112134109_d_img_d18.zip | ch2_tmc_ncn_20240628T2112134109_d_img_d18.zip
2024-06-28 23:08:47+00:00,2024-06-28 23:08:47.461000+00:00,2024-06-28 23:21:21.250000+00:00,3,"AFT,FORE,NADIR","NCA,NCF,NCN",True,True,True,True,3,ch2_tmc_nca_20240628T2308474611_d_img_d18.zip | ch2_tmc_ncf_20240628T2308474611_d_img_d18.zip | ch2_tmc_ncn_20240628T2308474643_d_img_d18.zip
2024-06-29 01:11:22+00:00,2024-06-29 01:11:21.577000+00:00,2024-06-29 01:31:07.494000+00:00,3,"AFT,FORE,NADIR","NCA,NCF,NCN",True,True,True,True,3,ch2_tmc_nca_20240629T0111215803_d_img_d18.zip | ch2_tmc_ncf_20240629T0111215771_d_img_d18.zip | ch2_tmc_ncn_20240629T0111215771_d_img_d18.zip
2024-06-29 03:07:59+00:00,2024-06-29 03:07:58.654000+00:00,2024-06-29 03:27:43.420000+00:00,3,"AFT,FORE,NADIR","NCA,NCF,NCN",True,True,True,True,3,ch2_tmc_nca_20240629T0307586582_d_img_d18.zip | ch2_tmc_ncf_20240629T0307586549_d_img_d18.zip | ch2_tmc_ncn_20240629T0307586549_d_img_d18.zip
2024-06-29 12:51:00+00:00,2024-06-29 12:51:00.166000+00:00,2024-06-29 13:10:46.932000+00:00,3,"AFT,FORE,NADIR","NCA,NCF,NCN",True,True,True,True,3,ch2_tmc_nca_20240629T1251001664_d_img_d18.zip | ch2_tmc_ncf_20240629T1251001697_d_img_d18.zip | ch2_tmc_ncn_20240629T1251001664_d_img_d18.zip
2024-06-29 22:34:03+00:00,2024-06-29 22:34:03.360000+00:00,2024-06-29 22:53:49.766000+00:00,2,"FORE,NADIR","NCF,NCN",True,False,True,False,2,ch2_tmc_ncf_20240629T2234033600_d_img_d18.zip | ch2_tmc_ncn_20240629T2234033600_d_img_d18.zip
2024-06-29 22:34:04+00:00,2024-06-29 22:34:03.685000+00:00,2024-06-29 22:53:49.766000+00:00,1,AFT,NCA,False,True,False,False,1,ch2_tmc_nca_20240629T2234036850_d_img_d18.zip
2024-06-30 00:30:40+00:00,2024-06-30 00:30:39.951000+00:00,2024-06-30 00:50:27.915000+00:00,3,"AFT,FORE,NADIR","NCA,NCF,NCN",True,True,True,True,3,ch2_tmc_nca_20240630T0030399546_d_img_d18.zip | ch2_tmc_ncf_20240630T0030399514_d_img_d18.zip | ch2_tmc_ncn_20240630T0030399514_d_img_d18.zip
2024-06-30 04:23:55+00:00,2024-06-30 04:23:54.525000+00:00,2024-06-30 04:43:40.996000+00:00,3,"AFT,FORE,NADIR","NCA,NCF,NCN",True,True,True,True,3,ch2_tmc_nca_20240630T0423545258_d_img_d18.zip | ch2_tmc_ncf_20240630T0423545583_d_img_d18.zip | ch2_tmc_ncn_20240630T0423545258_d_img_d18.zip
2024-06-30 14:06:56+00:00,2024-06-30 14:06:55.644000+00:00,2024-06-30 14:26:43.481000+00:00,3,"AFT,FORE,NADIR","NCA,NCF,NCN",True,True,True,True,3,ch2_tmc_nca_20240630T1406556444_d_img_d18.zip | ch2_tmc_ncf_20240630T1406556477_d_img_d18.zip | ch2_tmc_ncn_20240630T1406556444_d_img_d18.zip
2024-07-01 01:46:32+00:00,2024-07-01 01:46:31.518000+00:00,2024-07-01 02:06:21.529000+00:00,3,"AFT,FORE,NADIR","NCA,NCF,NCN",True,True,True,True,3,ch2_tmc_nca_20240701T0146315213_d_img_d18.zip | ch2_tmc_ncf_20240701T0146315180_d_img_d18.zip | ch2_tmc_ncn_20240701T0146315180_d_img_d18.zip
2024-07-01 03:43:08+00:00,2024-07-01 03:43:07.875000+00:00,2024-07-01 04:02:56.861000+00:00,3,"AFT,FORE,NADIR","NCA,NCF,NCN",True,True,True,True,3,ch2_tmc_nca_20240701T0343078751_d_img_d18.zip | ch2_tmc_ncf_20240701T0343078751_d_img_d18.zip | ch2_tmc_ncn_20240701T0343078783_d_img_d18.zip
2024-07-03 04:17:54+00:00,2024-07-03 04:17:53.634000+00:00,2024-07-03 04:37:39.549000+00:00,3,"AFT,FORE,NADIR","NCA,NCF,NCN",True,True,True,True,3,ch2_tmc_nca_20240703T0417536348_d_img_d18.zip | ch2_tmc_ncf_20240703T0417536348_d_img_d18.zip | ch2_tmc_ncn_20240703T0417536380_d_img_d18.zip
2024-07-03 08:11:04+00:00,2024-07-03 08:11:04.148000+00:00,2024-07-03 08:30:48.913000+00:00,3,"AFT,FORE,NADIR","NCA,NCF,NCN",True,True,True,True,3,ch2_tmc_nca_20240703T0811041480_d_img_d18.zip | ch2_tmc_ncf_20240703T0811041512_d_img_d18.zip | ch2_tmc_ncn_20240703T0811041480_d_img_d18.zip
2024-07-05 18:30:28+00:00,2024-07-05 18:30:28.271000+00:00,2024-07-05 18:47:55.377000+00:00,3,"AFT,FORE,NADIR","NCA,NCF,NCN",True,True,True,True,3,ch2_tmc_nca_20240705T1830282710_d_img_d18.zip | ch2_tmc_ncf_20240705T1830282742_d_img_d18.zip | ch2_tmc_ncn_20240705T1830282742_d_img_d18.zip
2024-07-06 06:07:32+00:00,2024-07-06 06:07:32.422000+00:00,2024-07-06 06:27:25.507000+00:00,3,"AFT,FORE,NADIR","NCA,NCF,NCN",True,True,True,True,3,ch2_tmc_nca_20240706T0607324255_d_img_d18.zip | ch2_tmc_ncf_20240706T0607324223_d_img_d18.zip | ch2_tmc_ncn_20240706T0607324223_d_img_d18.zip
2024-07-06 08:04:05+00:00,2024-07-06 08:04:05.432000+00:00,2024-07-06 08:23:59.540000+00:00,3,"AFT,FORE,NADIR","NCA,NCF,NCN",True,True,True,True,3,ch2_tmc_nca_20240706T0804054353_d_img_d18.zip | ch2_tmc_ncf_20240706T0804054321_d_img_d18.zip | ch2_tmc_ncn_20240706T0804054321_d_img_d18.zip
2024-07-06 10:00:42+00:00,2024-07-06 10:00:41.656000+00:00,2024-07-06 10:20:34.612000+00:00,3,"AFT,FORE,NADIR","NCA,NCF,NCN",True,True,True,True,3,ch2_tmc_nca_20240706T1000416564_d_img_d18.zip | ch2_tmc_ncf_20240706T1000416564_d_img_d18.zip | ch2_tmc_ncn_20240706T1000416596_d_img_d18.zip
2024-07-06 19:43:32+00:00,2024-07-06 19:43:31.685000+00:00,2024-07-06 19:53:56.941000+00:00,3,"AFT,FORE,NADIR","NCA,NCF,NCN",True,True,True,True,3,ch2_tmc_nca_20240706T1943317180_d_img_d18.zip | ch2_tmc_ncf_20240706T1943316855_d_img_d18.zip | ch2_tmc_ncn_20240706T1943316855_d_img_d18.zip
2024-07-07 07:22:56+00:00,2024-07-07 07:22:55.570000+00:00,2024-07-07 07:42:46.591000+00:00,3,"AFT,FORE,NADIR","NCA,NCF,NCN",True,True,True,True,3,ch2_tmc_nca_20240707T0722555703_d_img_d18.zip | ch2_tmc_ncf_20240707T0722555735_d_img_d18.zip | ch2_tmc_ncn_20240707T0722555703_d_img_d18.zip
2024-07-07 09:19:27+00:00,2024-07-07 09:19:26.787000+00:00,2024-07-07 09:39:19.872000+00:00,3,"AFT,FORE,NADIR","NCA,NCF,NCN",True,True,True,True,3,ch2_tmc_nca_20240707T0919267871_d_img_d18.zip | ch2_tmc_ncf_20240707T0919267871_d_img_d18.zip | ch2_tmc_ncn_20240707T0919267903_d_img_d18.zip
2024-07-08 08:38:21+00:00,2024-07-08 08:38:21.268000+00:00,2024-07-08 08:58:11.934000+00:00,3,"AFT,FORE,NADIR","NCA,NCF,NCN",True,True,True,True,3,ch2_tmc_nca_20240708T0838212686_d_img_d18.zip | ch2_tmc_ncf_20240708T0838213011_d_img_d18.zip | ch2_tmc_ncn_20240708T0838212686_d_img_d18.zip
2024-07-09 04:04:04+00:00,2024-07-09 04:04:03.901000+00:00,2024-07-09 04:19:40.479000+00:00,3,"AFT,FORE,NADIR","NCA,NCF,NCN",True,True,True,True,3,ch2_tmc_nca_20240709T0404039014_d_img_d18.zip | ch2_tmc_ncf_20240709T0404039014_d_img_d18.zip | ch2_tmc_ncn_20240709T0404039339_d_img_d18.zip
2024-07-10 07:15:56+00:00,2024-07-10 07:15:55.684000+00:00,2024-07-10 07:35:46.718000+00:00,3,"AFT,FORE,NADIR","NCA,NCF,NCN",True,True,True,True,3,ch2_tmc_nca_20240710T0715556840_d_img_d18.zip | ch2_tmc_ncf_20240710T0715556872_d_img_d18.zip | ch2_tmc_ncn_20240710T0715556840_d_img_d18.zip
2024-07-10 09:12:31+00:00,2024-07-10 09:12:31.123000+00:00,2024-07-10 09:32:23.187000+00:00,3,"AFT,FORE,NADIR","NCA,NCF,NCN",True,True,True,True,3,ch2_tmc_nca_20240710T0912311271_d_img_d18.zip | ch2_tmc_ncf_20240710T0912311239_d_img_d18.zip | ch2_tmc_ncn_20240710T0912311239_d_img_d18.zip
2024-07-10 11:09:07+00:00,2024-07-10 11:09:07.481000+00:00,2024-07-10 11:28:57.366000+00:00,3,"AFT,FORE,NADIR","NCA,NCF,NCN",True,True,True,True,3,ch2_tmc_nca_20240710T1109074845_d_img_d18.zip | ch2_tmc_ncf_20240710T1109074814_d_img_d18.zip | ch2_tmc_ncn_20240710T1109074814_d_img_d18.zip
2024-07-10 13:05:42+00:00,2024-07-10 13:05:42.428000+00:00,2024-07-10 13:25:32.440000+00:00,3,"AFT,FORE,NADIR","NCA,NCF,NCN",True,True,True,True,3,ch2_tmc_nca_20240710T1305424285_d_img_d18.zip | ch2_tmc_ncf_20240710T1305424318_d_img_d18.zip | ch2_tmc_ncn_20240710T1305424285_d_img_d18.zip
2024-07-10 20:52:08+00:00,2024-07-10 20:52:07.909000+00:00,2024-07-10 21:03:17.494000+00:00,3,"AFT,FORE,NADIR","NCA,NCF,NCN",True,True,True,True,3,ch2_tmc_nca_20240710T2052079128_d_img_d18.zip | ch2_tmc_ncf_20240710T2052079095_d_img_d18.zip | ch2_tmc_ncn_20240710T2052079095_d_img_d18.zip
2024-07-10 21:03:11+00:00,2024-07-10 21:03:10.798000+00:00,2024-07-10 21:11:58.817000+00:00,3,"AFT,FORE,NADIR","NCA,NCF,NCN",True,True,True,True,3,ch2_tmc_nca_20240710T2103107989_d_img_d18.zip | ch2_tmc_ncf_20240710T2103107989_d_img_d18.zip | ch2_tmc_ncn_20240710T2103108021_d_img_d18.zip
2024-07-11 08:31:39+00:00,2024-07-11 08:31:38.810000+00:00,2024-07-11 08:51:31.893000+00:00,3,"AFT,FORE,NADIR","NCA,NCF,NCN",True,True,True,True,3,ch2_tmc_nca_20240711T0831388103_d_img_d18.zip | ch2_tmc_ncf_20240711T0831388103_d_img_d18.zip | ch2_tmc_ncn_20240711T0831388136_d_img_d18.zip
2024-07-11 10:28:12+00:00,2024-07-11 10:28:11.834000+00:00,2024-07-11 10:48:04.920000+00:00,3,"AFT,FORE,NADIR","NCA,NCF,NCN",True,True,True,True,3,ch2_tmc_nca_20240711T1028118381_d_img_d18.zip | ch2_tmc_ncf_20240711T1028118348_d_img_d18.zip | ch2_tmc_ncn_20240711T1028118348_d_img_d18.zip
2024-07-11 12:24:46+00:00,2024-07-11 12:24:46.136000+00:00,2024-07-11 12:44:40.244000+00:00,3,"AFT,FORE,NADIR","NCA,NCF,NCN",True,True,True,True,3,ch2_tmc_nca_20240711T1224461363_d_img_d18.zip | ch2_tmc_ncf_20240711T1224461363_d_img_d18.zip | ch2_tmc_ncn_20240711T1224461395_d_img_d18.zip
2024-07-11 14:21:21+00:00,2024-07-11 14:21:21.210000+00:00,2024-07-11 14:41:16.341000+00:00,3,"AFT,FORE,NADIR","NCA,NCF,NCN",True,True,True,True,3,ch2_tmc_nca_20240711T1421212139_d_img_d18.zip | ch2_tmc_ncf_20240711T1421212107_d_img_d18.zip | ch2_tmc_ncn_20240711T1421212107_d_img_d18.zip
2024-07-11 22:07:42+00:00,2024-07-11 22:07:42.467000+00:00,2024-07-11 22:27:40.543000+00:00,3,"AFT,FORE,NADIR","NCA,NCF,NCN",True,True,True,True,3,ch2_tmc_nca_20240711T2207424678_d_img_d18.zip | ch2_tmc_ncf_20240711T2207424678_d_img_d18.zip | ch2_tmc_ncn_20240711T2207424710_d_img_d18.zip
2024-07-12 07:50:45+00:00,2024-07-12 07:50:44.528000+00:00,2024-07-12 08:10:41.232000+00:00,3,"AFT,FORE,NADIR","NCA,NCF,NCN",True,True,True,True,3,ch2_tmc_nca_20240712T0750445614_d_img_d18.zip | ch2_tmc_ncf_20240712T0750445289_d_img_d18.zip | ch2_tmc_ncn_20240712T0750445289_d_img_d18.zip
2024-07-12 15:37:07+00:00,2024-07-12 15:37:07.147000+00:00,2024-07-12 15:57:06.378000+00:00,3,"AFT,FORE,NADIR","NCA,NCF,NCN",True,True,True,True,3,ch2_tmc_nca_20240712T1537071479_d_img_d18.zip | ch2_tmc_ncf_20240712T1537071511_d_img_d18.zip | ch2_tmc_ncn_20240712T1537071479_d_img_d18.zip
2024-07-12 23:23:29+00:00,2024-07-12 23:23:29.429000+00:00,2024-07-12 23:39:13.593000+00:00,3,"AFT,FORE,NADIR","NCA,NCF,NCN",True,True,True,True,3,ch2_tmc_nca_20240712T2323294293_d_img_d18.zip | ch2_tmc_ncf_20240712T2323294293_d_img_d18.zip | ch2_tmc_ncn_20240712T2323294325_d_img_d18.zip
2024-07-12 23:39:03+00:00,2024-07-12 23:39:03.490000+00:00,2024-07-12 23:43:30.579000+00:00,3,"AFT,FORE,NADIR","NCA,NCF,NCN",True,True,True,True,3,ch2_tmc_nca_20240712T2339034938_d_img_d18.zip | ch2_tmc_ncf_20240712T2339034938_d_img_d18.zip | ch2_tmc_ncn_20240712T2339034906_d_img_d18.zip
2024-07-13 09:05:49+00:00,2024-07-13 09:05:49.442000+00:00,2024-07-13 09:13:31.251000+00:00,3,"AFT,FORE,NADIR","NCA,NCF,NCN",True,True,True,True,3,ch2_tmc_nca_20240713T0905494456_d_img_d18.zip | ch2_tmc_ncf_20240713T0905494424_d_img_d18.zip | ch2_tmc_ncn_20240713T0905494424_d_img_d18.zip
2024-07-13 09:13:26+00:00,2024-07-13 09:13:25.695000+00:00,2024-07-13 09:18:12.863000+00:00,3,"AFT,FORE,NADIR","NCA,NCF,NCN",True,True,True,True,3,ch2_tmc_nca_20240713T0913256954_d_img_d18.zip | ch2_tmc_ncf_20240713T0913256954_d_img_d18.zip | ch2_tmc_ncn_20240713T0913256954_d_img_d18.zip
2024-07-13 11:02:28+00:00,2024-07-13 11:02:27.845000+00:00,2024-07-13 11:11:26.911000+00:00,3,"AFT,FORE,NADIR","NCA,NCF,NCN",True,True,True,True,3,ch2_tmc_nca_20240713T1102278452_d_img_d18.zip | ch2_tmc_ncf_20240713T1102278484_d_img_d18.zip | ch2_tmc_ncn_20240713T1102278452_d_img_d18.zip
2024-07-13 11:11:17+00:00,2024-07-13 11:11:17.365000+00:00,2024-07-13 11:14:49.347000+00:00,3,"AFT,FORE,NADIR","NCA,NCF,NCN",True,True,True,True,3,ch2_tmc_nca_20240713T1111173650_d_img_d18.zip | ch2_tmc_ncf_20240713T1111173682_d_img_d18.zip | ch2_tmc_ncn_20240713T1111173682_d_img_d18.zip
2024-07-13 12:59:03+00:00,2024-07-13 12:59:03.287000+00:00,2024-07-13 13:07:39.572000+00:00,3,"AFT,FORE,NADIR","NCA,NCF,NCN",True,True,True,True,3,ch2_tmc_nca_20240713T1259032907_d_img_d18.zip | ch2_tmc_ncf_20240713T1259032874_d_img_d18.zip | ch2_tmc_ncn_20240713T1259032874_d_img_d18.zip
2024-07-13 13:07:32+00:00,2024-07-13 13:07:32.206000+00:00,2024-07-13 13:11:24.786000+00:00,3,"AFT,FORE,NADIR","NCA,NCF,NCN",True,True,True,True,3,ch2_tmc_nca_20240713T1307322065_d_img_d18.zip | ch2_tmc_ncf_20240713T1307322065_d_img_d18.zip | ch2_tmc_ncn_20240713T1307322065_d_img_d18.zip
2024-07-13 14:55:37+00:00,2024-07-13 14:55:36.824000+00:00,2024-07-13 15:03:51.168000+00:00,3,"AFT,FORE,NADIR","NCA,NCF,NCN",True,True,True,True,3,ch2_tmc_nca_20240713T1455368276_d_img_d18.zip | ch2_tmc_ncf_20240713T1455368245_d_img_d18.zip | ch2_tmc_ncn_20240713T1455368245_d_img_d18.zip
2024-07-13 15:03:45+00:00,2024-07-13 15:03:44.725000+00:00,2024-07-13 15:07:59.219000+00:00,3,"AFT,FORE,NADIR","NCA,NCF,NCN",True,True,True,True,3,ch2_tmc_nca_20240713T1503447259_d_img_d18.zip | ch2_tmc_ncf_20240713T1503447292_d_img_d18.zip | ch2_tmc_ncn_20240713T1503447292_d_img_d18.zip
2024-07-13 22:41:54+00:00,2024-07-13 22:41:54.127000+00:00,2024-07-13 22:54:19.723000+00:00,3,"AFT,FORE,NADIR","NCA,NCF,NCN",True,True,True,True,3,ch2_tmc_nca_20240713T2241541309_d_img_d18.zip | ch2_tmc_ncf_20240713T2241541276_d_img_d18.zip | ch2_tmc_ncn_20240713T2241541276_d_img_d18.zip
2024-07-14 10:26:15+00:00,2024-07-14 10:26:14.940000+00:00,2024-07-14 10:34:57.972000+00:00,3,"AFT,FORE,NADIR","NCA,NCF,NCN",True,True,True,True,3,ch2_tmc_nca_20240714T1026149436_d_img_d18.zip | ch2_tmc_ncf_20240714T1026149436_d_img_d18.zip | ch2_tmc_ncn_20240714T1026149404_d_img_d18.zip
2024-07-14 12:20:13+00:00,2024-07-14 12:20:12.918000+00:00,2024-07-14 12:25:09.915000+00:00,3,"AFT,FORE,NADIR","NCA,NCF,NCN",True,True,True,True,3,ch2_tmc_nca_20240714T1220129181_d_img_d18.zip | ch2_tmc_ncf_20240714T1220129212_d_img_d18.zip | ch2_tmc_ncn_20240714T1220129181_d_img_d18.zip
2024-07-14 12:25:01+00:00,2024-07-14 12:25:00.720000+00:00,2024-07-14 12:32:00.396000+00:00,3,"AFT,FORE,NADIR","NCA,NCF,NCN",True,True,True,True,3,ch2_tmc_nca_20240714T1225007200_d_img_d18.zip | ch2_tmc_ncf_20240714T1225007200_d_img_d18.zip | ch2_tmc_ncn_20240714T1225007232_d_img_d18.zip
2024-07-14 14:16:47+00:00,2024-07-14 14:16:47.362000+00:00,2024-07-14 14:21:43.758000+00:00,3,"AFT,FORE,NADIR","NCA,NCF,NCN",True,True,True,True,3,ch2_tmc_nca_20240714T1416473652_d_img_d18.zip | ch2_tmc_ncf_20240714T1416473620_d_img_d18.zip | ch2_tmc_ncn_20240714T1416473620_d_img_d18.zip
2024-07-14 14:21:36+00:00,2024-07-14 14:21:35.804000+00:00,2024-07-14 14:28:35.966000+00:00,3,"AFT,FORE,NADIR","NCA,NCF,NCN",True,True,True,True,3,ch2_tmc_nca_20240714T1421358047_d_img_d18.zip | ch2_tmc_ncf_20240714T1421358047_d_img_d18.zip | ch2_tmc_ncn_20240714T1421358047_d_img_d18.zip
2024-07-14 16:13:22+00:00,2024-07-14 16:13:21.922000+00:00,2024-07-14 16:18:13.517000+00:00,3,"AFT,FORE,NADIR","NCA,NCF,NCN",True,True,True,True,3,ch2_tmc_nca_20240714T1613219226_d_img_d18.zip | ch2_tmc_ncf_20240714T1613219258_d_img_d18.zip | ch2_tmc_ncn_20240714T1613219226_d_img_d18.zip
2024-07-14 16:18:06+00:00,2024-07-14 16:18:05.776000+00:00,2024-07-14 16:25:10.526000+00:00,3,"AFT,FORE,NADIR","NCA,NCF,NCN",True,True,True,True,3,ch2_tmc_nca_20240714T1618057766_d_img_d18.zip | ch2_tmc_ncf_20240714T1618057798_d_img_d18.zip | ch2_tmc_ncn_20240714T1618057798_d_img_d18.zip
2024-07-15 11:39:18+00:00,2024-07-15 11:39:17.929000+00:00,2024-07-15 11:41:16.307000+00:00,3,"AFT,FORE,NADIR","NCA,NCF,NCN",True,True,True,True,3,ch2_tmc_nca_20240715T1139179292_d_img_d18.zip | ch2_tmc_ncf_20240715T1139179325_d_img_d18.zip | ch2_tmc_ncn_20240715T1139179292_d_img_d18.zip
2024-07-15 13:35:56+00:00,2024-07-15 13:35:55.743000+00:00,2024-07-15 13:47:40.918000+00:00,3,"AFT,FORE,NADIR","NCA,NCF,NCN",True,True,True,True,3,ch2_tmc_nca_20240715T1335557435_d_img_d18.zip | ch2_tmc_ncf_20240715T1335557468_d_img_d18.zip | ch2_tmc_ncn_20240715T1335557435_d_img_d18.zip
2024-07-16 16:48:01+00:00,2024-07-16 16:48:01.435000+00:00,2024-07-16 16:59:47.991000+00:00,3,"AFT,FORE,NADIR","NCA,NCF,NCN",True,True,True,True,3,ch2_tmc_nca_20240716T1648014358_d_img_d18.zip | ch2_tmc_ncf_20240716T1648014390_d_img_d18.zip | ch2_tmc_ncn_20240716T1648014358_d_img_d18.zip
2024-07-17 02:30:43+00:00,2024-07-17 02:30:42.708000+00:00,2024-07-17 02:42:29.392000+00:00,3,"AFT,FORE,NADIR","NCA,NCF,NCN",True,True,True,True,3,ch2_tmc_nca_20240717T0230427121_d_img_d18.zip | ch2_tmc_ncf_20240717T0230427089_d_img_d18.zip | ch2_tmc_ncn_20240717T0230427089_d_img_d18.zip
2024-07-17 14:10:07+00:00,2024-07-17 14:10:07.283000+00:00,2024-07-17 14:21:49.872000+00:00,3,"AFT,FORE,NADIR","NCA,NCF,NCN",True,True,True,True,3,ch2_tmc_nca_20240717T1410072868_d_img_d18.zip | ch2_tmc_ncf_20240717T1410072836_d_img_d18.zip | ch2_tmc_ncn_20240717T1410072836_d_img_d18.zip
2024-07-17 18:03:16+00:00,2024-07-17 18:03:15.718000+00:00,2024-07-17 18:14:58.177000+00:00,3,"AFT,FORE,NADIR","NCA,NCF,NCN",True,True,True,True,3,ch2_tmc_nca_20240717T1803157181_d_img_d18.zip | ch2_tmc_ncf_20240717T1803157181_d_img_d18.zip | ch2_tmc_ncn_20240717T1803157213_d_img_d18.zip
2024-07-18 03:41:57+00:00,2024-07-18 03:41:57.253000+00:00,2024-07-18 03:48:20.596000+00:00,3,"AFT,FORE,NADIR","NCA,NCF,NCN",True,True,True,True,3,ch2_tmc_nca_20240718T0341572536_d_img_d18.zip | ch2_tmc_ncf_20240718T0341572568_d_img_d18.zip | ch2_tmc_ncn_20240718T0341572536_d_img_d18.zip
2024-07-18 03:48:13+00:00,2024-07-18 03:48:13.179000+00:00,2024-07-18 03:54:21.826000+00:00,3,"AFT,FORE,NADIR","NCA,NCF,NCN",True,True,True,True,3,ch2_tmc_nca_20240718T0348131790_d_img_d18.zip | ch2_tmc_ncf_20240718T0348131822_d_img_d18.zip | ch2_tmc_ncn_20240718T0348131790_d_img_d18.zip
2024-07-18 13:24:46+00:00,2024-07-18 13:24:45.613000+00:00,2024-07-18 13:26:52.284000+00:00,3,"AFT,FORE,NADIR","NCA,NCF,NCN",True,True,True,True,3,ch2_tmc_nca_20240718T1324456133_d_img_d18.zip | ch2_tmc_ncf_20240718T1324456166_d_img_d18.zip | ch2_tmc_ncn_20240718T1324456133_d_img_d18.zip
2024-07-18 13:26:47+00:00,2024-07-18 13:26:46.876000+00:00,2024-07-18 13:37:10.571000+00:00,3,"AFT,FORE,NADIR","NCA,NCF,NCN",True,True,True,True,3,ch2_tmc_nca_20240718T1326468800_d_img_d18.zip | ch2_tmc_ncf_20240718T1326468800_d_img_d18.zip | ch2_tmc_ncn_20240718T1326468767_d_img_d18.zip
2024-07-18 15:21:20+00:00,2024-07-18 15:21:19.793000+00:00,2024-07-18 15:25:29.319000+00:00,3,"AFT,FORE,NADIR","NCA,NCF,NCN",True,True,True,True,3,ch2_tmc_nca_20240718T1521197934_d_img_d18.zip | ch2_tmc_ncf_20240718T1521197934_d_img_d18.zip | ch2_tmc_ncn_20240718T1521197967_d_img_d18.zip
2024-07-18 17:17:55+00:00,2024-07-18 17:17:54.506000+00:00,2024-07-18 17:22:05.155000+00:00,3,"AFT,FORE,NADIR","NCA,NCF,NCN",True,True,True,True,3,ch2_tmc_nca_20240718T1717545063_d_img_d18.zip | ch2_tmc_ncf_20240718T1717545388_d_img_d18.zip | ch2_tmc_ncn_20240718T1717545063_d_img_d18.zip
2024-07-18 17:21:58+00:00,2024-07-18 17:21:57.638000+00:00,2024-07-18 17:30:17.471000+00:00,3,"AFT,FORE,NADIR","NCA,NCF,NCN",True,True,True,True,3,ch2_tmc_nca_20240718T1721576419_d_img_d18.zip | ch2_tmc_ncf_20240718T1721576419_d_img_d18.zip | ch2_tmc_ncn_20240718T1721576387_d_img_d18.zip
2024-07-18 19:14:29+00:00,2024-07-18 19:14:29.126000+00:00,2024-07-18 19:18:41.830000+00:00,3,"AFT,FORE,NADIR","NCA,NCF,NCN",True,True,True,True,3,ch2_tmc_nca_20240718T1914291260_d_img_d18.zip | ch2_tmc_ncf_20240718T1914291293_d_img_d18.zip | ch2_tmc_ncn_20240718T1914291260_d_img_d18.zip
2024-07-20 05:56:00+00:00,2024-07-20 05:56:00.125000+00:00,2024-07-20 06:08:23.675000+00:00,3,"AFT,FORE,NADIR","NCA,NCF,NCN",True,True,True,True,3,ch2_tmc_nca_20240720T0556001286_d_img_d18.zip | ch2_tmc_ncf_20240720T0556001254_d_img_d18.zip | ch2_tmc_ncn_20240720T0556001254_d_img_d18.zip
2024-07-20 15:38:50+00:00,2024-07-20 15:38:50.314000+00:00,2024-07-20 15:46:21.862000+00:00,3,"AFT,FORE,NADIR","NCA,NCF,NCN",True,True,True,True,3,ch2_tmc_nca_20240720T1538503146_d_img_d18.zip | ch2_tmc_ncf_20240720T1538503179_d_img_d18.zip | ch2_tmc_ncn_20240720T1538503146_d_img_d18.zip
2024-07-20 17:35:24+00:00,2024-07-20 17:35:24.365000+00:00,2024-07-20 17:46:16.514000+00:00,3,"AFT,FORE,NADIR","NCA,NCF,NCN",True,True,True,True,3,ch2_tmc_nca_20240720T1735243654_d_img_d18.zip | ch2_tmc_ncf_20240720T1735243686_d_img_d18.zip | ch2_tmc_ncn_20240720T1735243654_d_img_d18.zip
2024-07-20 17:46:15+00:00,2024-07-20 17:46:14.591000+00:00,2024-07-20 17:47:47.912000+00:00,3,"AFT,FORE,NADIR","NCA,NCF,NCN",True,True,True,True,3,ch2_tmc_nca_20240720T1746145919_d_img_d18.zip | ch2_tmc_ncf_20240720T1746145951_d_img_d18.zip | ch2_tmc_ncn_20240720T1746145919_d_img_d18.zip
2024-07-20 19:42:49+00:00,2024-07-20 19:42:48.548000+00:00,2024-07-20 19:44:22.888000+00:00,3,"AFT,FORE,NADIR","NCA,NCF,NCN",True,True,True,True,3,ch2_tmc_nca_20240720T1942485485_d_img_d18.zip | ch2_tmc_ncf_20240720T1942485517_d_img_d18.zip | ch2_tmc_ncn_20240720T1942485485_d_img_d18.zip
2024-07-21 05:14:44+00:00,2024-07-21 05:14:44.374000+00:00,2024-07-21 05:27:06.769000+00:00,3,"AFT,FORE,NADIR","NCA,NCF,NCN",True,True,True,True,3,ch2_tmc_nca_20240721T0514443778_d_img_d18.zip | ch2_tmc_ncf_20240721T0514443746_d_img_d18.zip | ch2_tmc_ncn_20240721T0514443746_d_img_d18.zip
2024-07-21 16:53:59+00:00,2024-07-21 16:53:59.120000+00:00,2024-07-21 17:02:14.626000+00:00,3,"AFT,FORE,NADIR","NCA,NCF,NCN",True,True,True,True,3,ch2_tmc_nca_20240721T1653591201_d_img_d18.zip | ch2_tmc_ncf_20240721T1653591201_d_img_d18.zip | ch2_tmc_ncn_20240721T1653591234_d_img_d18.zip
2024-07-21 17:02:08+00:00,2024-07-21 17:02:07.788000+00:00,2024-07-21 17:06:08.997000+00:00,3,"AFT,FORE,NADIR","NCA,NCF,NCN",True,True,True,True,3,ch2_tmc_nca_20240721T1702077882_d_img_d18.zip | ch2_tmc_ncf_20240721T1702077882_d_img_d18.zip | ch2_tmc_ncn_20240721T1702077882_d_img_d18.zip
2024-07-21 18:50:33+00:00,2024-07-21 18:50:32.658000+00:00,2024-07-21 19:01:18.939000+00:00,3,"AFT,FORE,NADIR","NCA,NCF,NCN",True,True,True,True,3,ch2_tmc_nca_20240721T1850326580_d_img_d18.zip | ch2_tmc_ncf_20240721T1850326613_d_img_d18.zip | ch2_tmc_ncn_20240721T1850326580_d_img_d18.zip
2024-07-21 19:01:15+00:00,2024-07-21 19:01:14.516000+00:00,2024-07-21 19:02:56.207000+00:00,3,"AFT,FORE,NADIR","NCA,NCF,NCN",True,True,True,True,3,ch2_tmc_nca_20240721T1901145163_d_img_d18.zip | ch2_tmc_ncf_20240721T1901145194_d_img_d18.zip | ch2_tmc_ncn_20240721T1901145194_d_img_d18.zip
2024-07-21 20:47:03+00:00,2024-07-21 20:47:03.124000+00:00,2024-07-21 20:57:56.997000+00:00,3,"AFT,FORE,NADIR","NCA,NCF,NCN",True,True,True,True,3,ch2_tmc_nca_20240721T2047031244_d_img_d18.zip | ch2_tmc_ncf_20240721T2047031244_d_img_d18.zip | ch2_tmc_ncn_20240721T2047031276_d_img_d18.zip
2024-07-21 20:57:51+00:00,2024-07-21 20:57:50.907000+00:00,2024-07-21 20:59:28.593000+00:00,3,"AFT,FORE,NADIR","NCA,NCF,NCN",True,True,True,True,3,ch2_tmc_nca_20240721T2057509076_d_img_d18.zip | ch2_tmc_ncf_20240721T2057509076_d_img_d18.zip | ch2_tmc_ncn_20240721T2057509108_d_img_d18.zip
2024-07-22 06:29:47+00:00,2024-07-22 06:29:46.780000+00:00,2024-07-22 06:42:11.353000+00:00,3,"AFT,FORE,NADIR","NCA,NCF,NCN",True,True,True,True,3,ch2_tmc_nca_20240722T0629467805_d_img_d18.zip | ch2_tmc_ncf_20240722T0629467838_d_img_d18.zip | ch2_tmc_ncn_20240722T0629467805_d_img_d18.zip
2024-07-22 18:09:03+00:00,2024-07-22 18:09:02.683000+00:00,2024-07-22 18:17:32.230000+00:00,3,"AFT,FORE,NADIR","NCA,NCF,NCN",True,True,True,True,3,ch2_tmc_nca_20240722T1809026865_d_img_d18.zip | ch2_tmc_ncf_20240722T1809026833_d_img_d18.zip | ch2_tmc_ncn_20240722T1809026833_d_img_d18.zip
2024-07-22 22:02:10+00:00,2024-07-22 22:02:10.399000+00:00,2024-07-22 22:13:29.287000+00:00,3,"AFT,FORE,NADIR","NCA,NCF,NCN",True,True,True,True,3,ch2_tmc_nca_20240722T2202103994_d_img_d18.zip | ch2_tmc_ncf_20240722T2202103994_d_img_d18.zip | ch2_tmc_ncn_20240722T2202104027_d_img_d18.zip
2024-07-23 07:44:55+00:00,2024-07-23 07:44:55.209000+00:00,2024-07-23 07:57:17.733000+00:00,3,"AFT,FORE,NADIR","NCA,NCF,NCN",True,True,True,True,3,ch2_tmc_nca_20240723T0744552121_d_img_d18.zip | ch2_tmc_ncf_20240723T0744552090_d_img_d18.zip | ch2_tmc_ncn_20240723T0744552090_d_img_d18.zip
2024-07-23 19:32:38+00:00,2024-07-23 19:32:38.306000+00:00,2024-07-23 19:35:34.110000+00:00,3,"AFT,FORE,NADIR","NCA,NCF,NCN",True,True,True,True,3,ch2_tmc_nca_20240723T1932383099_d_img_d18.zip | ch2_tmc_ncf_20240723T1932383067_d_img_d18.zip | ch2_tmc_ncn_20240723T1932383067_d_img_d18.zip
2024-07-24 09:00:23+00:00,2024-07-24 09:00:23.195000+00:00,2024-07-24 09:12:46.612000+00:00,3,"AFT,FORE,NADIR","NCA,NCF,NCN",True,True,True,True,3,ch2_tmc_nca_20240724T0900231957_d_img_d18.zip | ch2_tmc_ncf_20240724T0900231990_d_img_d18.zip | ch2_tmc_ncn_20240724T0900231957_d_img_d18.zip
2024-07-24 18:43:20+00:00,2024-07-24 18:43:20.418000+00:00,2024-07-24 18:54:48.642000+00:00,3,"AFT,FORE,NADIR","NCA,NCF,NCN",True,True,True,True,3,ch2_tmc_nca_20240724T1843204185_d_img_d18.zip | ch2_tmc_ncf_20240724T1843204185_d_img_d18.zip | ch2_tmc_ncn_20240724T1843204218_d_img_d18.zip
2024-07-24 20:39:56+00:00,2024-07-24 20:39:56.499000+00:00,2024-07-24 20:52:18.897000+00:00,2,"FORE,NADIR","NCF,NCN",True,False,True,False,2,ch2_tmc_ncf_20240724T2039564993_d_img_d18.zip | ch2_tmc_ncn_20240724T2039564993_d_img_d18.zip
2024-07-24 20:39:57+00:00,2024-07-24 20:39:56.502000+00:00,2024-07-24 20:52:18.894000+00:00,1,AFT,NCA,False,True,False,False,1,ch2_tmc_nca_20240724T2039565026_d_img_d18.zip
2024-07-24 22:36:30+00:00,2024-07-24 22:36:30.421000+00:00,2024-07-24 22:48:53.842000+00:00,3,"AFT,FORE,NADIR","NCA,NCF,NCN",True,True,True,True,3,ch2_tmc_nca_20240724T2236304249_d_img_d18.zip | ch2_tmc_ncf_20240724T2236304217_d_img_d18.zip | ch2_tmc_ncn_20240724T2236304217_d_img_d18.zip
2024-07-25 08:26:38+00:00,2024-07-25 08:26:37.603000+00:00,2024-07-25 08:38:59.998000+00:00,3,"AFT,FORE,NADIR","NCA,NCF,NCN",True,True,True,True,3,ch2_tmc_nca_20240725T0826376030_d_img_d18.zip | ch2_tmc_ncf_20240725T0826376062_d_img_d18.zip | ch2_tmc_ncn_20240725T0826376030_d_img_d18.zip
2024-07-25 18:18:34+00:00,2024-07-25 18:18:33.964000+00:00,2024-07-25 18:30:56.643000+00:00,3,"AFT,FORE,NADIR","NCA,NCF,NCN",True,True,True,True,3,ch2_tmc_nca_20240725T1818339644_d_img_d18.zip | ch2_tmc_ncf_20240725T1818339969_d_img_d18.zip | ch2_tmc_ncn_20240725T1818339644_d_img_d18.zip
2024-07-25 22:15:18+00:00,2024-07-25 22:15:18.136000+00:00,2024-07-25 22:27:42.579000+00:00,3,"AFT,FORE,NADIR","NCA,NCF,NCN",True,True,True,True,3,ch2_tmc_nca_20240725T2215181366_d_img_d18.zip | ch2_tmc_ncf_20240725T2215181366_d_img_d18.zip | ch2_tmc_ncn_20240725T2215181399_d_img_d18.zip
2024-07-26 00:13:44+00:00,2024-07-26 00:13:43.673000+00:00,2024-07-26 00:26:09.268000+00:00,3,"AFT,FORE,NADIR","NCA,NCF,NCN",True,True,True,True,3,ch2_tmc_nca_20240726T0013436733_d_img_d18.zip | ch2_tmc_ncf_20240726T0013436765_d_img_d18.zip | ch2_tmc_ncn_20240726T0013436733_d_img_d18.zip
2024-07-26 21:55:59+00:00,2024-07-26 21:55:58.831000+00:00,2024-07-26 22:08:25.453000+00:00,3,"AFT,FORE,NADIR","NCA,NCF,NCN",True,True,True,True,3,ch2_tmc_nca_20240726T2155588350_d_img_d18.zip | ch2_tmc_ncf_20240726T2155588318_d_img_d18.zip | ch2_tmc_ncn_20240726T2155588318_d_img_d18.zip
2024-07-27 02:11:57+00:00,2024-07-27 02:11:57.171000+00:00,2024-07-27 02:32:01.518000+00:00,3,"AFT,FORE,NADIR","NCA,NCF,NCN",True,True,True,True,3,ch2_tmc_nca_20240727T0211571751_d_img_d18.zip | ch2_tmc_ncf_20240727T0211571719_d_img_d18.zip | ch2_tmc_ncn_20240727T0211571719_d_img_d18.zip
2024-07-27 12:03:56+00:00,2024-07-27 12:03:56.101000+00:00,2024-07-27 12:23:59.422000+00:00,1,FORE,NCF,False,False,True,False,1,ch2_tmc_ncf_20240727T1203561014_d_img_d18.zip
2024-07-27 12:03:57+00:00,2024-07-27 12:03:56.981000+00:00,2024-07-27 12:23:59.422000+00:00,2,"AFT,NADIR","NCA,NCN",True,True,False,False,2,ch2_tmc_nca_20240727T1203569811_d_img_d18.zip | ch2_tmc_ncn_20240727T1203569811_d_img_d18.zip
2024-07-29 01:33:15+00:00,2024-07-29 01:33:14.920000+00:00,2024-07-29 01:53:20.293000+00:00,3,"AFT,FORE,NADIR","NCA,NCF,NCN",True,True,True,True,3,ch2_tmc_nca_20240729T0133149239_d_img_d18.zip | ch2_tmc_ncf_20240729T0133149206_d_img_d18.zip | ch2_tmc_ncn_20240729T0133149206_d_img_d18.zip
2024-07-30 03:12:11+00:00,2024-07-30 03:12:10.567000+00:00,2024-07-30 03:32:11.717000+00:00,3,"AFT,FORE,NADIR","NCA,NCF,NCN",True,True,True,True,3,ch2_tmc_nca_20240730T0312105706_d_img_d18.zip | ch2_tmc_ncf_20240730T0312105674_d_img_d18.zip | ch2_tmc_ncn_20240730T0312105674_d_img_d18.zip
2024-07-31 00:54:03+00:00,2024-07-31 00:54:03.276000+00:00,2024-07-31 01:14:04.552000+00:00,3,"AFT,FORE,NADIR","NCA,NCF,NCN",True,True,True,True,3,ch2_tmc_nca_20240731T0054032768_d_img_d18.zip | ch2_tmc_ncf_20240731T0054032801_d_img_d18.zip | ch2_tmc_ncn_20240731T0054032768_d_img_d18.zip
2024-07-31 04:50:44+00:00,2024-07-31 04:50:43.827000+00:00,2024-07-31 05:10:44.361000+00:00,3,"AFT,FORE,NADIR","NCA,NCF,NCN",True,True,True,True,3,ch2_tmc_nca_20240731T0450438273_d_img_d18.zip | ch2_tmc_ncf_20240731T0450438273_d_img_d18.zip | ch2_tmc_ncn_20240731T0450438585_d_img_d18.zip
2024-08-01 00:34:07+00:00,2024-08-01 00:34:07.456000+00:00,2024-08-01 00:54:10.780000+00:00,3,"AFT,FORE,NADIR","NCA,NCF,NCN",True,True,True,True,3,ch2_tmc_nca_20240801T0034074566_d_img_d18.zip | ch2_tmc_ncf_20240801T0034074566_d_img_d18.zip | ch2_tmc_ncn_20240801T0034074599_d_img_d18.zip
2024-08-01 02:32:28+00:00,2024-08-01 02:32:28.384000+00:00,2024-08-01 02:52:31.582000+00:00,3,"AFT,FORE,NADIR","NCA,NCF,NCN",True,True,True,True,3,ch2_tmc_nca_20240801T0232283843_d_img_d18.zip | ch2_tmc_ncf_20240801T0232283843_d_img_d18.zip | ch2_tmc_ncn_20240801T0232283874_d_img_d18.zip
2024-08-01 04:30:51+00:00,2024-08-01 04:30:50.848000+00:00,2024-08-01 04:50:52.972000+00:00,3,"AFT,FORE,NADIR","NCA,NCF,NCN",True,True,True,True,3,ch2_tmc_nca_20240801T0430508487_d_img_d18.zip | ch2_tmc_ncf_20240801T0430508487_d_img_d18.zip | ch2_tmc_ncn_20240801T0430508520_d_img_d18.zip
2024-08-01 06:29:13+00:00,2024-08-01 06:29:13.269000+00:00,2024-08-01 06:49:16.593000+00:00,3,"AFT,FORE,NADIR","NCA,NCF,NCN",True,True,True,True,3,ch2_tmc_nca_20240801T0629132727_d_img_d18.zip | ch2_tmc_ncf_20240801T0629132694_d_img_d18.zip | ch2_tmc_ncn_20240801T0629132694_d_img_d18.zip
2024-08-01 16:21:03+00:00,2024-08-01 16:21:03.277000+00:00,2024-08-01 16:24:28.991000+00:00,3,"AFT,FORE,NADIR","NCA,NCF,NCN",True,True,True,True,3,ch2_tmc_nca_20240801T1621032774_d_img_d18.zip | ch2_tmc_ncf_20240801T1621032807_d_img_d18.zip | ch2_tmc_ncn_20240801T1621032774_d_img_d18.zip
2024-08-02 02:12:52+00:00,2024-08-02 02:12:51.731000+00:00,2024-08-02 02:32:53.793000+00:00,3,"AFT,FORE,NADIR","NCA,NCF,NCN",True,True,True,True,3,ch2_tmc_nca_20240802T0212517317_d_img_d18.zip | ch2_tmc_ncf_20240802T0212517317_d_img_d18.zip | ch2_tmc_ncn_20240802T0212517317_d_img_d18.zip
2024-08-02 04:11:13+00:00,2024-08-02 04:11:13.279000+00:00,2024-08-02 04:31:18.651000+00:00,3,"AFT,FORE,NADIR","NCA,NCF,NCN",True,True,True,True,3,ch2_tmc_nca_20240802T0411132823_d_img_d18.zip | ch2_tmc_ncf_20240802T0411132792_d_img_d18.zip | ch2_tmc_ncn_20240802T0411132792_d_img_d18.zip
2024-08-02 16:01:23+00:00,2024-08-02 16:01:23.269000+00:00,2024-08-02 16:21:29.664000+00:00,3,"AFT,FORE,NADIR","NCA,NCF,NCN",True,True,True,True,3,ch2_tmc_nca_20240802T1601232726_d_img_d18.zip | ch2_tmc_ncf_20240802T1601232694_d_img_d18.zip | ch2_tmc_ncn_20240802T1601232694_d_img_d18.zip
2024-08-04 03:31:41+00:00,2024-08-04 03:31:40.763000+00:00,2024-08-04 03:46:45.976000+00:00,3,"AFT,FORE,NADIR","NCA,NCF,NCN",True,True,True,True,3,ch2_tmc_nca_20240804T0331407639_d_img_d18.zip | ch2_tmc_ncf_20240804T0331407639_d_img_d18.zip | ch2_tmc_ncn_20240804T0331407671_d_img_d18.zip
2024-08-04 05:30:02+00:00,2024-08-04 05:30:01.646000+00:00,2024-08-04 05:45:08.749000+00:00,3,"AFT,FORE,NADIR","NCA,NCF,NCN",True,True,True,True,3,ch2_tmc_nca_20240804T0530016466_d_img_d18.zip | ch2_tmc_ncf_20240804T0530016498_d_img_d18.zip | ch2_tmc_ncn_20240804T0530016466_d_img_d18.zip
2024-08-07 12:05:11+00:00,2024-08-07 12:05:11.312000+00:00,2024-08-07 12:14:51.904000+00:00,3,"AFT,FORE,NADIR","NCA,NCF,NCN",True,True,True,True,3,ch2_tmc_nca_20240807T1205113128_d_img_d18.zip | ch2_tmc_ncf_20240807T1205113160_d_img_d18.zip | ch2_tmc_ncn_20240807T1205113128_d_img_d18.zip
2024-08-07 19:50:52+00:00,2024-08-07 19:50:51.759000+00:00,2024-08-07 20:00:33.727000+00:00,3,"AFT,FORE,NADIR","NCA,NCF,NCN",True,True,True,True,3,ch2_tmc_nca_20240807T1950517594_d_img_d18.zip | ch2_tmc_ncf_20240807T1950517594_d_img_d18.zip | ch2_tmc_ncn_20240807T1950517919_d_img_d18.zip
2024-08-08 05:33:00+00:00,2024-08-08 05:32:59.697000+00:00,2024-08-08 05:42:42.478000+00:00,3,"AFT,FORE,NADIR","NCA,NCF,NCN",True,True,True,True,3,ch2_tmc_nca_20240808T0532596974_d_img_d18.zip | ch2_tmc_ncf_20240808T0532597005_d_img_d18.zip | ch2_tmc_ncn_20240808T0532596974_d_img_d18.zip
2024-10-25 01:25:55+00:00,2024-10-25 01:25:55.273000+00:00,2024-10-25 01:40:06.185000+00:00,3,"AFT,FORE,NADIR","NCA,NCF,NCN",True,True,True,True,3,ch2_tmc_nca_20241025T0125552767_d_img_d18.zip | ch2_tmc_ncf_20241025T0125552735_d_img_d18.zip | ch2_tmc_ncn_20241025T0125552735_d_img_d18.zip
2024-10-26 02:41:05+00:00,2024-10-26 02:41:05.219000+00:00,2024-10-26 02:51:13.118000+00:00,3,"AFT,FORE,NADIR","NCA,NCF,NCN",True,True,True,True,3,ch2_tmc_nca_20241026T0241052221_d_img_d18.zip | ch2_tmc_ncf_20241026T0241052190_d_img_d18.zip | ch2_tmc_ncn_20241026T0241052190_d_img_d18.zip
2024-10-26 02:51:06+00:00,2024-10-26 02:51:05.782000+00:00,2024-10-26 02:55:17.182000+00:00,3,"AFT,FORE,NADIR","NCA,NCF,NCN",True,True,True,True,3,ch2_tmc_nca_20241026T0251057825_d_img_d18.zip | ch2_tmc_ncf_20241026T0251057825_d_img_d18.zip | ch2_tmc_ncn_20241026T0251057858_d_img_d18.zip
2024-10-27 03:59:29+00:00,2024-10-27 03:59:28.581000+00:00,2024-10-27 04:11:44.605000+00:00,3,"AFT,FORE,NADIR","NCA,NCF,NCN",True,True,True,True,3,ch2_tmc_nca_20241027T0359285817_d_img_d18.zip | ch2_tmc_ncf_20241027T0359285850_d_img_d18.zip | ch2_tmc_ncn_20241027T0359285817_d_img_d18.zip
2024-10-27 13:42:23+00:00,2024-10-27 13:42:23.134000+00:00,2024-10-27 13:51:58.182000+00:00,3,"AFT,FORE,NADIR","NCA,NCF,NCN",True,True,True,True,3,ch2_tmc_nca_20241027T1342231346_d_img_d18.zip | ch2_tmc_ncf_20241027T1342231379_d_img_d18.zip | ch2_tmc_ncn_20241027T1342231346_d_img_d18.zip
2024-10-28 01:21:56+00:00,2024-10-28 01:21:55.607000+00:00,2024-10-28 01:34:43.343000+00:00,3,"AFT,FORE,NADIR","NCA,NCF,NCN",True,True,True,True,3,ch2_tmc_nca_20241028T0121556104_d_img_d18.zip | ch2_tmc_ncf_20241028T0121556104_d_img_d18.zip | ch2_tmc_ncn_20241028T0121556072_d_img_d18.zip
2024-10-28 03:18:30+00:00,2024-10-28 03:18:29.913000+00:00,2024-10-28 03:31:16.837000+00:00,3,"AFT,FORE,NADIR","NCA,NCF,NCN",True,True,True,True,3,ch2_tmc_nca_20241028T0318299131_d_img_d18.zip | ch2_tmc_ncf_20241028T0318299131_d_img_d18.zip | ch2_tmc_ncn_20241028T0318299164_d_img_d18.zip
2024-10-28 05:15:04+00:00,2024-10-28 05:15:04.432000+00:00,2024-10-28 05:27:52.540000+00:00,3,"AFT,FORE,NADIR","NCA,NCF,NCN",True,True,True,True,3,ch2_tmc_nca_20241028T0515044357_d_img_d18.zip | ch2_tmc_ncf_20241028T0515044325_d_img_d18.zip | ch2_tmc_ncn_20241028T0515044325_d_img_d18.zip
2024-10-28 07:11:41+00:00,2024-10-28 07:11:41.411000+00:00,2024-10-28 07:24:28.384000+00:00,3,"AFT,FORE,NADIR","NCA,NCF,NCN",True,True,True,True,3,ch2_tmc_nca_20241028T0711414149_d_img_d18.zip | ch2_tmc_ncf_20241028T0711414117_d_img_d18.zip | ch2_tmc_ncn_20241028T0711414117_d_img_d18.zip
2024-10-28 14:58:00+00:00,2024-10-28 14:58:00.245000+00:00,2024-10-28 15:07:06.870000+00:00,3,"AFT,FORE,NADIR","NCA,NCF,NCN",True,True,True,True,3,ch2_tmc_nca_20241028T1458002486_d_img_d18.zip | ch2_tmc_ncf_20241028T1458002454_d_img_d18.zip | ch2_tmc_ncn_20241028T1458002454_d_img_d18.zip
2024-10-29 00:40:58+00:00,2024-10-29 00:40:58.207000+00:00,2024-10-29 00:53:46.128000+00:00,3,"AFT,FORE,NADIR","NCA,NCF,NCN",True,True,True,True,3,ch2_tmc_nca_20241029T0040582074_d_img_d18.zip | ch2_tmc_ncf_20241029T0040582107_d_img_d18.zip | ch2_tmc_ncn_20241029T0040582107_d_img_d18.zip
2024-10-29 02:37:34+00:00,2024-10-29 02:37:33.721000+00:00,2024-10-29 02:50:21.845000+00:00,3,"AFT,FORE,NADIR","NCA,NCF,NCN",True,True,True,True,3,ch2_tmc_nca_20241029T0237337211_d_img_d18.zip | ch2_tmc_ncf_20241029T0237337242_d_img_d18.zip | ch2_tmc_ncn_20241029T0237337211_d_img_d18.zip
2024-10-29 04:34:07+00:00,2024-10-29 04:34:07.457000+00:00,2024-10-29 04:46:56.475000+00:00,3,"AFT,FORE,NADIR","NCA,NCF,NCN",True,True,True,True,3,ch2_tmc_nca_20241029T0434074576_d_img_d18.zip | ch2_tmc_ncf_20241029T0434074609_d_img_d18.zip | ch2_tmc_ncn_20241029T0434074576_d_img_d18.zip
2024-10-29 06:30:43+00:00,2024-10-29 06:30:43.154000+00:00,2024-10-29 06:43:32.305000+00:00,3,"AFT,FORE,NADIR","NCA,NCF,NCN",True,True,True,True,3,ch2_tmc_nca_20241029T0630431548_d_img_d18.zip | ch2_tmc_ncf_20241029T0630431581_d_img_d18.zip | ch2_tmc_ncn_20241029T0630431548_d_img_d18.zip
2024-10-29 08:27:20+00:00,2024-10-29 08:27:19.894000+00:00,2024-10-29 08:40:07.893000+00:00,3,"AFT,FORE,NADIR","NCA,NCF,NCN",True,True,True,True,3,ch2_tmc_nca_20241029T0827198944_d_img_d18.zip | ch2_tmc_ncf_20241029T0827198977_d_img_d18.zip | ch2_tmc_ncn_20241029T0827198944_d_img_d18.zip
2024-10-29 14:17:06+00:00,2024-10-29 14:17:05.699000+00:00,2024-10-29 14:29:43.776000+00:00,3,"AFT,FORE,NADIR","NCA,NCF,NCN",True,True,True,True,3,ch2_tmc_nca_20241029T1417056996_d_img_d18.zip | ch2_tmc_ncf_20241029T1417057029_d_img_d18.zip | ch2_tmc_ncn_20241029T1417056996_d_img_d18.zip
2024-10-30 01:56:36+00:00,2024-10-30 01:56:35.677000+00:00,2024-10-30 02:09:18.278000+00:00,3,"AFT,FORE,NADIR","NCA,NCF,NCN",True,True,True,True,3,ch2_tmc_nca_20241030T0156356777_d_img_d18.zip | ch2_tmc_ncf_20241030T0156356810_d_img_d18.zip | ch2_tmc_ncn_20241030T0156356810_d_img_d18.zip
2024-10-30 03:53:12+00:00,2024-10-30 03:53:11.853000+00:00,2024-10-30 04:05:57.817000+00:00,3,"AFT,FORE,NADIR","NCA,NCF,NCN",True,True,True,True,3,ch2_tmc_nca_20241030T0353118537_d_img_d18.zip | ch2_tmc_ncf_20241030T0353118570_d_img_d18.zip | ch2_tmc_ncn_20241030T0353118570_d_img_d18.zip
2024-10-30 05:49:46+00:00,2024-10-30 05:49:45.599000+00:00,2024-10-30 06:02:32.701000+00:00,3,"AFT,FORE,NADIR","NCA,NCF,NCN",True,True,True,True,3,ch2_tmc_nca_20241030T0549455995_d_img_d18.zip | ch2_tmc_ncf_20241030T0549456027_d_img_d18.zip | ch2_tmc_ncn_20241030T0549455995_d_img_d18.zip
2024-10-31 03:12:18+00:00,2024-10-31 03:12:18.305000+00:00,2024-10-31 03:25:02.207000+00:00,3,"AFT,FORE,NADIR","NCA,NCF,NCN",True,True,True,True,3,ch2_tmc_nca_20241031T0312183051_d_img_d18.zip | ch2_tmc_ncf_20241031T0312183051_d_img_d18.zip | ch2_tmc_ncn_20241031T0312183083_d_img_d18.zip
2024-10-31 05:08:53+00:00,2024-10-31 05:08:52.855000+00:00,2024-10-31 05:21:37.909000+00:00,3,"AFT,FORE,NADIR","NCA,NCF,NCN",True,True,True,True,3,ch2_tmc_nca_20241031T0508528588_d_img_d18.zip | ch2_tmc_ncf_20241031T0508528556_d_img_d18.zip | ch2_tmc_ncn_20241031T0508528556_d_img_d18.zip
2024-10-31 07:05:27+00:00,2024-10-31 07:05:26.545000+00:00,2024-10-31 07:18:11.469000+00:00,3,"AFT,FORE,NADIR","NCA,NCF,NCN",True,True,True,True,3,ch2_tmc_nca_20241031T0705265450_d_img_d18.zip | ch2_tmc_ncf_20241031T0705265483_d_img_d18.zip | ch2_tmc_ncn_20241031T0705265450_d_img_d18.zip
2024-10-31 09:02:01+00:00,2024-10-31 09:02:00.833000+00:00,2024-10-31 09:14:47.185000+00:00,3,"AFT,FORE,NADIR","NCA,NCF,NCN",True,True,True,True,3,ch2_tmc_nca_20241031T0902008659_d_img_d18.zip | ch2_tmc_ncf_20241031T0902008334_d_img_d18.zip | ch2_tmc_ncn_20241031T0902008334_d_img_d18.zip
2024-10-31 16:48:22+00:00,2024-10-31 16:48:21.990000+00:00,2024-10-31 17:01:06.914000+00:00,3,"AFT,FORE,NADIR","NCA,NCF,NCN",True,True,True,True,3,ch2_tmc_nca_20241031T1648219932_d_img_d18.zip | ch2_tmc_ncf_20241031T1648219900_d_img_d18.zip | ch2_tmc_ncn_20241031T1648219900_d_img_d18.zip
2024-11-01 02:31:14+00:00,2024-11-01 02:31:13.577000+00:00,2024-11-01 02:44:00.679000+00:00,3,"AFT,FORE,NADIR","NCA,NCF,NCN",True,True,True,True,3,ch2_tmc_nca_20241101T0231135772_d_img_d18.zip | ch2_tmc_ncf_20241101T0231135772_d_img_d18.zip | ch2_tmc_ncn_20241101T0231135804_d_img_d18.zip
2024-11-01 04:27:48+00:00,2024-11-01 04:27:48.352000+00:00,2024-11-01 04:40:35.454000+00:00,3,"AFT,FORE,NADIR","NCA,NCF,NCN",True,True,True,True,3,ch2_tmc_nca_20241101T0427483554_d_img_d18.zip | ch2_tmc_ncf_20241101T0427483522_d_img_d18.zip | ch2_tmc_ncn_20241101T0427483522_d_img_d18.zip
2024-11-01 06:24:23+00:00,2024-11-01 06:24:22.902000+00:00,2024-11-01 06:37:08.978000+00:00,3,"AFT,FORE,NADIR","NCA,NCF,NCN",True,True,True,True,3,ch2_tmc_nca_20241101T0624229023_d_img_d18.zip | ch2_tmc_ncf_20241101T0624229023_d_img_d18.zip | ch2_tmc_ncn_20241101T0624229056_d_img_d18.zip
2024-11-01 08:20:58+00:00,2024-11-01 08:20:57.850000+00:00,2024-11-01 08:33:42.774000+00:00,3,"AFT,FORE,NADIR","NCA,NCF,NCN",True,True,True,True,3,ch2_tmc_nca_20241101T0820578500_d_img_d18.zip | ch2_tmc_ncf_20241101T0820578533_d_img_d18.zip | ch2_tmc_ncn_20241101T0820578500_d_img_d18.zip
2024-11-02 03:46:47+00:00,2024-11-02 03:46:46.518000+00:00,2024-11-02 03:59:28.500000+00:00,3,"AFT,FORE,NADIR","NCA,NCF,NCN",True,True,True,True,3,ch2_tmc_nca_20241102T0346465180_d_img_d18.zip | ch2_tmc_ncf_20241102T0346465212_d_img_d18.zip | ch2_tmc_ncn_20241102T0346465180_d_img_d18.zip
2024-11-02 05:43:21+00:00,2024-11-02 05:43:20.959000+00:00,2024-11-02 05:56:03.961000+00:00,3,"AFT,FORE,NADIR","NCA,NCF,NCN",True,True,True,True,3,ch2_tmc_nca_20241102T0543209595_d_img_d18.zip | ch2_tmc_ncf_20241102T0543209595_d_img_d18.zip | ch2_tmc_ncn_20241102T0543209627_d_img_d18.zip
2024-11-02 07:39:53+00:00,2024-11-02 07:39:52.705000+00:00,2024-11-02 07:52:35.585000+00:00,3,"AFT,FORE,NADIR","NCA,NCF,NCN",True,True,True,True,3,ch2_tmc_nca_20241102T0739527092_d_img_d18.zip | ch2_tmc_ncf_20241102T0739527059_d_img_d18.zip | ch2_tmc_ncn_20241102T0739527059_d_img_d18.zip
2024-11-02 09:36:27+00:00,2024-11-02 09:36:27.271000+00:00,2024-11-02 09:49:11.173000+00:00,3,"AFT,FORE,NADIR","NCA,NCF,NCN",True,True,True,True,3,ch2_tmc_nca_20241102T0936272713_d_img_d18.zip | ch2_tmc_ncf_20241102T0936272713_d_img_d18.zip | ch2_tmc_ncn_20241102T0936272746_d_img_d18.zip
2024-11-02 19:19:16+00:00,2024-11-02 19:19:15.933000+00:00,2024-11-02 19:32:00.858000+00:00,3,"AFT,FORE,NADIR","NCA,NCF,NCN",True,True,True,True,3,ch2_tmc_nca_20241102T1919159338_d_img_d18.zip | ch2_tmc_ncf_20241102T1919159338_d_img_d18.zip | ch2_tmc_ncn_20241102T1919159370_d_img_d18.zip
2024-11-03 05:02:06+00:00,2024-11-03 05:02:05.572000+00:00,2024-11-03 05:14:52.674000+00:00,3,"AFT,FORE,NADIR","NCA,NCF,NCN",True,True,True,True,3,ch2_tmc_nca_20241103T0502055720_d_img_d18.zip | ch2_tmc_ncf_20241103T0502055720_d_img_d18.zip | ch2_tmc_ncn_20241103T0502055753_d_img_d18.zip
2024-11-03 08:55:11+00:00,2024-11-03 08:55:11.358000+00:00,2024-11-03 09:07:57.305000+00:00,3,"AFT,FORE,NADIR","NCA,NCF,NCN",True,True,True,True,3,ch2_tmc_nca_20241103T0855113584_d_img_d18.zip | ch2_tmc_ncf_20241103T0855113584_d_img_d18.zip | ch2_tmc_ncn_20241103T0855113615_d_img_d18.zip
2024-11-04 00:27:15+00:00,2024-11-04 00:27:15.417000+00:00,2024-11-04 00:39:59.445000+00:00,3,"AFT,FORE,NADIR","NCA,NCF,NCN",True,True,True,True,3,ch2_tmc_nca_20241104T0027154173_d_img_d18.zip | ch2_tmc_ncf_20241104T0027154173_d_img_d18.zip | ch2_tmc_ncn_20241104T0027154205_d_img_d18.zip
2024-11-04 06:16:52+00:00,2024-11-04 06:16:52.132000+00:00,2024-11-04 06:29:33.985000+00:00,3,"AFT,FORE,NADIR","NCA,NCF,NCN",True,True,True,True,3,ch2_tmc_nca_20241104T0616521357_d_img_d18.zip | ch2_tmc_ncf_20241104T0616521324_d_img_d18.zip | ch2_tmc_ncn_20241104T0616521324_d_img_d18.zip
2024-11-04 08:13:24+00:00,2024-11-04 08:13:23.752000+00:00,2024-11-04 08:26:05.605000+00:00,3,"AFT,FORE,NADIR","NCA,NCF,NCN",True,True,True,True,3,ch2_tmc_nca_20241104T0813237524_d_img_d18.zip | ch2_tmc_ncf_20241104T0813237524_d_img_d18.zip | ch2_tmc_ncn_20241104T0813237556_d_img_d18.zip
2024-11-04 10:09:55+00:00,2024-11-04 10:09:55.499000+00:00,2024-11-04 10:22:38.375000+00:00,2,"FORE,NADIR","NCF,NCN",True,False,True,False,2,ch2_tmc_ncf_20241104T1009554991_d_img_d18.zip | ch2_tmc_ncn_20241104T1009554991_d_img_d18.zip
2024-11-04 10:09:56+00:00,2024-11-04 10:09:55.502000+00:00,2024-11-04 10:22:38.375000+00:00,1,AFT,NCA,False,True,False,False,1,ch2_tmc_nca_20241104T1009555024_d_img_d18.zip
2024-11-04 19:52:38+00:00,2024-11-04 19:52:37.941000+00:00,2024-11-04 20:04:13.893000+00:00,3,"AFT,FORE,NADIR","NCA,NCF,NCN",True,True,True,True,3,ch2_tmc_nca_20241104T1952379414_d_img_d18.zip | ch2_tmc_ncf_20241104T1952379446_d_img_d18.zip | ch2_tmc_ncn_20241104T1952379414_d_img_d18.zip
2024-11-05 07:31:57+00:00,2024-11-05 07:31:57.483000+00:00,2024-11-05 07:44:38.735000+00:00,3,"AFT,FORE,NADIR","NCA,NCF,NCN",True,True,True,True,3,ch2_tmc_nca_20241105T0731574867_d_img_d18.zip | ch2_tmc_ncf_20241105T0731574867_d_img_d18.zip | ch2_tmc_ncn_20241105T0731574835_d_img_d18.zip
2024-11-05 09:28:31+00:00,2024-11-05 09:28:31.446000+00:00,2024-11-05 09:41:12.403000+00:00,3,"AFT,FORE,NADIR","NCA,NCF,NCN",True,True,True,True,3,ch2_tmc_nca_20241105T0928314499_d_img_d18.zip | ch2_tmc_ncf_20241105T0928314467_d_img_d18.zip | ch2_tmc_ncn_20241105T0928314467_d_img_d18.zip
2024-11-05 11:25:04+00:00,2024-11-05 11:25:03.896000+00:00,2024-11-05 11:37:46.901000+00:00,3,"AFT,FORE,NADIR","NCA,NCF,NCN",True,True,True,True,3,ch2_tmc_nca_20241105T1125038960_d_img_d18.zip | ch2_tmc_ncf_20241105T1125038993_d_img_d18.zip | ch2_tmc_ncn_20241105T1125038960_d_img_d18.zip
2024-11-05 21:07:55+00:00,2024-11-05 21:07:54.681000+00:00,2024-11-05 21:14:32.110000+00:00,3,"AFT,FORE,NADIR","NCA,NCF,NCN",True,True,True,True,3,ch2_tmc_nca_20241105T2107546818_d_img_d18.zip | ch2_tmc_ncf_20241105T2107546818_d_img_d18.zip | ch2_tmc_ncn_20241105T2107546850_d_img_d18.zip
2024-11-05 21:14:22+00:00,2024-11-05 21:14:22.205000+00:00,2024-11-05 21:19:57.625000+00:00,3,"AFT,FORE,NADIR","NCA,NCF,NCN",True,True,True,True,3,ch2_tmc_nca_20241105T2114222056_d_img_d18.zip | ch2_tmc_ncf_20241105T2114222056_d_img_d18.zip | ch2_tmc_ncn_20241105T2114222382_d_img_d18.zip
2024-11-06 08:47:17+00:00,2024-11-06 08:47:16.618000+00:00,2024-11-06 08:55:17.886000+00:00,3,"AFT,FORE,NADIR","NCA,NCF,NCN",True,True,True,True,3,ch2_tmc_nca_20241106T0847166181_d_img_d18.zip | ch2_tmc_ncf_20241106T0847166213_d_img_d18.zip | ch2_tmc_ncn_20241106T0847166181_d_img_d18.zip
2024-11-06 08:55:06+00:00,2024-11-06 08:55:05.999000+00:00,2024-11-06 08:59:07.355000+00:00,3,"AFT,FORE,NADIR","NCA,NCF,NCN",True,True,True,True,3,ch2_tmc_nca_20241106T0855063129_d_img_d18.zip | ch2_tmc_ncf_20241106T0855059999_d_img_d18.zip | ch2_tmc_ncn_20241106T0855059999_d_img_d18.zip
2024-11-06 10:43:49+00:00,2024-11-06 10:43:48.579000+00:00,2024-11-06 10:53:56.935000+00:00,3,"AFT,FORE,NADIR","NCA,NCF,NCN",True,True,True,True,3,ch2_tmc_nca_20241106T1043485826_d_img_d18.zip | ch2_tmc_ncf_20241106T1043485793_d_img_d18.zip | ch2_tmc_ncn_20241106T1043485826_d_img_d18.zip
2024-11-06 10:53:50+00:00,2024-11-06 10:53:49.647000+00:00,2024-11-06 10:56:31.306000+00:00,3,"AFT,FORE,NADIR","NCA,NCF,NCN",True,True,True,True,3,ch2_tmc_nca_20241106T1053496509_d_img_d18.zip | ch2_tmc_ncf_20241106T1053496509_d_img_d18.zip | ch2_tmc_ncn_20241106T1053496476_d_img_d18.zip
2024-11-06 12:40:24+00:00,2024-11-06 12:40:24.354000+00:00,2024-11-06 12:50:46.340000+00:00,3,"AFT,FORE,NADIR","NCA,NCF,NCN",True,True,True,True,3,ch2_tmc_nca_20241106T1240243579_d_img_d18.zip | ch2_tmc_ncf_20241106T1240243547_d_img_d18.zip | ch2_tmc_ncn_20241106T1240243547_d_img_d18.zip
2024-11-06 12:50:39+00:00,2024-11-06 12:50:39.295000+00:00,2024-11-06 12:53:03.133000+00:00,3,"AFT,FORE,NADIR","NCA,NCF,NCN",True,True,True,True,3,ch2_tmc_nca_20241106T1250392958_d_img_d18.zip | ch2_tmc_ncf_20241106T1250392958_d_img_d18.zip | ch2_tmc_ncn_20241106T1250392958_d_img_d18.zip
2024-11-07 23:37:55+00:00,2024-11-07 23:37:55.478000+00:00,2024-11-07 23:46:54.265000+00:00,3,"AFT,FORE,NADIR","NCA,NCF,NCN",True,True,True,True,3,ch2_tmc_nca_20241107T2337554814_d_img_d18.zip | ch2_tmc_ncf_20241107T2337554782_d_img_d18.zip | ch2_tmc_ncn_20241107T2337554782_d_img_d18.zip
2024-11-07 23:46:47+00:00,2024-11-07 23:46:46.729000+00:00,2024-11-07 23:50:03.812000+00:00,3,"AFT,FORE,NADIR","NCA,NCF,NCN",True,True,True,True,3,ch2_tmc_nca_20241107T2346467299_d_img_d18.zip | ch2_tmc_ncf_20241107T2346467299_d_img_d18.zip | ch2_tmc_ncn_20241107T2346467299_d_img_d18.zip
2024-11-08 11:17:12+00:00,2024-11-08 11:17:12.198000+00:00,2024-11-08 11:26:00.802000+00:00,3,"AFT,FORE,NADIR","NCA,NCF,NCN",True,True,True,True,3,ch2_tmc_nca_20241108T1117121986_d_img_d18.zip | ch2_tmc_ncf_20241108T1117121986_d_img_d18.zip | ch2_tmc_ncn_20241108T1117122019_d_img_d18.zip
2024-11-08 13:13:45+00:00,2024-11-08 13:13:45.455000+00:00,2024-11-08 13:24:24.242000+00:00,3,"AFT,FORE,NADIR","NCA,NCF,NCN",True,True,True,True,3,ch2_tmc_nca_20241108T1313454554_d_img_d18.zip | ch2_tmc_ncf_20241108T1313454554_d_img_d18.zip | ch2_tmc_ncn_20241108T1313454554_d_img_d18.zip
2024-11-08 13:24:19+00:00,2024-11-08 13:24:19.217000+00:00,2024-11-08 13:26:21.810000+00:00,3,"AFT,FORE,NADIR","NCA,NCF,NCN",True,True,True,True,3,ch2_tmc_nca_20241108T1324192205_d_img_d18.zip | ch2_tmc_ncf_20241108T1324192205_d_img_d18.zip | ch2_tmc_ncn_20241108T1324192172_d_img_d18.zip
2024-11-08 15:10:18+00:00,2024-11-08 15:10:17.848000+00:00,2024-11-08 15:21:05.496000+00:00,3,"AFT,FORE,NADIR","NCA,NCF,NCN",True,True,True,True,3,ch2_tmc_nca_20241108T1510178521_d_img_d18.zip | ch2_tmc_ncf_20241108T1510178488_d_img_d18.zip | ch2_tmc_ncn_20241108T1510178488_d_img_d18.zip
2024-11-08 15:20:56+00:00,2024-11-08 15:20:56.432000+00:00,2024-11-08 15:22:52.517000+00:00,3,"AFT,FORE,NADIR","NCA,NCF,NCN",True,True,True,True,3,ch2_tmc_nca_20241108T1520564321_d_img_d18.zip | ch2_tmc_ncf_20241108T1520564321_d_img_d18.zip | ch2_tmc_ncn_20241108T1520564321_d_img_d18.zip
2024-11-09 10:35:41+00:00,2024-11-09 10:35:41.161000+00:00,2024-11-09 10:48:21.963000+00:00,3,"AFT,FORE,NADIR","NCA,NCF,NCN",True,True,True,True,3,ch2_tmc_nca_20241109T1035411619_d_img_d18.zip | ch2_tmc_ncf_20241109T1035411651_d_img_d18.zip | ch2_tmc_ncn_20241109T1035411619_d_img_d18.zip
2024-11-09 14:28:48+00:00,2024-11-09 14:28:47.806000+00:00,2024-11-09 14:41:28.762000+00:00,3,"AFT,FORE,NADIR","NCA,NCF,NCN",True,True,True,True,3,ch2_tmc_nca_20241109T1428478063_d_img_d18.zip | ch2_tmc_ncf_20241109T1428478063_d_img_d18.zip | ch2_tmc_ncn_20241109T1428478096_d_img_d18.zip
2024-11-09 16:25:22+00:00,2024-11-09 16:25:22.478000+00:00,2024-11-09 16:38:03.435000+00:00,3,"AFT,FORE,NADIR","NCA,NCF,NCN",True,True,True,True,3,ch2_tmc_nca_20241109T1625224820_d_img_d18.zip | ch2_tmc_ncf_20241109T1625224788_d_img_d18.zip | ch2_tmc_ncn_20241109T1625224788_d_img_d18.zip
2024-11-10 09:54:31+00:00,2024-11-10 09:54:31.104000+00:00,2024-11-10 10:07:09.882000+00:00,3,"AFT,FORE,NADIR","NCA,NCF,NCN",True,True,True,True,3,ch2_tmc_nca_20241110T0954311040_d_img_d18.zip | ch2_tmc_ncf_20241110T0954311072_d_img_d18.zip | ch2_tmc_ncn_20241110T0954311040_d_img_d18.zip
2024-11-11 11:09:57+00:00,2024-11-11 11:09:56.723000+00:00,2024-11-11 11:22:32.557000+00:00,3,"AFT,FORE,NADIR","NCA,NCF,NCN",True,True,True,True,3,ch2_tmc_nca_20241111T1109567235_d_img_d18.zip | ch2_tmc_ncf_20241111T1109567235_d_img_d18.zip | ch2_tmc_ncn_20241111T1109567266_d_img_d18.zip
2024-11-11 17:01:18+00:00,2024-11-11 17:01:17.726000+00:00,2024-11-11 17:14:14.937000+00:00,3,"AFT,FORE,NADIR","NCA,NCF,NCN",True,True,True,True,3,ch2_tmc_nca_20241111T1701177294_d_img_d18.zip | ch2_tmc_ncf_20241111T1701177261_d_img_d18.zip | ch2_tmc_ncn_20241111T1701177261_d_img_d18.zip
2024-11-12 00:53:33+00:00,2024-11-12 00:53:32.648000+00:00,2024-11-12 01:06:28.962000+00:00,3,"AFT,FORE,NADIR","NCA,NCF,NCN",True,True,True,True,3,ch2_tmc_nca_20241112T0053326513_d_img_d18.zip | ch2_tmc_ncf_20241112T0053326481_d_img_d18.zip | ch2_tmc_ncn_20241112T0053326481_d_img_d18.zip
2024-11-12 12:41:55+00:00,2024-11-12 12:41:54.982000+00:00,2024-11-12 12:54:49.122000+00:00,3,"AFT,FORE,NADIR","NCA,NCF,NCN",True,True,True,True,3,ch2_tmc_nca_20241112T1241549825_d_img_d18.zip | ch2_tmc_ncf_20241112T1241549825_d_img_d18.zip | ch2_tmc_ncn_20241112T1241549857_d_img_d18.zip
2024-11-12 14:39:58+00:00,2024-11-12 14:39:57.734000+00:00,2024-11-12 14:52:54.523000+00:00,3,"AFT,FORE,NADIR","NCA,NCF,NCN",True,True,True,True,3,ch2_tmc_nca_20241112T1439577344_d_img_d18.zip | ch2_tmc_ncf_20241112T1439577377_d_img_d18.zip | ch2_tmc_ncn_20241112T1439577344_d_img_d18.zip
2024-11-12 16:38:00+00:00,2024-11-12 16:38:00.440000+00:00,2024-11-12 16:50:56.755000+00:00,3,"AFT,FORE,NADIR","NCA,NCF,NCN",True,True,True,True,3,ch2_tmc_nca_20241112T1638004406_d_img_d18.zip | ch2_tmc_ncf_20241112T1638004406_d_img_d18.zip | ch2_tmc_ncn_20241112T1638004439_d_img_d18.zip
2024-11-13 04:26:29+00:00,2024-11-13 04:26:28.914000+00:00,2024-11-13 04:39:25.998000+00:00,3,"AFT,FORE,NADIR","NCA,NCF,NCN",True,True,True,True,3,ch2_tmc_nca_20241113T0426289179_d_img_d18.zip | ch2_tmc_ncf_20241113T0426289146_d_img_d18.zip | ch2_tmc_ncn_20241113T0426289146_d_img_d18.zip
2024-11-13 16:14:54+00:00,2024-11-13 16:14:54.286000+00:00,2024-11-13 16:27:11.930000+00:00,3,"AFT,FORE,NADIR","NCA,NCF,NCN",True,True,True,True,3,ch2_tmc_nca_20241113T1614542861_d_img_d18.zip | ch2_tmc_ncf_20241113T1614542861_d_img_d18.zip | ch2_tmc_ncn_20241113T1614542893_d_img_d18.zip
2024-11-13 20:11:02+00:00,2024-11-13 20:11:02.370000+00:00,2024-11-13 20:23:55.348000+00:00,3,"AFT,FORE,NADIR","NCA,NCF,NCN",True,True,True,True,3,ch2_tmc_nca_20241113T2011023707_d_img_d18.zip | ch2_tmc_ncf_20241113T2011023707_d_img_d18.zip | ch2_tmc_ncn_20241113T2011023707_d_img_d18.zip
2024-11-14 15:51:33+00:00,2024-11-14 15:51:32.915000+00:00,2024-11-14 16:04:23.323000+00:00,3,"AFT,FORE,NADIR","NCA,NCF,NCN",True,True,True,True,3,ch2_tmc_nca_20241114T1551329183_d_img_d18.zip | ch2_tmc_ncf_20241114T1551329150_d_img_d18.zip | ch2_tmc_ncn_20241114T1551329183_d_img_d18.zip
2024-11-14 19:47:41+00:00,2024-11-14 19:47:40.879000+00:00,2024-11-14 20:00:29.900000+00:00,3,"AFT,FORE,NADIR","NCA,NCF,NCN",True,True,True,True,3,ch2_tmc_nca_20241114T1947408792_d_img_d18.zip | ch2_tmc_ncf_20241114T1947408792_d_img_d18.zip | ch2_tmc_ncn_20241114T1947408823_d_img_d18.zip
2024-11-15 21:22:24+00:00,2024-11-15 21:22:24.104000+00:00,2024-11-15 21:32:15.973000+00:00,3,"AFT,FORE,NADIR","NCA,NCF,NCN",True,True,True,True,3,ch2_tmc_nca_20241115T2122241048_d_img_d18.zip | ch2_tmc_ncf_20241115T2122241081_d_img_d18.zip | ch2_tmc_ncn_20241115T2122241048_d_img_d18.zip
2024-11-19 09:57:40+00:00,2024-11-19 09:57:40.121000+00:00,2024-11-19 10:05:00.313000+00:00,3,"AFT,FORE,NADIR","NCA,NCF,NCN",True,True,True,True,3,ch2_tmc_nca_20241119T0957401210_d_img_d18.zip | ch2_tmc_ncf_20241119T0957401242_d_img_d18.zip | ch2_tmc_ncn_20241119T0957401210_d_img_d18.zip
2024-11-19 21:45:52+00:00,2024-11-19 21:45:52.295000+00:00,2024-11-19 21:53:49.160000+00:00,3,"AFT,FORE,NADIR","NCA,NCF,NCN",True,True,True,True,3,ch2_tmc_nca_20241119T2145522956_d_img_d18.zip | ch2_tmc_ncf_20241119T2145523281_d_img_d18.zip | ch2_tmc_ncn_20241119T2145522956_d_img_d18.zip
2024-11-19 21:53:40+00:00,2024-11-19 21:53:40.197000+00:00,2024-11-19 21:58:10.385000+00:00,3,"AFT,FORE,NADIR","NCA,NCF,NCN",True,True,True,True,3,ch2_tmc_nca_20241119T2153401973_d_img_d18.zip | ch2_tmc_ncf_20241119T2153402006_d_img_d18.zip | ch2_tmc_ncn_20241119T2153402006_d_img_d18.zip
2024-11-20 11:32:02+00:00,2024-11-20 11:32:01.875000+00:00,2024-11-20 11:45:07.405000+00:00,3,"AFT,FORE,NADIR","NCA,NCF,NCN",True,True,True,True,3,ch2_tmc_nca_20241120T1132018752_d_img_d18.zip | ch2_tmc_ncf_20241120T1132018752_d_img_d18.zip | ch2_tmc_ncn_20241120T1132018784_d_img_d18.zip
2024-11-20 23:20:11+00:00,2024-11-20 23:20:10.587000+00:00,2024-11-20 23:28:28.785000+00:00,3,"AFT,FORE,NADIR","NCA,NCF,NCN",True,True,True,True,3,ch2_tmc_nca_20241120T2320105905_d_img_d18.zip | ch2_tmc_ncf_20241120T2320105873_d_img_d18.zip | ch2_tmc_ncn_20241120T2320105873_d_img_d18.zip
2024-11-20 23:28:19+00:00,2024-11-20 23:28:19.193000+00:00,2024-11-20 23:32:50.280000+00:00,3,"AFT,FORE,NADIR","NCA,NCF,NCN",True,True,True,True,3,ch2_tmc_nca_20241120T2328191968_d_img_d18.zip | ch2_tmc_ncf_20241120T2328191936_d_img_d18.zip | ch2_tmc_ncn_20241120T2328191936_d_img_d18.zip
2024-11-21 13:06:18+00:00,2024-11-21 13:06:17.895000+00:00,2024-11-21 13:19:27.214000+00:00,3,"AFT,FORE,NADIR","NCA,NCF,NCN",True,True,True,True,3,ch2_tmc_nca_20241121T1306178983_d_img_d18.zip | ch2_tmc_ncf_20241121T1306178950_d_img_d18.zip | ch2_tmc_ncn_20241121T1306178950_d_img_d18.zip
2024-11-21 20:58:24+00:00,2024-11-21 20:58:23.526000+00:00,2024-11-21 21:07:18.148000+00:00,3,"AFT,FORE,NADIR","NCA,NCF,NCN",True,True,True,True,3,ch2_tmc_nca_20241121T2058235265_d_img_d18.zip | ch2_tmc_ncf_20241121T2058235297_d_img_d18.zip | ch2_tmc_ncn_20241121T2058235265_d_img_d18.zip
2024-11-21 21:07:10+00:00,2024-11-21 21:07:09.764000+00:00,2024-11-21 21:11:32.130000+00:00,3,"AFT,FORE,NADIR","NCA,NCF,NCN",True,True,True,True,3,ch2_tmc_nca_20241121T2107097641_d_img_d18.zip | ch2_tmc_ncf_20241121T2107097673_d_img_d18.zip | ch2_tmc_ncn_20241121T2107097641_d_img_d18.zip
2024-11-22 02:52:29+00:00,2024-11-22 02:52:28.513000+00:00,2024-11-22 03:05:35.962000+00:00,3,"AFT,FORE,NADIR","NCA,NCF,NCN",True,True,True,True,3,ch2_tmc_nca_20241122T0252285131_d_img_d18.zip | ch2_tmc_ncf_20241122T0252285131_d_img_d18.zip | ch2_tmc_ncn_20241122T0252285163_d_img_d18.zip
2024-11-23 16:29:50+00:00,2024-11-23 16:29:49.808000+00:00,2024-11-23 16:50:47.404000+00:00,3,"AFT,FORE,NADIR","NCA,NCF,NCN",True,True,True,True,3,ch2_tmc_nca_20241123T1629498089_d_img_d18.zip | ch2_tmc_ncf_20241123T1629498122_d_img_d18.zip | ch2_tmc_ncn_20241123T1629498089_d_img_d18.zip
2024-11-23 22:24:00+00:00,2024-11-23 22:23:59.809000+00:00,2024-11-23 22:25:38.631000+00:00,3,"AFT,FORE,NADIR","NCA,NCF,NCN",True,True,True,True,3,ch2_tmc_nca_20241123T2223598097_d_img_d18.zip | ch2_tmc_ncf_20241123T2223598130_d_img_d18.zip | ch2_tmc_ncn_20241123T2223598097_d_img_d18.zip
2024-11-23 22:25:34+00:00,2024-11-23 22:25:33.894000+00:00,2024-11-23 22:44:57.278000+00:00,3,"AFT,FORE,NADIR","NCA,NCF,NCN",True,True,True,True,3,ch2_tmc_nca_20241123T2225338972_d_img_d18.zip | ch2_tmc_ncf_20241123T2225338972_d_img_d18.zip | ch2_tmc_ncn_20241123T2225338940_d_img_d18.zip
2024-11-24 04:18:08+00:00,2024-11-24 04:18:07.505000+00:00,2024-11-24 04:39:05.103000+00:00,3,"AFT,FORE,NADIR","NCA,NCF,NCN",True,True,True,True,3,ch2_tmc_nca_20241124T0418075050_d_img_d18.zip | ch2_tmc_ncf_20241124T0418075050_d_img_d18.zip | ch2_tmc_ncn_20241124T0418075083_d_img_d18.zip
2024-11-24 16:06:30+00:00,2024-11-24 16:06:29.898000+00:00,2024-11-24 16:27:26.341000+00:00,3,"AFT,FORE,NADIR","NCA,NCF,NCN",True,True,True,True,3,ch2_tmc_nca_20241124T1606299014_d_img_d18.zip | ch2_tmc_ncf_20241124T1606298982_d_img_d18.zip | ch2_tmc_ncn_20241124T1606298982_d_img_d18.zip
2024-11-25 13:45:09+00:00,2024-11-25 13:45:08.562000+00:00,2024-11-25 14:06:01.378000+00:00,3,"AFT,FORE,NADIR","NCA,NCF,NCN",True,True,True,True,3,ch2_tmc_nca_20241125T1345088874_d_img_d18.zip | ch2_tmc_ncf_20241125T1345085624_d_img_d18.zip | ch2_tmc_ncn_20241125T1345085624_d_img_d18.zip
2024-11-27 01:23:24+00:00,2024-11-27 01:23:23.824000+00:00,2024-11-27 01:44:39.722000+00:00,3,"AFT,FORE,NADIR","NCA,NCF,NCN",True,True,True,True,3,ch2_tmc_nca_20241127T0123238241_d_img_d18.zip | ch2_tmc_ncf_20241127T0123238241_d_img_d18.zip | ch2_tmc_ncn_20241127T0123238274_d_img_d18.zip
2024-11-27 05:21:54+00:00,2024-11-27 05:21:53.839000+00:00,2024-11-27 05:43:09.867000+00:00,3,"AFT,FORE,NADIR","NCA,NCF,NCN",True,True,True,True,3,ch2_tmc_nca_20241127T0521538428_d_img_d18.zip | ch2_tmc_ncf_20241127T0521538396_d_img_d18.zip | ch2_tmc_ncn_20241127T0521538396_d_img_d18.zip
2024-11-27 15:18:07+00:00,2024-11-27 15:18:07.240000+00:00,2024-11-27 15:39:20.197000+00:00,3,"AFT,FORE,NADIR","NCA,NCF,NCN",True,True,True,True,3,ch2_tmc_nca_20241127T1518072436_d_img_d18.zip | ch2_tmc_ncf_20241127T1518072404_d_img_d18.zip | ch2_tmc_ncn_20241127T1518072404_d_img_d18.zip
2024-11-28 01:14:23+00:00,2024-11-28 01:14:22.976000+00:00,2024-11-28 01:35:31.839000+00:00,3,"AFT,FORE,NADIR","NCA,NCF,NCN",True,True,True,True,3,ch2_tmc_nca_20241128T0114229765_d_img_d18.zip | ch2_tmc_ncf_20241128T0114229765_d_img_d18.zip | ch2_tmc_ncn_20241128T0114229797_d_img_d18.zip
2024-11-28 05:12:49+00:00,2024-11-28 05:12:48.844000+00:00,2024-11-28 05:33:59.626000+00:00,3,"AFT,FORE,NADIR","NCA,NCF,NCN",True,True,True,True,3,ch2_tmc_nca_20241128T0512488477_d_img_d18.zip | ch2_tmc_ncf_20241128T0512488444_d_img_d18.zip | ch2_tmc_ncn_20241128T0512488444_d_img_d18.zip
2024-11-28 17:08:13+00:00,2024-11-28 17:08:12.999000+00:00,2024-11-28 17:24:48.991000+00:00,3,"AFT,FORE,NADIR","NCA,NCF,NCN",True,True,True,True,3,ch2_tmc_nca_20241128T1708132750_d_img_d18.zip | ch2_tmc_ncf_20241128T1708129995_d_img_d18.zip | ch2_tmc_ncn_20241128T1708129995_d_img_d18.zip
2024-11-28 17:24:41+00:00,2024-11-28 17:24:40.905000+00:00,2024-11-28 17:29:22.755000+00:00,3,"AFT,FORE,NADIR","NCA,NCF,NCN",True,True,True,True,3,ch2_tmc_nca_20241128T1724409052_d_img_d18.zip | ch2_tmc_ncf_20241128T1724409085_d_img_d18.zip | ch2_tmc_ncn_20241128T1724409052_d_img_d18.zip
2024-11-29 03:04:34+00:00,2024-11-29 03:04:33.807000+00:00,2024-11-29 03:25:42.666000+00:00,3,"AFT,FORE,NADIR","NCA,NCF,NCN",True,True,True,True,3,ch2_tmc_nca_20241129T0304338071_d_img_d18.zip | ch2_tmc_ncf_20241129T0304338071_d_img_d18.zip | ch2_tmc_ncn_20241129T0304338104_d_img_d18.zip
2024-11-29 07:03:02+00:00,2024-11-29 07:03:01.786000+00:00,2024-11-29 07:24:10.519000+00:00,3,"AFT,FORE,NADIR","NCA,NCF,NCN",True,True,True,True,3,ch2_tmc_nca_20241129T0703017861_d_img_d18.zip | ch2_tmc_ncf_20241129T0703017861_d_img_d18.zip | ch2_tmc_ncn_20241129T0703017894_d_img_d18.zip
2024-11-29 16:59:13+00:00,2024-11-29 16:59:13.139000+00:00,2024-11-29 17:20:21.999000+00:00,3,"AFT,FORE,NADIR","NCA,NCF,NCN",True,True,True,True,3,ch2_tmc_nca_20241129T1659131393_d_img_d18.zip | ch2_tmc_ncf_20241129T1659131393_d_img_d18.zip | ch2_tmc_ncn_20241129T1659131426_d_img_d18.zip
2024-11-30 06:53:50+00:00,2024-11-30 06:53:49.618000+00:00,2024-11-30 07:14:58.478000+00:00,3,"AFT,FORE,NADIR","NCA,NCF,NCN",True,True,True,True,3,ch2_tmc_nca_20241130T0653496221_d_img_d18.zip | ch2_tmc_ncf_20241130T0653496188_d_img_d18.zip | ch2_tmc_ncn_20241130T0653496188_d_img_d18.zip
2024-11-30 18:49:07+00:00,2024-11-30 18:49:06.733000+00:00,2024-11-30 19:01:53.321000+00:00,3,"AFT,FORE,NADIR","NCA,NCF,NCN",True,True,True,True,3,ch2_tmc_nca_20241130T1849067339_d_img_d18.zip | ch2_tmc_ncf_20241130T1849067372_d_img_d18.zip | ch2_tmc_ncn_20241130T1849067339_d_img_d18.zip
2024-11-30 19:01:45+00:00,2024-11-30 19:01:45.283000+00:00,2024-11-30 19:10:16.490000+00:00,3,"AFT,FORE,NADIR","NCA,NCF,NCN",True,True,True,True,3,ch2_tmc_nca_20241130T1901452864_d_img_d18.zip | ch2_tmc_ncf_20241130T1901452832_d_img_d18.zip | ch2_tmc_ncn_20241130T1901452864_d_img_d18.zip
2024-12-01 06:44:16+00:00,2024-12-01 06:44:15.869000+00:00,2024-12-01 07:05:27.674000+00:00,3,"AFT,FORE,NADIR","NCA,NCF,NCN",True,True,True,True,3,ch2_tmc_nca_20241201T0644158698_d_img_d18.zip | ch2_tmc_ncf_20241201T0644158698_d_img_d18.zip | ch2_tmc_ncn_20241201T0644158731_d_img_d18.zip
2024-12-01 18:39:26+00:00,2024-12-01 18:39:25.654000+00:00,2024-12-01 18:59:59.616000+00:00,3,"AFT,FORE,NADIR","NCA,NCF,NCN",True,True,True,True,6,ch2_tmc_nca_20241201T1839256540_d_img_d18.zip | ch2_tmc_nca_20241201T1839258483_d_img_d18.zip | ch2_tmc_ncf_20241201T1839256573_d_img_d18.zip | ch2_tmc_ncf_20241201T1839258483_d_img_d18.zip | ch2_tmc_ncn_20241201T1839256540_d_img_d18.zip | ch2_tmc_ncn_20241201T1839258450_d_img_d18.zip
2024-12-02 06:34:40+00:00,2024-12-02 06:34:39.517000+00:00,2024-12-02 06:55:53.450000+00:00,3,"AFT,FORE,NADIR","NCA,NCF,NCN",True,True,True,True,3,ch2_tmc_nca_20241202T0634395170_d_img_d18.zip | ch2_tmc_ncf_20241202T0634395170_d_img_d18.zip | ch2_tmc_ncn_20241202T0634395170_d_img_d18.zip
2024-12-02 10:33:05+00:00,2024-12-02 10:33:05.469000+00:00,2024-12-02 10:54:19.448000+00:00,3,"AFT,FORE,NADIR","NCA,NCF,NCN",True,True,True,True,3,ch2_tmc_nca_20241202T1033054698_d_img_d18.zip | ch2_tmc_ncf_20241202T1033054698_d_img_d18.zip | ch2_tmc_ncn_20241202T1033054730_d_img_d18.zip
2024-12-02 22:28:26+00:00,2024-12-02 22:28:25.655000+00:00,2024-12-02 22:35:22.616000+00:00,3,"AFT,FORE,NADIR","NCA,NCF,NCN",True,True,True,True,3,ch2_tmc_nca_20241202T2228256555_d_img_d18.zip | ch2_tmc_ncf_20241202T2228256555_d_img_d18.zip | ch2_tmc_ncn_20241202T2228256588_d_img_d18.zip
2024-12-02 22:35:15+00:00,2024-12-02 22:35:14.736000+00:00,2024-12-02 22:46:43.786000+00:00,3,"AFT,FORE,NADIR","NCA,NCF,NCN",True,True,True,True,3,ch2_tmc_nca_20241202T2235147368_d_img_d18.zip | ch2_tmc_ncf_20241202T2235147400_d_img_d18.zip | ch2_tmc_ncn_20241202T2235147368_d_img_d18.zip
2024-12-02 22:46:37+00:00,2024-12-02 22:46:36.916000+00:00,2024-12-02 22:49:18.302000+00:00,3,"AFT,FORE,NADIR","NCA,NCF,NCN",True,True,True,True,3,ch2_tmc_nca_20241202T2246369193_d_img_d18.zip | ch2_tmc_ncf_20241202T2246369161_d_img_d18.zip | ch2_tmc_ncn_20241202T2246369161_d_img_d18.zip
2024-12-03 10:22:41+00:00,2024-12-03 10:22:40.543000+00:00,2024-12-03 10:43:43.106000+00:00,3,"AFT,FORE,NADIR","NCA,NCF,NCN",True,True,True,True,3,ch2_tmc_nca_20241203T1022405434_d_img_d18.zip | ch2_tmc_ncf_20241203T1022405434_d_img_d18.zip | ch2_tmc_ncn_20241203T1022405466_d_img_d18.zip
2024-12-03 22:10:06+00:00,2024-12-03 22:10:05.528000+00:00,2024-12-03 22:31:22.452000+00:00,3,"AFT,FORE,NADIR","NCA,NCF,NCN",True,True,True,True,3,ch2_tmc_nca_20241203T2210055280_d_img_d18.zip | ch2_tmc_ncf_20241203T2210055313_d_img_d18.zip | ch2_tmc_ncn_20241203T2210055280_d_img_d18.zip
2024-12-04 06:01:47+00:00,2024-12-04 06:01:47.487000+00:00,2024-12-04 06:23:07.611000+00:00,3,"AFT,FORE,NADIR","NCA,NCF,NCN",True,True,True,True,3,ch2_tmc_nca_20241204T0601474872_d_img_d18.zip | ch2_tmc_ncf_20241204T0601474903_d_img_d18.zip | ch2_tmc_ncn_20241204T0601474872_d_img_d18.zip
2024-12-04 07:59:44+00:00,2024-12-04 07:59:44.302000+00:00,2024-12-04 08:21:03.274000+00:00,3,"AFT,FORE,NADIR","NCA,NCF,NCN",True,True,True,True,3,ch2_tmc_nca_20241204T0759443057_d_img_d18.zip | ch2_tmc_ncf_20241204T0759443026_d_img_d18.zip | ch2_tmc_ncn_20241204T0759443026_d_img_d18.zip
2024-12-04 11:55:32+00:00,2024-12-04 11:55:32.262000+00:00,2024-12-04 12:16:53.412000+00:00,3,"AFT,FORE,NADIR","NCA,NCF,NCN",True,True,True,True,3,ch2_tmc_nca_20241204T1155322627_d_img_d18.zip | ch2_tmc_ncf_20241204T1155322627_d_img_d18.zip | ch2_tmc_ncn_20241204T1155322659_d_img_d18.zip
2024-12-04 21:45:10+00:00,2024-12-04 21:45:09.787000+00:00,2024-12-04 22:06:31.831000+00:00,3,"AFT,FORE,NADIR","NCA,NCF,NCN",True,True,True,True,3,ch2_tmc_nca_20241204T2145097873_d_img_d18.zip | ch2_tmc_ncf_20241204T2145097906_d_img_d18.zip | ch2_tmc_ncn_20241204T2145097873_d_img_d18.zip
2024-12-05 07:34:47+00:00,2024-12-05 07:34:46.629000+00:00,2024-12-05 07:56:08.801000+00:00,3,"AFT,FORE,NADIR","NCA,NCF,NCN",True,True,True,True,3,ch2_tmc_nca_20241205T0734466290_d_img_d18.zip | ch2_tmc_ncf_20241205T0734466290_d_img_d18.zip | ch2_tmc_ncn_20241205T0734466323_d_img_d18.zip
2024-12-05 09:32:43+00:00,2024-12-05 09:32:42.860000+00:00,2024-12-05 09:54:04.129000+00:00,3,"AFT,FORE,NADIR","NCA,NCF,NCN",True,True,True,True,3,ch2_tmc_nca_20241205T0932428605_d_img_d18.zip | ch2_tmc_ncf_20241205T0932428930_d_img_d18.zip | ch2_tmc_ncn_20241205T0932428605_d_img_d18.zip
2024-12-05 11:30:38+00:00,2024-12-05 11:30:37.697000+00:00,2024-12-05 11:52:00.762000+00:00,3,"AFT,FORE,NADIR","NCA,NCF,NCN",True,True,True,True,3,ch2_tmc_nca_20241205T1130377004_d_img_d18.zip | ch2_tmc_ncf_20241205T1130376971_d_img_d18.zip | ch2_tmc_ncn_20241205T1130376971_d_img_d18.zip
2024-12-05 13:28:34+00:00,2024-12-05 13:28:34.177000+00:00,2024-12-05 13:49:57.372000+00:00,3,"AFT,FORE,NADIR","NCA,NCF,NCN",True,True,True,True,3,ch2_tmc_nca_20241205T1328341771_d_img_d18.zip | ch2_tmc_ncf_20241205T1328341804_d_img_d18.zip | ch2_tmc_ncn_20241205T1328341771_d_img_d18.zip
2024-12-05 23:18:14+00:00,2024-12-05 23:18:14.473000+00:00,2024-12-05 23:30:58.659000+00:00,3,"AFT,FORE,NADIR","NCA,NCF,NCN",True,True,True,True,3,ch2_tmc_nca_20241205T2318144735_d_img_d18.zip | ch2_tmc_ncf_20241205T2318144735_d_img_d18.zip | ch2_tmc_ncn_20241205T2318144767_d_img_d18.zip
2024-12-05 23:30:52+00:00,2024-12-05 23:30:51.676000+00:00,2024-12-05 23:39:35.620000+00:00,3,"AFT,FORE,NADIR","NCA,NCF,NCN",True,True,True,True,3,ch2_tmc_nca_20241205T2330516799_d_img_d18.zip | ch2_tmc_ncf_20241205T2330516767_d_img_d18.zip | ch2_tmc_ncn_20241205T2330516799_d_img_d18.zip
2024-12-06 09:07:57+00:00,2024-12-06 09:07:56.885000+00:00,2024-12-06 09:29:18.362000+00:00,3,"AFT,FORE,NADIR","NCA,NCF,NCN",True,True,True,True,3,ch2_tmc_nca_20241206T0907568891_d_img_d18.zip | ch2_tmc_ncf_20241206T0907568858_d_img_d18.zip | ch2_tmc_ncn_20241206T0907568858_d_img_d18.zip
2024-12-06 11:05:55+00:00,2024-12-06 11:05:54.880000+00:00,2024-12-06 11:27:14.878000+00:00,3,"AFT,FORE,NADIR","NCA,NCF,NCN",True,True,True,True,3,ch2_tmc_nca_20241206T1105548802_d_img_d18.zip | ch2_tmc_ncf_20241206T1105548834_d_img_d18.zip | ch2_tmc_ncn_20241206T1105548802_d_img_d18.zip
2024-12-06 13:03:51+00:00,2024-12-06 13:03:50.595000+00:00,2024-12-06 13:25:10.716000+00:00,3,"AFT,FORE,NADIR","NCA,NCF,NCN",True,True,True,True,3,ch2_tmc_nca_20241206T1303505989_d_img_d18.zip | ch2_tmc_ncf_20241206T1303505957_d_img_d18.zip | ch2_tmc_ncn_20241206T1303505957_d_img_d18.zip
2024-12-06 22:53:37+00:00,2024-12-06 22:53:36.582000+00:00,2024-12-06 23:14:56.569000+00:00,3,"AFT,FORE,NADIR","NCA,NCF,NCN",True,True,True,True,3,ch2_tmc_nca_20241206T2253366150_d_img_d18.zip | ch2_tmc_ncf_20241206T2253365825_d_img_d18.zip | ch2_tmc_ncn_20241206T2253365825_d_img_d18.zip
2024-12-07 14:37:18+00:00,2024-12-07 14:37:17.932000+00:00,2024-12-07 14:58:35.434000+00:00,3,"AFT,FORE,NADIR","NCA,NCF,NCN",True,True,True,True,3,ch2_tmc_nca_20241207T1437179647_d_img_d18.zip | ch2_tmc_ncf_20241207T1437179322_d_img_d18.zip | ch2_tmc_ncn_20241207T1437179322_d_img_d18.zip
2024-12-08 00:27:06+00:00,2024-12-08 00:27:06.485000+00:00,2024-12-08 00:48:23.539000+00:00,3,"AFT,FORE,NADIR","NCA,NCF,NCN",True,True,True,True,3,ch2_tmc_nca_20241208T0027064854_d_img_d18.zip | ch2_tmc_ncf_20241208T0027064854_d_img_d18.zip | ch2_tmc_ncn_20241208T0027064886_d_img_d18.zip
2024-12-08 16:10:49+00:00,2024-12-08 16:10:49.243000+00:00,2024-12-08 16:32:05.522000+00:00,3,"AFT,FORE,NADIR","NCA,NCF,NCN",True,True,True,True,3,ch2_tmc_nca_20241208T1610492430_d_img_d18.zip | ch2_tmc_ncf_20241208T1610492430_d_img_d18.zip | ch2_tmc_ncn_20241208T1610492756_d_img_d18.zip
2024-12-09 00:02:37+00:00,2024-12-09 00:02:37.340000+00:00,2024-12-09 00:23:52.345000+00:00,3,"AFT,FORE,NADIR","NCA,NCF,NCN",True,True,True,True,3,ch2_tmc_nca_20241209T0002373432_d_img_d18.zip | ch2_tmc_ncf_20241209T0002373400_d_img_d18.zip | ch2_tmc_ncn_20241209T0002373400_d_img_d18.zip
2024-12-09 09:52:26+00:00,2024-12-09 09:52:26.131000+00:00,2024-12-09 10:13:40.889000+00:00,3,"AFT,FORE,NADIR","NCA,NCF,NCN",True,True,True,True,3,ch2_tmc_nca_20241209T0952261318_d_img_d18.zip | ch2_tmc_ncf_20241209T0952261643_d_img_d18.zip | ch2_tmc_ncn_20241209T0952261318_d_img_d18.zip
2024-12-09 11:50:25+00:00,2024-12-09 11:50:24.749000+00:00,2024-12-09 12:11:38.602000+00:00,3,"AFT,FORE,NADIR","NCA,NCF,NCN",True,True,True,True,3,ch2_tmc_nca_20241209T1150247496_d_img_d18.zip | ch2_tmc_ncf_20241209T1150247496_d_img_d18.zip | ch2_tmc_ncn_20241209T1150247528_d_img_d18.zip
2024-12-09 13:48:23+00:00,2024-12-09 13:48:23.280000+00:00,2024-12-09 14:09:36.237000+00:00,3,"AFT,FORE,NADIR","NCA,NCF,NCN",True,True,True,True,3,ch2_tmc_nca_20241209T1348232806_d_img_d18.zip | ch2_tmc_ncf_20241209T1348232806_d_img_d18.zip | ch2_tmc_ncn_20241209T1348232838_d_img_d18.zip
2024-12-09 15:46:20+00:00,2024-12-09 15:46:20.229000+00:00,2024-12-09 16:07:33.852000+00:00,2,"AFT,FORE","NCA,NCF",False,True,True,False,2,ch2_tmc_nca_20241209T1546202299_d_img_d18.zip | ch2_tmc_ncf_20241209T1546202299_d_img_d18.zip
2024-12-09 15:46:21+00:00,2024-12-09 15:46:20.554000+00:00,2024-12-09 16:07:33.852000+00:00,1,NADIR,NCN,True,False,False,False,1,ch2_tmc_ncn_20241209T1546205549_d_img_d18.zip
2024-12-10 01:36:11+00:00,2024-12-10 01:36:11.371000+00:00,2024-12-10 01:57:23.176000+00:00,3,"AFT,FORE,NADIR","NCA,NCF,NCN",True,True,True,True,3,ch2_tmc_nca_20241210T0136113717_d_img_d18.zip | ch2_tmc_ncf_20241210T0136113748_d_img_d18.zip | ch2_tmc_ncn_20241210T0136113717_d_img_d18.zip
2024-12-10 11:26:03+00:00,2024-12-10 11:26:02.541000+00:00,2024-12-10 11:47:11.810000+00:00,3,"AFT,FORE,NADIR","NCA,NCF,NCN",True,True,True,True,3,ch2_tmc_nca_20241210T1126025737_d_img_d18.zip | ch2_tmc_ncf_20241210T1126025412_d_img_d18.zip | ch2_tmc_ncn_20241210T1126025412_d_img_d18.zip
2024-12-10 13:24:00+00:00,2024-12-10 13:23:59.814000+00:00,2024-12-10 13:45:10.723000+00:00,3,"AFT,FORE,NADIR","NCA,NCF,NCN",True,True,True,True,3,ch2_tmc_nca_20241210T1323598180_d_img_d18.zip | ch2_tmc_ncf_20241210T1323598147_d_img_d18.zip | ch2_tmc_ncn_20241210T1323598147_d_img_d18.zip
2024-12-10 15:21:58+00:00,2024-12-10 15:21:58.474000+00:00,2024-12-10 15:43:08.356000+00:00,3,"AFT,FORE,NADIR","NCA,NCF,NCN",True,True,True,True,3,ch2_tmc_nca_20241210T1521584741_d_img_d18.zip | ch2_tmc_ncf_20241210T1521584741_d_img_d18.zip | ch2_tmc_ncn_20241210T1521584774_d_img_d18.zip
2024-12-11 03:09:47+00:00,2024-12-11 03:09:46.649000+00:00,2024-12-11 03:30:55.380000+00:00,3,"AFT,FORE,NADIR","NCA,NCF,NCN",True,True,True,True,3,ch2_tmc_nca_20241211T0309466493_d_img_d18.zip | ch2_tmc_ncf_20241211T0309466493_d_img_d18.zip | ch2_tmc_ncn_20241211T0309466525_d_img_d18.zip
2024-12-11 12:59:33+00:00,2024-12-11 12:59:33.101000+00:00,2024-12-11 13:20:38.886000+00:00,1,AFT,NCA,False,True,False,False,1,ch2_tmc_nca_20241211T1259331012_d_img_d18.zip
2024-12-11 12:59:34+00:00,2024-12-11 12:59:33.979000+00:00,2024-12-11 13:20:38.886000+00:00,2,"FORE,NADIR","NCF,NCN",True,False,True,False,2,ch2_tmc_ncf_20241211T1259339792_d_img_d18.zip | ch2_tmc_ncn_20241211T1259339792_d_img_d18.zip
2024-12-11 16:50:26+00:00,2024-12-11 16:50:26.412000+00:00,2024-12-11 17:11:32.201000+00:00,3,"AFT,FORE,NADIR","NCA,NCF,NCN",True,True,True,True,3,ch2_tmc_nca_20241211T1650264157_d_img_d18.zip | ch2_tmc_ncf_20241211T1650264124_d_img_d18.zip | ch2_tmc_ncn_20241211T1650264124_d_img_d18.zip
2024-12-12 06:38:11+00:00,2024-12-12 06:38:10.630000+00:00,2024-12-12 06:55:15.649000+00:00,3,"AFT,FORE,NADIR","NCA,NCF,NCN",True,True,True,True,3,ch2_tmc_nca_20241212T0638106339_d_img_d18.zip | ch2_tmc_ncf_20241212T0638106306_d_img_d18.zip | ch2_tmc_ncn_20241212T0638106306_d_img_d18.zip
2024-12-12 14:32:59+00:00,2024-12-12 14:32:59.166000+00:00,2024-12-12 14:54:04.825000+00:00,3,"AFT,FORE,NADIR","NCA,NCF,NCN",True,True,True,True,3,ch2_tmc_nca_20241212T1432591695_d_img_d18.zip | ch2_tmc_ncf_20241212T1432591662_d_img_d18.zip | ch2_tmc_ncn_20241212T1432591662_d_img_d18.zip
2024-12-12 18:28:55+00:00,2024-12-12 18:28:54.560000+00:00,2024-12-12 18:50:01.245000+00:00,3,"AFT,FORE,NADIR","NCA,NCF,NCN",True,True,True,True,3,ch2_tmc_nca_20241212T1828545632_d_img_d18.zip | ch2_tmc_ncf_20241212T1828545600_d_img_d18.zip | ch2_tmc_ncn_20241212T1828545600_d_img_d18.zip
2024-12-13 04:18:44+00:00,2024-12-13 04:18:43.840000+00:00,2024-12-13 04:39:51.661000+00:00,3,"AFT,FORE,NADIR","NCA,NCF,NCN",True,True,True,True,3,ch2_tmc_nca_20241213T0418438436_d_img_d18.zip | ch2_tmc_ncf_20241213T0418438404_d_img_d18.zip | ch2_tmc_ncn_20241213T0418438404_d_img_d18.zip
2024-12-13 14:08:28+00:00,2024-12-13 14:08:28.300000+00:00,2024-12-13 14:29:38.137000+00:00,3,"AFT,FORE,NADIR","NCA,NCF,NCN",True,True,True,True,3,ch2_tmc_nca_20241213T1408283001_d_img_d18.zip | ch2_tmc_ncf_20241213T1408283034_d_img_d18.zip | ch2_tmc_ncn_20241213T1408283001_d_img_d18.zip
2024-12-13 18:04:22+00:00,2024-12-13 18:04:21.841000+00:00,2024-12-13 18:25:30.701000+00:00,3,"AFT,FORE,NADIR","NCA,NCF,NCN",True,True,True,True,3,ch2_tmc_nca_20241213T1804218449_d_img_d18.zip | ch2_tmc_ncf_20241213T1804218416_d_img_d18.zip | ch2_tmc_ncn_20241213T1804218416_d_img_d18.zip
2024-12-14 19:37:39+00:00,2024-12-14 19:37:38.817000+00:00,2024-12-14 19:58:47.677000+00:00,3,"AFT,FORE,NADIR","NCA,NCF,NCN",True,True,True,True,3,ch2_tmc_nca_20241214T1937388174_d_img_d18.zip | ch2_tmc_ncf_20241214T1937388174_d_img_d18.zip | ch2_tmc_ncn_20241214T1937388207_d_img_d18.zip
2024-12-16 06:59:49+00:00,2024-12-16 06:59:48.539000+00:00,2024-12-16 07:21:01.370000+00:00,3,"AFT,FORE,NADIR","NCA,NCF,NCN",True,True,True,True,3,ch2_tmc_nca_20241216T0659485399_d_img_d18.zip | ch2_tmc_ncf_20241216T0659485399_d_img_d18.zip | ch2_tmc_ncn_20241216T0659485431_d_img_d18.zip
2024-12-16 20:45:23+00:00,2024-12-16 20:45:23.173000+00:00,2024-12-16 21:06:34.978000+00:00,3,"AFT,FORE,NADIR","NCA,NCF,NCN",True,True,True,True,3,ch2_tmc_nca_20241216T2045231764_d_img_d18.zip | ch2_tmc_ncf_20241216T2045231732_d_img_d18.zip | ch2_tmc_ncn_20241216T2045231732_d_img_d18.zip
2024-12-17 18:22:43+00:00,2024-12-17 18:22:43.475000+00:00,2024-12-17 18:43:55.406000+00:00,3,"AFT,FORE,NADIR","NCA,NCF,NCN",True,True,True,True,3,ch2_tmc_nca_20241217T1822434759_d_img_d18.zip | ch2_tmc_ncf_20241217T1822434792_d_img_d18.zip | ch2_tmc_ncn_20241217T1822434759_d_img_d18.zip
2024-12-17 22:18:36+00:00,2024-12-17 22:18:35.799000+00:00,2024-12-17 22:39:47.733000+00:00,3,"AFT,FORE,NADIR","NCA,NCF,NCN",True,True,True,True,3,ch2_tmc_nca_20241217T2218358022_d_img_d18.zip | ch2_tmc_ncf_20241217T2218357990_d_img_d18.zip | ch2_tmc_ncn_20241217T2218357990_d_img_d18.zip
2024-12-19 09:41:17+00:00,2024-12-19 09:41:16.922000+00:00,2024-12-19 10:02:15.315000+00:00,3,"AFT,FORE,NADIR","NCA,NCF,NCN",True,True,True,True,3,ch2_tmc_nca_20241219T0941169227_d_img_d18.zip | ch2_tmc_ncf_20241219T0941169227_d_img_d18.zip | ch2_tmc_ncn_20241219T0941169552_d_img_d18.zip
2024-12-19 19:30:55+00:00,2024-12-19 19:30:54.553000+00:00,2024-12-19 19:52:09.357000+00:00,3,"AFT,FORE,NADIR","NCA,NCF,NCN",True,True,True,True,3,ch2_tmc_nca_20241219T1930545534_d_img_d18.zip | ch2_tmc_ncf_20241219T1930545566_d_img_d18.zip | ch2_tmc_ncn_20241219T1930545566_d_img_d18.zip
2024-12-19 23:26:44+00:00,2024-12-19 23:26:43.737000+00:00,2024-12-19 23:47:57.720000+00:00,3,"AFT,FORE,NADIR","NCA,NCF,NCN",True,True,True,True,3,ch2_tmc_nca_20241219T2326437407_d_img_d18.zip | ch2_tmc_ncf_20241219T2326437374_d_img_d18.zip | ch2_tmc_ncn_20241219T2326437374_d_img_d18.zip
2024-12-21 00:59:56+00:00,2024-12-21 00:59:55.573000+00:00,2024-12-21 01:21:08.401000+00:00,3,"AFT,FORE,NADIR","NCA,NCF,NCN",True,True,True,True,3,ch2_tmc_nca_20241221T0059555735_d_img_d18.zip | ch2_tmc_ncf_20241221T0059555735_d_img_d18.zip | ch2_tmc_ncn_20241221T0059555768_d_img_d18.zip
2024-12-21 20:37:27+00:00,2024-12-21 20:37:26.788000+00:00,2024-12-21 20:38:54.358000+00:00,3,"AFT,FORE,NADIR","NCA,NCF,NCN",True,True,True,True,3,ch2_tmc_nca_20241221T2037267915_d_img_d18.zip | ch2_tmc_ncf_20241221T2037267883_d_img_d18.zip | ch2_tmc_ncn_20241221T2037267883_d_img_d18.zip
2024-12-22 02:33:08+00:00,2024-12-22 02:33:07.762000+00:00,2024-12-22 02:54:18.623000+00:00,3,"AFT,FORE,NADIR","NCA,NCF,NCN",True,True,True,True,3,ch2_tmc_nca_20241222T0233077628_d_img_d18.zip | ch2_tmc_ncf_20241222T0233077628_d_img_d18.zip | ch2_tmc_ncn_20241222T0233077661_d_img_d18.zip
2024-12-22 10:24:59+00:00,2024-12-22 10:24:59.353000+00:00,2024-12-22 10:46:06.395000+00:00,3,"AFT,FORE,NADIR","NCA,NCF,NCN",True,True,True,True,3,ch2_tmc_nca_20241222T1024593531_d_img_d18.zip | ch2_tmc_ncf_20241222T1024593564_d_img_d18.zip | ch2_tmc_ncn_20241222T1024593531_d_img_d18.zip
2024-12-22 22:12:43+00:00,2024-12-22 22:12:42.951000+00:00,2024-12-22 22:33:49.763000+00:00,3,"AFT,FORE,NADIR","NCA,NCF,NCN",True,True,True,True,3,ch2_tmc_nca_20241222T2212429516_d_img_d18.zip | ch2_tmc_ncf_20241222T2212429549_d_img_d18.zip | ch2_tmc_ncn_20241222T2212429516_d_img_d18.zip
2024-12-23 00:10:26+00:00,2024-12-23 00:10:26.251000+00:00,2024-12-23 00:31:30.888000+00:00,3,"AFT,FORE,NADIR","NCA,NCF,NCN",True,True,True,True,3,ch2_tmc_nca_20241223T0010262548_d_img_d18.zip | ch2_tmc_ncf_20241223T0010262515_d_img_d18.zip | ch2_tmc_ncn_20241223T0010262515_d_img_d18.zip
2024-12-23 02:08:24+00:00,2024-12-23 02:08:23.763000+00:00,2024-12-23 02:29:27.504000+00:00,3,"AFT,FORE,NADIR","NCA,NCF,NCN",True,True,True,True,3,ch2_tmc_nca_20241223T0208237664_d_img_d18.zip | ch2_tmc_ncf_20241223T0208237632_d_img_d18.zip | ch2_tmc_ncn_20241223T0208237632_d_img_d18.zip
2024-12-23 04:06:22+00:00,2024-12-23 04:06:22.425000+00:00,2024-12-23 04:27:25.921000+00:00,3,"AFT,FORE,NADIR","NCA,NCF,NCN",True,True,True,True,3,ch2_tmc_nca_20241223T0406224254_d_img_d18.zip | ch2_tmc_ncf_20241223T0406224287_d_img_d18.zip | ch2_tmc_ncn_20241223T0406224254_d_img_d18.zip
2024-12-23 11:58:09+00:00,2024-12-23 11:58:08.684000+00:00,2024-12-23 12:19:12.425000+00:00,3,"AFT,FORE,NADIR","NCA,NCF,NCN",True,True,True,True,3,ch2_tmc_nca_20241223T1158086873_d_img_d18.zip | ch2_tmc_ncf_20241223T1158086840_d_img_d18.zip | ch2_tmc_ncn_20241223T1158086840_d_img_d18.zip
2024-12-24 01:55:07+00:00,2024-12-24 01:55:07.167000+00:00,2024-12-24 02:14:26.333000+00:00,3,"AFT,FORE,NADIR","NCA,NCF,NCN",True,True,True,True,3,ch2_tmc_nca_20241224T0155071674_d_img_d18.zip | ch2_tmc_ncf_20241224T0155071674_d_img_d18.zip | ch2_tmc_ncn_20241224T0155071707_d_img_d18.zip
2024-12-24 03:53:04+00:00,2024-12-24 03:53:03.653000+00:00,2024-12-24 04:12:23.971000+00:00,3,"AFT,FORE,NADIR","NCA,NCF,NCN",True,True,True,True,3,ch2_tmc_nca_20241224T0353036566_d_img_d18.zip | ch2_tmc_ncf_20241224T0353036534_d_img_d18.zip | ch2_tmc_ncn_20241224T0353036534_d_img_d18.zip
2024-12-24 13:42:47+00:00,2024-12-24 13:42:47.445000+00:00,2024-12-24 14:02:07.363000+00:00,3,"AFT,FORE,NADIR","NCA,NCF,NCN",True,True,True,True,3,ch2_tmc_nca_20241224T1342474784_d_img_d18.zip | ch2_tmc_ncf_20241224T1342474459_d_img_d18.zip | ch2_tmc_ncn_20241224T1342474459_d_img_d18.zip
2024-12-24 23:32:33+00:00,2024-12-24 23:32:32.553000+00:00,2024-12-24 23:51:49.671000+00:00,3,"AFT,FORE,NADIR","NCA,NCF,NCN",True,True,True,True,3,ch2_tmc_nca_20241224T2332325535_d_img_d18.zip | ch2_tmc_ncf_20241224T2332325568_d_img_d18.zip | ch2_tmc_ncn_20241224T2332325535_d_img_d18.zip
2024-12-25 05:26:22+00:00,2024-12-25 05:26:22.121000+00:00,2024-12-25 05:45:38.343000+00:00,3,"AFT,FORE,NADIR","NCA,NCF,NCN",True,True,True,True,3,ch2_tmc_nca_20241225T0526221217_d_img_d18.zip | ch2_tmc_ncf_20241225T0526221250_d_img_d18.zip | ch2_tmc_ncn_20241225T0526221217_d_img_d18.zip
2024-12-25 15:16:07+00:00,2024-12-25 15:16:06.539000+00:00,2024-12-25 15:33:00.702000+00:00,3,"AFT,FORE,NADIR","NCA,NCF,NCN",True,True,True,True,3,ch2_tmc_nca_20241225T1516065423_d_img_d18.zip | ch2_tmc_ncf_20241225T1516065390_d_img_d18.zip | ch2_tmc_ncn_20241225T1516065390_d_img_d18.zip
2024-12-25 15:32:52+00:00,2024-12-25 15:32:51.670000+00:00,2024-12-25 15:35:19.560000+00:00,3,"AFT,FORE,NADIR","NCA,NCF,NCN",True,True,True,True,3,ch2_tmc_nca_20241225T1532516742_d_img_d18.zip | ch2_tmc_ncf_20241225T1532516709_d_img_d18.zip | ch2_tmc_ncn_20241225T1532516709_d_img_d18.zip
2024-12-26 01:05:49+00:00,2024-12-26 01:05:48.965000+00:00,2024-12-26 01:25:00.648000+00:00,3,"AFT,FORE,NADIR","NCA,NCF,NCN",True,True,True,True,3,ch2_tmc_nca_20241226T0105489689_d_img_d18.zip | ch2_tmc_ncf_20241226T0105489657_d_img_d18.zip | ch2_tmc_ncn_20241226T0105489657_d_img_d18.zip
2024-12-28 02:14:05+00:00,2024-12-28 02:14:04.758000+00:00,2024-12-28 02:27:17.461000+00:00,3,"AFT,FORE,NADIR","NCA,NCF,NCN",True,True,True,True,3,ch2_tmc_nca_20241228T0214047618_d_img_d18.zip | ch2_tmc_ncf_20241228T0214047586_d_img_d18.zip | ch2_tmc_ncn_20241228T0214047586_d_img_d18.zip
2024-12-28 06:09:55+00:00,2024-12-28 06:09:55.336000+00:00,2024-12-28 06:20:08.838000+00:00,3,"AFT,FORE,NADIR","NCA,NCF,NCN",True,True,True,True,3,ch2_tmc_nca_20241228T0609553369_d_img_d18.zip | ch2_tmc_ncf_20241228T0609553401_d_img_d18.zip | ch2_tmc_ncn_20241228T0609553369_d_img_d18.zip
2024-12-29 05:44:43+00:00,2024-12-29 05:44:42.834000+00:00,2024-12-29 06:04:03.294000+00:00,3,"AFT,FORE,NADIR","NCA,NCF,NCN",True,True,True,True,3,ch2_tmc_nca_20241229T0544428668_d_img_d18.zip | ch2_tmc_ncf_20241229T0544428343_d_img_d18.zip | ch2_tmc_ncn_20241229T0544428343_d_img_d18.zip
2024-12-29 07:42:36+00:00,2024-12-29 07:42:36.392000+00:00,2024-12-29 08:01:56.707000+00:00,3,"AFT,FORE,NADIR","NCA,NCF,NCN",True,True,True,True,3,ch2_tmc_nca_20241229T0742363923_d_img_d18.zip | ch2_tmc_ncf_20241229T0742363923_d_img_d18.zip | ch2_tmc_ncn_20241229T0742363955_d_img_d18.zip
2024-12-29 17:32:11+00:00,2024-12-29 17:32:10.564000+00:00,2024-12-29 17:42:32.256000+00:00,3,"AFT,FORE,NADIR","NCA,NCF,NCN",True,True,True,True,3,ch2_tmc_nca_20241229T1732105647_d_img_d18.zip | ch2_tmc_ncf_20241229T1732105647_d_img_d18.zip | ch2_tmc_ncn_20241229T1732105680_d_img_d18.zip
2024-12-30 03:21:48+00:00,2024-12-30 03:21:47.552000+00:00,2024-12-30 03:41:09.919000+00:00,3,"AFT,FORE,NADIR","NCA,NCF,NCN",True,True,True,True,3,ch2_tmc_nca_20241230T0321475528_d_img_d18.zip | ch2_tmc_ncf_20241230T0321475528_d_img_d18.zip | ch2_tmc_ncn_20241230T0321475560_d_img_d18.zip
2024-12-30 05:19:44+00:00,2024-12-30 05:19:44.392000+00:00,2024-12-30 05:39:06.402000+00:00,3,"AFT,FORE,NADIR","NCA,NCF,NCN",True,True,True,True,3,ch2_tmc_nca_20241230T0519443922_d_img_d18.zip | ch2_tmc_ncf_20241230T0519444247_d_img_d18.zip | ch2_tmc_ncn_20241230T0519443922_d_img_d18.zip
2024-12-30 07:17:41+00:00,2024-12-30 07:17:40.700000+00:00,2024-12-30 07:37:02.937000+00:00,3,"AFT,FORE,NADIR","NCA,NCF,NCN",True,True,True,True,3,ch2_tmc_nca_20241230T0717407032_d_img_d18.zip | ch2_tmc_ncf_20241230T0717407000_d_img_d18.zip | ch2_tmc_ncn_20241230T0717407000_d_img_d18.zip
2024-12-30 09:15:38+00:00,2024-12-30 09:15:37.581000+00:00,2024-12-30 09:34:58.350000+00:00,3,"AFT,FORE,NADIR","NCA,NCF,NCN",True,True,True,True,3,ch2_tmc_nca_20241230T0915375816_d_img_d18.zip | ch2_tmc_ncf_20241230T0915376141_d_img_d18.zip | ch2_tmc_ncn_20241230T0915375816_d_img_d18.zip
2024-12-30 15:05:17+00:00,2024-12-30 15:05:16.592000+00:00,2024-12-30 15:24:38.830000+00:00,3,"AFT,FORE,NADIR","NCA,NCF,NCN",True,True,True,True,3,ch2_tmc_nca_20241230T1505165960_d_img_d18.zip | ch2_tmc_ncf_20241230T1505165927_d_img_d18.zip | ch2_tmc_ncn_20241230T1505165927_d_img_d18.zip
2024-12-31 04:54:51+00:00,2024-12-31 04:54:50.776000+00:00,2024-12-31 05:04:17.480000+00:00,3,"AFT,FORE,NADIR","NCA,NCF,NCN",True,True,True,True,3,ch2_tmc_nca_20241231T0454507763_d_img_d18.zip | ch2_tmc_ncf_20241231T0454507796_d_img_d18.zip | ch2_tmc_ncn_20241231T0454507763_d_img_d18.zip
2024-12-31 06:52:46+00:00,2024-12-31 06:52:46.366000+00:00,2024-12-31 07:02:11.738000+00:00,3,"AFT,FORE,NADIR","NCA,NCF,NCN",True,True,True,True,3,ch2_tmc_nca_20241231T0652463664_d_img_d18.zip | ch2_tmc_ncf_20241231T0652463697_d_img_d18.zip | ch2_tmc_ncn_20241231T0652463664_d_img_d18.zip
2024-12-31 08:50:41+00:00,2024-12-31 08:50:40.753000+00:00,2024-12-31 09:00:08.173000+00:00,3,"AFT,FORE,NADIR","NCA,NCF,NCN",True,True,True,True,3,ch2_tmc_nca_20241231T0850407567_d_img_d18.zip | ch2_tmc_ncf_20241231T0850407534_d_img_d18.zip | ch2_tmc_ncn_20241231T0850407534_d_img_d18.zip
2024-12-31 20:47:07+00:00,2024-12-31 20:47:06.706000+00:00,2024-12-31 20:57:38.510000+00:00,3,"AFT,FORE,NADIR","NCA,NCF,NCN",True,True,True,True,3,ch2_tmc_nca_20241231T2047067064_d_img_d18.zip | ch2_tmc_ncf_20241231T2047067064_d_img_d18.zip | ch2_tmc_ncn_20241231T2047067097_d_img_d18.zip
2025-01-01 06:22:38+00:00,2025-01-01 06:22:37.914000+00:00,2025-01-01 06:42:10.340000+00:00,3,"AFT,FORE,NADIR","NCA,NCF,NCN",True,True,True,True,3,ch2_tmc_nca_20250101T0622379173_d_img_d18.zip | ch2_tmc_ncf_20250101T0622379140_d_img_d18.zip | ch2_tmc_ncn_20250101T0622379140_d_img_d18.zip
2025-01-01 08:20:35+00:00,2025-01-01 08:20:34.605000+00:00,2025-01-01 08:40:06.583000+00:00,3,"AFT,FORE,NADIR","NCA,NCF,NCN",True,True,True,True,3,ch2_tmc_nca_20250101T0820346052_d_img_d18.zip | ch2_tmc_ncf_20250101T0820346052_d_img_d18.zip | ch2_tmc_ncn_20250101T0820346084_d_img_d18.zip
2025-01-01 10:18:29+00:00,2025-01-01 10:18:28.893000+00:00,2025-01-01 10:38:00.476000+00:00,3,"AFT,FORE,NADIR","NCA,NCF,NCN",True,True,True,True,3,ch2_tmc_nca_20250101T1018288938_d_img_d18.zip | ch2_tmc_ncf_20250101T1018288970_d_img_d18.zip | ch2_tmc_ncn_20250101T1018288938_d_img_d18.zip
2025-01-01 18:12:59+00:00,2025-01-01 18:12:59.243000+00:00,2025-01-01 18:27:31.817000+00:00,3,"AFT,FORE,NADIR","NCA,NCF,NCN",True,True,True,True,3,ch2_tmc_nca_20250101T1812592435_d_img_d18.zip | ch2_tmc_ncf_20250101T1812592468_d_img_d18.zip | ch2_tmc_ncn_20250101T1812592435_d_img_d18.zip
2025-01-02 06:02:33+00:00,2025-01-02 06:02:33.162000+00:00,2025-01-02 06:22:03.719000+00:00,3,"AFT,FORE,NADIR","NCA,NCF,NCN",True,True,True,True,3,ch2_tmc_nca_20250102T0602331622_d_img_d18.zip | ch2_tmc_ncf_20250102T0602331622_d_img_d18.zip | ch2_tmc_ncn_20250102T0602331654_d_img_d18.zip
2025-01-02 08:00:29+00:00,2025-01-02 08:00:28.702000+00:00,2025-01-02 08:19:59.259000+00:00,3,"AFT,FORE,NADIR","NCA,NCF,NCN",True,True,True,True,3,ch2_tmc_nca_20250102T0800287061_d_img_d18.zip | ch2_tmc_ncf_20250102T0800287029_d_img_d18.zip | ch2_tmc_ncn_20250102T0800287029_d_img_d18.zip
2025-01-02 09:58:24+00:00,2025-01-02 09:58:24.148000+00:00,2025-01-02 10:17:54.705000+00:00,3,"AFT,FORE,NADIR","NCA,NCF,NCN",True,True,True,True,3,ch2_tmc_nca_20250102T0958241480_d_img_d18.zip | ch2_tmc_ncf_20250102T0958241512_d_img_d18.zip | ch2_tmc_ncn_20250102T0958241480_d_img_d18.zip
2025-01-02 11:56:19+00:00,2025-01-02 11:56:18.932000+00:00,2025-01-02 12:15:48.338000+00:00,3,"AFT,FORE,NADIR","NCA,NCF,NCN",True,True,True,True,3,ch2_tmc_nca_20250102T1156189327_d_img_d18.zip | ch2_tmc_ncf_20250102T1156189359_d_img_d18.zip | ch2_tmc_ncn_20250102T1156189327_d_img_d18.zip
2025-01-02 21:45:56+00:00,2025-01-02 21:45:56.174000+00:00,2025-01-02 21:47:59.529000+00:00,3,"AFT,FORE,NADIR","NCA,NCF,NCN",True,True,True,True,3,ch2_tmc_nca_20250102T2145561782_d_img_d18.zip | ch2_tmc_ncf_20250102T2145561749_d_img_d18.zip | ch2_tmc_ncn_20250102T2145561749_d_img_d18.zip
2025-01-02 21:47:50+00:00,2025-01-02 21:47:49.927000+00:00,2025-01-02 22:05:24.683000+00:00,3,"AFT,FORE,NADIR","NCA,NCF,NCN",True,True,True,True,3,ch2_tmc_nca_20250102T2147499274_d_img_d18.zip | ch2_tmc_ncf_20250102T2147499306_d_img_d18.zip | ch2_tmc_ncn_20250102T2147499274_d_img_d18.zip
2025-01-03 07:35:38+00:00,2025-01-03 07:35:37.522000+00:00,2025-01-03 07:45:04.816000+00:00,3,"AFT,FORE,NADIR","NCA,NCF,NCN",True,True,True,True,3,ch2_tmc_nca_20250103T0735375226_d_img_d18.zip | ch2_tmc_ncf_20250103T0735375258_d_img_d18.zip | ch2_tmc_ncn_20250103T0735375226_d_img_d18.zip
2025-01-04 07:10:57+00:00,2025-01-04 07:10:56.673000+00:00,2025-01-04 07:30:20.352000+00:00,3,"AFT,FORE,NADIR","NCA,NCF,NCN",True,True,True,True,3,ch2_tmc_nca_20250104T0710566739_d_img_d18.zip | ch2_tmc_ncf_20250104T0710566739_d_img_d18.zip | ch2_tmc_ncn_20250104T0710567064_d_img_d18.zip
2025-01-04 09:08:52+00:00,2025-01-04 09:08:52.406000+00:00,2025-01-04 09:28:17.843000+00:00,3,"AFT,FORE,NADIR","NCA,NCF,NCN",True,True,True,True,3,ch2_tmc_nca_20250104T0908524095_d_img_d18.zip | ch2_tmc_ncf_20250104T0908524062_d_img_d18.zip | ch2_tmc_ncn_20250104T0908524062_d_img_d18.zip
2025-01-05 04:48:27+00:00,2025-01-05 04:48:26.943000+00:00,2025-01-05 05:08:25.220000+00:00,3,"AFT,FORE,NADIR","NCA,NCF,NCN",True,True,True,True,3,ch2_tmc_nca_20250105T0448269462_d_img_d18.zip | ch2_tmc_ncf_20250105T0448269430_d_img_d18.zip | ch2_tmc_ncn_20250105T0448269430_d_img_d18.zip
2025-01-05 08:44:08+00:00,2025-01-05 08:44:08.199000+00:00,2025-01-05 09:03:33.327000+00:00,3,"AFT,FORE,NADIR","NCA,NCF,NCN",True,True,True,True,3,ch2_tmc_nca_20250105T0844081994_d_img_d18.zip | ch2_tmc_ncf_20250105T0844081994_d_img_d18.zip | ch2_tmc_ncn_20250105T0844082319_d_img_d18.zip
2025-01-05 12:30:03+00:00,2025-01-05 12:30:02.587000+00:00,2025-01-05 12:49:26.343000+00:00,3,"AFT,FORE,NADIR","NCA,NCF,NCN",True,True,True,True,3,ch2_tmc_nca_20250105T1230026199_d_img_d18.zip | ch2_tmc_ncf_20250105T1230025874_d_img_d18.zip | ch2_tmc_ncn_20250105T1230025874_d_img_d18.zip
2025-01-06 08:19:18+00:00,2025-01-06 08:19:17.887000+00:00,2025-01-06 08:38:40.253000+00:00,3,"AFT,FORE,NADIR","NCA,NCF,NCN",True,True,True,True,3,ch2_tmc_nca_20250106T0819178871_d_img_d18.zip | ch2_tmc_ncf_20250106T0819178871_d_img_d18.zip | ch2_tmc_ncn_20250106T0819178904_d_img_d18.zip
2025-01-06 10:17:14+00:00,2025-01-06 10:17:14.370000+00:00,2025-01-06 10:36:37.759000+00:00,3,"AFT,FORE,NADIR","NCA,NCF,NCN",True,True,True,True,3,ch2_tmc_nca_20250106T1017143740_d_img_d18.zip | ch2_tmc_ncf_20250106T1017143707_d_img_d18.zip | ch2_tmc_ncn_20250106T1017143707_d_img_d18.zip
2025-01-06 12:15:13+00:00,2025-01-06 12:15:13.160000+00:00,2025-01-06 12:34:33.330000+00:00,3,"AFT,FORE,NADIR","NCA,NCF,NCN",True,True,True,True,3,ch2_tmc_nca_20250106T1215131608_d_img_d18.zip | ch2_tmc_ncf_20250106T1215131608_d_img_d18.zip | ch2_tmc_ncn_20250106T1215131934_d_img_d18.zip
2025-01-06 14:13:09+00:00,2025-01-06 14:13:08.511000+00:00,2025-01-06 14:32:29.852000+00:00,3,"AFT,FORE,NADIR","NCA,NCF,NCN",True,True,True,True,3,ch2_tmc_nca_20250106T1413085116_d_img_d18.zip | ch2_tmc_ncf_20250106T1413085148_d_img_d18.zip | ch2_tmc_ncn_20250106T1413085116_d_img_d18.zip
2025-01-06 16:11:05+00:00,2025-01-06 16:11:04.995000+00:00,2025-01-06 16:30:27.358000+00:00,3,"AFT,FORE,NADIR","NCA,NCF,NCN",True,True,True,True,3,ch2_tmc_nca_20250106T1611049950_d_img_d18.zip | ch2_tmc_ncf_20250106T1611049983_d_img_d18.zip | ch2_tmc_ncn_20250106T1611049950_d_img_d18.zip
2025-01-07 00:03:27+00:00,2025-01-07 00:03:26.820000+00:00,2025-01-07 00:22:46.396000+00:00,3,"AFT,FORE,NADIR","NCA,NCF,NCN",True,True,True,True,3,ch2_tmc_nca_20250107T0003268203_d_img_d18.zip | ch2_tmc_ncf_20250107T0003268203_d_img_d18.zip | ch2_tmc_ncn_20250107T0003268528_d_img_d18.zip
2025-01-07 09:53:12+00:00,2025-01-07 09:53:11.555000+00:00,2025-01-07 10:12:29.776000+00:00,3,"AFT,FORE,NADIR","NCA,NCF,NCN",True,True,True,True,3,ch2_tmc_nca_20250107T0953115559_d_img_d18.zip | ch2_tmc_ncf_20250107T0953115591_d_img_d18.zip | ch2_tmc_ncn_20250107T0953115559_d_img_d18.zip
2025-01-07 13:49:04+00:00,2025-01-07 13:49:04.451000+00:00,2025-01-07 14:08:22.144000+00:00,2,"FORE,NADIR","NCF,NCN",True,False,True,False,2,ch2_tmc_ncf_20250107T1349044519_d_img_d18.zip | ch2_tmc_ncn_20250107T1349044519_d_img_d18.zip
2025-01-07 13:49:05+00:00,2025-01-07 13:49:04.776000+00:00,2025-01-07 14:08:22.144000+00:00,1,AFT,NCA,False,True,False,False,1,ch2_tmc_nca_20250107T1349047769_d_img_d18.zip
2025-01-07 23:38:46+00:00,2025-01-07 23:38:45.924000+00:00,2025-01-07 23:58:02.339000+00:00,3,"AFT,FORE,NADIR","NCA,NCF,NCN",True,True,True,True,3,ch2_tmc_nca_20250107T2338459570_d_img_d18.zip | ch2_tmc_ncf_20250107T2338459245_d_img_d18.zip | ch2_tmc_ncn_20250107T2338459245_d_img_d18.zip
2025-01-08 11:26:22+00:00,2025-01-08 11:26:22.322000+00:00,2025-01-08 11:45:41.492000+00:00,3,"AFT,FORE,NADIR","NCA,NCF,NCN",True,True,True,True,3,ch2_tmc_nca_20250108T1126223260_d_img_d18.zip | ch2_tmc_ncf_20250108T1126223227_d_img_d18.zip | ch2_tmc_ncn_20250108T1126223227_d_img_d18.zip
2025-01-09 01:12:04+00:00,2025-01-09 01:12:03.915000+00:00,2025-01-09 01:31:21.336000+00:00,3,"AFT,FORE,NADIR","NCA,NCF,NCN",True,True,True,True,3,ch2_tmc_nca_20250109T0112039158_d_img_d18.zip | ch2_tmc_ncf_20250109T0112039158_d_img_d18.zip | ch2_tmc_ncn_20250109T0112039191_d_img_d18.zip
2025-01-10 02:52:44+00:00,2025-01-10 02:52:43.675000+00:00,2025-01-10 03:12:25.497000+00:00,3,"AFT,FORE,NADIR","NCA,NCF,NCN",True,True,True,True,3,ch2_tmc_nca_20250110T0252436757_d_img_d18.zip | ch2_tmc_ncf_20250110T0252436788_d_img_d18.zip | ch2_tmc_ncn_20250110T0252436757_d_img_d18.zip
2025-01-10 12:47:48+00:00,2025-01-10 12:47:47.694000+00:00,2025-01-10 13:07:29.385000+00:00,3,"AFT,FORE,NADIR","NCA,NCF,NCN",True,True,True,True,3,ch2_tmc_nca_20250110T1247476942_d_img_d18.zip | ch2_tmc_ncf_20250110T1247476975_d_img_d18.zip | ch2_tmc_ncn_20250110T1247476942_d_img_d18.zip
2025-01-10 16:45:51+00:00,2025-01-10 16:45:51.471000+00:00,2025-01-10 17:05:32.140000+00:00,3,"AFT,FORE,NADIR","NCA,NCF,NCN",True,True,True,True,3,ch2_tmc_nca_20250110T1645514719_d_img_d18.zip | ch2_tmc_ncf_20250110T1645514719_d_img_d18.zip | ch2_tmc_ncn_20250110T1645514752_d_img_d18.zip
2025-01-11 04:40:07+00:00,2025-01-11 04:40:06.976000+00:00,2025-01-11 04:59:45.727000+00:00,3,"AFT,FORE,NADIR","NCA,NCF,NCN",True,True,True,True,3,ch2_tmc_nca_20250111T0440069767_d_img_d18.zip | ch2_tmc_ncf_20250111T0440069800_d_img_d18.zip | ch2_tmc_ncn_20250111T0440069767_d_img_d18.zip
2025-01-11 14:35:10+00:00,2025-01-11 14:35:09.832000+00:00,2025-01-11 14:54:52.546000+00:00,3,"AFT,FORE,NADIR","NCA,NCF,NCN",True,True,True,True,3,ch2_tmc_nca_20250111T1435098327_d_img_d18.zip | ch2_tmc_ncf_20250111T1435098359_d_img_d18.zip | ch2_tmc_ncn_20250111T1435098327_d_img_d18.zip
2025-01-13 06:15:38+00:00,2025-01-13 06:15:37.595000+00:00,2025-01-13 06:35:17.368000+00:00,3,"AFT,FORE,NADIR","NCA,NCF,NCN",True,True,True,True,3,ch2_tmc_nca_20250113T0615375959_d_img_d18.zip | ch2_tmc_ncf_20250113T0615375959_d_img_d18.zip | ch2_tmc_ncn_20250113T0615375992_d_img_d18.zip
2025-01-13 16:10:45+00:00,2025-01-13 16:10:45.497000+00:00,2025-01-13 16:30:24.244000+00:00,2,"FORE,NADIR","NCF,NCN",True,False,True,False,2,ch2_tmc_ncf_20250113T1610454978_d_img_d18.zip | ch2_tmc_ncn_20250113T1610454978_d_img_d18.zip
2025-01-13 16:10:46+00:00,2025-01-13 16:10:45.501000+00:00,2025-01-13 16:30:24.244000+00:00,1,AFT,NCA,False,True,False,False,1,ch2_tmc_nca_20250113T1610455011_d_img_d18.zip
2025-01-13 20:08:51+00:00,2025-01-13 20:08:51.341000+00:00,2025-01-13 20:28:28.631000+00:00,3,"AFT,FORE,NADIR","NCA,NCF,NCN",True,True,True,True,3,ch2_tmc_nca_20250113T2008513725_d_img_d18.zip | ch2_tmc_ncf_20250113T2008513413_d_img_d18.zip | ch2_tmc_ncn_20250113T2008513413_d_img_d18.zip
2025-01-14 08:02:59+00:00,2025-01-14 08:02:59.241000+00:00,2025-01-14 08:22:35.943000+00:00,3,"AFT,FORE,NADIR","NCA,NCF,NCN",True,True,True,True,3,ch2_tmc_nca_20250114T0802592414_d_img_d18.zip | ch2_tmc_ncf_20250114T0802592446_d_img_d18.zip | ch2_tmc_ncn_20250114T0802592414_d_img_d18.zip
2025-01-14 17:58:06+00:00,2025-01-14 17:58:05.919000+00:00,2025-01-14 18:17:43.643000+00:00,3,"AFT,FORE,NADIR","NCA,NCF,NCN",True,True,True,True,3,ch2_tmc_nca_20250114T1758059193_d_img_d18.zip | ch2_tmc_ncf_20250114T1758059225_d_img_d18.zip | ch2_tmc_ncn_20250114T1758059193_d_img_d18.zip
2025-01-14 21:56:06+00:00,2025-01-14 21:56:06.240000+00:00,2025-01-14 22:15:44.861000+00:00,3,"AFT,FORE,NADIR","NCA,NCF,NCN",True,True,True,True,3,ch2_tmc_nca_20250114T2156062407_d_img_d18.zip | ch2_tmc_ncf_20250114T2156062407_d_img_d18.zip | ch2_tmc_ncn_20250114T2156062440_d_img_d18.zip
2025-01-15 07:51:11+00:00,2025-01-15 07:51:11.213000+00:00,2025-01-15 08:10:48.745000+00:00,3,"AFT,FORE,NADIR","NCA,NCF,NCN",True,True,True,True,3,ch2_tmc_nca_20250115T0751112135_d_img_d18.zip | ch2_tmc_ncf_20250115T0751112460_d_img_d18.zip | ch2_tmc_ncn_20250115T0751112135_d_img_d18.zip
2025-01-15 17:46:16+00:00,2025-01-15 17:46:15.981000+00:00,2025-01-15 18:05:51.531000+00:00,3,"AFT,FORE,NADIR","NCA,NCF,NCN",True,True,True,True,3,ch2_tmc_nca_20250115T1746159819_d_img_d18.zip | ch2_tmc_ncf_20250115T1746159819_d_img_d18.zip | ch2_tmc_ncn_20250115T1746159850_d_img_d18.zip
2025-01-15 21:44:16+00:00,2025-01-15 21:44:16.127000+00:00,2025-01-15 22:03:52.828000+00:00,3,"AFT,FORE,NADIR","NCA,NCF,NCN",True,True,True,True,3,ch2_tmc_nca_20250115T2144161275_d_img_d18.zip | ch2_tmc_ncf_20250115T2144161275_d_img_d18.zip | ch2_tmc_ncn_20250115T2144161308_d_img_d18.zip
2025-01-16 09:38:18+00:00,2025-01-16 09:38:18.239000+00:00,2025-01-16 09:57:56.938000+00:00,3,"AFT,FORE,NADIR","NCA,NCF,NCN",True,True,True,True,3,ch2_tmc_nca_20250116T0938182429_d_img_d18.zip | ch2_tmc_ncf_20250116T0938182396_d_img_d18.zip | ch2_tmc_ncn_20250116T0938182396_d_img_d18.zip
2025-01-16 19:33:21+00:00,2025-01-16 19:33:21.232000+00:00,2025-01-16 19:53:01.542000+00:00,3,"AFT,FORE,NADIR","NCA,NCF,NCN",True,True,True,True,3,ch2_tmc_nca_20250116T1933212329_d_img_d18.zip | ch2_tmc_ncf_20250116T1933212361_d_img_d18.zip | ch2_tmc_ncn_20250116T1933212329_d_img_d18.zip
2025-01-16 23:31:25+00:00,2025-01-16 23:31:24.626000+00:00,2025-01-16 23:51:04.272000+00:00,3,"AFT,FORE,NADIR","NCA,NCF,NCN",True,True,True,True,3,ch2_tmc_nca_20250116T2331246267_d_img_d18.zip | ch2_tmc_ncf_20250116T2331246300_d_img_d18.zip | ch2_tmc_ncn_20250116T2331246267_d_img_d18.zip
2025-01-17 07:27:34+00:00,2025-01-17 07:27:34.447000+00:00,2025-01-17 07:47:11.768000+00:00,3,"AFT,FORE,NADIR","NCA,NCF,NCN",True,True,True,True,3,ch2_tmc_nca_20250117T0727344801_d_img_d18.zip | ch2_tmc_ncf_20250117T0727344476_d_img_d18.zip | ch2_tmc_ncn_20250117T0727344476_d_img_d18.zip
2025-01-17 19:21:47+00:00,2025-01-17 19:21:46.575000+00:00,2025-01-17 19:41:25.195000+00:00,3,"AFT,FORE,NADIR","NCA,NCF,NCN",True,True,True,True,3,ch2_tmc_nca_20250117T1921465783_d_img_d18.zip | ch2_tmc_ncf_20250117T1921465750_d_img_d18.zip | ch2_tmc_ncn_20250117T1921465750_d_img_d18.zip
2025-01-17 23:19:52+00:00,2025-01-17 23:19:51.875000+00:00,2025-01-17 23:39:30.622000+00:00,3,"AFT,FORE,NADIR","NCA,NCF,NCN",True,True,True,True,3,ch2_tmc_nca_20250117T2319518757_d_img_d18.zip | ch2_tmc_ncf_20250117T2319518757_d_img_d18.zip | ch2_tmc_ncn_20250117T2319518790_d_img_d18.zip
2025-01-18 09:15:06+00:00,2025-01-18 09:15:05.757000+00:00,2025-01-18 09:34:43.481000+00:00,3,"AFT,FORE,NADIR","NCA,NCF,NCN",True,True,True,True,3,ch2_tmc_nca_20250118T0915057575_d_img_d18.zip | ch2_tmc_ncf_20250118T0915057575_d_img_d18.zip | ch2_tmc_ncn_20250118T0915057607_d_img_d18.zip
2025-01-18 19:10:21+00:00,2025-01-18 19:10:20.940000+00:00,2025-01-18 19:29:55.590000+00:00,3,"AFT,FORE,NADIR","NCA,NCF,NCN",True,True,True,True,3,ch2_tmc_nca_20250118T1910209408_d_img_d18.zip | ch2_tmc_ncf_20250118T1910209408_d_img_d18.zip | ch2_tmc_ncn_20250118T1910209440_d_img_d18.zip
2025-01-18 21:09:22+00:00,2025-01-18 21:09:21.930000+00:00,2025-01-18 21:28:58.506000+00:00,3,"AFT,FORE,NADIR","NCA,NCF,NCN",True,True,True,True,3,ch2_tmc_nca_20250118T2109219308_d_img_d18.zip | ch2_tmc_ncf_20250118T2109219308_d_img_d18.zip | ch2_tmc_ncn_20250118T2109219341_d_img_d18.zip
2025-01-18 23:08:25+00:00,2025-01-18 23:08:25.102000+00:00,2025-01-18 23:27:59.626000+00:00,3,"AFT,FORE,NADIR","NCA,NCF,NCN",True,True,True,True,3,ch2_tmc_nca_20250118T2308251026_d_img_d18.zip | ch2_tmc_ncf_20250118T2308251026_d_img_d18.zip | ch2_tmc_ncn_20250118T2308251057_d_img_d18.zip
2025-01-19 01:07:29+00:00,2025-01-19 01:07:28.940000+00:00,2025-01-19 01:27:02.621000+00:00,3,"AFT,FORE,NADIR","NCA,NCF,NCN",True,True,True,True,3,ch2_tmc_nca_20250119T0107289406_d_img_d18.zip | ch2_tmc_ncf_20250119T0107289731_d_img_d18.zip | ch2_tmc_ncn_20250119T0107289406_d_img_d18.zip
2025-01-19 09:03:41+00:00,2025-01-19 09:03:41.137000+00:00,2025-01-19 09:23:12.466000+00:00,3,"AFT,FORE,NADIR","NCA,NCF,NCN",True,True,True,True,3,ch2_tmc_nca_20250119T0903411376_d_img_d18.zip | ch2_tmc_ncf_20250119T0903411701_d_img_d18.zip | ch2_tmc_ncn_20250119T0903411376_d_img_d18.zip
2025-01-19 20:58:00+00:00,2025-01-19 20:57:59.717000+00:00,2025-01-19 21:17:28.224000+00:00,3,"AFT,FORE,NADIR","NCA,NCF,NCN",True,True,True,True,3,ch2_tmc_nca_20250119T2057597172_d_img_d18.zip | ch2_tmc_ncf_20250119T2057597172_d_img_d18.zip | ch2_tmc_ncn_20250119T2057597205_d_img_d18.zip
2025-01-19 22:57:01+00:00,2025-01-19 22:57:00.837000+00:00,2025-01-19 23:16:30.367000+00:00,3,"AFT,FORE,NADIR","NCA,NCF,NCN",True,True,True,True,3,ch2_tmc_nca_20250119T2257008375_d_img_d18.zip | ch2_tmc_ncf_20250119T2257008375_d_img_d18.zip | ch2_tmc_ncn_20250119T2257008407_d_img_d18.zip
2025-01-20 00:56:44+00:00,2025-01-20 00:56:43.942000+00:00,2025-01-20 01:16:14.368000+00:00,3,"AFT,FORE,NADIR","NCA,NCF,NCN",True,True,True,True,3,ch2_tmc_nca_20250120T0056439420_d_img_d18.zip | ch2_tmc_ncf_20250120T0056439420_d_img_d18.zip | ch2_tmc_ncn_20250120T0056439452_d_img_d18.zip
2025-01-20 02:55:47+00:00,2025-01-20 02:55:46.843000+00:00,2025-01-20 03:15:16.643000+00:00,3,"AFT,FORE,NADIR","NCA,NCF,NCN",True,True,True,True,3,ch2_tmc_nca_20250120T0255468433_d_img_d18.zip | ch2_tmc_ncf_20250120T0255468758_d_img_d18.zip | ch2_tmc_ncn_20250120T0255468433_d_img_d18.zip
2025-01-20 20:47:17+00:00,2025-01-20 20:47:16.863000+00:00,2025-01-20 21:06:45.371000+00:00,3,"AFT,FORE,NADIR","NCA,NCF,NCN",True,True,True,True,3,ch2_tmc_nca_20250120T2047168637_d_img_d18.zip | ch2_tmc_ncf_20250120T2047168669_d_img_d18.zip | ch2_tmc_ncn_20250120T2047168637_d_img_d18.zip
2025-01-20 22:46:19+00:00,2025-01-20 22:46:18.879000+00:00,2025-01-20 23:05:47.261000+00:00,3,"AFT,FORE,NADIR","NCA,NCF,NCN",True,True,True,True,3,ch2_tmc_nca_20250120T2246188799_d_img_d18.zip | ch2_tmc_ncf_20250120T2246188831_d_img_d18.zip | ch2_tmc_ncn_20250120T2246188799_d_img_d18.zip
2025-01-21 00:57:08+00:00,2025-01-21 00:57:07.611000+00:00,2025-01-21 01:04:56.398000+00:00,3,"AFT,FORE,NADIR","NCA,NCF,NCN",True,True,True,True,3,ch2_tmc_nca_20250121T0057076150_d_img_d18.zip | ch2_tmc_ncf_20250121T0057076118_d_img_d18.zip | ch2_tmc_ncn_20250121T0057076118_d_img_d18.zip
2025-01-21 02:44:32+00:00,2025-01-21 02:44:31.581000+00:00,2025-01-21 03:03:58.414000+00:00,3,"AFT,FORE,NADIR","NCA,NCF,NCN",True,True,True,True,3,ch2_tmc_nca_20250121T0244316142_d_img_d18.zip | ch2_tmc_ncf_20250121T0244315817_d_img_d18.zip | ch2_tmc_ncn_20250121T0244315817_d_img_d18.zip
2025-01-21 12:39:49+00:00,2025-01-21 12:39:49.323000+00:00,2025-01-21 12:59:13.734000+00:00,3,"AFT,FORE,NADIR","NCA,NCF,NCN",True,True,True,True,3,ch2_tmc_nca_20250121T1239493266_d_img_d18.zip | ch2_tmc_ncf_20250121T1239493234_d_img_d18.zip | ch2_tmc_ncn_20250121T1239493234_d_img_d18.zip
2025-01-24 00:11:25+00:00,2025-01-24 00:11:25.219000+00:00,2025-01-24 00:30:45.407000+00:00,3,"AFT,FORE,NADIR","NCA,NCF,NCN",True,True,True,True,3,ch2_tmc_nca_20250124T0011252223_d_img_d18.zip | ch2_tmc_ncf_20250124T0011252191_d_img_d18.zip | ch2_tmc_ncn_20250124T0011252191_d_img_d18.zip
2025-01-24 02:10:27+00:00,2025-01-24 02:10:26.808000+00:00,2025-01-24 02:29:47.420000+00:00,3,"AFT,FORE,NADIR","NCA,NCF,NCN",True,True,True,True,3,ch2_tmc_nca_20250124T0210268087_d_img_d18.zip | ch2_tmc_ncf_20250124T0210268087_d_img_d18.zip | ch2_tmc_ncn_20250124T0210268412_d_img_d18.zip
2025-01-24 04:09:29+00:00,2025-01-24 04:09:29.377000+00:00,2025-01-24 04:28:49.694000+00:00,3,"AFT,FORE,NADIR","NCA,NCF,NCN",True,True,True,True,3,ch2_tmc_nca_20250124T0409293805_d_img_d18.zip | ch2_tmc_ncf_20250124T0409293772_d_img_d18.zip | ch2_tmc_ncn_20250124T0409293772_d_img_d18.zip
2025-01-24 14:04:39+00:00,2025-01-24 14:04:39.275000+00:00,2025-01-24 14:23:59.593000+00:00,3,"AFT,FORE,NADIR","NCA,NCF,NCN",True,True,True,True,3,ch2_tmc_nca_20250124T1404392786_d_img_d18.zip | ch2_tmc_ncf_20250124T1404392754_d_img_d18.zip | ch2_tmc_ncn_20250124T1404392754_d_img_d18.zip
2025-01-26 03:46:04+00:00,2025-01-26 03:46:03.645000+00:00,2025-01-26 04:05:34.750000+00:00,3,"AFT,FORE,NADIR","NCA,NCF,NCN",True,True,True,True,3,ch2_tmc_nca_20250126T0346036453_d_img_d18.zip | ch2_tmc_ncf_20250126T0346036453_d_img_d18.zip | ch2_tmc_ncn_20250126T0346036485_d_img_d18.zip
2025-01-26 05:45:07+00:00,2025-01-26 05:45:06.686000+00:00,2025-01-26 06:04:36.907000+00:00,3,"AFT,FORE,NADIR","NCA,NCF,NCN",True,True,True,True,3,ch2_tmc_nca_20250126T0545066902_d_img_d18.zip | ch2_tmc_ncf_20250126T0545066869_d_img_d18.zip | ch2_tmc_ncn_20250126T0545066869_d_img_d18.zip
2025-01-26 17:39:21+00:00,2025-01-26 17:39:21.192000+00:00,2025-01-26 17:41:42.179000+00:00,3,"AFT,FORE,NADIR","NCA,NCF,NCN",True,True,True,True,3,ch2_tmc_nca_20250126T1739211922_d_img_d18.zip | ch2_tmc_ncf_20250126T1739211955_d_img_d18.zip | ch2_tmc_ncn_20250126T1739211922_d_img_d18.zip
2025-01-26 17:41:35+00:00,2025-01-26 17:41:34.681000+00:00,2025-01-26 17:49:31.373000+00:00,3,"AFT,FORE,NADIR","NCA,NCF,NCN",True,True,True,True,3,ch2_tmc_nca_20250126T1741346844_d_img_d18.zip | ch2_tmc_ncf_20250126T1741346844_d_img_d18.zip | ch2_tmc_ncn_20250126T1741346812_d_img_d18.zip
2025-01-26 17:49:22+00:00,2025-01-26 17:49:22.108000+00:00,2025-01-26 17:57:29.398000+00:00,3,"AFT,FORE,NADIR","NCA,NCF,NCN",True,True,True,True,3,ch2_tmc_nca_20250126T1749221084_d_img_d18.zip | ch2_tmc_ncf_20250126T1749221116_d_img_d18.zip | ch2_tmc_ncn_20250126T1749221084_d_img_d18.zip
2025-01-27 03:34:37+00:00,2025-01-27 03:34:36.765000+00:00,2025-01-27 03:54:08.218000+00:00,3,"AFT,FORE,NADIR","NCA,NCF,NCN",True,True,True,True,3,ch2_tmc_nca_20250127T0334367659_d_img_d18.zip | ch2_tmc_ncf_20250127T0334367692_d_img_d18.zip | ch2_tmc_ncn_20250127T0334367659_d_img_d18.zip
2025-01-27 05:33:39+00:00,2025-01-27 05:33:38.783000+00:00,2025-01-27 05:53:11.258000+00:00,3,"AFT,FORE,NADIR","NCA,NCF,NCN",True,True,True,True,3,ch2_tmc_nca_20250127T0533387865_d_img_d18.zip | ch2_tmc_ncf_20250127T0533387833_d_img_d18.zip | ch2_tmc_ncn_20250127T0533387833_d_img_d18.zip
2025-01-27 07:32:41+00:00,2025-01-27 07:32:40.927000+00:00,2025-01-27 07:52:14.554000+00:00,3,"AFT,FORE,NADIR","NCA,NCF,NCN",True,True,True,True,3,ch2_tmc_nca_20250127T0732409273_d_img_d18.zip | ch2_tmc_ncf_20250127T0732409273_d_img_d18.zip | ch2_tmc_ncn_20250127T0732409306_d_img_d18.zip
2025-01-28 03:23:06+00:00,2025-01-28 03:23:06.111000+00:00,2025-01-28 03:42:42.683000+00:00,3,"AFT,FORE,NADIR","NCA,NCF,NCN",True,True,True,True,3,ch2_tmc_nca_20250128T0323061119_d_img_d18.zip | ch2_tmc_ncf_20250128T0323061151_d_img_d18.zip | ch2_tmc_ncn_20250128T0323061119_d_img_d18.zip
2025-01-28 05:22:07+00:00,2025-01-28 05:22:07.123000+00:00,2025-01-28 05:41:44.718000+00:00,3,"AFT,FORE,NADIR","NCA,NCF,NCN",True,True,True,True,3,ch2_tmc_nca_20250128T0522071234_d_img_d18.zip | ch2_tmc_ncf_20250128T0522071234_d_img_d18.zip | ch2_tmc_ncn_20250128T0522071267_d_img_d18.zip
2025-01-28 07:21:08+00:00,2025-01-28 07:21:08.101000+00:00,2025-01-28 07:40:47.870000+00:00,1,NADIR,NCN,True,False,False,False,1,ch2_tmc_ncn_20250128T0721081011_d_img_d18.zip
2025-01-28 07:21:09+00:00,2025-01-28 07:21:08.978000+00:00,2025-01-28 07:40:47.870000+00:00,2,"AFT,FORE","NCA,NCF",False,True,True,False,2,ch2_tmc_nca_20250128T0721089786_d_img_d18.zip | ch2_tmc_ncf_20250128T0721089786_d_img_d18.zip
2025-01-28 09:20:10+00:00,2025-01-28 09:20:09.887000+00:00,2025-01-28 09:39:48.860000+00:00,3,"AFT,FORE,NADIR","NCA,NCF,NCN",True,True,True,True,3,ch2_tmc_nca_20250128T0920098877_d_img_d18.zip | ch2_tmc_ncf_20250128T0920098877_d_img_d18.zip | ch2_tmc_ncn_20250128T0920099201_d_img_d18.zip
2025-01-28 19:15:15+00:00,2025-01-28 19:15:15.458000+00:00,2025-01-28 19:28:07.457000+00:00,3,"AFT,FORE,NADIR","NCA,NCF,NCN",True,True,True,True,3,ch2_tmc_nca_20250128T1915154588_d_img_d18.zip | ch2_tmc_ncf_20250128T1915154588_d_img_d18.zip | ch2_tmc_ncn_20250128T1915154620_d_img_d18.zip
2025-01-28 19:28:01+00:00,2025-01-28 19:28:00.755000+00:00,2025-01-28 19:34:56.127000+00:00,3,"AFT,FORE,NADIR","NCA,NCF,NCN",True,True,True,True,3,ch2_tmc_nca_20250128T1928007553_d_img_d18.zip | ch2_tmc_ncf_20250128T1928007878_d_img_d18.zip | ch2_tmc_ncn_20250128T1928007878_d_img_d18.zip
2025-01-29 09:07:16+00:00,2025-01-29 09:07:16.186000+00:00,2025-01-29 09:26:51.733000+00:00,3,"AFT,FORE,NADIR","NCA,NCF,NCN",True,True,True,True,3,ch2_tmc_nca_20250129T0907161894_d_img_d18.zip | ch2_tmc_ncf_20250129T0907161861_d_img_d18.zip | ch2_tmc_ncn_20250129T0907161861_d_img_d18.zip
2025-01-29 18:56:05+00:00,2025-01-29 18:56:05.156000+00:00,2025-01-29 19:15:38.783000+00:00,3,"AFT,FORE,NADIR","NCA,NCF,NCN",True,True,True,True,3,ch2_tmc_nca_20250129T1856051560_d_img_d18.zip | ch2_tmc_ncf_20250129T1856051593_d_img_d18.zip | ch2_tmc_ncn_20250129T1856051560_d_img_d18.zip
2025-01-30 04:44:56+00:00,2025-01-30 04:44:56.233000+00:00,2025-01-30 05:04:28.708000+00:00,3,"AFT,FORE,NADIR","NCA,NCF,NCN",True,True,True,True,3,ch2_tmc_nca_20250130T0444562366_d_img_d18.zip | ch2_tmc_ncf_20250130T0444562335_d_img_d18.zip | ch2_tmc_ncn_20250130T0444562335_d_img_d18.zip
2025-01-30 06:42:45+00:00,2025-01-30 06:42:44.521000+00:00,2025-01-30 07:02:15.973000+00:00,3,"AFT,FORE,NADIR","NCA,NCF,NCN",True,True,True,True,3,ch2_tmc_nca_20250130T0642445212_d_img_d18.zip | ch2_tmc_ncf_20250130T0642445212_d_img_d18.zip | ch2_tmc_ncn_20250130T0642445244_d_img_d18.zip
2025-01-30 08:40:32+00:00,2025-01-30 08:40:31.737000+00:00,2025-01-30 09:00:02.163000+00:00,3,"AFT,FORE,NADIR","NCA,NCF,NCN",True,True,True,True,3,ch2_tmc_nca_20250130T0840317407_d_img_d18.zip | ch2_tmc_ncf_20250130T0840317374_d_img_d18.zip | ch2_tmc_ncn_20250130T0840317374_d_img_d18.zip
2025-01-30 10:38:17+00:00,2025-01-30 10:38:16.824000+00:00,2025-01-30 10:57:48.406000+00:00,3,"AFT,FORE,NADIR","NCA,NCF,NCN",True,True,True,True,3,ch2_tmc_nca_20250130T1038168275_d_img_d18.zip | ch2_tmc_ncf_20250130T1038168242_d_img_d18.zip | ch2_tmc_ncn_20250130T1038168242_d_img_d18.zip
2025-01-30 20:27:13+00:00,2025-01-30 20:27:13.484000+00:00,2025-01-30 20:30:43.592000+00:00,3,"AFT,FORE,NADIR","NCA,NCF,NCN",True,True,True,True,3,ch2_tmc_nca_20250130T2027134877_d_img_d18.zip | ch2_tmc_ncf_20250130T2027134844_d_img_d18.zip | ch2_tmc_ncn_20250130T2027134844_d_img_d18.zip
2025-01-30 20:30:35+00:00,2025-01-30 20:30:34.551000+00:00,2025-01-30 20:46:42.888000+00:00,3,"AFT,FORE,NADIR","NCA,NCF,NCN",True,True,True,True,3,ch2_tmc_nca_20250130T2030345545_d_img_d18.zip | ch2_tmc_ncf_20250130T2030345512_d_img_d18.zip | ch2_tmc_ncn_20250130T2030345512_d_img_d18.zip
2025-01-31 06:06:24+00:00,2025-01-31 06:06:23.911000+00:00,2025-01-31 06:25:54.451000+00:00,3,"AFT,FORE,NADIR","NCA,NCF,NCN",True,True,True,True,3,ch2_tmc_nca_20250131T0606239114_d_img_d18.zip | ch2_tmc_ncf_20250131T0606239114_d_img_d18.zip | ch2_tmc_ncn_20250131T0606239146_d_img_d18.zip
2025-01-31 08:04:10+00:00,2025-01-31 08:04:10.135000+00:00,2025-01-31 08:23:40.691000+00:00,3,"AFT,FORE,NADIR","NCA,NCF,NCN",True,True,True,True,3,ch2_tmc_nca_20250131T0804101357_d_img_d18.zip | ch2_tmc_ncf_20250131T0804101389_d_img_d18.zip | ch2_tmc_ncn_20250131T0804101357_d_img_d18.zip
2025-01-31 10:02:00+00:00,2025-01-31 10:01:59.711000+00:00,2025-01-31 10:21:29.116000+00:00,3,"AFT,FORE,NADIR","NCA,NCF,NCN",True,True,True,True,3,ch2_tmc_nca_20250131T1001597117_d_img_d18.zip | ch2_tmc_ncf_20250131T1001597117_d_img_d18.zip | ch2_tmc_ncn_20250131T1001597150_d_img_d18.zip
2025-01-31 19:50:57+00:00,2025-01-31 19:50:56.544000+00:00,2025-01-31 20:10:26.970000+00:00,3,"AFT,FORE,NADIR","NCA,NCF,NCN",True,True,True,True,3,ch2_tmc_nca_20250131T1950565473_d_img_d18.zip | ch2_tmc_ncf_20250131T1950565442_d_img_d18.zip | ch2_tmc_ncn_20250131T1950565442_d_img_d18.zip
2025-02-01 05:40:03+00:00,2025-02-01 05:40:02.793000+00:00,2025-02-01 05:59:30.149000+00:00,3,"AFT,FORE,NADIR","NCA,NCF,NCN",True,True,True,True,3,ch2_tmc_nca_20250201T0540027936_d_img_d18.zip | ch2_tmc_ncf_20250201T0540027969_d_img_d18.zip | ch2_tmc_ncn_20250201T0540027936_d_img_d18.zip
2025-02-01 07:37:49+00:00,2025-02-01 07:37:49.322000+00:00,2025-02-01 07:57:19.591000+00:00,3,"AFT,FORE,NADIR","NCA,NCF,NCN",True,True,True,True,3,ch2_tmc_nca_20250201T0737493221_d_img_d18.zip | ch2_tmc_ncf_20250201T0737493221_d_img_d18.zip | ch2_tmc_ncn_20250201T0737493546_d_img_d18.zip
2025-02-01 09:35:35+00:00,2025-02-01 09:35:35.273000+00:00,2025-02-01 09:55:04.677000+00:00,3,"AFT,FORE,NADIR","NCA,NCF,NCN",True,True,True,True,3,ch2_tmc_nca_20250201T0935352738_d_img_d18.zip | ch2_tmc_ncf_20250201T0935352770_d_img_d18.zip | ch2_tmc_ncn_20250201T0935352738_d_img_d18.zip
2025-02-01 11:33:24+00:00,2025-02-01 11:33:23.571000+00:00,2025-02-01 11:52:50.926000+00:00,3,"AFT,FORE,NADIR","NCA,NCF,NCN",True,True,True,True,3,ch2_tmc_nca_20250201T1133235713_d_img_d18.zip | ch2_tmc_ncf_20250201T1133235713_d_img_d18.zip | ch2_tmc_ncn_20250201T1133235746_d_img_d18.zip
2025-02-01 21:22:21+00:00,2025-02-01 21:22:20.853000+00:00,2025-02-01 21:41:46.163000+00:00,3,"AFT,FORE,NADIR","NCA,NCF,NCN",True,True,True,True,3,ch2_tmc_nca_20250201T2122208531_d_img_d18.zip | ch2_tmc_ncf_20250201T2122208531_d_img_d18.zip | ch2_tmc_ncn_20250201T2122208564_d_img_d18.zip
2025-02-02 11:06:59+00:00,2025-02-02 11:06:58.969000+00:00,2025-02-02 11:26:24.405000+00:00,3,"AFT,FORE,NADIR","NCA,NCF,NCN",True,True,True,True,3,ch2_tmc_nca_20250202T1106589722_d_img_d18.zip | ch2_tmc_ncf_20250202T1106589690_d_img_d18.zip | ch2_tmc_ncn_20250202T1106589690_d_img_d18.zip
2025-02-02 13:04:46+00:00,2025-02-02 13:04:46.488000+00:00,2025-02-02 13:24:10.772000+00:00,3,"AFT,FORE,NADIR","NCA,NCF,NCN",True,True,True,True,3,ch2_tmc_nca_20250202T1304464883_d_img_d18.zip | ch2_tmc_ncf_20250202T1304464883_d_img_d18.zip | ch2_tmc_ncn_20250202T1304464915_d_img_d18.zip
2025-02-02 20:55:59+00:00,2025-02-02 20:55:58.986000+00:00,2025-02-02 21:15:23.397000+00:00,3,"AFT,FORE,NADIR","NCA,NCF,NCN",True,True,True,True,3,ch2_tmc_nca_20250202T2055589860_d_img_d18.zip | ch2_tmc_ncf_20250202T2055589893_d_img_d18.zip | ch2_tmc_ncn_20250202T2055589860_d_img_d18.zip
2025-02-03 22:27:23+00:00,2025-02-03 22:27:23.414000+00:00,2025-02-03 22:40:16.224000+00:00,3,"AFT,FORE,NADIR","NCA,NCF,NCN",True,True,True,True,3,ch2_tmc_nca_20250203T2227234146_d_img_d18.zip | ch2_tmc_ncf_20250203T2227234178_d_img_d18.zip | ch2_tmc_ncn_20250203T2227234146_d_img_d18.zip
2025-02-03 22:40:07+00:00,2025-02-03 22:40:07.477000+00:00,2025-02-03 22:46:45.650000+00:00,3,"AFT,FORE,NADIR","NCA,NCF,NCN",True,True,True,True,3,ch2_tmc_nca_20250203T2240074778_d_img_d18.zip | ch2_tmc_ncf_20250203T2240074778_d_img_d18.zip | ch2_tmc_ncn_20250203T2240074778_d_img_d18.zip
2025-02-04 12:21:38+00:00,2025-02-04 12:21:37.509000+00:00,2025-02-04 12:31:15.428000+00:00,3,"AFT,FORE,NADIR","NCA,NCF,NCN",True,True,True,True,3,ch2_tmc_nca_20250204T1221375129_d_img_d18.zip | ch2_tmc_ncf_20250204T1221375096_d_img_d18.zip | ch2_tmc_ncn_20250204T1221375096_d_img_d18.zip
2025-02-04 22:10:34+00:00,2025-02-04 22:10:33.627000+00:00,2025-02-04 22:20:13.205000+00:00,3,"AFT,FORE,NADIR","NCA,NCF,NCN",True,True,True,True,3,ch2_tmc_nca_20250204T2210336271_d_img_d18.zip | ch2_tmc_ncf_20250204T2210336303_d_img_d18.zip | ch2_tmc_ncn_20250204T2210336271_d_img_d18.zip
2025-02-05 09:57:26+00:00,2025-02-05 09:57:25.632000+00:00,2025-02-05 10:06:32.403000+00:00,3,"AFT,FORE,NADIR","NCA,NCF,NCN",True,True,True,True,3,ch2_tmc_nca_20250205T0957256320_d_img_d18.zip | ch2_tmc_ncf_20250205T0957256353_d_img_d18.zip | ch2_tmc_ncn_20250205T0957256320_d_img_d18.zip
2025-02-05 13:53:02+00:00,2025-02-05 13:53:01.632000+00:00,2025-02-05 14:02:40.182000+00:00,3,"AFT,FORE,NADIR","NCA,NCF,NCN",True,True,True,True,3,ch2_tmc_nca_20250205T1353016359_d_img_d18.zip | ch2_tmc_ncf_20250205T1353016359_d_img_d18.zip | ch2_tmc_ncn_20250205T1353016327_d_img_d18.zip
2025-02-05 23:50:32+00:00,2025-02-05 23:50:32.383000+00:00,2025-02-05 23:51:32.194000+00:00,3,"AFT,FORE,NADIR","NCA,NCF,NCN",True,True,True,True,3,ch2_tmc_nca_20250205T2350323835_d_img_d18.zip | ch2_tmc_ncf_20250205T2350323835_d_img_d18.zip | ch2_tmc_ncn_20250205T2350323835_d_img_d18.zip
2025-02-06 11:28:43+00:00,2025-02-06 11:28:43.243000+00:00,2025-02-06 11:37:23.217000+00:00,3,"AFT,FORE,NADIR","NCA,NCF,NCN",True,True,True,True,3,ch2_tmc_nca_20250206T1128432433_d_img_d18.zip | ch2_tmc_ncf_20250206T1128432433_d_img_d18.zip | ch2_tmc_ncn_20250206T1128432433_d_img_d18.zip
2025-02-06 11:37:17+00:00,2025-02-06 11:37:17.273000+00:00,2025-02-06 11:38:18.352000+00:00,3,"AFT,FORE,NADIR","NCA,NCF,NCN",True,True,True,True,3,ch2_tmc_nca_20250206T1137172731_d_img_d18.zip | ch2_tmc_ncf_20250206T1137172731_d_img_d18.zip | ch2_tmc_ncn_20250206T1137172731_d_img_d18.zip
2025-02-07 01:13:12+00:00,2025-02-07 01:13:11.608000+00:00,2025-02-07 01:22:51.319000+00:00,3,"AFT,FORE,NADIR","NCA,NCF,NCN",True,True,True,True,3,ch2_tmc_nca_20250207T0113116087_d_img_d18.zip | ch2_tmc_ncf_20250207T0113116120_d_img_d18.zip | ch2_tmc_ncn_20250207T0113116087_d_img_d18.zip
2025-02-07 11:02:04+00:00,2025-02-07 11:02:03.938000+00:00,2025-02-07 11:10:42.573000+00:00,3,"AFT,FORE,NADIR","NCA,NCF,NCN",True,True,True,True,3,ch2_tmc_nca_20250207T1102039417_d_img_d18.zip | ch2_tmc_ncf_20250207T1102039385_d_img_d18.zip | ch2_tmc_ncn_20250207T1102039385_d_img_d18.zip
2025-02-07 11:10:33+00:00,2025-02-07 11:10:33.298000+00:00,2025-02-07 11:11:43.520000+00:00,3,"AFT,FORE,NADIR","NCA,NCF,NCN",True,True,True,True,3,ch2_tmc_nca_20250207T1110332983_d_img_d18.zip | ch2_tmc_ncf_20250207T1110332983_d_img_d18.zip | ch2_tmc_ncn_20250207T1110332983_d_img_d18.zip
2025-02-07 14:57:35+00:00,2025-02-07 14:57:34.857000+00:00,2025-02-07 15:07:16.738000+00:00,3,"AFT,FORE,NADIR","NCA,NCF,NCN",True,True,True,True,3,ch2_tmc_nca_20250207T1457348898_d_img_d18.zip | ch2_tmc_ncf_20250207T1457348573_d_img_d18.zip | ch2_tmc_ncn_20250207T1457348573_d_img_d18.zip
2025-02-09 02:17:32+00:00,2025-02-09 02:17:31.810000+00:00,2025-02-09 02:27:12.414000+00:00,3,"AFT,FORE,NADIR","NCA,NCF,NCN",True,True,True,True,3,ch2_tmc_nca_20250209T0217318101_d_img_d18.zip | ch2_tmc_ncf_20250209T0217318101_d_img_d18.zip | ch2_tmc_ncn_20250209T0217318134_d_img_d18.zip
2025-02-09 14:04:15+00:00,2025-02-09 14:04:14.533000+00:00,2025-02-09 14:13:54.241000+00:00,3,"AFT,FORE,NADIR","NCA,NCF,NCN",True,True,True,True,3,ch2_tmc_nca_20250209T1404145337_d_img_d18.zip | ch2_tmc_ncf_20250209T1404145337_d_img_d18.zip | ch2_tmc_ncn_20250209T1404145370_d_img_d18.zip
2025-02-09 17:59:50+00:00,2025-02-09 17:59:49.701000+00:00,2025-02-09 18:09:28.387000+00:00,3,"AFT,FORE,NADIR","NCA,NCF,NCN",True,True,True,True,3,ch2_tmc_nca_20250209T1759497052_d_img_d18.zip | ch2_tmc_ncf_20250209T1759497019_d_img_d18.zip | ch2_tmc_ncn_20250209T1759497019_d_img_d18.zip
2025-02-10 03:48:43+00:00,2025-02-10 03:48:42.930000+00:00,2025-02-10 03:58:23.535000+00:00,3,"AFT,FORE,NADIR","NCA,NCF,NCN",True,True,True,True,3,ch2_tmc_nca_20250210T0348429305_d_img_d18.zip | ch2_tmc_ncf_20250210T0348429338_d_img_d18.zip | ch2_tmc_ncn_20250210T0348429305_d_img_d18.zip
2025-02-10 15:35:24+00:00,2025-02-10 15:35:24.131000+00:00,2025-02-10 15:45:04.740000+00:00,1,AFT,NCA,False,True,False,False,1,ch2_tmc_nca_20250210T1535241316_d_img_d18.zip
2025-02-10 15:35:25+00:00,2025-02-10 15:35:24.990000+00:00,2025-02-10 15:45:04.743000+00:00,2,"FORE,NADIR","NCF,NCN",True,False,True,False,2,ch2_tmc_ncf_20250210T1535249905_d_img_d18.zip | ch2_tmc_ncn_20250210T1535249905_d_img_d18.zip
2025-02-10 19:30:59+00:00,2025-02-10 19:30:58.923000+00:00,2025-02-10 19:40:38.634000+00:00,3,"AFT,FORE,NADIR","NCA,NCF,NCN",True,True,True,True,3,ch2_tmc_nca_20250210T1930589231_d_img_d18.zip | ch2_tmc_ncf_20250210T1930589231_d_img_d18.zip | ch2_tmc_ncn_20250210T1930589264_d_img_d18.zip
2025-02-12 04:59:30+00:00,2025-02-12 04:59:30.372000+00:00,2025-02-12 05:09:19.474000+00:00,3,"AFT,FORE,NADIR","NCA,NCF,NCN",True,True,True,True,3,ch2_tmc_nca_20250212T0459303757_d_img_d18.zip | ch2_tmc_ncf_20250212T0459303725_d_img_d18.zip | ch2_tmc_ncn_20250212T0459303757_d_img_d18.zip
2025-02-12 16:52:17+00:00,2025-02-12 16:52:17.311000+00:00,2025-02-12 17:01:59.351000+00:00,3,"AFT,FORE,NADIR","NCA,NCF,NCN",True,True,True,True,3,ch2_tmc_nca_20250212T1652173115_d_img_d18.zip | ch2_tmc_ncf_20250212T1652173115_d_img_d18.zip | ch2_tmc_ncn_20250212T1652173148_d_img_d18.zip
2025-02-12 20:49:55+00:00,2025-02-12 20:49:54.537000+00:00,2025-02-12 20:59:44.130000+00:00,3,"AFT,FORE,NADIR","NCA,NCF,NCN",True,True,True,True,3,ch2_tmc_nca_20250212T2049545411_d_img_d18.zip | ch2_tmc_ncf_20250212T2049545379_d_img_d18.zip | ch2_tmc_ncn_20250212T2049545411_d_img_d18.zip
2025-02-13 06:43:56+00:00,2025-02-13 06:43:56.472000+00:00,2025-02-13 06:53:48.469000+00:00,3,"AFT,FORE,NADIR","NCA,NCF,NCN",True,True,True,True,3,ch2_tmc_nca_20250213T0643564720_d_img_d18.zip | ch2_tmc_ncf_20250213T0643564720_d_img_d18.zip | ch2_tmc_ncn_20250213T0643564753_d_img_d18.zip
2025-02-13 18:36:15+00:00,2025-02-13 18:36:15.222000+00:00,2025-02-13 18:46:07.902000+00:00,3,"AFT,FORE,NADIR","NCA,NCF,NCN",True,True,True,True,3,ch2_tmc_nca_20250213T1836152227_d_img_d18.zip | ch2_tmc_ncf_20250213T1836152260_d_img_d18.zip | ch2_tmc_ncn_20250213T1836152227_d_img_d18.zip
2025-02-13 22:32:28+00:00,2025-02-13 22:32:28.127000+00:00,2025-02-13 22:36:20.292000+00:00,3,"AFT,FORE,NADIR","NCA,NCF,NCN",True,True,True,True,3,ch2_tmc_nca_20250213T2232281272_d_img_d18.zip | ch2_tmc_ncf_20250213T2232281304_d_img_d18.zip | ch2_tmc_ncn_20250213T2232281272_d_img_d18.zip
2025-02-13 22:36:12+00:00,2025-02-13 22:36:12.308000+00:00,2025-02-13 22:42:17.947000+00:00,3,"AFT,FORE,NADIR","NCA,NCF,NCN",True,True,True,True,3,ch2_tmc_nca_20250213T2236123089_d_img_d18.zip | ch2_tmc_ncf_20250213T2236123121_d_img_d18.zip | ch2_tmc_ncn_20250213T2236123089_d_img_d18.zip
2025-02-14 06:24:52+00:00,2025-02-14 06:24:51.605000+00:00,2025-02-14 06:34:41.554000+00:00,3,"AFT,FORE,NADIR","NCA,NCF,NCN",True,True,True,True,3,ch2_tmc_nca_20250214T0624516050_d_img_d18.zip | ch2_tmc_ncf_20250214T0624516082_d_img_d18.zip | ch2_tmc_ncn_20250214T0624516050_d_img_d18.zip
2025-02-14 18:13:29+00:00,2025-02-14 18:13:29.220000+00:00,2025-02-14 18:18:10.332000+00:00,3,"AFT,FORE,NADIR","NCA,NCF,NCN",True,True,True,True,3,ch2_tmc_nca_20250214T1813292233_d_img_d18.zip | ch2_tmc_ncf_20250214T1813292201_d_img_d18.zip | ch2_tmc_ncn_20250214T1813292201_d_img_d18.zip
2025-02-14 18:18:04+00:00,2025-02-14 18:18:04.492000+00:00,2025-02-14 18:22:41.163000+00:00,3,"AFT,FORE,NADIR","NCA,NCF,NCN",True,True,True,True,3,ch2_tmc_nca_20250214T1818044922_d_img_d18.zip | ch2_tmc_ncf_20250214T1818044922_d_img_d18.zip | ch2_tmc_ncn_20250214T1818044954_d_img_d18.zip
2025-02-14 20:11:35+00:00,2025-02-14 20:11:34.579000+00:00,2025-02-14 20:18:35.660000+00:00,3,"AFT,FORE,NADIR","NCA,NCF,NCN",True,True,True,True,3,ch2_tmc_nca_20250214T2011345832_d_img_d18.zip | ch2_tmc_ncf_20250214T2011345832_d_img_d18.zip | ch2_tmc_ncn_20250214T2011345799_d_img_d18.zip
2025-02-14 20:18:29+00:00,2025-02-14 20:18:29.298000+00:00,2025-02-14 20:21:23.179000+00:00,3,"AFT,FORE,NADIR","NCA,NCF,NCN",True,True,True,True,3,ch2_tmc_nca_20250214T2018293013_d_img_d18.zip | ch2_tmc_ncf_20250214T2018292982_d_img_d18.zip | ch2_tmc_ncn_20250214T2018293013_d_img_d18.zip
2025-02-14 22:09:39+00:00,2025-02-14 22:09:39.435000+00:00,2025-02-14 22:17:17.270000+00:00,3,"AFT,FORE,NADIR","NCA,NCF,NCN",True,True,True,True,3,ch2_tmc_nca_20250214T2209394350_d_img_d18.zip | ch2_tmc_ncf_20250214T2209394383_d_img_d18.zip | ch2_tmc_ncn_20250214T2209394350_d_img_d18.zip
2025-02-14 22:17:10+00:00,2025-02-14 22:17:09.617000+00:00,2025-02-14 22:19:29.383000+00:00,3,"AFT,FORE,NADIR","NCA,NCF,NCN",True,True,True,True,3,ch2_tmc_nca_20250214T2217096170_d_img_d18.zip | ch2_tmc_ncf_20250214T2217096170_d_img_d18.zip | ch2_tmc_ncn_20250214T2217096170_d_img_d18.zip
2025-02-15 00:07:47+00:00,2025-02-15 00:07:46.533000+00:00,2025-02-15 00:17:35.459000+00:00,3,"AFT,FORE,NADIR","NCA,NCF,NCN",True,True,True,True,3,ch2_tmc_nca_20250215T0007465330_d_img_d18.zip | ch2_tmc_ncf_20250215T0007465362_d_img_d18.zip | ch2_tmc_ncn_20250215T0007465330_d_img_d18.zip
2025-02-15 17:50:43+00:00,2025-02-15 17:50:42.764000+00:00,2025-02-15 18:00:29.513000+00:00,3,"AFT,FORE,NADIR","NCA,NCF,NCN",True,True,True,True,3,ch2_tmc_nca_20250215T1750427647_d_img_d18.zip | ch2_tmc_ncf_20250215T1750427679_d_img_d18.zip | ch2_tmc_ncn_20250215T1750427647_d_img_d18.zip
2025-02-15 19:48:49+00:00,2025-02-15 19:48:49.432000+00:00,2025-02-15 19:58:35.284000+00:00,3,"AFT,FORE,NADIR","NCA,NCF,NCN",True,True,True,True,3,ch2_tmc_nca_20250215T1948494328_d_img_d18.zip | ch2_tmc_ncf_20250215T1948494328_d_img_d18.zip | ch2_tmc_ncn_20250215T1948494361_d_img_d18.zip
2025-02-15 21:46:56+00:00,2025-02-15 21:46:56.131000+00:00,2025-02-15 21:56:40.960000+00:00,3,"AFT,FORE,NADIR","NCA,NCF,NCN",True,True,True,True,3,ch2_tmc_nca_20250215T2146561312_d_img_d18.zip | ch2_tmc_ncf_20250215T2146561312_d_img_d18.zip | ch2_tmc_ncn_20250215T2146561345_d_img_d18.zip
2025-02-16 01:43:08+00:00,2025-02-16 01:43:07.896000+00:00,2025-02-16 01:52:52.596000+00:00,3,"AFT,FORE,NADIR","NCA,NCF,NCN",True,True,True,True,3,ch2_tmc_nca_20250216T0143078965_d_img_d18.zip | ch2_tmc_ncf_20250216T0143078998_d_img_d18.zip | ch2_tmc_ncn_20250216T0143078965_d_img_d18.zip
2025-02-16 07:37:25+00:00,2025-02-16 07:37:24.913000+00:00,2025-02-16 07:46:57.866000+00:00,3,"AFT,FORE,NADIR","NCA,NCF,NCN",True,True,True,True,3,ch2_tmc_nca_20250216T0737249132_d_img_d18.zip | ch2_tmc_ncf_20250216T0737249132_d_img_d18.zip | ch2_tmc_ncn_20250216T0737249164_d_img_d18.zip
2025-02-16 19:25:59+00:00,2025-02-16 19:25:59.194000+00:00,2025-02-16 19:35:44.577000+00:00,3,"AFT,FORE,NADIR","NCA,NCF,NCN",True,True,True,True,3,ch2_tmc_nca_20250216T1925592274_d_img_d18.zip | ch2_tmc_ncf_20250216T1925591949_d_img_d18.zip | ch2_tmc_ncn_20250216T1925592274_d_img_d18.zip
2025-02-16 21:24:06+00:00,2025-02-16 21:24:05.684000+00:00,2025-02-16 21:33:50.510000+00:00,3,"AFT,FORE,NADIR","NCA,NCF,NCN",True,True,True,True,3,ch2_tmc_nca_20250216T2124056877_d_img_d18.zip | ch2_tmc_ncf_20250216T2124056846_d_img_d18.zip | ch2_tmc_ncn_20250216T2124056846_d_img_d18.zip
2025-02-16 23:22:13+00:00,2025-02-16 23:22:12.527000+00:00,2025-02-16 23:31:57.227000+00:00,3,"AFT,FORE,NADIR","NCA,NCF,NCN",True,True,True,True,3,ch2_tmc_nca_20250216T2322125278_d_img_d18.zip | ch2_tmc_ncf_20250216T2322125278_d_img_d18.zip | ch2_tmc_ncn_20250216T2322125310_d_img_d18.zip
2025-02-17 01:20:18+00:00,2025-02-17 01:20:18.347000+00:00,2025-02-17 01:30:03.470000+00:00,3,"AFT,FORE,NADIR","NCA,NCF,NCN",True,True,True,True,3,ch2_tmc_nca_20250217T0120183506_d_img_d18.zip | ch2_tmc_ncf_20250217T0120183473_d_img_d18.zip | ch2_tmc_ncn_20250217T0120183473_d_img_d18.zip
2025-02-19 02:32:35+00:00,2025-02-19 02:32:34.918000+00:00,2025-02-19 02:42:14.629000+00:00,3,"AFT,FORE,NADIR","NCA,NCF,NCN",True,True,True,True,3,ch2_tmc_nca_20250219T0232349188_d_img_d18.zip | ch2_tmc_ncf_20250219T0232349188_d_img_d18.zip | ch2_tmc_ncn_20250219T0232349220_d_img_d18.zip
2025-02-19 10:24:54+00:00,2025-02-19 10:24:54.425000+00:00,2025-02-19 10:33:57.688000+00:00,3,"AFT,FORE,NADIR","NCA,NCF,NCN",True,True,True,True,3,ch2_tmc_nca_20250219T1024544256_d_img_d18.zip | ch2_tmc_ncf_20250219T1024544256_d_img_d18.zip | ch2_tmc_ncn_20250219T1024544288_d_img_d18.zip
2025-02-19 20:15:23+00:00,2025-02-19 20:15:22.580000+00:00,2025-02-19 20:25:03.309000+00:00,3,"AFT,FORE,NADIR","NCA,NCF,NCN",True,True,True,True,3,ch2_tmc_nca_20250219T2015225800_d_img_d18.zip | ch2_tmc_ncf_20250219T2015225800_d_img_d18.zip | ch2_tmc_ncn_20250219T2015225832_d_img_d18.zip
2025-02-19 22:13:29+00:00,2025-02-19 22:13:29.375000+00:00,2025-02-19 22:23:07.930000+00:00,3,"AFT,FORE,NADIR","NCA,NCF,NCN",True,True,True,True,3,ch2_tmc_nca_20250219T2213293750_d_img_d18.zip | ch2_tmc_ncf_20250219T2213293750_d_img_d18.zip | ch2_tmc_ncn_20250219T2213293782_d_img_d18.zip
2025-02-20 00:11:34+00:00,2025-02-20 00:11:34.156000+00:00,2025-02-20 00:21:12.710000+00:00,3,"AFT,FORE,NADIR","NCA,NCF,NCN",True,True,True,True,3,ch2_tmc_nca_20250220T0011341563_d_img_d18.zip | ch2_tmc_ncf_20250220T0011341596_d_img_d18.zip | ch2_tmc_ncn_20250220T0011341563_d_img_d18.zip
2025-02-20 02:09:37+00:00,2025-02-20 02:09:36.901000+00:00,2025-02-20 02:19:16.482000+00:00,3,"AFT,FORE,NADIR","NCA,NCF,NCN",True,True,True,True,3,ch2_tmc_nca_20250220T0209369016_d_img_d18.zip | ch2_tmc_ncf_20250220T0209369016_d_img_d18.zip | ch2_tmc_ncn_20250220T0209369047_d_img_d18.zip
2025-02-20 12:00:01+00:00,2025-02-20 12:00:00.530000+00:00,2025-02-20 12:08:06.951000+00:00,3,"AFT,FORE,NADIR","NCA,NCF,NCN",True,True,True,True,3,ch2_tmc_nca_20250220T1200005613_d_img_d18.zip | ch2_tmc_ncf_20250220T1200005300_d_img_d18.zip | ch2_tmc_ncn_20250220T1200005300_d_img_d18.zip
2025-02-20 12:07:59+00:00,2025-02-20 12:07:58.676000+00:00,2025-02-20 12:08:48.989000+00:00,3,"AFT,FORE,NADIR","NCA,NCF,NCN",True,True,True,True,3,ch2_tmc_nca_20250220T1207586765_d_img_d18.zip | ch2_tmc_ncf_20250220T1207586765_d_img_d18.zip | ch2_tmc_ncn_20250220T1207586765_d_img_d18.zip
2025-02-20 21:50:20+00:00,2025-02-20 21:50:20.264000+00:00,2025-02-20 21:58:25.321000+00:00,3,"AFT,FORE,NADIR","NCA,NCF,NCN",True,True,True,True,3,ch2_tmc_nca_20250220T2150202648_d_img_d18.zip | ch2_tmc_ncf_20250220T2150202648_d_img_d18.zip | ch2_tmc_ncn_20250220T2150202680_d_img_d18.zip
2025-02-20 21:58:17+00:00,2025-02-20 21:58:17.454000+00:00,2025-02-20 21:59:08.813000+00:00,3,"AFT,FORE,NADIR","NCA,NCF,NCN",True,True,True,True,3,ch2_tmc_nca_20250220T2158174545_d_img_d18.zip | ch2_tmc_ncf_20250220T2158174545_d_img_d18.zip | ch2_tmc_ncn_20250220T2158174545_d_img_d18.zip
2025-02-20 23:48:26+00:00,2025-02-20 23:48:25.730000+00:00,2025-02-20 23:58:05.747000+00:00,3,"AFT,FORE,NADIR","NCA,NCF,NCN",True,True,True,True,3,ch2_tmc_nca_20250220T2348257302_d_img_d18.zip | ch2_tmc_ncf_20250220T2348257627_d_img_d18.zip | ch2_tmc_ncn_20250220T2348257627_d_img_d18.zip
2025-02-21 01:46:27+00:00,2025-02-21 01:46:26.848000+00:00,2025-02-21 01:56:08.606000+00:00,3,"AFT,FORE,NADIR","NCA,NCF,NCN",True,True,True,True,3,ch2_tmc_nca_20250221T0146268481_d_img_d18.zip | ch2_tmc_ncf_20250221T0146268514_d_img_d18.zip | ch2_tmc_ncn_20250221T0146268481_d_img_d18.zip
2025-02-21 03:44:30+00:00,2025-02-21 03:44:29.851000+00:00,2025-02-21 03:54:12.502000+00:00,3,"AFT,FORE,NADIR","NCA,NCF,NCN",True,True,True,True,3,ch2_tmc_nca_20250221T0344298512_d_img_d18.zip | ch2_tmc_ncf_20250221T0344298545_d_img_d18.zip | ch2_tmc_ncn_20250221T0344298512_d_img_d18.zip
2025-02-21 13:34:45+00:00,2025-02-21 13:34:45.196000+00:00,2025-02-21 13:42:51.664000+00:00,3,"AFT,FORE,NADIR","NCA,NCF,NCN",True,True,True,True,3,ch2_tmc_nca_20250221T1334451963_d_img_d18.zip | ch2_tmc_ncf_20250221T1334451995_d_img_d18.zip | ch2_tmc_ncn_20250221T1334451963_d_img_d18.zip
2025-02-21 23:24:59+00:00,2025-02-21 23:24:58.894000+00:00,2025-02-21 23:33:03.326000+00:00,3,"AFT,FORE,NADIR","NCA,NCF,NCN",True,True,True,True,3,ch2_tmc_nca_20250221T2324588981_d_img_d18.zip | ch2_tmc_ncf_20250221T2324588949_d_img_d18.zip | ch2_tmc_ncn_20250221T2324588981_d_img_d18.zip
2025-02-22 01:23:04+00:00,2025-02-22 01:23:04.483000+00:00,2025-02-22 01:32:49.218000+00:00,3,"AFT,FORE,NADIR","NCA,NCF,NCN",True,True,True,True,3,ch2_tmc_nca_20250222T0123044830_d_img_d18.zip | ch2_tmc_ncf_20250222T0123044862_d_img_d18.zip | ch2_tmc_ncn_20250222T0123044830_d_img_d18.zip
2025-02-22 03:21:08+00:00,2025-02-22 03:21:08.272000+00:00,2025-02-22 03:30:51.946000+00:00,3,"AFT,FORE,NADIR","NCA,NCF,NCN",True,True,True,True,3,ch2_tmc_nca_20250222T0321082725_d_img_d18.zip | ch2_tmc_ncf_20250222T0321082758_d_img_d18.zip | ch2_tmc_ncn_20250222T0321082725_d_img_d18.zip
2025-02-22 05:19:11+00:00,2025-02-22 05:19:10.889000+00:00,2025-02-22 05:28:55.588000+00:00,3,"AFT,FORE,NADIR","NCA,NCF,NCN",True,True,True,True,3,ch2_tmc_nca_20250222T0519108892_d_img_d18.zip | ch2_tmc_ncf_20250222T0519108924_d_img_d18.zip | ch2_tmc_ncn_20250222T0519108892_d_img_d18.zip
2025-02-23 03:06:01+00:00,2025-02-23 03:06:00.981000+00:00,2025-02-23 03:06:49.334000+00:00,3,"AFT,FORE,NADIR","NCA,NCF,NCN",True,True,True,True,3,ch2_tmc_nca_20250223T0306009817_d_img_d18.zip | ch2_tmc_ncf_20250223T0306009849_d_img_d18.zip | ch2_tmc_ncn_20250223T0306009849_d_img_d18.zip
2025-04-23 01:17:45+00:00,2025-04-23 01:17:44.744000+00:00,2025-04-23 01:27:37.634000+00:00,3,"AFT,FORE,NADIR","NCA,NCF,NCN",True,True,True,True,3,ch2_tmc_nca_20250423T0117447448_d_img_d18.zip | ch2_tmc_ncf_20250423T0117447448_d_img_d18.zip | ch2_tmc_ncn_20250423T0117447479_d_img_d18.zip
2025-04-23 05:13:27+00:00,2025-04-23 05:13:26.876000+00:00,2025-04-23 05:23:20.922000+00:00,3,"AFT,FORE,NADIR","NCA,NCF,NCN",True,True,True,True,3,ch2_tmc_nca_20250423T0513268797_d_img_d18.zip | ch2_tmc_ncf_20250423T0513268765_d_img_d18.zip | ch2_tmc_ncn_20250423T0513268765_d_img_d18.zip
2025-04-23 13:04:52+00:00,2025-04-23 13:04:51.739000+00:00,2025-04-23 13:14:45.769000+00:00,3,"AFT,FORE,NADIR","NCA,NCF,NCN",True,True,True,True,3,ch2_tmc_nca_20250423T1304517432_d_img_d18.zip | ch2_tmc_ncf_20250423T1304517399_d_img_d18.zip | ch2_tmc_ncn_20250423T1304517399_d_img_d18.zip
2025-04-24 00:52:00+00:00,2025-04-24 00:51:59.544000+00:00,2025-04-24 00:53:58.814000+00:00,3,"AFT,FORE,NADIR","NCA,NCF,NCN",True,True,True,True,3,ch2_tmc_nca_20250424T0051595479_d_img_d18.zip | ch2_tmc_ncf_20250424T0051595446_d_img_d18.zip | ch2_tmc_ncn_20250424T0051595446_d_img_d18.zip
2025-04-24 00:53:53+00:00,2025-04-24 00:53:53.222000+00:00,2025-04-24 01:01:16.945000+00:00,3,"AFT,FORE,NADIR","NCA,NCF,NCN",True,True,True,True,3,ch2_tmc_nca_20250424T0053532226_d_img_d18.zip | ch2_tmc_ncf_20250424T0053532226_d_img_d18.zip | ch2_tmc_ncn_20250424T0053532226_d_img_d18.zip
2025-04-24 02:49:52+00:00,2025-04-24 02:49:52.325000+00:00,2025-04-24 02:53:41.173000+00:00,3,"AFT,FORE,NADIR","NCA,NCF,NCN",True,True,True,True,3,ch2_tmc_nca_20250424T0249523255_d_img_d18.zip | ch2_tmc_ncf_20250424T0249523255_d_img_d18.zip | ch2_tmc_ncn_20250424T0249523255_d_img_d18.zip
2025-04-24 02:53:32+00:00,2025-04-24 02:53:32.377000+00:00,2025-04-24 02:59:46.289000+00:00,3,"AFT,FORE,NADIR","NCA,NCF,NCN",True,True,True,True,3,ch2_tmc_nca_20250424T0253323777_d_img_d18.zip | ch2_tmc_ncf_20250424T0253323777_d_img_d18.zip | ch2_tmc_ncn_20250424T0253323777_d_img_d18.zip
2025-04-24 04:47:45+00:00,2025-04-24 04:47:44.958000+00:00,2025-04-24 04:51:50.882000+00:00,3,"AFT,FORE,NADIR","NCA,NCF,NCN",True,True,True,True,3,ch2_tmc_nca_20250424T0447449584_d_img_d18.zip | ch2_tmc_ncf_20250424T0447449617_d_img_d18.zip | ch2_tmc_ncn_20250424T0447449584_d_img_d18.zip
2025-04-24 04:51:39+00:00,2025-04-24 04:51:38.809000+00:00,2025-04-24 04:57:37.852000+00:00,3,"AFT,FORE,NADIR","NCA,NCF,NCN",True,True,True,True,3,ch2_tmc_nca_20250424T0451388092_d_img_d18.zip | ch2_tmc_ncf_20250424T0451388092_d_img_d18.zip | ch2_tmc_ncn_20250424T0451388092_d_img_d18.zip
2025-04-24 06:45:38+00:00,2025-04-24 06:45:37.706000+00:00,2025-04-24 06:49:56.218000+00:00,3,"AFT,FORE,NADIR","NCA,NCF,NCN",True,True,True,True,3,ch2_tmc_nca_20250424T0645377093_d_img_d18.zip | ch2_tmc_ncf_20250424T0645377062_d_img_d18.zip | ch2_tmc_ncn_20250424T0645377062_d_img_d18.zip
2025-04-24 06:49:45+00:00,2025-04-24 06:49:45.361000+00:00,2025-04-24 06:55:30.725000+00:00,3,"AFT,FORE,NADIR","NCA,NCF,NCN",True,True,True,True,3,ch2_tmc_nca_20250424T0649453617_d_img_d18.zip | ch2_tmc_ncf_20250424T0649453617_d_img_d18.zip | ch2_tmc_ncn_20250424T0649453617_d_img_d18.zip
2025-04-25 02:24:13+00:00,2025-04-25 02:24:12.804000+00:00,2025-04-25 02:34:08.895000+00:00,3,"AFT,FORE,NADIR","NCA,NCF,NCN",True,True,True,True,3,ch2_tmc_nca_20250425T0224128049_d_img_d18.zip | ch2_tmc_ncf_20250425T0224128081_d_img_d18.zip | ch2_tmc_ncn_20250425T0224128049_d_img_d18.zip
2025-04-25 04:22:05+00:00,2025-04-25 04:22:05.438000+00:00,2025-04-25 04:32:00.458000+00:00,3,"AFT,FORE,NADIR","NCA,NCF,NCN",True,True,True,True,3,ch2_tmc_nca_20250425T0422054387_d_img_d18.zip | ch2_tmc_ncf_20250425T0422054387_d_img_d18.zip | ch2_tmc_ncn_20250425T0422054419_d_img_d18.zip
2025-04-25 08:17:48+00:00,2025-04-25 08:17:48.400000+00:00,2025-04-25 08:27:43.468000+00:00,3,"AFT,FORE,NADIR","NCA,NCF,NCN",True,True,True,True,3,ch2_tmc_nca_20250425T0817484000_d_img_d18.zip | ch2_tmc_ncf_20250425T0817484000_d_img_d18.zip | ch2_tmc_ncn_20250425T0817484033_d_img_d18.zip
2025-04-26 01:58:32+00:00,2025-04-26 01:58:32.401000+00:00,2025-04-26 02:08:27.340000+00:00,3,"AFT,FORE,NADIR","NCA,NCF,NCN",True,True,True,True,3,ch2_tmc_nca_20250426T0158324045_d_img_d18.zip | ch2_tmc_ncf_20250426T0158324012_d_img_d18.zip | ch2_tmc_ncn_20250426T0158324012_d_img_d18.zip
2025-04-26 07:52:08+00:00,2025-04-26 07:52:08.145000+00:00,2025-04-26 08:02:04.235000+00:00,3,"AFT,FORE,NADIR","NCA,NCF,NCN",True,True,True,True,3,ch2_tmc_nca_20250426T0752081453_d_img_d18.zip | ch2_tmc_ncf_20250426T0752081485_d_img_d18.zip | ch2_tmc_ncn_20250426T0752081453_d_img_d18.zip
2025-04-30 08:06:49+00:00,2025-04-30 08:06:48.767000+00:00,2025-04-30 08:16:45.757000+00:00,3,"AFT,FORE,NADIR","NCA,NCF,NCN",True,True,True,True,3,ch2_tmc_nca_20250430T0806487676_d_img_d18.zip | ch2_tmc_ncf_20250430T0806487676_d_img_d18.zip | ch2_tmc_ncn_20250430T0806487709_d_img_d18.zip
2025-04-30 19:53:40+00:00,2025-04-30 19:53:40.492000+00:00,2025-04-30 20:03:36.457000+00:00,3,"AFT,FORE,NADIR","NCA,NCF,NCN",True,True,True,True,3,ch2_tmc_nca_20250430T1953404929_d_img_d18.zip | ch2_tmc_ncf_20250430T1953404929_d_img_d18.zip | ch2_tmc_ncn_20250430T1953404961_d_img_d18.zip
2025-05-01 11:36:13+00:00,2025-05-01 11:36:12.746000+00:00,2025-05-01 11:46:07.813000+00:00,3,"AFT,FORE,NADIR","NCA,NCF,NCN",True,True,True,True,3,ch2_tmc_nca_20250501T1136127461_d_img_d18.zip | ch2_tmc_ncf_20250501T1136127493_d_img_d18.zip | ch2_tmc_ncn_20250501T1136127461_d_img_d18.zip
2025-05-01 21:25:21+00:00,2025-05-01 21:25:21.399000+00:00,2025-05-01 21:33:22.207000+00:00,3,"AFT,FORE,NADIR","NCA,NCF,NCN",True,True,True,True,3,ch2_tmc_nca_20250501T2125213999_d_img_d18.zip | ch2_tmc_ncf_20250501T2125214032_d_img_d18.zip | ch2_tmc_ncn_20250501T2125213999_d_img_d18.zip
2025-05-02 07:14:33+00:00,2025-05-02 07:14:33.417000+00:00,2025-05-02 07:22:43.509000+00:00,3,"AFT,FORE,NADIR","NCA,NCF,NCN",True,True,True,True,3,ch2_tmc_nca_20250502T0714334177_d_img_d18.zip | ch2_tmc_ncf_20250502T0714334210_d_img_d18.zip | ch2_tmc_ncn_20250502T0714334210_d_img_d18.zip
2025-05-02 11:10:15+00:00,2025-05-02 11:10:15.149000+00:00,2025-05-02 11:20:07.432000+00:00,3,"AFT,FORE,NADIR","NCA,NCF,NCN",True,True,True,True,3,ch2_tmc_nca_20250502T1110151527_d_img_d18.zip | ch2_tmc_ncf_20250502T1110151496_d_img_d18.zip | ch2_tmc_ncn_20250502T1110151527_d_img_d18.zip
2025-05-02 18:57:14+00:00,2025-05-02 18:57:14.189000+00:00,2025-05-02 19:05:10.583000+00:00,3,"AFT,FORE,NADIR","NCA,NCF,NCN",True,True,True,True,3,ch2_tmc_nca_20250502T1857141892_d_img_d18.zip | ch2_tmc_ncf_20250502T1857141892_d_img_d18.zip | ch2_tmc_ncn_20250502T1857141925_d_img_d18.zip
2025-05-03 16:37:38+00:00,2025-05-03 16:37:37.787000+00:00,2025-05-03 16:47:29.835000+00:00,3,"AFT,FORE,NADIR","NCA,NCF,NCN",True,True,True,True,3,ch2_tmc_nca_20250503T1637377905_d_img_d18.zip | ch2_tmc_ncf_20250503T1637377872_d_img_d18.zip | ch2_tmc_ncn_20250503T1637377872_d_img_d18.zip
2025-05-04 00:28:56+00:00,2025-05-04 00:28:55.836000+00:00,2025-05-04 00:37:24.473000+00:00,3,"AFT,FORE,NADIR","NCA,NCF,NCN",True,True,True,True,3,ch2_tmc_nca_20250504T0028558361_d_img_d18.zip | ch2_tmc_ncf_20250504T0028558394_d_img_d18.zip | ch2_tmc_ncn_20250504T0028558361_d_img_d18.zip
2025-05-04 10:18:01+00:00,2025-05-04 10:18:01.260000+00:00,2025-05-04 10:27:57.443000+00:00,3,"AFT,FORE,NADIR","NCA,NCF,NCN",True,True,True,True,3,ch2_tmc_nca_20250504T1018012607_d_img_d18.zip | ch2_tmc_ncf_20250504T1018012607_d_img_d18.zip | ch2_tmc_ncn_20250504T1018012607_d_img_d18.zip
2025-05-04 12:15:50+00:00,2025-05-04 12:15:50.369000+00:00,2025-05-04 12:25:46.334000+00:00,3,"AFT,FORE,NADIR","NCA,NCF,NCN",True,True,True,True,3,ch2_tmc_nca_20250504T1215503694_d_img_d18.zip | ch2_tmc_ncf_20250504T1215503694_d_img_d18.zip | ch2_tmc_ncn_20250504T1215503727_d_img_d18.zip
2025-05-04 16:11:30+00:00,2025-05-04 16:11:30.391000+00:00,2025-05-04 16:21:24.437000+00:00,3,"AFT,FORE,NADIR","NCA,NCF,NCN",True,True,True,True,3,ch2_tmc_nca_20250504T1611303952_d_img_d18.zip | ch2_tmc_ncf_20250504T1611303919_d_img_d18.zip | ch2_tmc_ncn_20250504T1611303919_d_img_d18.zip
2025-05-05 00:03:05+00:00,2025-05-05 00:03:04.708000+00:00,2025-05-05 00:13:00.164000+00:00,3,"AFT,FORE,NADIR","NCA,NCF,NCN",True,True,True,True,3,ch2_tmc_nca_20250505T0003047085_d_img_d18.zip | ch2_tmc_ncf_20250505T0003047397_d_img_d18.zip | ch2_tmc_ncn_20250505T0003047085_d_img_d18.zip
2025-05-05 09:52:15+00:00,2025-05-05 09:52:14.791000+00:00,2025-05-05 10:02:11.905000+00:00,3,"AFT,FORE,NADIR","NCA,NCF,NCN",True,True,True,True,3,ch2_tmc_nca_20250505T0952147917_d_img_d18.zip | ch2_tmc_ncf_20250505T0952147917_d_img_d18.zip | ch2_tmc_ncn_20250505T0952147950_d_img_d18.zip
2025-05-05 17:43:38+00:00,2025-05-05 17:43:37.590000+00:00,2025-05-05 17:53:32.658000+00:00,3,"AFT,FORE,NADIR","NCA,NCF,NCN",True,True,True,True,3,ch2_tmc_nca_20250505T1743375937_d_img_d18.zip | ch2_tmc_ncf_20250505T1743375905_d_img_d18.zip | ch2_tmc_ncn_20250505T1743375905_d_img_d18.zip
2025-05-06 15:20:01+00:00,2025-05-06 15:20:01.289000+00:00,2025-05-06 15:29:56.357000+00:00,3,"AFT,FORE,NADIR","NCA,NCF,NCN",True,True,True,True,3,ch2_tmc_nca_20250506T1520012899_d_img_d18.zip | ch2_tmc_ncf_20250506T1520012899_d_img_d18.zip | ch2_tmc_ncn_20250506T1520012932_d_img_d18.zip
2025-05-10 18:15:38+00:00,2025-05-10 18:15:38.129000+00:00,2025-05-10 18:19:10.232000+00:00,3,"AFT,FORE,NADIR","NCA,NCF,NCN",True,True,True,True,3,ch2_tmc_nca_20250510T1815381292_d_img_d18.zip | ch2_tmc_ncf_20250510T1815381292_d_img_d18.zip | ch2_tmc_ncn_20250510T1815381325_d_img_d18.zip
2025-05-10 18:19:04+00:00,2025-05-10 18:19:03.752000+00:00,2025-05-10 18:25:40.235000+00:00,3,"AFT,FORE,NADIR","NCA,NCF,NCN",True,True,True,True,3,ch2_tmc_nca_20250510T1819037521_d_img_d18.zip | ch2_tmc_ncf_20250510T1819037553_d_img_d18.zip | ch2_tmc_ncn_20250510T1819037521_d_img_d18.zip
2025-05-11 20:01:48+00:00,2025-05-11 20:01:47.716000+00:00,2025-05-11 20:11:55.745000+00:00,3,"AFT,FORE,NADIR","NCA,NCF,NCN",True,True,True,True,3,ch2_tmc_nca_20250511T2001477160_d_img_d18.zip | ch2_tmc_ncf_20250511T2001477193_d_img_d18.zip | ch2_tmc_ncn_20250511T2001477160_d_img_d18.zip
2025-05-12 05:56:34+00:00,2025-05-12 05:56:33.856000+00:00,2025-05-12 06:05:27.339000+00:00,3,"AFT,FORE,NADIR","NCA,NCF,NCN",True,True,True,True,3,ch2_tmc_nca_20250512T0556338562_d_img_d18.zip | ch2_tmc_ncf_20250512T0556338562_d_img_d18.zip | ch2_tmc_ncn_20250512T0556338594_d_img_d18.zip
2025-05-12 15:51:21+00:00,2025-05-12 15:51:21.349000+00:00,2025-05-12 16:01:27.520000+00:00,3,"AFT,FORE,NADIR","NCA,NCF,NCN",True,True,True,True,3,ch2_tmc_nca_20250512T1551213494_d_img_d18.zip | ch2_tmc_ncf_20250512T1551213526_d_img_d18.zip | ch2_tmc_ncn_20250512T1551213526_d_img_d18.zip
2025-05-13 21:32:53+00:00,2025-05-13 21:32:52.823000+00:00,2025-05-13 21:42:38.675000+00:00,3,"AFT,FORE,NADIR","NCA,NCF,NCN",True,True,True,True,3,ch2_tmc_nca_20250513T2132528233_d_img_d18.zip | ch2_tmc_ncf_20250513T2132528265_d_img_d18.zip | ch2_tmc_ncn_20250513T2132528233_d_img_d18.zip
2025-05-14 07:19:13+00:00,2025-05-14 07:19:13.283000+00:00,2025-05-14 07:28:45.379000+00:00,3,"AFT,FORE,NADIR","NCA,NCF,NCN",True,True,True,True,3,ch2_tmc_nca_20250514T0719132868_d_img_d18.zip | ch2_tmc_ncf_20250514T0719132836_d_img_d18.zip | ch2_tmc_ncn_20250514T0719132836_d_img_d18.zip
2025-05-15 08:43:31+00:00,2025-05-15 08:43:30.844000+00:00,2025-05-15 08:50:27.676000+00:00,3,"AFT,FORE,NADIR","NCA,NCF,NCN",True,True,True,True,3,ch2_tmc_nca_20250515T0843308443_d_img_d18.zip | ch2_tmc_ncf_20250515T0843308443_d_img_d18.zip | ch2_tmc_ncn_20250515T0843308476_d_img_d18.zip
2025-05-15 08:50:21+00:00,2025-05-15 08:50:21.301000+00:00,2025-05-15 08:52:06.763000+00:00,3,"AFT,FORE,NADIR","NCA,NCF,NCN",True,True,True,True,3,ch2_tmc_nca_20250515T0850213044_d_img_d18.zip | ch2_tmc_ncf_20250515T0850213011_d_img_d18.zip | ch2_tmc_ncn_20250515T0850213011_d_img_d18.zip
2025-05-15 18:29:52+00:00,2025-05-15 18:29:52.207000+00:00,2025-05-15 18:39:33.762000+00:00,3,"AFT,FORE,NADIR","NCA,NCF,NCN",True,True,True,True,3,ch2_tmc_nca_20250515T1829522076_d_img_d18.zip | ch2_tmc_ncf_20250515T1829522109_d_img_d18.zip | ch2_tmc_ncn_20250515T1829522076_d_img_d18.zip
2025-05-17 09:43:06+00:00,2025-05-17 09:43:06.118000+00:00,2025-05-17 09:44:07.483000+00:00,2,"AFT,FORE","NCA,NCF",False,True,True,False,2,ch2_tmc_nca_20250517T0943061180_d_img_d18.zip | ch2_tmc_ncf_20250517T0943061180_d_img_d18.zip
2025-05-17 09:43:07+00:00,2025-05-17 09:43:06.854000+00:00,2025-05-17 09:44:07.480000+00:00,1,NADIR,NCN,True,False,False,False,1,ch2_tmc_ncn_20250517T0943068549_d_img_d18.zip
2025-05-17 21:18:51+00:00,2025-05-17 21:18:51.284000+00:00,2025-05-17 21:26:33.218000+00:00,3,"AFT,FORE,NADIR","NCA,NCF,NCN",True,True,True,True,3,ch2_tmc_nca_20250517T2118512874_d_img_d18.zip | ch2_tmc_ncf_20250517T2118512842_d_img_d18.zip | ch2_tmc_ncn_20250517T2118512874_d_img_d18.zip
2025-05-17 21:26:23+00:00,2025-05-17 21:26:23.242000+00:00,2025-05-17 21:27:22.377000+00:00,3,"AFT,FORE,NADIR","NCA,NCF,NCN",True,True,True,True,3,ch2_tmc_nca_20250517T2126232424_d_img_d18.zip | ch2_tmc_ncf_20250517T2126232457_d_img_d18.zip | ch2_tmc_ncn_20250517T2126232424_d_img_d18.zip
2025-05-18 01:13:23+00:00,2025-05-18 01:13:22.920000+00:00,2025-05-18 01:23:01.471000+00:00,3,"AFT,FORE,NADIR","NCA,NCF,NCN",True,True,True,True,3,ch2_tmc_nca_20250518T0113229201_d_img_d18.zip | ch2_tmc_ncf_20250518T0113229233_d_img_d18.zip | ch2_tmc_ncn_20250518T0113229233_d_img_d18.zip
2025-05-18 10:59:37+00:00,2025-05-18 10:59:36.599000+00:00,2025-05-18 11:02:17.543000+00:00,3,"AFT,FORE,NADIR","NCA,NCF,NCN",True,True,True,True,3,ch2_tmc_nca_20250518T1059366027_d_img_d18.zip | ch2_tmc_ncf_20250518T1059365995_d_img_d18.zip | ch2_tmc_ncn_20250518T1059365995_d_img_d18.zip
2025-05-18 11:02:11+00:00,2025-05-18 11:02:10.595000+00:00,2025-05-18 11:09:14.132000+00:00,3,"AFT,FORE,NADIR","NCA,NCF,NCN",True,True,True,True,3,ch2_tmc_nca_20250518T1102105953_d_img_d18.zip | ch2_tmc_ncf_20250518T1102105986_d_img_d18.zip | ch2_tmc_ncn_20250518T1102105953_d_img_d18.zip
2025-05-18 20:45:51+00:00,2025-05-18 20:45:51.286000+00:00,2025-05-18 20:55:00.801000+00:00,3,"AFT,FORE,NADIR","NCA,NCF,NCN",True,True,True,True,3,ch2_tmc_nca_20250518T2045512999_d_img_d18.zip | ch2_tmc_ncf_20250518T2045512869_d_img_d18.zip | ch2_tmc_ncn_20250518T2045512869_d_img_d18.zip
2025-05-19 22:10:04+00:00,2025-05-19 22:10:03.617000+00:00,2025-05-19 22:19:46.268000+00:00,3,"AFT,FORE,NADIR","NCA,NCF,NCN",True,True,True,True,3,ch2_tmc_nca_20250519T2210036170_d_img_d18.zip | ch2_tmc_ncf_20250519T2210036203_d_img_d18.zip | ch2_tmc_ncn_20250519T2210036170_d_img_d18.zip
2025-05-20 11:51:00+00:00,2025-05-20 11:50:59.552000+00:00,2025-05-20 12:00:42.203000+00:00,3,"AFT,FORE,NADIR","NCA,NCF,NCN",True,True,True,True,3,ch2_tmc_nca_20250520T1150595520_d_img_d18.zip | ch2_tmc_ncf_20250520T1150595552_d_img_d18.zip | ch2_tmc_ncn_20250520T1150595520_d_img_d18.zip
2025-05-20 23:34:42+00:00,2025-05-20 23:34:42.246000+00:00,2025-05-20 23:44:21.956000+00:00,3,"AFT,FORE,NADIR","NCA,NCF,NCN",True,True,True,True,3,ch2_tmc_nca_20250520T2334422467_d_img_d18.zip | ch2_tmc_ncf_20250520T2334422499_d_img_d18.zip | ch2_tmc_ncn_20250520T2334422467_d_img_d18.zip
2025-05-21 03:29:15+00:00,2025-05-21 03:29:14.676000+00:00,2025-05-21 03:38:56.305000+00:00,3,"AFT,FORE,NADIR","NCA,NCF,NCN",True,True,True,True,3,ch2_tmc_nca_20250521T0329146766_d_img_d18.zip | ch2_tmc_ncf_20250521T0329146799_d_img_d18.zip | ch2_tmc_ncn_20250521T0329146766_d_img_d18.zip
2025-05-22 02:56:41+00:00,2025-05-22 02:56:41.281000+00:00,2025-05-22 03:00:45.170000+00:00,3,"AFT,FORE,NADIR","NCA,NCF,NCN",True,True,True,True,3,ch2_tmc_nca_20250522T0256412814_d_img_d18.zip | ch2_tmc_ncf_20250522T0256412846_d_img_d18.zip | ch2_tmc_ncn_20250522T0256412814_d_img_d18.zip
2025-05-22 03:00:34+00:00,2025-05-22 03:00:34.221000+00:00,2025-05-22 03:06:02.105000+00:00,3,"AFT,FORE,NADIR","NCA,NCF,NCN",True,True,True,True,3,ch2_tmc_nca_20250522T0300342211_d_img_d18.zip | ch2_tmc_ncf_20250522T0300342211_d_img_d18.zip | ch2_tmc_ncn_20250522T0300342211_d_img_d18.zip
2025-05-22 04:53:58+00:00,2025-05-22 04:53:58.294000+00:00,2025-05-22 05:00:16.299000+00:00,3,"AFT,FORE,NADIR","NCA,NCF,NCN",True,True,True,True,3,ch2_tmc_nca_20250522T0453582947_d_img_d18.zip | ch2_tmc_ncf_20250522T0453582979_d_img_d18.zip | ch2_tmc_ncn_20250522T0453582979_d_img_d18.zip
2025-05-23 00:26:52+00:00,2025-05-23 00:26:52.137000+00:00,2025-05-23 00:36:34.569000+00:00,3,"AFT,FORE,NADIR","NCA,NCF,NCN",True,True,True,True,3,ch2_tmc_nca_20250523T0026521379_d_img_d18.zip | ch2_tmc_ncf_20250523T0026521379_d_img_d18.zip | ch2_tmc_ncn_20250523T0026521379_d_img_d18.zip
2025-05-23 02:24:09+00:00,2025-05-23 02:24:09.476000+00:00,2025-05-23 02:33:51.982000+00:00,3,"AFT,FORE,NADIR","NCA,NCF,NCN",True,True,True,True,3,ch2_tmc_nca_20250523T0224094761_d_img_d18.zip | ch2_tmc_ncf_20250523T0224094793_d_img_d18.zip | ch2_tmc_ncn_20250523T0224094761_d_img_d18.zip
2025-05-23 04:21:25+00:00,2025-05-23 04:21:25.188000+00:00,2025-05-23 04:31:08.995000+00:00,3,"AFT,FORE,NADIR","NCA,NCF,NCN",True,True,True,True,3,ch2_tmc_nca_20250523T0421251888_d_img_d18.zip | ch2_tmc_ncf_20250523T0421251920_d_img_d18.zip | ch2_tmc_ncn_20250523T0421251888_d_img_d18.zip
2025-05-24 03:53:51+00:00,2025-05-24 03:53:51.157000+00:00,2025-05-24 04:03:37.589000+00:00,3,"AFT,FORE,NADIR","NCA,NCF,NCN",True,True,True,True,3,ch2_tmc_nca_20250524T0353511604_d_img_d18.zip | ch2_tmc_ncf_20250524T0353511572_d_img_d18.zip | ch2_tmc_ncn_20250524T0353511572_d_img_d18.zip
2025-05-24 07:43:26+00:00,2025-05-24 07:43:26.404000+00:00,2025-05-24 07:53:11.985000+00:00,3,"AFT,FORE,NADIR","NCA,NCF,NCN",True,True,True,True,3,ch2_tmc_nca_20250524T0743264047_d_img_d18.zip | ch2_tmc_ncf_20250524T0743264047_d_img_d18.zip | ch2_tmc_ncn_20250524T0743264080_d_img_d18.zip
2025-05-25 00:58:51+00:00,2025-05-25 00:58:50.558000+00:00,2025-05-25 01:11:57.890000+00:00,3,"AFT,FORE,NADIR","NCA,NCF,NCN",True,True,True,True,3,ch2_tmc_nca_20250525T0058505584_d_img_d18.zip | ch2_tmc_ncf_20250525T0058505584_d_img_d18.zip | ch2_tmc_ncn_20250525T0058505584_d_img_d18.zip
2025-05-25 02:56:04+00:00,2025-05-25 02:56:04.192000+00:00,2025-05-25 03:09:15.868000+00:00,3,"AFT,FORE,NADIR","NCA,NCF,NCN",True,True,True,True,3,ch2_tmc_nca_20250525T0256041921_d_img_d18.zip | ch2_tmc_ncf_20250525T0256041921_d_img_d18.zip | ch2_tmc_ncn_20250525T0256041921_d_img_d18.zip
2025-05-25 04:58:22+00:00,2025-05-25 04:58:21.532000+00:00,2025-05-25 05:11:31.159000+00:00,3,"AFT,FORE,NADIR","NCA,NCF,NCN",True,True,True,True,3,ch2_tmc_nca_20250525T0458215326_d_img_d18.zip | ch2_tmc_ncf_20250525T0458215326_d_img_d18.zip | ch2_tmc_ncn_20250525T0458215326_d_img_d18.zip
2025-05-25 06:50:38+00:00,2025-05-25 06:50:38.396000+00:00,2025-05-25 07:02:24.724000+00:00,3,"AFT,FORE,NADIR","NCA,NCF,NCN",True,True,True,True,3,ch2_tmc_nca_20250525T0650383968_d_img_d18.zip | ch2_tmc_ncf_20250525T0650383968_d_img_d18.zip | ch2_tmc_ncn_20250525T0650383968_d_img_d18.zip
2025-05-25 08:57:53+00:00,2025-05-25 08:57:53.364000+00:00,2025-05-25 09:09:32.111000+00:00,3,"AFT,FORE,NADIR","NCA,NCF,NCN",True,True,True,True,3,ch2_tmc_nca_20250525T0857533648_d_img_d18.zip | ch2_tmc_ncf_20250525T0857533648_d_img_d18.zip | ch2_tmc_ncn_20250525T0857533648_d_img_d18.zip
2025-05-25 16:37:03+00:00,2025-05-25 16:37:03.256000+00:00,2025-05-25 16:50:12.883000+00:00,3,"AFT,FORE,NADIR","NCA,NCF,NCN",True,True,True,True,3,ch2_tmc_nca_20250525T1637032567_d_img_d18.zip | ch2_tmc_ncf_20250525T1637032567_d_img_d18.zip | ch2_tmc_ncn_20250525T1637032567_d_img_d18.zip
2025-05-26 02:25:08+00:00,2025-05-26 02:25:08.351000+00:00,2025-05-26 02:38:17.955000+00:00,3,"AFT,FORE,NADIR","NCA,NCF,NCN",True,True,True,True,3,ch2_tmc_nca_20250526T0225083510_d_img_d18.zip | ch2_tmc_ncf_20250526T0225083510_d_img_d18.zip | ch2_tmc_ncn_20250526T0225083510_d_img_d18.zip
2025-05-26 04:25:45+00:00,2025-05-26 04:25:45.226000+00:00,2025-05-26 04:38:53.487000+00:00,3,"AFT,FORE,NADIR","NCA,NCF,NCN",True,True,True,True,3,ch2_tmc_nca_20250526T0425452268_d_img_d18.zip | ch2_tmc_ncf_20250526T0425452300_d_img_d18.zip | ch2_tmc_ncn_20250526T0425452268_d_img_d18.zip
2025-05-26 08:17:01+00:00,2025-05-26 08:17:00.638000+00:00,2025-05-26 08:27:04.919000+00:00,3,"AFT,FORE,NADIR","NCA,NCF,NCN",True,True,True,True,3,ch2_tmc_nca_20250526T0817006386_d_img_d18.zip | ch2_tmc_ncf_20250526T0817006386_d_img_d18.zip | ch2_tmc_ncn_20250526T0817006386_d_img_d18.zip
2025-05-26 18:01:45+00:00,2025-05-26 18:01:45.148000+00:00,2025-05-26 18:08:27.395000+00:00,3,"AFT,FORE,NADIR","NCA,NCF,NCN",True,True,True,True,3,ch2_tmc_nca_20250526T1801451482_d_img_d18.zip | ch2_tmc_ncf_20250526T1801451482_d_img_d18.zip | ch2_tmc_ncn_20250526T1801451482_d_img_d18.zip
2025-05-26 18:08:21+00:00,2025-05-26 18:08:21.249000+00:00,2025-05-26 18:13:57.323000+00:00,3,"AFT,FORE,NADIR","NCA,NCF,NCN",True,True,True,True,3,ch2_tmc_nca_20250526T1808212531_d_img_d18.zip | ch2_tmc_ncf_20250526T1808212499_d_img_d18.zip | ch2_tmc_ncn_20250526T1808212499_d_img_d18.zip
2025-05-27 03:58:07+00:00,2025-05-27 03:58:07.252000+00:00,2025-05-27 04:09:10.821000+00:00,3,"AFT,FORE,NADIR","NCA,NCF,NCN",True,True,True,True,3,ch2_tmc_nca_20250527T0358072526_d_img_d18.zip | ch2_tmc_ncf_20250527T0358072559_d_img_d18.zip | ch2_tmc_ncn_20250527T0358072559_d_img_d18.zip
2025-05-27 05:55:23+00:00,2025-05-27 05:55:23.440000+00:00,2025-05-27 06:07:00.976000+00:00,3,"AFT,FORE,NADIR","NCA,NCF,NCN",True,True,True,True,3,ch2_tmc_nca_20250527T0555234401_d_img_d18.zip | ch2_tmc_ncf_20250527T0555234401_d_img_d18.zip | ch2_tmc_ncn_20250527T0555234434_d_img_d18.zip
2025-05-27 07:52:39+00:00,2025-05-27 07:52:38.768000+00:00,2025-05-27 08:04:17.260000+00:00,3,"AFT,FORE,NADIR","NCA,NCF,NCN",True,True,True,True,3,ch2_tmc_nca_20250527T0752387686_d_img_d18.zip | ch2_tmc_ncf_20250527T0752387686_d_img_d18.zip | ch2_tmc_ncn_20250527T0752387686_d_img_d18.zip
2025-05-27 09:48:15+00:00,2025-05-27 09:48:14.976000+00:00,2025-05-27 10:01:24.603000+00:00,3,"AFT,FORE,NADIR","NCA,NCF,NCN",True,True,True,True,3,ch2_tmc_nca_20250527T0948149762_d_img_d18.zip | ch2_tmc_ncf_20250527T0948149762_d_img_d18.zip | ch2_tmc_ncn_20250527T0948149762_d_img_d18.zip
2025-05-27 19:34:31+00:00,2025-05-27 19:34:30.576000+00:00,2025-05-27 19:47:36.110000+00:00,3,"AFT,FORE,NADIR","NCA,NCF,NCN",True,True,True,True,3,ch2_tmc_nca_20250527T1934305802_d_img_d18.zip | ch2_tmc_ncf_20250527T1934305769_d_img_d18.zip | ch2_tmc_ncn_20250527T1934305769_d_img_d18.zip
2025-05-28 03:15:17+00:00,2025-05-28 03:15:17.291000+00:00,2025-05-28 03:34:55.142000+00:00,3,"AFT,FORE,NADIR","NCA,NCF,NCN",True,True,True,True,3,ch2_tmc_nca_20250528T0315172911_d_img_d18.zip | ch2_tmc_ncf_20250528T0315172944_d_img_d18.zip | ch2_tmc_ncn_20250528T0315172911_d_img_d18.zip
2025-05-28 05:15:47+00:00,2025-05-28 05:15:47.192000+00:00,2025-05-28 05:28:57.845000+00:00,3,"AFT,FORE,NADIR","NCA,NCF,NCN",True,True,True,True,3,ch2_tmc_nca_20250528T0515471923_d_img_d18.zip | ch2_tmc_ncf_20250528T0515471923_d_img_d18.zip | ch2_tmc_ncn_20250528T0515471923_d_img_d18.zip
2025-05-28 09:06:59+00:00,2025-05-28 09:06:59.297000+00:00,2025-05-28 09:20:09.949000+00:00,3,"AFT,FORE,NADIR","NCA,NCF,NCN",True,True,True,True,3,ch2_tmc_nca_20250528T0906592973_d_img_d18.zip | ch2_tmc_ncf_20250528T0906592973_d_img_d18.zip | ch2_tmc_ncn_20250528T0906592973_d_img_d18.zip
2025-05-28 11:17:20+00:00,2025-05-28 11:17:19.994000+00:00,2025-05-28 11:30:30.644000+00:00,3,"AFT,FORE,NADIR","NCA,NCF,NCN",True,True,True,True,3,ch2_tmc_nca_20250528T1117199947_d_img_d18.zip | ch2_tmc_ncf_20250528T1117199947_d_img_d18.zip | ch2_tmc_ncn_20250528T1117199947_d_img_d18.zip
2025-05-28 20:58:45+00:00,2025-05-28 20:58:44.841000+00:00,2025-05-28 21:07:17.307000+00:00,3,"AFT,FORE,NADIR","NCA,NCF,NCN",True,True,True,True,3,ch2_tmc_nca_20250528T2058448447_d_img_d18.zip | ch2_tmc_ncf_20250528T2058448415_d_img_d18.zip | ch2_tmc_ncn_20250528T2058448415_d_img_d18.zip
2025-05-28 21:07:06+00:00,2025-05-28 21:07:06.401000+00:00,2025-05-28 21:13:43.311000+00:00,3,"AFT,FORE,NADIR","NCA,NCF,NCN",True,True,True,True,3,ch2_tmc_nca_20250528T2107064016_d_img_d18.zip | ch2_tmc_ncf_20250528T2107064016_d_img_d18.zip | ch2_tmc_ncn_20250528T2107064016_d_img_d18.zip
2025-05-28 21:13:32+00:00,2025-05-28 21:13:32.209000+00:00,2025-05-28 21:17:19.485000+00:00,3,"AFT,FORE,NADIR","NCA,NCF,NCN",True,True,True,True,3,ch2_tmc_nca_20250528T2113322132_d_img_d18.zip | ch2_tmc_ncf_20250528T2113322099_d_img_d18.zip | ch2_tmc_ncn_20250528T2113322099_d_img_d18.zip
2025-05-29 06:45:08+00:00,2025-05-29 06:45:08.108000+00:00,2025-05-29 06:56:03.702000+00:00,2,"FORE,NADIR","NCF,NCN",True,False,True,False,2,ch2_tmc_ncf_20250529T0645081089_d_img_d18.zip | ch2_tmc_ncn_20250529T0645081089_d_img_d18.zip
2025-05-29 06:45:09+00:00,2025-05-29 06:45:08.763000+00:00,2025-05-29 06:56:03.699000+00:00,1,AFT,NCA,False,True,False,False,1,ch2_tmc_nca_20250529T0645087639_d_img_d18.zip
2025-05-29 08:39:07+00:00,2025-05-29 08:39:06.534000+00:00,2025-05-29 08:47:26.615000+00:00,3,"AFT,FORE,NADIR","NCA,NCF,NCN",True,True,True,True,3,ch2_tmc_nca_20250529T0839065347_d_img_d18.zip | ch2_tmc_ncf_20250529T0839065347_d_img_d18.zip | ch2_tmc_ncn_20250529T0839065379_d_img_d18.zip
2025-05-29 10:36:23+00:00,2025-05-29 10:36:23.193000+00:00,2025-05-29 10:44:44.553000+00:00,3,"AFT,FORE,NADIR","NCA,NCF,NCN",True,True,True,True,3,ch2_tmc_nca_20250529T1036231938_d_img_d18.zip | ch2_tmc_ncf_20250529T1036231938_d_img_d18.zip | ch2_tmc_ncn_20250529T1036231938_d_img_d18.zip
2025-05-29 12:33:38+00:00,2025-05-29 12:33:37.856000+00:00,2025-05-29 12:44:48.650000+00:00,3,"AFT,FORE,NADIR","NCA,NCF,NCN",True,True,True,True,3,ch2_tmc_nca_20250529T1233378563_d_img_d18.zip | ch2_tmc_ncf_20250529T1233378563_d_img_d18.zip | ch2_tmc_ncn_20250529T1233378563_d_img_d18.zip
2025-05-30 12:00:56+00:00,2025-05-30 12:00:55.588000+00:00,2025-05-30 12:12:04.767000+00:00,3,"AFT,FORE,NADIR","NCA,NCF,NCN",True,True,True,True,3,ch2_tmc_nca_20250530T1200555882_d_img_d18.zip | ch2_tmc_ncf_20250530T1200555882_d_img_d18.zip | ch2_tmc_ncn_20250530T1200555882_d_img_d18.zip
2025-05-30 14:03:05+00:00,2025-05-30 14:03:05.268000+00:00,2025-05-30 14:14:40.687000+00:00,3,"AFT,FORE,NADIR","NCA,NCF,NCN",True,True,True,True,3,ch2_tmc_nca_20250530T1403052680_d_img_d18.zip | ch2_tmc_ncf_20250530T1403052680_d_img_d18.zip | ch2_tmc_ncn_20250530T1403052680_d_img_d18.zip
2025-05-30 21:50:29+00:00,2025-05-30 21:50:29.112000+00:00,2025-05-30 22:01:37.673000+00:00,3,"AFT,FORE,NADIR","NCA,NCF,NCN",True,True,True,True,3,ch2_tmc_nca_20250530T2150291123_d_img_d18.zip | ch2_tmc_ncf_20250530T2150291123_d_img_d18.zip | ch2_tmc_ncn_20250530T2150291123_d_img_d18.zip
2025-05-31 07:46:34+00:00,2025-05-31 07:46:33.510000+00:00,2025-05-31 07:59:33.853000+00:00,3,"AFT,FORE,NADIR","NCA,NCF,NCN",True,True,True,True,3,ch2_tmc_nca_20250531T0746335105_d_img_d18.zip | ch2_tmc_ncf_20250531T0746335105_d_img_d18.zip | ch2_tmc_ncn_20250531T0746335137_d_img_d18.zip
2025-05-31 11:28:05+00:00,2025-05-31 11:28:04.561000+00:00,2025-05-31 11:39:13.359000+00:00,3,"AFT,FORE,NADIR","NCA,NCF,NCN",True,True,True,True,3,ch2_tmc_nca_20250531T1128045619_d_img_d18.zip | ch2_tmc_ncf_20250531T1128045619_d_img_d18.zip | ch2_tmc_ncn_20250531T1128045619_d_img_d18.zip
2025-05-31 13:25:20+00:00,2025-05-31 13:25:20.206000+00:00,2025-05-31 13:36:29.130000+00:00,3,"AFT,FORE,NADIR","NCA,NCF,NCN",True,True,True,True,3,ch2_tmc_nca_20250531T1325202069_d_img_d18.zip | ch2_tmc_ncf_20250531T1325202069_d_img_d18.zip | ch2_tmc_ncn_20250531T1325202069_d_img_d18.zip
2025-05-31 23:11:39+00:00,2025-05-31 23:11:38.929000+00:00,2025-05-31 23:21:10.511000+00:00,3,"AFT,FORE,NADIR","NCA,NCF,NCN",True,True,True,True,3,ch2_tmc_nca_20250531T2311389298_d_img_d18.zip | ch2_tmc_ncf_20250531T2311389298_d_img_d18.zip | ch2_tmc_ncn_20250531T2311389331_d_img_d18.zip
2025-05-31 23:21:06+00:00,2025-05-31 23:21:06.213000+00:00,2025-05-31 23:31:07.440000+00:00,3,"AFT,FORE,NADIR","NCA,NCF,NCN",True,True,True,True,3,ch2_tmc_nca_20250531T2321062138_d_img_d18.zip | ch2_tmc_ncf_20250531T2321062170_d_img_d18.zip | ch2_tmc_ncn_20250531T2321062138_d_img_d18.zip
2025-06-01 09:07:42+00:00,2025-06-01 09:07:41.933000+00:00,2025-06-01 09:18:26.169000+00:00,3,"AFT,FORE,NADIR","NCA,NCF,NCN",True,True,True,True,3,ch2_tmc_nca_20250601T0907419336_d_img_d18.zip | ch2_tmc_ncf_20250601T0907419336_d_img_d18.zip | ch2_tmc_ncn_20250601T0907419336_d_img_d18.zip
2025-06-01 11:18:00+00:00,2025-06-01 11:18:00.286000+00:00,2025-06-01 11:26:08.643000+00:00,3,"AFT,FORE,NADIR","NCA,NCF,NCN",True,True,True,True,3,ch2_tmc_nca_20250601T1118002861_d_img_d18.zip | ch2_tmc_ncf_20250601T1118002861_d_img_d18.zip | ch2_tmc_ncn_20250601T1118002861_d_img_d18.zip
2025-06-02 00:31:18+00:00,2025-06-02 00:31:17.819000+00:00,2025-06-02 00:50:46.326000+00:00,3,"AFT,FORE,NADIR","NCA,NCF,NCN",True,True,True,True,3,ch2_tmc_nca_20250602T0031178191_d_img_d18.zip | ch2_tmc_ncf_20250602T0031178222_d_img_d18.zip | ch2_tmc_ncn_20250602T0031178191_d_img_d18.zip
2025-06-02 08:25:13+00:00,2025-06-02 08:25:12.841000+00:00,2025-06-02 08:38:16.358000+00:00,3,"AFT,FORE,NADIR","NCA,NCF,NCN",True,True,True,True,3,ch2_tmc_nca_20250602T0825128411_d_img_d18.zip | ch2_tmc_ncf_20250602T0825128411_d_img_d18.zip | ch2_tmc_ncn_20250602T0825128411_d_img_d18.zip
2025-06-02 10:22:31+00:00,2025-06-02 10:22:30.619000+00:00,2025-06-02 10:35:41.427000+00:00,3,"AFT,FORE,NADIR","NCA,NCF,NCN",True,True,True,True,3,ch2_tmc_nca_20250602T1022306224_d_img_d18.zip | ch2_tmc_ncf_20250602T1022306191_d_img_d18.zip | ch2_tmc_ncn_20250602T1022306191_d_img_d18.zip
2025-06-02 12:21:24+00:00,2025-06-02 12:21:23.977000+00:00,2025-06-02 12:34:33.734000+00:00,3,"AFT,FORE,NADIR","NCA,NCF,NCN",True,True,True,True,3,ch2_tmc_nca_20250602T1221239774_d_img_d18.zip | ch2_tmc_ncf_20250602T1221239774_d_img_d18.zip | ch2_tmc_ncn_20250602T1221239774_d_img_d18.zip
2025-06-02 14:12:10+00:00,2025-06-02 14:12:10.374000+00:00,2025-06-02 14:25:19.109000+00:00,3,"AFT,FORE,NADIR","NCA,NCF,NCN",True,True,True,True,3,ch2_tmc_nca_20250602T1412103748_d_img_d18.zip | ch2_tmc_ncf_20250602T1412103748_d_img_d18.zip | ch2_tmc_ncn_20250602T1412103748_d_img_d18.zip
2025-06-02 16:19:15+00:00,2025-06-02 16:19:14.564000+00:00,2025-06-02 16:30:48.661000+00:00,3,"AFT,FORE,NADIR","NCA,NCF,NCN",True,True,True,True,3,ch2_tmc_nca_20250602T1619145645_d_img_d18.zip | ch2_tmc_ncf_20250602T1619145645_d_img_d18.zip | ch2_tmc_ncn_20250602T1619145645_d_img_d18.zip
2025-06-03 01:56:00+00:00,2025-06-03 01:55:59.547000+00:00,2025-06-03 02:06:51.167000+00:00,3,"AFT,FORE,NADIR","NCA,NCF,NCN",True,True,True,True,3,ch2_tmc_nca_20250603T0155595473_d_img_d18.zip | ch2_tmc_ncf_20250603T0155595473_d_img_d18.zip | ch2_tmc_ncn_20250603T0155595473_d_img_d18.zip
2025-06-03 09:50:05+00:00,2025-06-03 09:50:04.538000+00:00,2025-06-03 10:03:54.353000+00:00,3,"AFT,FORE,NADIR","NCA,NCF,NCN",True,True,True,True,3,ch2_tmc_nca_20250603T0950045382_d_img_d18.zip | ch2_tmc_ncf_20250603T0950045382_d_img_d18.zip | ch2_tmc_ncn_20250603T0950045382_d_img_d18.zip
2025-06-03 13:44:40+00:00,2025-06-03 13:44:39.576000+00:00,2025-06-03 13:59:32.756000+00:00,3,"AFT,FORE,NADIR","NCA,NCF,NCN",True,True,True,True,3,ch2_tmc_nca_20250603T1344395767_d_img_d18.zip | ch2_tmc_ncf_20250603T1344395767_d_img_d18.zip | ch2_tmc_ncn_20250603T1344395767_d_img_d18.zip
2025-06-03 23:26:15+00:00,2025-06-03 23:26:15.311000+00:00,2025-06-03 23:39:03.182000+00:00,3,"AFT,FORE,NADIR","NCA,NCF,NCN",True,True,True,True,3,ch2_tmc_nca_20250603T2326153113_d_img_d18.zip | ch2_tmc_ncf_20250603T2326153113_d_img_d18.zip | ch2_tmc_ncn_20250603T2326153113_d_img_d18.zip
2025-06-04 11:10:03+00:00,2025-06-04 11:10:02.914000+00:00,2025-06-04 11:22:39.359000+00:00,3,"AFT,FORE,NADIR","NCA,NCF,NCN",True,True,True,True,3,ch2_tmc_nca_20250604T1110029140_d_img_d18.zip | ch2_tmc_ncf_20250604T1110029140_d_img_d18.zip | ch2_tmc_ncn_20250604T1110029140_d_img_d18.zip
2025-06-04 13:07:20+00:00,2025-06-04 13:07:19.605000+00:00,2025-06-04 13:20:30.156000+00:00,3,"AFT,FORE,NADIR","NCA,NCF,NCN",True,True,True,True,3,ch2_tmc_nca_20250604T1307196090_d_img_d18.zip | ch2_tmc_ncf_20250604T1307196090_d_img_d18.zip | ch2_tmc_ncn_20250604T1307196057_d_img_d18.zip
2025-06-04 15:12:50+00:00,2025-06-04 15:12:49.583000+00:00,2025-06-04 15:25:58.686000+00:00,3,"AFT,FORE,NADIR","NCA,NCF,NCN",True,True,True,True,3,ch2_tmc_nca_20250604T1512495832_d_img_d18.zip | ch2_tmc_ncf_20250604T1512495832_d_img_d18.zip | ch2_tmc_ncn_20250604T1512495832_d_img_d18.zip
2025-06-04 17:10:06+00:00,2025-06-04 17:10:05.988000+00:00,2025-06-04 17:23:15.616000+00:00,3,"AFT,FORE,NADIR","NCA,NCF,NCN",True,True,True,True,3,ch2_tmc_nca_20250604T1710059886_d_img_d18.zip | ch2_tmc_ncf_20250604T1710059886_d_img_d18.zip | ch2_tmc_ncn_20250604T1710059886_d_img_d18.zip
2025-06-05 00:57:38+00:00,2025-06-05 00:57:37.565000+00:00,2025-06-05 01:10:46.300000+00:00,3,"AFT,FORE,NADIR","NCA,NCF,NCN",True,True,True,True,3,ch2_tmc_nca_20250605T0057375657_d_img_d18.zip | ch2_tmc_ncf_20250605T0057375657_d_img_d18.zip | ch2_tmc_ncn_20250605T0057375657_d_img_d18.zip
2025-06-05 10:57:16+00:00,2025-06-05 10:57:16.157000+00:00,2025-06-05 11:11:59.996000+00:00,3,"AFT,FORE,NADIR","NCA,NCF,NCN",True,True,True,True,3,ch2_tmc_nca_20250605T1057161578_d_img_d18.zip | ch2_tmc_ncf_20250605T1057161611_d_img_d18.zip | ch2_tmc_ncn_20250605T1057161578_d_img_d18.zip
2025-06-05 12:54:34+00:00,2025-06-05 12:54:34.239000+00:00,2025-06-05 13:10:56.252000+00:00,3,"AFT,FORE,NADIR","NCA,NCF,NCN",True,True,True,True,3,ch2_tmc_nca_20250605T1254342393_d_img_d18.zip | ch2_tmc_ncf_20250605T1254342393_d_img_d18.zip | ch2_tmc_ncn_20250605T1254342425_d_img_d18.zip
2025-06-05 14:32:10+00:00,2025-06-05 14:32:09.728000+00:00,2025-06-05 14:45:18.460000+00:00,3,"AFT,FORE,NADIR","NCA,NCF,NCN",True,True,True,True,3,ch2_tmc_nca_20250605T1432097289_d_img_d18.zip | ch2_tmc_ncf_20250605T1432097289_d_img_d18.zip | ch2_tmc_ncn_20250605T1432097289_d_img_d18.zip
2025-06-05 16:29:26+00:00,2025-06-05 16:29:26.185000+00:00,2025-06-05 16:42:35.775000+00:00,3,"AFT,FORE,NADIR","NCA,NCF,NCN",True,True,True,True,3,ch2_tmc_nca_20250605T1629261862_d_img_d18.zip | ch2_tmc_ncf_20250605T1629261862_d_img_d18.zip | ch2_tmc_ncn_20250605T1629261854_d_img_d18.zip
2025-06-05 18:26:45+00:00,2025-06-05 18:26:44.742000+00:00,2025-06-05 18:39:53.344000+00:00,3,"AFT,FORE,NADIR","NCA,NCF,NCN",True,True,True,True,3,ch2_tmc_nca_20250605T1826447422_d_img_d18.zip | ch2_tmc_ncf_20250605T1826447422_d_img_d18.zip | ch2_tmc_ncn_20250605T1826447422_d_img_d18.zip
2025-06-06 02:15:55+00:00,2025-06-06 02:15:55.213000+00:00,2025-06-06 02:27:51.348000+00:00,3,"AFT,FORE,NADIR","NCA,NCF,NCN",True,True,True,True,3,ch2_tmc_nca_20250606T0215552136_d_img_d18.zip | ch2_tmc_ncf_20250606T0215552136_d_img_d18.zip | ch2_tmc_ncn_20250606T0215552136_d_img_d18.zip
2025-06-06 12:07:22+00:00,2025-06-06 12:07:22.199000+00:00,2025-06-06 12:20:31.371000+00:00,3,"AFT,FORE,NADIR","NCA,NCF,NCN",True,True,True,True,3,ch2_tmc_nca_20250606T1207221999_d_img_d18.zip | ch2_tmc_ncf_20250606T1207221999_d_img_d18.zip | ch2_tmc_ncn_20250606T1207222032_d_img_d18.zip
2025-06-06 15:57:02+00:00,2025-06-06 15:57:01.745000+00:00,2025-06-06 16:09:02.221000+00:00,3,"AFT,FORE,NADIR","NCA,NCF,NCN",True,True,True,True,3,ch2_tmc_nca_20250606T1557017457_d_img_d18.zip | ch2_tmc_ncf_20250606T1557017457_d_img_d18.zip | ch2_tmc_ncn_20250606T1557017457_d_img_d18.zip
2025-06-07 01:46:52+00:00,2025-06-07 01:46:52.259000+00:00,2025-06-07 01:54:43.757000+00:00,3,"AFT,FORE,NADIR","NCA,NCF,NCN",True,True,True,True,3,ch2_tmc_nca_20250607T0146522597_d_img_d18.zip | ch2_tmc_ncf_20250607T0146522597_d_img_d18.zip | ch2_tmc_ncn_20250607T0146522597_d_img_d18.zip
2025-06-07 13:27:15+00:00,2025-06-07 13:27:14.719000+00:00,2025-06-07 13:38:01.759000+00:00,3,"AFT,FORE,NADIR","NCA,NCF,NCN",True,True,True,True,3,ch2_tmc_nca_20250607T1327147199_d_img_d18.zip | ch2_tmc_ncf_20250607T1327147199_d_img_d18.zip | ch2_tmc_ncn_20250607T1327147199_d_img_d18.zip
2025-06-07 17:30:01+00:00,2025-06-07 17:30:00.655000+00:00,2025-06-07 17:42:05.870000+00:00,3,"AFT,FORE,NADIR","NCA,NCF,NCN",True,True,True,True,3,ch2_tmc_nca_20250607T1730006587_d_img_d18.zip | ch2_tmc_ncf_20250607T1730006554_d_img_d18.zip | ch2_tmc_ncn_20250607T1730006554_d_img_d18.zip
2025-06-08 05:05:33+00:00,2025-06-08 05:05:32.549000+00:00,2025-06-08 05:16:12.553000+00:00,3,"AFT,FORE,NADIR","NCA,NCF,NCN",True,True,True,True,3,ch2_tmc_nca_20250608T0505325492_d_img_d18.zip | ch2_tmc_ncf_20250608T0505325492_d_img_d18.zip | ch2_tmc_ncn_20250608T0505325492_d_img_d18.zip
2025-06-08 14:52:03+00:00,2025-06-08 14:52:03.130000+00:00,2025-06-08 15:02:41.983000+00:00,3,"AFT,FORE,NADIR","NCA,NCF,NCN",True,True,True,True,3,ch2_tmc_nca_20250608T1452031309_d_img_d18.zip | ch2_tmc_ncf_20250608T1452031309_d_img_d18.zip | ch2_tmc_ncn_20250608T1452031309_d_img_d18.zip
2025-06-08 18:53:13+00:00,2025-06-08 18:53:13.392000+00:00,2025-06-08 19:05:03.365000+00:00,3,"AFT,FORE,NADIR","NCA,NCF,NCN",True,True,True,True,3,ch2_tmc_nca_20250608T1853133926_d_img_d18.zip | ch2_tmc_ncf_20250608T1853133926_d_img_d18.zip | ch2_tmc_ncn_20250608T1853133926_d_img_d18.zip
2025-06-09 06:30:25+00:00,2025-06-09 06:30:24.534000+00:00,2025-06-09 06:40:51.338000+00:00,3,"AFT,FORE,NADIR","NCA,NCF,NCN",True,True,True,True,3,ch2_tmc_nca_20250609T0630245346_d_img_d18.zip | ch2_tmc_ncf_20250609T0630245346_d_img_d18.zip | ch2_tmc_ncn_20250609T0630245346_d_img_d18.zip
2025-06-09 16:30:03+00:00,2025-06-09 16:30:02.533000+00:00,2025-06-09 16:37:37.964000+00:00,3,"AFT,FORE,NADIR","NCA,NCF,NCN",True,True,True,True,3,ch2_tmc_nca_20250609T1630025364_d_img_d18.zip | ch2_tmc_ncf_20250609T1630025333_d_img_d18.zip | ch2_tmc_ncn_20250609T1630025364_d_img_d18.zip
2025-06-09 20:17:02+00:00,2025-06-09 20:17:02.181000+00:00,2025-06-09 20:22:31.738000+00:00,3,"AFT,FORE,NADIR","NCA,NCF,NCN",True,True,True,True,3,ch2_tmc_nca_20250609T2017021818_d_img_d18.zip | ch2_tmc_ncf_20250609T2017021818_d_img_d18.zip | ch2_tmc_ncn_20250609T2017021818_d_img_d18.zip
2025-06-10 05:57:45+00:00,2025-06-10 05:57:45.474000+00:00,2025-06-10 06:08:41.534000+00:00,3,"AFT,FORE,NADIR","NCA,NCF,NCN",True,True,True,True,3,ch2_tmc_nca_20250610T0557454745_d_img_d18.zip | ch2_tmc_ncf_20250610T0557454745_d_img_d18.zip | ch2_tmc_ncn_20250610T0557454745_d_img_d18.zip
2025-06-10 15:44:10+00:00,2025-06-10 15:44:10.116000+00:00,2025-06-10 15:55:11.313000+00:00,3,"AFT,FORE,NADIR","NCA,NCF,NCN",True,True,True,True,3,ch2_tmc_nca_20250610T1544101167_d_img_d18.zip | ch2_tmc_ncf_20250610T1544101200_d_img_d18.zip | ch2_tmc_ncn_20250610T1544101200_d_img_d18.zip
2025-06-10 19:38:43+00:00,2025-06-10 19:38:42.795000+00:00,2025-06-10 19:50:45.492000+00:00,3,"AFT,FORE,NADIR","NCA,NCF,NCN",True,True,True,True,3,ch2_tmc_nca_20250610T1938427954_d_img_d18.zip | ch2_tmc_ncf_20250610T1938427987_d_img_d18.zip | ch2_tmc_ncn_20250610T1938427987_d_img_d18.zip
2025-06-11 07:22:21+00:00,2025-06-11 07:22:21.264000+00:00,2025-06-11 07:33:06.523000+00:00,3,"AFT,FORE,NADIR","NCA,NCF,NCN",True,True,True,True,3,ch2_tmc_nca_20250611T0722212640_d_img_d18.zip | ch2_tmc_ncf_20250611T0722212640_d_img_d18.zip | ch2_tmc_ncn_20250611T0722212640_d_img_d18.zip
2025-06-11 21:03:17+00:00,2025-06-11 21:03:17.418000+00:00,2025-06-11 21:12:16.351000+00:00,3,"AFT,FORE,NADIR","NCA,NCF,NCN",True,True,True,True,3,ch2_tmc_nca_20250611T2103174212_d_img_d18.zip | ch2_tmc_ncf_20250611T2103174180_d_img_d18.zip | ch2_tmc_ncn_20250611T2103174180_d_img_d18.zip
2025-06-11 21:12:04+00:00,2025-06-11 21:12:04.417000+00:00,2025-06-11 21:15:12.274000+00:00,3,"AFT,FORE,NADIR","NCA,NCF,NCN",True,True,True,True,3,ch2_tmc_nca_20250611T2112044174_d_img_d18.zip | ch2_tmc_ncf_20250611T2112044174_d_img_d18.zip | ch2_tmc_ncn_20250611T2112044174_d_img_d18.zip
2025-06-12 08:54:42+00:00,2025-06-12 08:54:41.558000+00:00,2025-06-12 08:58:10.647000+00:00,3,"AFT,FORE,NADIR","NCA,NCF,NCN",True,True,True,True,3,ch2_tmc_nca_20250612T0854415583_d_img_d18.zip | ch2_tmc_ncf_20250612T0854415615_d_img_d18.zip | ch2_tmc_ncn_20250612T0854415615_d_img_d18.zip
2025-06-13 08:28:22+00:00,2025-06-13 08:28:22.429000+00:00,2025-06-13 08:36:08.309000+00:00,3,"AFT,FORE,NADIR","NCA,NCF,NCN",True,True,True,True,3,ch2_tmc_nca_20250613T0828224291_d_img_d18.zip | ch2_tmc_ncf_20250613T0828224291_d_img_d18.zip | ch2_tmc_ncn_20250613T0828224291_d_img_d18.zip
2025-06-13 18:01:35+00:00,2025-06-13 18:01:34.700000+00:00,2025-06-13 18:12:20.720000+00:00,3,"AFT,FORE,NADIR","NCA,NCF,NCN",True,True,True,True,3,ch2_tmc_nca_20250613T1801347007_d_img_d18.zip | ch2_tmc_ncf_20250613T1801347040_d_img_d18.zip | ch2_tmc_ncn_20250613T1801347040_d_img_d18.zip
2025-06-13 21:56:11+00:00,2025-06-13 21:56:10.600000+00:00,2025-06-13 22:01:51.906000+00:00,3,"AFT,FORE,NADIR","NCA,NCF,NCN",True,True,True,True,3,ch2_tmc_nca_20250613T2156106326_d_img_d18.zip | ch2_tmc_ncf_20250613T2156106001_d_img_d18.zip | ch2_tmc_ncn_20250613T2156106326_d_img_d18.zip
2025-06-13 22:01:45+00:00,2025-06-13 22:01:44.529000+00:00,2025-06-13 22:07:34.702000+00:00,3,"AFT,FORE,NADIR","NCA,NCF,NCN",True,True,True,True,3,ch2_tmc_nca_20250613T2201445290_d_img_d18.zip | ch2_tmc_ncf_20250613T2201445322_d_img_d18.zip | ch2_tmc_ncn_20250613T2201445322_d_img_d18.zip
2025-06-14 09:39:54+00:00,2025-06-14 09:39:54.271000+00:00,2025-06-14 09:50:50.310000+00:00,3,"AFT,FORE,NADIR","NCA,NCF,NCN",True,True,True,True,3,ch2_tmc_nca_20250614T0939542717_d_img_d18.zip | ch2_tmc_ncf_20250614T0939542717_d_img_d18.zip | ch2_tmc_ncn_20250614T0939542717_d_img_d18.zip
2025-06-14 23:20:50+00:00,2025-06-14 23:20:50.214000+00:00,2025-06-14 23:26:30.602000+00:00,3,"AFT,FORE,NADIR","NCA,NCF,NCN",True,True,True,True,3,ch2_tmc_nca_20250614T2320502148_d_img_d18.zip | ch2_tmc_ncf_20250614T2320502148_d_img_d18.zip | ch2_tmc_ncn_20250614T2320502148_d_img_d18.zip
2025-06-14 23:26:27+00:00,2025-06-14 23:26:26.757000+00:00,2025-06-14 23:32:12.264000+00:00,3,"AFT,FORE,NADIR","NCA,NCF,NCN",True,True,True,True,3,ch2_tmc_nca_20250614T2326267577_d_img_d18.zip | ch2_tmc_ncf_20250614T2326267610_d_img_d18.zip | ch2_tmc_ncn_20250614T2326267577_d_img_d18.zip
2025-06-15 20:50:48+00:00,2025-06-15 20:50:48.364000+00:00,2025-06-15 20:55:32.219000+00:00,3,"AFT,FORE,NADIR","NCA,NCF,NCN",True,True,True,True,3,ch2_tmc_nca_20250615T2050483648_d_img_d18.zip | ch2_tmc_ncf_20250615T2050483648_d_img_d18.zip | ch2_tmc_ncn_20250615T2050483648_d_img_d18.zip
2025-06-15 20:55:28+00:00,2025-06-15 20:55:27.504000+00:00,2025-06-15 21:01:00.739000+00:00,3,"AFT,FORE,NADIR","NCA,NCF,NCN",True,True,True,True,3,ch2_tmc_nca_20250615T2055275073_d_img_d18.zip | ch2_tmc_ncf_20250615T2055275073_d_img_d18.zip | ch2_tmc_ncn_20250615T2055275042_d_img_d18.zip
2025-06-16 00:45:23+00:00,2025-06-16 00:45:22.575000+00:00,2025-06-16 00:57:27.879000+00:00,3,"AFT,FORE,NADIR","NCA,NCF,NCN",True,True,True,True,3,ch2_tmc_nca_20250616T0045226078_d_img_d18.zip | ch2_tmc_ncf_20250616T0045226078_d_img_d18.zip | ch2_tmc_ncn_20250616T0045225753_d_img_d18.zip
2025-06-16 10:31:50+00:00,2025-06-16 10:31:50.279000+00:00,2025-06-16 10:41:56.451000+00:00,3,"AFT,FORE,NADIR","NCA,NCF,NCN",True,True,True,True,3,ch2_tmc_nca_20250616T1031502797_d_img_d18.zip | ch2_tmc_ncf_20250616T1031502797_d_img_d18.zip | ch2_tmc_ncn_20250616T1031502797_d_img_d18.zip
2025-06-16 20:18:22+00:00,2025-06-16 20:18:21.941000+00:00,2025-06-16 20:23:39.402000+00:00,3,"AFT,FORE,NADIR","NCA,NCF,NCN",True,True,True,True,3,ch2_tmc_nca_20250616T2018219419_d_img_d18.zip | ch2_tmc_ncf_20250616T2018219419_d_img_d18.zip | ch2_tmc_ncn_20250616T2018219419_d_img_d18.zip
2025-06-16 20:23:33+00:00,2025-06-16 20:23:32.778000+00:00,2025-06-16 20:28:46.157000+00:00,3,"AFT,FORE,NADIR","NCA,NCF,NCN",True,True,True,True,3,ch2_tmc_nca_20250616T2023327814_d_img_d18.zip | ch2_tmc_ncf_20250616T2023327781_d_img_d18.zip | ch2_tmc_ncn_20250616T2023327781_d_img_d18.zip
2025-06-17 00:14:45+00:00,2025-06-17 00:14:44.544000+00:00,2025-06-17 00:26:50.188000+00:00,3,"AFT,FORE,NADIR","NCA,NCF,NCN",True,True,True,True,3,ch2_tmc_nca_20250617T0014445766_d_img_d18.zip | ch2_tmc_ncf_20250617T0014445441_d_img_d18.zip | ch2_tmc_ncn_20250617T0014445441_d_img_d18.zip
2025-06-17 11:57:00+00:00,2025-06-17 11:56:59.563000+00:00,2025-06-17 12:08:02.203000+00:00,3,"AFT,FORE,NADIR","NCA,NCF,NCN",True,True,True,True,3,ch2_tmc_nca_20250617T1156595633_d_img_d18.zip | ch2_tmc_ncf_20250617T1156595633_d_img_d18.zip | ch2_tmc_ncn_20250617T1156595633_d_img_d18.zip
2025-06-17 21:43:37+00:00,2025-06-17 21:43:36.655000+00:00,2025-06-17 21:49:46.403000+00:00,3,"AFT,FORE,NADIR","NCA,NCF,NCN",True,True,True,True,3,ch2_tmc_nca_20250617T2143366592_d_img_d18.zip | ch2_tmc_ncf_20250617T2143366559_d_img_d18.zip | ch2_tmc_ncn_20250617T2143366592_d_img_d18.zip
2025-06-17 21:49:41+00:00,2025-06-17 21:49:41.261000+00:00,2025-06-17 21:53:55.198000+00:00,3,"AFT,FORE,NADIR","NCA,NCF,NCN",True,True,True,True,3,ch2_tmc_nca_20250617T2149412648_d_img_d18.zip | ch2_tmc_ncf_20250617T2149412648_d_img_d18.zip | ch2_tmc_ncn_20250617T2149412616_d_img_d18.zip
2025-06-18 01:43:14+00:00,2025-06-18 01:43:14.339000+00:00,2025-06-18 01:53:44.749000+00:00,3,"AFT,FORE,NADIR","NCA,NCF,NCN",True,True,True,True,3,ch2_tmc_nca_20250618T0143143430_d_img_d18.zip | ch2_tmc_ncf_20250618T0143143397_d_img_d18.zip | ch2_tmc_ncn_20250618T0143143397_d_img_d18.zip
2025-06-18 01:53:34+00:00,2025-06-18 01:53:34.481000+00:00,2025-06-18 01:55:05.238000+00:00,3,"AFT,FORE,NADIR","NCA,NCF,NCN",True,True,True,True,3,ch2_tmc_nca_20250618T0153344846_d_img_d18.zip | ch2_tmc_ncf_20250618T0153344846_d_img_d18.zip | ch2_tmc_ncn_20250618T0153344814_d_img_d18.zip
2025-06-18 03:58:50+00:00,2025-06-18 03:58:50.282000+00:00,2025-06-18 04:02:26.315000+00:00,3,"AFT,FORE,NADIR","NCA,NCF,NCN",True,True,True,True,3,ch2_tmc_nca_20250618T0358502821_d_img_d18.zip | ch2_tmc_ncf_20250618T0358502821_d_img_d18.zip | ch2_tmc_ncn_20250618T0358502821_d_img_d18.zip
2025-06-18 17:24:47+00:00,2025-06-18 17:24:46.541000+00:00,2025-06-18 17:37:57.194000+00:00,3,"AFT,FORE,NADIR","NCA,NCF,NCN",True,True,True,True,3,ch2_tmc_nca_20250618T1724465414_d_img_d18.zip | ch2_tmc_ncf_20250618T1724465414_d_img_d18.zip | ch2_tmc_ncn_20250618T1724465414_d_img_d18.zip
2025-06-18 21:21:23+00:00,2025-06-18 21:21:22.982000+00:00,2025-06-18 21:31:17.246000+00:00,3,"AFT,FORE,NADIR","NCA,NCF,NCN",True,True,True,True,3,ch2_tmc_nca_20250618T2121229822_d_img_d18.zip | ch2_tmc_ncf_20250618T2121229855_d_img_d18.zip | ch2_tmc_ncn_20250618T2121229822_d_img_d18.zip
2025-06-18 23:20:21+00:00,2025-06-18 23:20:21.271000+00:00,2025-06-18 23:30:17.118000+00:00,3,"AFT,FORE,NADIR","NCA,NCF,NCN",True,True,True,True,3,ch2_tmc_nca_20250618T2320212711_d_img_d18.zip | ch2_tmc_ncf_20250618T2320213036_d_img_d18.zip | ch2_tmc_ncn_20250618T2320212711_d_img_d18.zip
2025-06-19 01:17:42+00:00,2025-06-19 01:17:41.873000+00:00,2025-06-19 01:27:35.789000+00:00,3,"AFT,FORE,NADIR","NCA,NCF,NCN",True,True,True,True,3,ch2_tmc_nca_20250619T0117418766_d_img_d18.zip | ch2_tmc_ncf_20250619T0117418734_d_img_d18.zip | ch2_tmc_ncn_20250619T0117418734_d_img_d18.zip
2025-06-19 03:08:19+00:00,2025-06-19 03:08:18.912000+00:00,2025-06-19 03:19:29.758000+00:00,3,"AFT,FORE,NADIR","NCA,NCF,NCN",True,True,True,True,3,ch2_tmc_nca_20250619T0308189128_d_img_d18.zip | ch2_tmc_ncf_20250619T0308189128_d_img_d18.zip | ch2_tmc_ncn_20250619T0308189128_d_img_d18.zip
2025-06-19 05:05:37+00:00,2025-06-19 05:05:36.608000+00:00,2025-06-19 05:13:44.312000+00:00,3,"AFT,FORE,NADIR","NCA,NCF,NCN",True,True,True,True,3,ch2_tmc_nca_20250619T0505366083_d_img_d18.zip | ch2_tmc_ncf_20250619T0505366083_d_img_d18.zip | ch2_tmc_ncn_20250619T0505366083_d_img_d18.zip
2025-06-19 20:51:29+00:00,2025-06-19 20:51:29.136000+00:00,2025-06-19 20:56:10.611000+00:00,3,"AFT,FORE,NADIR","NCA,NCF,NCN",True,True,True,True,3,ch2_tmc_nca_20250619T2051291361_d_img_d18.zip | ch2_tmc_ncf_20250619T2051291393_d_img_d18.zip | ch2_tmc_ncn_20250619T2051291361_d_img_d18.zip
2025-06-20 00:33:53+00:00,2025-06-20 00:33:52.874000+00:00,2025-06-20 00:40:31.335000+00:00,3,"AFT,FORE,NADIR","NCA,NCF,NCN",True,True,True,True,3,ch2_tmc_nca_20250620T0033528741_d_img_d18.zip | ch2_tmc_ncf_20250620T0033528741_d_img_d18.zip | ch2_tmc_ncn_20250620T0033528774_d_img_d18.zip
2025-06-20 02:31:11+00:00,2025-06-20 02:31:10.681000+00:00,2025-06-20 02:38:00.536000+00:00,3,"AFT,FORE,NADIR","NCA,NCF,NCN",True,True,True,True,3,ch2_tmc_nca_20250620T0231106811_d_img_d18.zip | ch2_tmc_ncf_20250620T0231106811_d_img_d18.zip | ch2_tmc_ncn_20250620T0231106811_d_img_d18.zip
2025-06-20 04:28:31+00:00,2025-06-20 04:28:30.554000+00:00,2025-06-20 04:35:19.380000+00:00,3,"AFT,FORE,NADIR","NCA,NCF,NCN",True,True,True,True,3,ch2_tmc_nca_20250620T0428305541_d_img_d18.zip | ch2_tmc_ncf_20250620T0428305541_d_img_d18.zip | ch2_tmc_ncn_20250620T0428305541_d_img_d18.zip
2025-06-20 06:25:50+00:00,2025-06-20 06:25:49.656000+00:00,2025-06-20 06:32:38.482000+00:00,3,"AFT,FORE,NADIR","NCA,NCF,NCN",True,True,True,True,3,ch2_tmc_nca_20250620T0625496563_d_img_d18.zip | ch2_tmc_ncf_20250620T0625496563_d_img_d18.zip | ch2_tmc_ncn_20250620T0625496563_d_img_d18.zip
2025-06-20 14:21:46+00:00,2025-06-20 14:21:45.750000+00:00,2025-06-20 14:33:20.599000+00:00,3,"AFT,FORE,NADIR","NCA,NCF,NCN",True,True,True,True,3,ch2_tmc_nca_20250620T1421457508_d_img_d18.zip | ch2_tmc_ncf_20250620T1421457508_d_img_d18.zip | ch2_tmc_ncn_20250620T1421457508_d_img_d18.zip
2025-06-20 14:33:14+00:00,2025-06-20 14:33:13.871000+00:00,2025-06-20 14:34:14.349000+00:00,3,"AFT,FORE,NADIR","NCA,NCF,NCN",True,True,True,True,3,ch2_tmc_nca_20250620T1433138742_d_img_d18.zip | ch2_tmc_ncf_20250620T1433138742_d_img_d18.zip | ch2_tmc_ncn_20250620T1433138711_d_img_d18.zip
2025-06-21 01:58:58+00:00,2025-06-21 01:58:58.323000+00:00,2025-06-21 02:19:01.517000+00:00,3,"AFT,FORE,NADIR","NCA,NCF,NCN",True,True,True,True,3,ch2_tmc_nca_20250621T0158583233_d_img_d18.zip | ch2_tmc_ncf_20250621T0158583233_d_img_d18.zip | ch2_tmc_ncn_20250621T0158583266_d_img_d18.zip
2025-06-21 03:56:17+00:00,2025-06-21 03:56:17.398000+00:00,2025-06-21 04:16:21.388000+00:00,3,"AFT,FORE,NADIR","NCA,NCF,NCN",True,True,True,True,3,ch2_tmc_nca_20250621T0356173980_d_img_d18.zip | ch2_tmc_ncf_20250621T0356173980_d_img_d18.zip | ch2_tmc_ncn_20250621T0356174305_d_img_d18.zip
2025-06-21 05:53:36+00:00,2025-06-21 05:53:35.632000+00:00,2025-06-21 06:13:39.851000+00:00,3,"AFT,FORE,NADIR","NCA,NCF,NCN",True,True,True,True,3,ch2_tmc_nca_20250621T0553356321_d_img_d18.zip | ch2_tmc_ncf_20250621T0553356353_d_img_d18.zip | ch2_tmc_ncn_20250621T0553356321_d_img_d18.zip
2025-06-21 13:42:51+00:00,2025-06-21 13:42:50.958000+00:00,2025-06-21 13:54:12.367000+00:00,3,"AFT,FORE,NADIR","NCA,NCF,NCN",True,True,True,True,3,ch2_tmc_nca_20250621T1342509585_d_img_d18.zip | ch2_tmc_ncf_20250621T1342509585_d_img_d18.zip | ch2_tmc_ncn_20250621T1342509585_d_img_d18.zip
2025-06-21 23:29:24+00:00,2025-06-21 23:29:23.996000+00:00,2025-06-21 23:42:34.636000+00:00,3,"AFT,FORE,NADIR","NCA,NCF,NCN",True,True,True,True,3,ch2_tmc_nca_20250621T2329239993_d_img_d18.zip | ch2_tmc_ncf_20250621T2329239962_d_img_d18.zip | ch2_tmc_ncn_20250621T2329239962_d_img_d18.zip
2025-06-22 01:26:46+00:00,2025-06-22 01:26:45.777000+00:00,2025-06-22 01:46:47.948000+00:00,3,"AFT,FORE,NADIR","NCA,NCF,NCN",True,True,True,True,3,ch2_tmc_nca_20250622T0126457806_d_img_d18.zip | ch2_tmc_ncf_20250622T0126457774_d_img_d18.zip | ch2_tmc_ncn_20250622T0126457774_d_img_d18.zip
2025-06-22 05:21:21+00:00,2025-06-22 05:21:21.106000+00:00,2025-06-22 05:34:30.863000+00:00,3,"AFT,FORE,NADIR","NCA,NCF,NCN",True,True,True,True,3,ch2_tmc_nca_20250622T0521211066_d_img_d18.zip | ch2_tmc_ncf_20250622T0521211066_d_img_d18.zip | ch2_tmc_ncn_20250622T0521211066_d_img_d18.zip
2025-06-22 15:09:39+00:00,2025-06-22 15:09:38.706000+00:00,2025-06-22 15:19:51.181000+00:00,3,"AFT,FORE,NADIR","NCA,NCF,NCN",True,True,True,True,3,ch2_tmc_nca_20250622T1509387068_d_img_d18.zip | ch2_tmc_ncf_20250622T1509387068_d_img_d18.zip | ch2_tmc_ncn_20250622T1509387068_d_img_d18.zip
2025-06-23 01:04:36+00:00,2025-06-23 01:04:36.180000+00:00,2025-06-23 01:16:06.501000+00:00,3,"AFT,FORE,NADIR","NCA,NCF,NCN",True,True,True,True,3,ch2_tmc_nca_20250623T0104361808_d_img_d18.zip | ch2_tmc_ncf_20250623T0104361808_d_img_d18.zip | ch2_tmc_ncn_20250623T0104361808_d_img_d18.zip
2025-06-23 02:51:53+00:00,2025-06-23 02:51:52.796000+00:00,2025-06-23 03:05:03.185000+00:00,3,"AFT,FORE,NADIR","NCA,NCF,NCN",True,True,True,True,3,ch2_tmc_nca_20250623T0251528002_d_img_d18.zip | ch2_tmc_ncf_20250623T0251527969_d_img_d18.zip | ch2_tmc_ncn_20250623T0251528002_d_img_d18.zip
2025-06-23 04:49:14+00:00,2025-06-23 04:49:14.324000+00:00,2025-06-23 05:09:12.529000+00:00,3,"AFT,FORE,NADIR","NCA,NCF,NCN",True,True,True,True,3,ch2_tmc_nca_20250623T0449143280_d_img_d18.zip | ch2_tmc_ncf_20250623T0449143247_d_img_d18.zip | ch2_tmc_ncn_20250623T0449143247_d_img_d18.zip
2025-06-23 06:54:50+00:00,2025-06-23 06:54:50.403000+00:00,2025-06-23 07:08:00.340000+00:00,3,"AFT,FORE,NADIR","NCA,NCF,NCN",True,True,True,True,3,ch2_tmc_nca_20250623T0654504030_d_img_d18.zip | ch2_tmc_ncf_20250623T0654504030_d_img_d18.zip | ch2_tmc_ncn_20250623T0654504030_d_img_d18.zip
2025-06-23 16:43:00+00:00,2025-06-23 16:43:00.372000+00:00,2025-06-23 16:46:29.520000+00:00,3,"AFT,FORE,NADIR","NCA,NCF,NCN",True,True,True,True,3,ch2_tmc_nca_20250623T1643003729_d_img_d18.zip | ch2_tmc_ncf_20250623T1643003729_d_img_d18.zip | ch2_tmc_ncn_20250623T1643003729_d_img_d18.zip
2025-06-23 16:46:25+00:00,2025-06-23 16:46:24.779000+00:00,2025-06-23 16:53:32.513000+00:00,3,"AFT,FORE,NADIR","NCA,NCF,NCN",True,True,True,True,3,ch2_tmc_nca_20250623T1646247793_d_img_d18.zip | ch2_tmc_ncf_20250623T1646247826_d_img_d18.zip | ch2_tmc_ncn_20250623T1646247793_d_img_d18.zip
2025-06-24 02:19:25+00:00,2025-06-24 02:19:24.853000+00:00,2025-06-24 02:32:33.748000+00:00,3,"AFT,FORE,NADIR","NCA,NCF,NCN",True,True,True,True,3,ch2_tmc_nca_20250624T0219248859_d_img_d18.zip | ch2_tmc_ncf_20250624T0219248859_d_img_d18.zip | ch2_tmc_ncn_20250624T0219248533_d_img_d18.zip
2025-06-24 04:25:02+00:00,2025-06-24 04:25:02.376000+00:00,2025-06-24 04:38:19.171000+00:00,3,"AFT,FORE,NADIR","NCA,NCF,NCN",True,True,True,True,3,ch2_tmc_nca_20250624T0425023794_d_img_d18.zip | ch2_tmc_ncf_20250624T0425023762_d_img_d18.zip | ch2_tmc_ncn_20250624T0425023762_d_img_d18.zip
2025-06-24 06:18:59+00:00,2025-06-24 06:18:59.166000+00:00,2025-06-24 06:30:44.951000+00:00,3,"AFT,FORE,NADIR","NCA,NCF,NCN",True,True,True,True,3,ch2_tmc_nca_20250624T0618591661_d_img_d18.zip | ch2_tmc_ncf_20250624T0618591661_d_img_d18.zip | ch2_tmc_ncn_20250624T0618591661_d_img_d18.zip
2025-06-24 08:16:14+00:00,2025-06-24 08:16:13.788000+00:00,2025-06-24 08:29:24.438000+00:00,3,"AFT,FORE,NADIR","NCA,NCF,NCN",True,True,True,True,3,ch2_tmc_nca_20250624T0816137882_d_img_d18.zip | ch2_tmc_ncf_20250624T0816137882_d_img_d18.zip | ch2_tmc_ncn_20250624T0816137882_d_img_d18.zip
2025-06-24 17:57:37+00:00,2025-06-24 17:57:37.309000+00:00,2025-06-24 18:06:10.636000+00:00,3,"AFT,FORE,NADIR","NCA,NCF,NCN",True,True,True,True,3,ch2_tmc_nca_20250624T1757373096_d_img_d18.zip | ch2_tmc_ncf_20250624T1757373096_d_img_d18.zip | ch2_tmc_ncn_20250624T1757373096_d_img_d18.zip
2025-06-24 18:06:08+00:00,2025-06-24 18:06:07.552000+00:00,2025-06-24 18:10:08.499000+00:00,3,"AFT,FORE,NADIR","NCA,NCF,NCN",True,True,True,True,3,ch2_tmc_nca_20250624T1806075554_d_img_d18.zip | ch2_tmc_ncf_20250624T1806075522_d_img_d18.zip | ch2_tmc_ncn_20250624T1806075554_d_img_d18.zip
2025-06-25 03:52:23+00:00,2025-06-25 03:52:22.989000+00:00,2025-06-25 04:05:36.519000+00:00,3,"AFT,FORE,NADIR","NCA,NCF,NCN",True,True,True,True,3,ch2_tmc_nca_20250625T0352229927_d_img_d18.zip | ch2_tmc_ncf_20250625T0352229927_d_img_d18.zip | ch2_tmc_ncn_20250625T0352229895_d_img_d18.zip
2025-06-25 05:49:38+00:00,2025-06-25 05:49:38.443000+00:00,2025-06-25 06:02:54.895000+00:00,3,"AFT,FORE,NADIR","NCA,NCF,NCN",True,True,True,True,3,ch2_tmc_nca_20250625T0549384431_d_img_d18.zip | ch2_tmc_ncf_20250625T0549384431_d_img_d18.zip | ch2_tmc_ncn_20250625T0549384463_d_img_d18.zip
2025-06-25 07:46:56+00:00,2025-06-25 07:46:55.754000+00:00,2025-06-25 08:00:05.381000+00:00,3,"AFT,FORE,NADIR","NCA,NCF,NCN",True,True,True,True,3,ch2_tmc_nca_20250625T0746557543_d_img_d18.zip | ch2_tmc_ncf_20250625T0746557543_d_img_d18.zip | ch2_tmc_ncn_20250625T0746557543_d_img_d18.zip
2025-06-25 09:40:54+00:00,2025-06-25 09:40:54.410000+00:00,2025-06-25 09:54:05.634000+00:00,3,"AFT,FORE,NADIR","NCA,NCF,NCN",True,True,True,True,3,ch2_tmc_nca_20250625T0940544100_d_img_d18.zip | ch2_tmc_ncf_20250625T0940544100_d_img_d18.zip | ch2_tmc_ncn_20250625T0940544100_d_img_d18.zip
2025-06-26 03:11:39+00:00,2025-06-26 03:11:39.225000+00:00,2025-06-26 03:26:33.846000+00:00,3,"AFT,FORE,NADIR","NCA,NCF,NCN",True,True,True,True,3,ch2_tmc_nca_20250626T0311392253_d_img_d18.zip | ch2_tmc_ncf_20250626T0311392284_d_img_d18.zip | ch2_tmc_ncn_20250626T0311392253_d_img_d18.zip
2025-06-26 05:08:58+00:00,2025-06-26 05:08:57.729000+00:00,2025-06-26 05:28:48.637000+00:00,3,"AFT,FORE,NADIR","NCA,NCF,NCN",True,True,True,True,3,ch2_tmc_nca_20250626T0508577332_d_img_d18.zip | ch2_tmc_ncf_20250626T0508577299_d_img_d18.zip | ch2_tmc_ncn_20250626T0508577299_d_img_d18.zip
2025-06-26 09:06:50+00:00,2025-06-26 09:06:49.680000+00:00,2025-06-26 09:25:03.438000+00:00,3,"AFT,FORE,NADIR","NCA,NCF,NCN",True,True,True,True,3,ch2_tmc_nca_20250626T0906496838_d_img_d18.zip | ch2_tmc_ncf_20250626T0906496807_d_img_d18.zip | ch2_tmc_ncn_20250626T0906496807_d_img_d18.zip
2025-06-26 11:00:48+00:00,2025-06-26 11:00:47.570000+00:00,2025-06-26 11:13:56.172000+00:00,3,"AFT,FORE,NADIR","NCA,NCF,NCN",True,True,True,True,3,ch2_tmc_nca_20250626T1100475707_d_img_d18.zip | ch2_tmc_ncf_20250626T1100475707_d_img_d18.zip | ch2_tmc_ncn_20250626T1100475707_d_img_d18.zip
2025-06-26 18:54:58+00:00,2025-06-26 18:54:58.372000+00:00,2025-06-26 19:11:31.649000+00:00,3,"AFT,FORE,NADIR","NCA,NCF,NCN",True,True,True,True,3,ch2_tmc_nca_20250626T1854583726_d_img_d18.zip | ch2_tmc_ncf_20250626T1854583757_d_img_d18.zip | ch2_tmc_ncn_20250626T1854583726_d_img_d18.zip
2025-06-27 04:44:42+00:00,2025-06-27 04:44:41.612000+00:00,2025-06-27 04:57:55.210000+00:00,3,"AFT,FORE,NADIR","NCA,NCF,NCN",True,True,True,True,3,ch2_tmc_nca_20250627T0444416123_d_img_d18.zip | ch2_tmc_ncf_20250627T0444416154_d_img_d18.zip | ch2_tmc_ncn_20250627T0444416123_d_img_d18.zip
2025-06-27 06:41:59+00:00,2025-06-27 06:41:59.409000+00:00,2025-06-27 06:55:07.735000+00:00,3,"AFT,FORE,NADIR","NCA,NCF,NCN",True,True,True,True,3,ch2_tmc_nca_20250627T0641594099_d_img_d18.zip | ch2_tmc_ncf_20250627T0641594099_d_img_d18.zip | ch2_tmc_ncn_20250627T0641594099_d_img_d18.zip
2025-06-27 08:39:17+00:00,2025-06-27 08:39:16.811000+00:00,2025-06-27 08:52:25.416000+00:00,3,"AFT,FORE,NADIR","NCA,NCF,NCN",True,True,True,True,3,ch2_tmc_nca_20250627T0839168114_d_img_d18.zip | ch2_tmc_ncf_20250627T0839168114_d_img_d18.zip | ch2_tmc_ncn_20250627T0839168114_d_img_d18.zip
2025-06-27 10:43:09+00:00,2025-06-27 10:43:08.553000+00:00,2025-06-27 10:49:55.208000+00:00,3,"AFT,FORE,NADIR","NCA,NCF,NCN",True,True,True,True,3,ch2_tmc_nca_20250627T1043085537_d_img_d18.zip | ch2_tmc_ncf_20250627T1043085537_d_img_d18.zip | ch2_tmc_ncn_20250627T1043085537_d_img_d18.zip
2025-06-27 12:40:28+00:00,2025-06-27 12:40:28.297000+00:00,2025-06-27 12:47:02.661000+00:00,3,"AFT,FORE,NADIR","NCA,NCF,NCN",True,True,True,True,3,ch2_tmc_nca_20250627T1240283008_d_img_d18.zip | ch2_tmc_ncf_20250627T1240282975_d_img_d18.zip | ch2_tmc_ncn_20250627T1240282975_d_img_d18.zip
2025-06-27 20:19:41+00:00,2025-06-27 20:19:40.750000+00:00,2025-06-27 20:32:49.356000+00:00,3,"AFT,FORE,NADIR","NCA,NCF,NCN",True,True,True,True,3,ch2_tmc_nca_20250627T2019407509_d_img_d18.zip | ch2_tmc_ncf_20250627T2019407509_d_img_d18.zip | ch2_tmc_ncn_20250627T2019407509_d_img_d18.zip
2025-06-28 06:02:06+00:00,2025-06-28 06:02:05.719000+00:00,2025-06-28 06:13:33.846000+00:00,3,"AFT,FORE,NADIR","NCA,NCF,NCN",True,True,True,True,3,ch2_tmc_nca_20250628T0602057199_d_img_d18.zip | ch2_tmc_ncf_20250628T0602057230_d_img_d18.zip | ch2_tmc_ncn_20250628T0602057199_d_img_d18.zip
2025-06-28 07:59:23+00:00,2025-06-28 07:59:23.288000+00:00,2025-06-28 08:10:53.463000+00:00,3,"AFT,FORE,NADIR","NCA,NCF,NCN",True,True,True,True,3,ch2_tmc_nca_20250628T0759232885_d_img_d18.zip | ch2_tmc_ncf_20250628T0759232916_d_img_d18.zip | ch2_tmc_ncn_20250628T0759232885_d_img_d18.zip
2025-06-28 09:56:42+00:00,2025-06-28 09:56:42.121000+00:00,2025-06-28 10:08:12.183000+00:00,3,"AFT,FORE,NADIR","NCA,NCF,NCN",True,True,True,True,3,ch2_tmc_nca_20250628T0956421210_d_img_d18.zip | ch2_tmc_ncf_20250628T0956421535_d_img_d18.zip | ch2_tmc_ncn_20250628T0956421210_d_img_d18.zip
2025-06-28 11:53:59+00:00,2025-06-28 11:53:58.660000+00:00,2025-06-28 12:13:44.448000+00:00,3,"AFT,FORE,NADIR","NCA,NCF,NCN",True,True,True,True,3,ch2_tmc_nca_20250628T1153586606_d_img_d18.zip | ch2_tmc_ncf_20250628T1153586638_d_img_d18.zip | ch2_tmc_ncn_20250628T1153586606_d_img_d18.zip
2025-06-28 21:40:29+00:00,2025-06-28 21:40:29.390000+00:00,2025-06-28 21:45:23.889000+00:00,3,"AFT,FORE,NADIR","NCA,NCF,NCN",True,True,True,True,3,ch2_tmc_nca_20250628T2140293907_d_img_d18.zip | ch2_tmc_ncf_20250628T2140293907_d_img_d18.zip | ch2_tmc_ncn_20250628T2140293907_d_img_d18.zip
2025-06-28 21:45:20+00:00,2025-06-28 21:45:19.969000+00:00,2025-06-28 21:53:03.652000+00:00,3,"AFT,FORE,NADIR","NCA,NCF,NCN",True,True,True,True,3,ch2_tmc_nca_20250628T2145199691_d_img_d18.zip | ch2_tmc_ncf_20250628T2145199724_d_img_d18.zip | ch2_tmc_ncn_20250628T2145199724_d_img_d18.zip
2025-06-29 07:27:02+00:00,2025-06-29 07:27:01.843000+00:00,2025-06-29 07:40:10.390000+00:00,3,"AFT,FORE,NADIR","NCA,NCF,NCN",True,True,True,True,3,ch2_tmc_nca_20250629T0727018436_d_img_d18.zip | ch2_tmc_ncf_20250629T0727018436_d_img_d18.zip | ch2_tmc_ncn_20250629T0727018436_d_img_d18.zip
2025-06-29 09:24:21+00:00,2025-06-29 09:24:21.130000+00:00,2025-06-29 09:37:28.839000+00:00,3,"AFT,FORE,NADIR","NCA,NCF,NCN",True,True,True,True,3,ch2_tmc_nca_20250629T0924211307_d_img_d18.zip | ch2_tmc_ncf_20250629T0924211307_d_img_d18.zip | ch2_tmc_ncn_20250629T0924211307_d_img_d18.zip
2025-06-29 13:18:57+00:00,2025-06-29 13:18:56.553000+00:00,2025-06-29 13:32:06.310000+00:00,3,"AFT,FORE,NADIR","NCA,NCF,NCN",True,True,True,True,3,ch2_tmc_nca_20250629T1318565536_d_img_d18.zip | ch2_tmc_ncf_20250629T1318565536_d_img_d18.zip | ch2_tmc_ncn_20250629T1318565536_d_img_d18.zip
2025-06-29 21:08:11+00:00,2025-06-29 21:08:11.377000+00:00,2025-06-29 21:21:33.807000+00:00,3,"AFT,FORE,NADIR","NCA,NCF,NCN",True,True,True,True,3,ch2_tmc_nca_20250629T2108113777_d_img_d18.zip | ch2_tmc_ncf_20250629T2108113777_d_img_d18.zip | ch2_tmc_ncn_20250629T2108113777_d_img_d18.zip
2025-06-30 10:56:14+00:00,2025-06-30 10:56:13.718000+00:00,2025-06-30 10:57:35.538000+00:00,3,"AFT,FORE,NADIR","NCA,NCF,NCN",True,True,True,True,3,ch2_tmc_nca_20250630T1056137185_d_img_d18.zip | ch2_tmc_ncf_20250630T1056137185_d_img_d18.zip | ch2_tmc_ncn_20250630T1056137185_d_img_d18.zip
2025-06-30 12:53:33+00:00,2025-06-30 12:53:33.191000+00:00,2025-06-30 13:06:41.790000+00:00,3,"AFT,FORE,NADIR","NCA,NCF,NCN",True,True,True,True,3,ch2_tmc_nca_20250630T1253331915_d_img_d18.zip | ch2_tmc_ncf_20250630T1253331915_d_img_d18.zip | ch2_tmc_ncn_20250630T1253331915_d_img_d18.zip
2025-06-30 14:49:14+00:00,2025-06-30 14:49:13.768000+00:00,2025-06-30 15:02:23.520000+00:00,3,"AFT,FORE,NADIR","NCA,NCF,NCN",True,True,True,True,3,ch2_tmc_nca_20250630T1449137686_d_img_d18.zip | ch2_tmc_ncf_20250630T1449137686_d_img_d18.zip | ch2_tmc_ncn_20250630T1449137686_d_img_d18.zip
2025-07-01 00:40:53+00:00,2025-07-01 00:40:52.746000+00:00,2025-07-01 00:52:27.968000+00:00,3,"AFT,FORE,NADIR","NCA,NCF,NCN",True,True,True,True,3,ch2_tmc_nca_20250701T0040527464_d_img_d18.zip | ch2_tmc_ncf_20250701T0040527464_d_img_d18.zip | ch2_tmc_ncn_20250701T0040527464_d_img_d18.zip
2025-07-01 12:22:32+00:00,2025-07-01 12:22:31.638000+00:00,2025-07-01 12:35:42.163000+00:00,3,"AFT,FORE,NADIR","NCA,NCF,NCN",True,True,True,True,3,ch2_tmc_nca_20250701T1222316385_d_img_d18.zip | ch2_tmc_ncf_20250701T1222316418_d_img_d18.zip | ch2_tmc_ncn_20250701T1222316418_d_img_d18.zip
2025-07-01 22:18:57+00:00,2025-07-01 22:18:56.577000+00:00,2025-07-01 22:32:05.310000+00:00,3,"AFT,FORE,NADIR","NCA,NCF,NCN",True,True,True,True,3,ch2_tmc_nca_20250701T2218565779_d_img_d18.zip | ch2_tmc_ncf_20250701T2218565779_d_img_d18.zip | ch2_tmc_ncn_20250701T2218565779_d_img_d18.zip
2025-07-02 10:08:59+00:00,2025-07-02 10:08:58.932000+00:00,2025-07-02 10:22:08.544000+00:00,3,"AFT,FORE,NADIR","NCA,NCF,NCN",True,True,True,True,3,ch2_tmc_nca_20250702T1008589324_d_img_d18.zip | ch2_tmc_ncf_20250702T1008589324_d_img_d18.zip | ch2_tmc_ncn_20250702T1008589324_d_img_d18.zip
2025-07-02 12:05:59+00:00,2025-07-02 12:05:58.953000+00:00,2025-07-02 12:19:08.581000+00:00,3,"AFT,FORE,NADIR","NCA,NCF,NCN",True,True,True,True,3,ch2_tmc_nca_20250702T1205589537_d_img_d18.zip | ch2_tmc_ncf_20250702T1205589537_d_img_d18.zip | ch2_tmc_ncn_20250702T1205589537_d_img_d18.zip
2025-07-02 16:04:55+00:00,2025-07-02 16:04:55.479000+00:00,2025-07-02 16:19:49.553000+00:00,3,"AFT,FORE,NADIR","NCA,NCF,NCN",True,True,True,True,3,ch2_tmc_nca_20250702T1604554825_d_img_d18.zip | ch2_tmc_ncf_20250702T1604554794_d_img_d18.zip | ch2_tmc_ncn_20250702T1604554794_d_img_d18.zip
2025-07-03 01:51:25+00:00,2025-07-03 01:51:24.567000+00:00,2025-07-03 02:02:33.867000+00:00,3,"AFT,FORE,NADIR","NCA,NCF,NCN",True,True,True,True,3,ch2_tmc_nca_20250703T0151245677_d_img_d18.zip | ch2_tmc_ncf_20250703T0151245677_d_img_d18.zip | ch2_tmc_ncn_20250703T0151245677_d_img_d18.zip
2025-07-03 02:02:28+00:00,2025-07-03 02:02:28.237000+00:00,2025-07-03 02:04:00.266000+00:00,3,"AFT,FORE,NADIR","NCA,NCF,NCN",True,True,True,True,3,ch2_tmc_nca_20250703T0202282372_d_img_d18.zip | ch2_tmc_ncf_20250703T0202282372_d_img_d18.zip | ch2_tmc_ncn_20250703T0202282372_d_img_d18.zip
2025-07-03 13:43:10+00:00,2025-07-03 13:43:10.397000+00:00,2025-07-03 13:50:22.936000+00:00,3,"AFT,FORE,NADIR","NCA,NCF,NCN",True,True,True,True,3,ch2_tmc_nca_20250703T1343103973_d_img_d18.zip | ch2_tmc_ncf_20250703T1343104005_d_img_d18.zip | ch2_tmc_ncn_20250703T1343103973_d_img_d18.zip
2025-07-03 13:50:18+00:00,2025-07-03 13:50:18.105000+00:00,2025-07-03 13:55:27.854000+00:00,3,"AFT,FORE,NADIR","NCA,NCF,NCN",True,True,True,True,3,ch2_tmc_nca_20250703T1350181054_d_img_d18.zip | ch2_tmc_ncf_20250703T1350181054_d_img_d18.zip | ch2_tmc_ncn_20250703T1350181054_d_img_d18.zip
2025-07-03 15:46:47+00:00,2025-07-03 15:46:47.171000+00:00,2025-07-03 15:59:55.560000+00:00,3,"AFT,FORE,NADIR","NCA,NCF,NCN",True,True,True,True,3,ch2_tmc_nca_20250703T1546471711_d_img_d18.zip | ch2_tmc_ncf_20250703T1546471744_d_img_d18.zip | ch2_tmc_ncn_20250703T1546471744_d_img_d18.zip
2025-07-04 01:40:11+00:00,2025-07-04 01:40:11.151000+00:00,2025-07-04 01:51:30.435000+00:00,3,"AFT,FORE,NADIR","NCA,NCF,NCN",True,True,True,True,3,ch2_tmc_nca_20250704T0140111516_d_img_d18.zip | ch2_tmc_ncf_20250704T0140111516_d_img_d18.zip | ch2_tmc_ncn_20250704T0140111516_d_img_d18.zip
2025-07-04 11:33:18+00:00,2025-07-04 11:33:17.989000+00:00,2025-07-04 11:44:38.249000+00:00,3,"AFT,FORE,NADIR","NCA,NCF,NCN",True,True,True,True,3,ch2_tmc_nca_20250704T1133179891_d_img_d18.zip | ch2_tmc_ncf_20250704T1133179891_d_img_d18.zip | ch2_tmc_ncn_20250704T1133179891_d_img_d18.zip
2025-07-04 15:35:30+00:00,2025-07-04 15:35:30.433000+00:00,2025-07-04 15:47:40.784000+00:00,3,"AFT,FORE,NADIR","NCA,NCF,NCN",True,True,True,True,3,ch2_tmc_nca_20250704T1535304338_d_img_d18.zip | ch2_tmc_ncf_20250704T1535304370_d_img_d18.zip | ch2_tmc_ncn_20250704T1535304370_d_img_d18.zip
2025-07-05 03:25:29+00:00,2025-07-05 03:25:29.182000+00:00,2025-07-05 03:37:42.491000+00:00,3,"AFT,FORE,NADIR","NCA,NCF,NCN",True,True,True,True,3,ch2_tmc_nca_20250705T0325291829_d_img_d18.zip | ch2_tmc_ncf_20250705T0325291829_d_img_d18.zip | ch2_tmc_ncn_20250705T0325291829_d_img_d18.zip
2025-07-05 13:17:17+00:00,2025-07-05 13:17:17.357000+00:00,2025-07-05 13:28:29.453000+00:00,3,"AFT,FORE,NADIR","NCA,NCF,NCN",True,True,True,True,3,ch2_tmc_nca_20250705T1317173579_d_img_d18.zip | ch2_tmc_ncf_20250705T1317173612_d_img_d18.zip | ch2_tmc_ncn_20250705T1317173579_d_img_d18.zip
2025-07-05 17:07:36+00:00,2025-07-05 17:07:35.947000+00:00,2025-07-05 17:13:53.529000+00:00,3,"AFT,FORE,NADIR","NCA,NCF,NCN",True,True,True,True,3,ch2_tmc_nca_20250705T1707359475_d_img_d18.zip | ch2_tmc_ncf_20250705T1707359475_d_img_d18.zip | ch2_tmc_ncn_20250705T1707359475_d_img_d18.zip
2025-07-05 17:13:47+00:00,2025-07-05 17:13:46.831000+00:00,2025-07-05 17:18:53.819000+00:00,3,"AFT,FORE,NADIR","NCA,NCF,NCN",True,True,True,True,3,ch2_tmc_nca_20250705T1713468313_d_img_d18.zip | ch2_tmc_ncf_20250705T1713468313_d_img_d18.zip | ch2_tmc_ncn_20250705T1713468313_d_img_d18.zip
2025-07-06 01:22:07+00:00,2025-07-06 01:22:07.263000+00:00,2025-07-06 01:34:11.347000+00:00,3,"AFT,FORE,NADIR","NCA,NCF,NCN",True,True,True,True,3,ch2_tmc_nca_20250706T0122072638_d_img_d18.zip | ch2_tmc_ncf_20250706T0122072671_d_img_d18.zip | ch2_tmc_ncn_20250706T0122072671_d_img_d18.zip
2025-07-06 13:25:39+00:00,2025-07-06 13:25:39.283000+00:00,2025-07-06 13:33:58.993000+00:00,3,"AFT,FORE,NADIR","NCA,NCF,NCN",True,True,True,True,3,ch2_tmc_nca_20250706T1325392836_d_img_d18.zip | ch2_tmc_ncf_20250706T1325392869_d_img_d18.zip | ch2_tmc_ncn_20250706T1325392836_d_img_d18.zip
2025-07-06 17:11:09+00:00,2025-07-06 17:11:09.135000+00:00,2025-07-06 17:23:11.529000+00:00,3,"AFT,FORE,NADIR","NCA,NCF,NCN",True,True,True,True,3,ch2_tmc_nca_20250706T1711091382_d_img_d18.zip | ch2_tmc_ncf_20250706T1711091350_d_img_d18.zip | ch2_tmc_ncn_20250706T1711091350_d_img_d18.zip
2025-07-07 03:04:13+00:00,2025-07-07 03:04:12.828000+00:00,2025-07-07 03:16:16.175000+00:00,3,"AFT,FORE,NADIR","NCA,NCF,NCN",True,True,True,True,3,ch2_tmc_nca_20250707T0304128607_d_img_d18.zip | ch2_tmc_ncf_20250707T0304128282_d_img_d18.zip | ch2_tmc_ncn_20250707T0304128282_d_img_d18.zip
2025-07-07 15:05:57+00:00,2025-07-07 15:05:56.510000+00:00,2025-07-07 15:14:15.887000+00:00,3,"AFT,FORE,NADIR","NCA,NCF,NCN",True,True,True,True,3,ch2_tmc_nca_20250707T1505565104_d_img_d18.zip | ch2_tmc_ncf_20250707T1505565429_d_img_d18.zip | ch2_tmc_ncn_20250707T1505565104_d_img_d18.zip
2025-07-07 18:53:05+00:00,2025-07-07 18:53:05.104000+00:00,2025-07-07 19:05:07.220000+00:00,3,"AFT,FORE,NADIR","NCA,NCF,NCN",True,True,True,True,3,ch2_tmc_nca_20250707T1853051045_d_img_d18.zip | ch2_tmc_ncf_20250707T1853051078_d_img_d18.zip | ch2_tmc_ncn_20250707T1853051045_d_img_d18.zip
2025-07-08 04:46:09+00:00,2025-07-08 04:46:08.787000+00:00,2025-07-08 05:00:08.593000+00:00,3,"AFT,FORE,NADIR","NCA,NCF,NCN",True,True,True,True,3,ch2_tmc_nca_20250708T0446087878_d_img_d18.zip | ch2_tmc_ncf_20250708T0446087878_d_img_d18.zip | ch2_tmc_ncn_20250708T0446087911_d_img_d18.zip
2025-07-08 14:47:31+00:00,2025-07-08 14:47:30.970000+00:00,2025-07-08 14:59:07.287000+00:00,3,"AFT,FORE,NADIR","NCA,NCF,NCN",True,True,True,True,3,ch2_tmc_nca_20250708T1447309704_d_img_d18.zip | ch2_tmc_ncf_20250708T1447309736_d_img_d18.zip | ch2_tmc_ncn_20250708T1447309704_d_img_d18.zip
2025-07-09 04:37:43+00:00,2025-07-09 04:37:42.569000+00:00,2025-07-09 04:46:52.956000+00:00,3,"AFT,FORE,NADIR","NCA,NCF,NCN",True,True,True,True,3,ch2_tmc_nca_20250709T0437425699_d_img_d18.zip | ch2_tmc_ncf_20250709T0437425732_d_img_d18.zip | ch2_tmc_ncn_20250709T0437425699_d_img_d18.zip
2025-07-09 16:21:06+00:00,2025-07-09 16:21:05.510000+00:00,2025-07-09 16:35:44.992000+00:00,3,"AFT,FORE,NADIR","NCA,NCF,NCN",True,True,True,True,3,ch2_tmc_nca_20250709T1621055101_d_img_d18.zip | ch2_tmc_ncf_20250709T1621055101_d_img_d18.zip | ch2_tmc_ncn_20250709T1621055134_d_img_d18.zip
2025-07-09 20:22:40+00:00,2025-07-09 20:22:39.717000+00:00,2025-07-09 20:38:15.778000+00:00,3,"AFT,FORE,NADIR","NCA,NCF,NCN",True,True,True,True,3,ch2_tmc_nca_20250709T2022397204_d_img_d18.zip | ch2_tmc_ncf_20250709T2022397172_d_img_d18.zip | ch2_tmc_ncn_20250709T2022397172_d_img_d18.zip
2025-07-10 06:11:28+00:00,2025-07-10 06:11:27.524000+00:00,2025-07-10 06:19:07.932000+00:00,3,"AFT,FORE,NADIR","NCA,NCF,NCN",True,True,True,True,3,ch2_tmc_nca_20250710T0611275273_d_img_d18.zip | ch2_tmc_ncf_20250710T0611275240_d_img_d18.zip | ch2_tmc_ncn_20250710T0611275240_d_img_d18.zip
2025-07-10 06:18:58+00:00,2025-07-10 06:18:58.130000+00:00,2025-07-10 06:23:01.508000+00:00,3,"AFT,FORE,NADIR","NCA,NCF,NCN",True,True,True,True,3,ch2_tmc_nca_20250710T0618581305_d_img_d18.zip | ch2_tmc_ncf_20250710T0618581305_d_img_d18.zip | ch2_tmc_ncn_20250710T0618581305_d_img_d18.zip
2025-07-10 16:04:34+00:00,2025-07-10 16:04:34.325000+00:00,2025-07-10 16:18:11.601000+00:00,3,"AFT,FORE,NADIR","NCA,NCF,NCN",True,True,True,True,3,ch2_tmc_nca_20250710T1604343250_d_img_d18.zip | ch2_tmc_ncf_20250710T1604343281_d_img_d18.zip | ch2_tmc_ncn_20250710T1604343250_d_img_d18.zip
2025-07-10 20:01:49+00:00,2025-07-10 20:01:48.563000+00:00,2025-07-10 20:17:44.975000+00:00,3,"AFT,FORE,NADIR","NCA,NCF,NCN",True,True,True,True,3,ch2_tmc_nca_20250710T2001485633_d_img_d18.zip | ch2_tmc_ncf_20250710T2001485665_d_img_d18.zip | ch2_tmc_ncn_20250710T2001485633_d_img_d18.zip
2025-07-12 17:30:42+00:00,2025-07-12 17:30:41.583000+00:00,2025-07-12 17:41:13.461000+00:00,3,"AFT,FORE,NADIR","NCA,NCF,NCN",True,True,True,True,3,ch2_tmc_nca_20250712T1730415868_d_img_d18.zip | ch2_tmc_ncf_20250712T1730415868_d_img_d18.zip | ch2_tmc_ncn_20250712T1730415835_d_img_d18.zip
2025-07-13 07:19:47+00:00,2025-07-13 07:19:47.334000+00:00,2025-07-13 07:31:43.106000+00:00,3,"AFT,FORE,NADIR","NCA,NCF,NCN",True,True,True,True,3,ch2_tmc_nca_20250713T0719473344_d_img_d18.zip | ch2_tmc_ncf_20250713T0719473377_d_img_d18.zip | ch2_tmc_ncn_20250713T0719473344_d_img_d18.zip
2025-07-13 19:11:29+00:00,2025-07-13 19:11:29.216000+00:00,2025-07-13 19:23:03.290000+00:00,3,"AFT,FORE,NADIR","NCA,NCF,NCN",True,True,True,True,3,ch2_tmc_nca_20250713T1911292169_d_img_d18.zip | ch2_tmc_ncf_20250713T1911292494_d_img_d18.zip | ch2_tmc_ncn_20250713T1911292169_d_img_d18.zip
2025-07-13 23:08:41+00:00,2025-07-13 23:08:41.325000+00:00,2025-07-13 23:23:37.321000+00:00,3,"AFT,FORE,NADIR","NCA,NCF,NCN",True,True,True,True,3,ch2_tmc_nca_20250713T2308413290_d_img_d18.zip | ch2_tmc_ncf_20250713T2308413257_d_img_d18.zip | ch2_tmc_ncn_20250713T2308413257_d_img_d18.zip
2025-07-14 09:01:47+00:00,2025-07-14 09:01:47.430000+00:00,2025-07-14 09:07:47.745000+00:00,3,"AFT,FORE,NADIR","NCA,NCF,NCN",True,True,True,True,3,ch2_tmc_nca_20250714T0901474303_d_img_d18.zip | ch2_tmc_ncf_20250714T0901474335_d_img_d18.zip | ch2_tmc_ncn_20250714T0901474303_d_img_d18.zip
2025-07-14 09:07:41+00:00,2025-07-14 09:07:40.920000+00:00,2025-07-14 09:12:25.285000+00:00,3,"AFT,FORE,NADIR","NCA,NCF,NCN",True,True,True,True,3,ch2_tmc_nca_20250714T0907409205_d_img_d18.zip | ch2_tmc_ncf_20250714T0907409205_d_img_d18.zip | ch2_tmc_ncn_20250714T0907409205_d_img_d18.zip
2025-07-14 18:54:56+00:00,2025-07-14 18:54:55.918000+00:00,2025-07-14 19:06:53.722000+00:00,3,"AFT,FORE,NADIR","NCA,NCF,NCN",True,True,True,True,3,ch2_tmc_nca_20250714T1854559181_d_img_d18.zip | ch2_tmc_ncf_20250714T1854559181_d_img_d18.zip | ch2_tmc_ncn_20250714T1854559181_d_img_d18.zip
2025-07-16 10:18:17+00:00,2025-07-16 10:18:17.416000+00:00,2025-07-16 10:28:18.500000+00:00,3,"AFT,FORE,NADIR","NCA,NCF,NCN",True,True,True,True,3,ch2_tmc_nca_20250716T1018174162_d_img_d18.zip | ch2_tmc_ncf_20250716T1018174193_d_img_d18.zip | ch2_tmc_ncn_20250716T1018174162_d_img_d18.zip
2025-07-16 20:09:40+00:00,2025-07-16 20:09:40.133000+00:00,2025-07-16 20:21:24.770000+00:00,3,"AFT,FORE,NADIR","NCA,NCF,NCN",True,True,True,True,3,ch2_tmc_nca_20250716T2009401334_d_img_d18.zip | ch2_tmc_ncf_20250716T2009401334_d_img_d18.zip | ch2_tmc_ncn_20250716T2009401367_d_img_d18.zip
2025-07-16 22:08:18+00:00,2025-07-16 22:08:17.569000+00:00,2025-07-16 22:20:01.166000+00:00,3,"AFT,FORE,NADIR","NCA,NCF,NCN",True,True,True,True,3,ch2_tmc_nca_20250716T2208175722_d_img_d18.zip | ch2_tmc_ncf_20250716T2208175690_d_img_d18.zip | ch2_tmc_ncn_20250716T2208175690_d_img_d18.zip
2025-07-17 00:06:54+00:00,2025-07-17 00:06:54.223000+00:00,2025-07-17 00:21:57.387000+00:00,3,"AFT,FORE,NADIR","NCA,NCF,NCN",True,True,True,True,3,ch2_tmc_nca_20250717T0006542271_d_img_d18.zip | ch2_tmc_ncf_20250717T0006542238_d_img_d18.zip | ch2_tmc_ncn_20250717T0006542238_d_img_d18.zip
2025-07-17 02:05:29+00:00,2025-07-17 02:05:29.228000+00:00,2025-07-17 02:18:39.752000+00:00,3,"AFT,FORE,NADIR","NCA,NCF,NCN",True,True,True,True,3,ch2_tmc_nca_20250717T0205292285_d_img_d18.zip | ch2_tmc_ncf_20250717T0205292285_d_img_d18.zip | ch2_tmc_ncn_20250717T0205292285_d_img_d18.zip
2025-07-17 12:16:54+00:00,2025-07-17 12:16:53.705000+00:00,2025-07-17 12:20:09.663000+00:00,3,"AFT,FORE,NADIR","NCA,NCF,NCN",True,True,True,True,3,ch2_tmc_nca_20250717T1216537059_d_img_d18.zip | ch2_tmc_ncf_20250717T1216537059_d_img_d18.zip | ch2_tmc_ncn_20250717T1216537059_d_img_d18.zip
2025-07-17 21:51:44+00:00,2025-07-17 21:51:43.918000+00:00,2025-07-17 22:04:52.649000+00:00,3,"AFT,FORE,NADIR","NCA,NCF,NCN",True,True,True,True,3,ch2_tmc_nca_20250717T2151439183_d_img_d18.zip | ch2_tmc_ncf_20250717T2151439183_d_img_d18.zip | ch2_tmc_ncn_20250717T2151439183_d_img_d18.zip
2025-07-18 03:47:37+00:00,2025-07-18 03:47:36.851000+00:00,2025-07-18 03:59:22.511000+00:00,3,"AFT,FORE,NADIR","NCA,NCF,NCN",True,True,True,True,3,ch2_tmc_nca_20250718T0347368517_d_img_d18.zip | ch2_tmc_ncf_20250718T0347368550_d_img_d18.zip | ch2_tmc_ncn_20250718T0347368517_d_img_d18.zip
2025-07-18 11:50:32+00:00,2025-07-18 11:50:31.896000+00:00,2025-07-18 12:03:55.733000+00:00,3,"AFT,FORE,NADIR","NCA,NCF,NCN",True,True,True,True,3,ch2_tmc_nca_20250718T1150318965_d_img_d18.zip | ch2_tmc_ncf_20250718T1150318965_d_img_d18.zip | ch2_tmc_ncn_20250718T1150318998_d_img_d18.zip
2025-07-18 21:35:07+00:00,2025-07-18 21:35:06.975000+00:00,2025-07-18 21:48:17.628000+00:00,3,"AFT,FORE,NADIR","NCA,NCF,NCN",True,True,True,True,3,ch2_tmc_nca_20250718T2135069754_d_img_d18.zip | ch2_tmc_ncf_20250718T2135069754_d_img_d18.zip | ch2_tmc_ncn_20250718T2135069754_d_img_d18.zip
2025-07-18 23:33:45+00:00,2025-07-18 23:33:45.134000+00:00,2025-07-18 23:49:03.911000+00:00,3,"AFT,FORE,NADIR","NCA,NCF,NCN",True,True,True,True,3,ch2_tmc_nca_20250718T2333451345_d_img_d18.zip | ch2_tmc_ncf_20250718T2333451345_d_img_d18.zip | ch2_tmc_ncn_20250718T2333451345_d_img_d18.zip
2025-07-19 01:32:23+00:00,2025-07-19 01:32:22.570000+00:00,2025-07-19 01:45:32.327000+00:00,3,"AFT,FORE,NADIR","NCA,NCF,NCN",True,True,True,True,3,ch2_tmc_nca_20250719T0132225706_d_img_d18.zip | ch2_tmc_ncf_20250719T0132225706_d_img_d18.zip | ch2_tmc_ncn_20250719T0132225706_d_img_d18.zip
2025-07-19 03:31:01+00:00,2025-07-19 03:31:01.272000+00:00,2025-07-19 03:51:10.738000+00:00,3,"AFT,FORE,NADIR","NCA,NCF,NCN",True,True,True,True,3,ch2_tmc_nca_20250719T0331012728_d_img_d18.zip | ch2_tmc_ncf_20250719T0331012728_d_img_d18.zip | ch2_tmc_ncn_20250719T0331012761_d_img_d18.zip
2025-07-19 05:29:38+00:00,2025-07-19 05:29:37.939000+00:00,2025-07-19 05:49:47.408000+00:00,3,"AFT,FORE,NADIR","NCA,NCF,NCN",True,True,True,True,3,ch2_tmc_nca_20250719T0529379397_d_img_d18.zip | ch2_tmc_ncf_20250719T0529379429_d_img_d18.zip | ch2_tmc_ncn_20250719T0529379397_d_img_d18.zip
2025-07-19 15:25:46+00:00,2025-07-19 15:25:46.453000+00:00,2025-07-19 15:40:44.497000+00:00,3,"AFT,FORE,NADIR","NCA,NCF,NCN",True,True,True,True,3,ch2_tmc_nca_20250719T1525464534_d_img_d18.zip | ch2_tmc_ncf_20250719T1525464534_d_img_d18.zip | ch2_tmc_ncn_20250719T1525464567_d_img_d18.zip
2025-07-19 23:17:10+00:00,2025-07-19 23:17:09.979000+00:00,2025-07-19 23:30:19.477000+00:00,3,"AFT,FORE,NADIR","NCA,NCF,NCN",True,True,True,True,3,ch2_tmc_nca_20250719T2317099793_d_img_d18.zip | ch2_tmc_ncf_20250719T2317099793_d_img_d18.zip | ch2_tmc_ncn_20250719T2317099793_d_img_d18.zip
2025-07-20 01:24:13+00:00,2025-07-20 01:24:12.501000+00:00,2025-07-20 01:37:22.384000+00:00,3,"AFT,FORE,NADIR","NCA,NCF,NCN",True,True,True,True,3,ch2_tmc_nca_20250720T0124125015_d_img_d18.zip | ch2_tmc_ncf_20250720T0124125015_d_img_d18.zip | ch2_tmc_ncn_20250720T0124125015_d_img_d18.zip
2025-07-20 03:14:26+00:00,2025-07-20 03:14:25.571000+00:00,2025-07-20 03:26:21.598000+00:00,3,"AFT,FORE,NADIR","NCA,NCF,NCN",True,True,True,True,3,ch2_tmc_nca_20250720T0314255713_d_img_d18.zip | ch2_tmc_ncf_20250720T0314255713_d_img_d18.zip | ch2_tmc_ncn_20250720T0314255713_d_img_d18.zip
2025-07-20 05:18:03+00:00,2025-07-20 05:18:02.911000+00:00,2025-07-20 05:31:10.875000+00:00,3,"AFT,FORE,NADIR","NCA,NCF,NCN",True,True,True,True,3,ch2_tmc_nca_20250720T0518029117_d_img_d18.zip | ch2_tmc_ncf_20250720T0518029117_d_img_d18.zip | ch2_tmc_ncn_20250720T0518029117_d_img_d18.zip
2025-07-20 13:07:33+00:00,2025-07-20 13:07:32.612000+00:00,2025-07-20 13:27:36.958000+00:00,3,"AFT,FORE,NADIR","NCA,NCF,NCN",True,True,True,True,3,ch2_tmc_nca_20250720T1307326120_d_img_d18.zip | ch2_tmc_ncf_20250720T1307326120_d_img_d18.zip | ch2_tmc_ncn_20250720T1307326153_d_img_d18.zip
2025-07-20 23:00:30+00:00,2025-07-20 23:00:30.392000+00:00,2025-07-20 23:11:45.982000+00:00,3,"AFT,FORE,NADIR","NCA,NCF,NCN",True,True,True,True,3,ch2_tmc_nca_20250720T2300303926_d_img_d18.zip | ch2_tmc_ncf_20250720T2300303926_d_img_d18.zip | ch2_tmc_ncn_20250720T2300303926_d_img_d18.zip
2025-07-21 00:59:06+00:00,2025-07-21 00:59:05.625000+00:00,2025-07-21 01:12:16.178000+00:00,3,"AFT,FORE,NADIR","NCA,NCF,NCN",True,True,True,True,3,ch2_tmc_nca_20250721T0059056255_d_img_d18.zip | ch2_tmc_ncf_20250721T0059056255_d_img_d18.zip | ch2_tmc_ncn_20250721T0059056255_d_img_d18.zip
2025-07-21 02:57:41+00:00,2025-07-21 02:57:40.783000+00:00,2025-07-21 03:10:50.414000+00:00,3,"AFT,FORE,NADIR","NCA,NCF,NCN",True,True,True,True,3,ch2_tmc_nca_20250721T0257407835_d_img_d18.zip | ch2_tmc_ncf_20250721T0257407835_d_img_d18.zip | ch2_tmc_ncn_20250721T0257407835_d_img_d18.zip
2025-07-21 04:56:16+00:00,2025-07-21 04:56:16.125000+00:00,2025-07-21 05:09:25.752000+00:00,3,"AFT,FORE,NADIR","NCA,NCF,NCN",True,True,True,True,3,ch2_tmc_nca_20250721T0456161254_d_img_d18.zip | ch2_tmc_ncf_20250721T0456161254_d_img_d18.zip | ch2_tmc_ncn_20250721T0456161254_d_img_d18.zip
2025-07-21 06:54:51+00:00,2025-07-21 06:54:51.129000+00:00,2025-07-21 07:06:46.133000+00:00,3,"AFT,FORE,NADIR","NCA,NCF,NCN",True,True,True,True,3,ch2_tmc_nca_20250721T0654511293_d_img_d18.zip | ch2_tmc_ncf_20250721T0654511293_d_img_d18.zip | ch2_tmc_ncn_20250721T0654511293_d_img_d18.zip
2025-07-21 13:00:02+00:00,2025-07-21 13:00:01.580000+00:00,2025-07-21 13:06:09.745000+00:00,3,"AFT,FORE,NADIR","NCA,NCF,NCN",True,True,True,True,3,ch2_tmc_nca_20250721T1300015805_d_img_d18.zip | ch2_tmc_ncf_20250721T1300015805_d_img_d18.zip | ch2_tmc_ncn_20250721T1300015805_d_img_d18.zip
2025-07-22 00:42:04+00:00,2025-07-22 00:42:03.759000+00:00,2025-07-22 00:55:11.337000+00:00,3,"AFT,FORE,NADIR","NCA,NCF,NCN",True,True,True,True,3,ch2_tmc_nca_20250722T0042037590_d_img_d18.zip | ch2_tmc_ncf_20250722T0042037590_d_img_d18.zip | ch2_tmc_ncn_20250722T0042037590_d_img_d18.zip
2025-07-22 02:40:38+00:00,2025-07-22 02:40:38.105000+00:00,2025-07-22 02:53:46.965000+00:00,3,"AFT,FORE,NADIR","NCA,NCF,NCN",True,True,True,True,3,ch2_tmc_nca_20250722T0240381057_d_img_d18.zip | ch2_tmc_ncf_20250722T0240381057_d_img_d18.zip | ch2_tmc_ncn_20250722T0240381057_d_img_d18.zip
2025-07-22 04:42:35+00:00,2025-07-22 04:42:35.403000+00:00,2025-07-22 04:55:41.833000+00:00,3,"AFT,FORE,NADIR","NCA,NCF,NCN",True,True,True,True,3,ch2_tmc_nca_20250722T0442354031_d_img_d18.zip | ch2_tmc_ncf_20250722T0442354031_d_img_d18.zip | ch2_tmc_ncn_20250722T0442354031_d_img_d18.zip
2025-07-22 06:37:47+00:00,2025-07-22 06:37:46.886000+00:00,2025-07-22 06:50:56.642000+00:00,3,"AFT,FORE,NADIR","NCA,NCF,NCN",True,True,True,True,3,ch2_tmc_nca_20250722T0637468863_d_img_d18.zip | ch2_tmc_ncf_20250722T0637468863_d_img_d18.zip | ch2_tmc_ncn_20250722T0637468863_d_img_d18.zip
2025-07-22 08:31:22+00:00,2025-07-22 08:31:22.114000+00:00,2025-07-22 08:44:30.848000+00:00,3,"AFT,FORE,NADIR","NCA,NCF,NCN",True,True,True,True,3,ch2_tmc_nca_20250722T0831221141_d_img_d18.zip | ch2_tmc_ncf_20250722T0831221141_d_img_d18.zip | ch2_tmc_ncn_20250722T0831221141_d_img_d18.zip
2025-07-23 04:30:41+00:00,2025-07-23 04:30:41.135000+00:00,2025-07-23 04:42:33.766000+00:00,3,"AFT,FORE,NADIR","NCA,NCF,NCN",True,True,True,True,3,ch2_tmc_nca_20250723T0430411359_d_img_d18.zip | ch2_tmc_ncf_20250723T0430411359_d_img_d18.zip | ch2_tmc_ncn_20250723T0430411684_d_img_d18.zip
2025-07-23 08:19:31+00:00,2025-07-23 08:19:30.960000+00:00,2025-07-23 08:32:40.590000+00:00,3,"AFT,FORE,NADIR","NCA,NCF,NCN",True,True,True,True,3,ch2_tmc_nca_20250723T0819309605_d_img_d18.zip | ch2_tmc_ncf_20250723T0819309605_d_img_d18.zip | ch2_tmc_ncn_20250723T0819309605_d_img_d18.zip
2025-07-24 09:58:24+00:00,2025-07-24 09:58:23.769000+00:00,2025-07-24 10:11:33.270000+00:00,3,"AFT,FORE,NADIR","NCA,NCF,NCN",True,True,True,True,3,ch2_tmc_nca_20250724T0958237695_d_img_d18.zip | ch2_tmc_ncf_20250724T0958237695_d_img_d18.zip | ch2_tmc_ncn_20250724T0958237695_d_img_d18.zip
2025-07-25 03:37:18+00:00,2025-07-25 03:37:18.259000+00:00,2025-07-25 03:46:40.268000+00:00,3,"AFT,FORE,NADIR","NCA,NCF,NCN",True,True,True,True,3,ch2_tmc_nca_20250725T0337182593_d_img_d18.zip | ch2_tmc_ncf_20250725T0337182593_d_img_d18.zip | ch2_tmc_ncn_20250725T0337182593_d_img_d18.zip
2025-07-25 07:32:38+00:00,2025-07-25 07:32:37.551000+00:00,2025-07-25 07:45:47.179000+00:00,3,"AFT,FORE,NADIR","NCA,NCF,NCN",True,True,True,True,3,ch2_tmc_nca_20250725T0732375519_d_img_d18.zip | ch2_tmc_ncf_20250725T0732375519_d_img_d18.zip | ch2_tmc_ncn_20250725T0732375519_d_img_d18.zip
2025-07-25 19:31:43+00:00,2025-07-25 19:31:42.590000+00:00,2025-07-25 19:39:53.336000+00:00,3,"AFT,FORE,NADIR","NCA,NCF,NCN",True,True,True,True,3,ch2_tmc_nca_20250725T1931425903_d_img_d18.zip | ch2_tmc_ncf_20250725T1931425935_d_img_d18.zip | ch2_tmc_ncn_20250725T1931425903_d_img_d18.zip
2025-07-26 22:53:28+00:00,2025-07-26 22:53:28.119000+00:00,2025-07-26 22:55:59.704000+00:00,3,"AFT,FORE,NADIR","NCA,NCF,NCN",True,True,True,True,3,ch2_tmc_nca_20250726T2253281230_d_img_d18.zip | ch2_tmc_ncf_20250726T2253281198_d_img_d18.zip | ch2_tmc_ncn_20250726T2253281230_d_img_d18.zip
2025-07-27 08:34:09+00:00,2025-07-27 08:34:08.695000+00:00,2025-07-27 08:47:15.452000+00:00,3,"AFT,FORE,NADIR","NCA,NCF,NCN",True,True,True,True,3,ch2_tmc_nca_20250727T0834086956_d_img_d18.zip | ch2_tmc_ncf_20250727T0834086956_d_img_d18.zip | ch2_tmc_ncn_20250727T0834086956_d_img_d18.zip
2025-07-27 12:37:45+00:00,2025-07-27 12:37:44.893000+00:00,2025-07-27 12:44:17.208000+00:00,3,"AFT,FORE,NADIR","NCA,NCF,NCN",True,True,True,True,3,ch2_tmc_nca_20250727T1237448931_d_img_d18.zip | ch2_tmc_ncf_20250727T1237448963_d_img_d18.zip | ch2_tmc_ncn_20250727T1237448931_d_img_d18.zip
2025-07-27 22:21:13+00:00,2025-07-27 22:21:12.576000+00:00,2025-07-27 22:34:22.203000+00:00,3,"AFT,FORE,NADIR","NCA,NCF,NCN",True,True,True,True,3,ch2_tmc_nca_20250727T2221125762_d_img_d18.zip | ch2_tmc_ncf_20250727T2221125762_d_img_d18.zip | ch2_tmc_ncn_20250727T2221125762_d_img_d18.zip
2025-07-28 08:14:36+00:00,2025-07-28 08:14:35.747000+00:00,2025-07-28 08:27:44.607000+00:00,3,"AFT,FORE,NADIR","NCA,NCF,NCN",True,True,True,True,3,ch2_tmc_nca_20250728T0814357474_d_img_d18.zip | ch2_tmc_ncf_20250728T0814357474_d_img_d18.zip | ch2_tmc_ncn_20250728T0814357474_d_img_d18.zip
2025-07-28 10:04:02+00:00,2025-07-28 10:04:02.399000+00:00,2025-07-28 10:17:11.785000+00:00,3,"AFT,FORE,NADIR","NCA,NCF,NCN",True,True,True,True,3,ch2_tmc_nca_20250728T1004023995_d_img_d18.zip | ch2_tmc_ncf_20250728T1004023995_d_img_d18.zip | ch2_tmc_ncn_20250728T1004023995_d_img_d18.zip
2025-07-28 12:01:45+00:00,2025-07-28 12:01:44.746000+00:00,2025-07-28 12:13:23.496000+00:00,3,"AFT,FORE,NADIR","NCA,NCF,NCN",True,True,True,True,3,ch2_tmc_nca_20250728T1201447466_d_img_d18.zip | ch2_tmc_ncf_20250728T1201447466_d_img_d18.zip | ch2_tmc_ncn_20250728T1201447466_d_img_d18.zip
2025-07-28 21:50:11+00:00,2025-07-28 21:50:10.766000+00:00,2025-07-28 22:03:20.520000+00:00,3,"AFT,FORE,NADIR","NCA,NCF,NCN",True,True,True,True,3,ch2_tmc_nca_20250728T2150107660_d_img_d18.zip | ch2_tmc_ncf_20250728T2150107660_d_img_d18.zip | ch2_tmc_ncn_20250728T2150107660_d_img_d18.zip
2025-07-29 07:38:34+00:00,2025-07-29 07:38:34.150000+00:00,2025-07-29 07:51:42.881000+00:00,3,"AFT,FORE,NADIR","NCA,NCF,NCN",True,True,True,True,3,ch2_tmc_nca_20250729T0738341503_d_img_d18.zip | ch2_tmc_ncf_20250729T0738341503_d_img_d18.zip | ch2_tmc_ncn_20250729T0738341503_d_img_d18.zip
2025-07-29 09:36:13+00:00,2025-07-29 09:36:13.223000+00:00,2025-07-29 09:47:55.811000+00:00,3,"AFT,FORE,NADIR","NCA,NCF,NCN",True,True,True,True,3,ch2_tmc_nca_20250729T0936132235_d_img_d18.zip | ch2_tmc_ncf_20250729T0936132235_d_img_d18.zip | ch2_tmc_ncn_20250729T0936132235_d_img_d18.zip
2025-07-29 23:20:01+00:00,2025-07-29 23:20:01.244000+00:00,2025-07-29 23:34:31.933000+00:00,3,"AFT,FORE,NADIR","NCA,NCF,NCN",True,True,True,True,3,ch2_tmc_nca_20250729T2320012443_d_img_d18.zip | ch2_tmc_ncf_20250729T2320012443_d_img_d18.zip | ch2_tmc_ncn_20250729T2320012443_d_img_d18.zip
2025-07-30 09:08:29+00:00,2025-07-30 09:08:28.785000+00:00,2025-07-30 09:14:32.855000+00:00,3,"AFT,FORE,NADIR","NCA,NCF,NCN",True,True,True,True,3,ch2_tmc_nca_20250730T0908287850_d_img_d18.zip | ch2_tmc_ncf_20250730T0908287850_d_img_d18.zip | ch2_tmc_ncn_20250730T0908287850_d_img_d18.zip
2025-07-30 11:06:09+00:00,2025-07-30 11:06:08.508000+00:00,2025-07-30 11:19:20.781000+00:00,3,"AFT,FORE,NADIR","NCA,NCF,NCN",True,True,True,True,3,ch2_tmc_nca_20250730T1106085082_d_img_d18.zip | ch2_tmc_ncf_20250730T1106085082_d_img_d18.zip | ch2_tmc_ncn_20250730T1106085082_d_img_d18.zip
2025-07-31 06:44:00+00:00,2025-07-31 06:43:59.993000+00:00,2025-07-31 06:57:09.621000+00:00,3,"AFT,FORE,NADIR","NCA,NCF,NCN",True,True,True,True,3,ch2_tmc_nca_20250731T0643599937_d_img_d18.zip | ch2_tmc_ncf_20250731T0643599937_d_img_d18.zip | ch2_tmc_ncn_20250731T0643599937_d_img_d18.zip
2025-07-31 10:38:27+00:00,2025-07-31 10:38:27.279000+00:00,2025-07-31 10:49:19.499000+00:00,3,"AFT,FORE,NADIR","NCA,NCF,NCN",True,True,True,True,3,ch2_tmc_nca_20250731T1038272795_d_img_d18.zip | ch2_tmc_ncf_20250731T1038272795_d_img_d18.zip | ch2_tmc_ncn_20250731T1038272795_d_img_d18.zip
2025-07-31 14:33:50+00:00,2025-07-31 14:33:50.137000+00:00,2025-07-31 14:45:35.815000+00:00,3,"AFT,FORE,NADIR","NCA,NCF,NCN",True,True,True,True,3,ch2_tmc_nca_20250731T1433501371_d_img_d18.zip | ch2_tmc_ncf_20250731T1433501403_d_img_d18.zip | ch2_tmc_ncn_20250731T1433501403_d_img_d18.zip
2025-08-01 02:28:34+00:00,2025-08-01 02:28:34.340000+00:00,2025-08-01 02:40:45.435000+00:00,3,"AFT,FORE,NADIR","NCA,NCF,NCN",True,True,True,True,3,ch2_tmc_nca_20250801T0228343433_d_img_d18.zip | ch2_tmc_ncf_20250801T0228343401_d_img_d18.zip | ch2_tmc_ncn_20250801T0228343433_d_img_d18.zip
2025-08-01 10:15:14+00:00,2025-08-01 10:15:14.308000+00:00,2025-08-01 10:26:33.701000+00:00,3,"AFT,FORE,NADIR","NCA,NCF,NCN",True,True,True,True,3,ch2_tmc_nca_20250801T1015143081_d_img_d18.zip | ch2_tmc_ncf_20250801T1015143081_d_img_d18.zip | ch2_tmc_ncn_20250801T1015143081_d_img_d18.zip
2025-08-01 14:08:35+00:00,2025-08-01 14:08:34.536000+00:00,2025-08-01 14:20:24.764000+00:00,3,"AFT,FORE,NADIR","NCA,NCF,NCN",True,True,True,True,3,ch2_tmc_nca_20250801T1408345685_d_img_d18.zip | ch2_tmc_ncf_20250801T1408345685_d_img_d18.zip | ch2_tmc_ncn_20250801T1408345360_d_img_d18.zip
2025-08-02 01:51:39+00:00,2025-08-02 01:51:38.524000+00:00,2025-08-02 02:03:50.810000+00:00,3,"AFT,FORE,NADIR","NCA,NCF,NCN",True,True,True,True,3,ch2_tmc_nca_20250802T0151385248_d_img_d18.zip | ch2_tmc_ncf_20250802T0151385248_d_img_d18.zip | ch2_tmc_ncn_20250802T0151385248_d_img_d18.zip
2025-08-02 11:45:06+00:00,2025-08-02 11:45:05.969000+00:00,2025-08-02 11:57:17.379000+00:00,3,"AFT,FORE,NADIR","NCA,NCF,NCN",True,True,True,True,3,ch2_tmc_nca_20250802T1145059691_d_img_d18.zip | ch2_tmc_ncf_20250802T1145059691_d_img_d18.zip | ch2_tmc_ncn_20250802T1145059691_d_img_d18.zip
2025-08-03 01:23:54+00:00,2025-08-03 01:23:53.761000+00:00,2025-08-03 01:35:53.631000+00:00,3,"AFT,FORE,NADIR","NCA,NCF,NCN",True,True,True,True,3,ch2_tmc_nca_20250803T0123537647_d_img_d18.zip | ch2_tmc_ncf_20250803T0123537615_d_img_d18.zip | ch2_tmc_ncn_20250803T0123537615_d_img_d18.zip
2025-08-03 11:15:30+00:00,2025-08-03 11:15:30.434000+00:00,2025-08-03 11:27:41.697000+00:00,3,"AFT,FORE,NADIR","NCA,NCF,NCN",True,True,True,True,3,ch2_tmc_nca_20250803T1115304342_d_img_d18.zip | ch2_tmc_ncf_20250803T1115304342_d_img_d18.zip | ch2_tmc_ncn_20250803T1115304342_d_img_d18.zip
2025-08-03 15:07:30+00:00,2025-08-03 15:07:30.444000+00:00,2025-08-03 15:19:41.704000+00:00,3,"AFT,FORE,NADIR","NCA,NCF,NCN",True,True,True,True,3,ch2_tmc_nca_20250803T1507304441_d_img_d18.zip | ch2_tmc_ncf_20250803T1507304441_d_img_d18.zip | ch2_tmc_ncn_20250803T1507304441_d_img_d18.zip
2025-08-04 02:53:27+00:00,2025-08-04 02:53:27.149000+00:00,2025-08-04 03:05:37.378000+00:00,3,"AFT,FORE,NADIR","NCA,NCF,NCN",True,True,True,True,3,ch2_tmc_nca_20250804T0253271497_d_img_d18.zip | ch2_tmc_ncf_20250804T0253271497_d_img_d18.zip | ch2_tmc_ncn_20250804T0253271497_d_img_d18.zip
2025-08-04 12:41:48+00:00,2025-08-04 12:41:48.354000+00:00,2025-08-04 12:53:57.565000+00:00,3,"AFT,FORE,NADIR","NCA,NCF,NCN",True,True,True,True,3,ch2_tmc_nca_20250804T1241483542_d_img_d18.zip | ch2_tmc_ncf_20250804T1241483542_d_img_d18.zip | ch2_tmc_ncn_20250804T1241483542_d_img_d18.zip
2025-08-04 16:37:06+00:00,2025-08-04 16:37:05.614000+00:00,2025-08-04 16:49:15.978000+00:00,3,"AFT,FORE,NADIR","NCA,NCF,NCN",True,True,True,True,3,ch2_tmc_nca_20250804T1637056149_d_img_d18.zip | ch2_tmc_ncf_20250804T1637056149_d_img_d18.zip | ch2_tmc_ncn_20250804T1637056149_d_img_d18.zip
2025-08-05 04:23:05+00:00,2025-08-05 04:23:05.265000+00:00,2025-08-05 04:34:20.263000+00:00,3,"AFT,FORE,NADIR","NCA,NCF,NCN",True,True,True,True,3,ch2_tmc_nca_20250805T0423052655_d_img_d18.zip | ch2_tmc_ncf_20250805T0423052655_d_img_d18.zip | ch2_tmc_ncn_20250805T0423052655_d_img_d18.zip
2025-08-05 14:11:24+00:00,2025-08-05 14:11:24.410000+00:00,2025-08-05 14:23:21.995000+00:00,3,"AFT,FORE,NADIR","NCA,NCF,NCN",True,True,True,True,3,ch2_tmc_nca_20250805T1411244107_d_img_d18.zip | ch2_tmc_ncf_20250805T1411244140_d_img_d18.zip | ch2_tmc_ncn_20250805T1411244107_d_img_d18.zip
2025-08-05 18:06:42+00:00,2025-08-05 18:06:42.314000+00:00,2025-08-05 18:18:35.598000+00:00,3,"AFT,FORE,NADIR","NCA,NCF,NCN",True,True,True,True,3,ch2_tmc_nca_20250805T1806423148_d_img_d18.zip | ch2_tmc_ncf_20250805T1806423148_d_img_d18.zip | ch2_tmc_ncn_20250805T1806423148_d_img_d18.zip
2025-08-06 05:52:48+00:00,2025-08-06 05:52:47.999000+00:00,2025-08-06 06:09:45.831000+00:00,3,"AFT,FORE,NADIR","NCA,NCF,NCN",True,True,True,True,3,ch2_tmc_nca_20250806T0552479990_d_img_d18.zip | ch2_tmc_ncf_20250806T0552482264_d_img_d18.zip | ch2_tmc_ncn_20250806T0552482264_d_img_d18.zip
2025-08-06 15:41:11+00:00,2025-08-06 15:41:10.961000+00:00,2025-08-06 15:58:53.862000+00:00,3,"AFT,FORE,NADIR","NCA,NCF,NCN",True,True,True,True,3,ch2_tmc_nca_20250806T1541109618_d_img_d18.zip | ch2_tmc_ncf_20250806T1541109650_d_img_d18.zip | ch2_tmc_ncn_20250806T1541109618_d_img_d18.zip
2025-08-07 05:28:15+00:00,2025-08-07 05:28:14.646000+00:00,2025-08-07 05:45:08.356000+00:00,3,"AFT,FORE,NADIR","NCA,NCF,NCN",True,True,True,True,3,ch2_tmc_nca_20250807T0528146464_d_img_d18.zip | ch2_tmc_ncf_20250807T0528146496_d_img_d18.zip | ch2_tmc_ncn_20250807T0528146464_d_img_d18.zip
2025-08-07 15:13:12+00:00,2025-08-07 15:13:12.480000+00:00,2025-08-07 15:23:44.724000+00:00,3,"AFT,FORE,NADIR","NCA,NCF,NCN",True,True,True,True,3,ch2_tmc_nca_20250807T1513124807_d_img_d18.zip | ch2_tmc_ncf_20250807T1513124807_d_img_d18.zip | ch2_tmc_ncn_20250807T1513124807_d_img_d18.zip
2025-08-07 19:04:35+00:00,2025-08-07 19:04:34.600000+00:00,2025-08-07 19:20:29.987000+00:00,3,"AFT,FORE,NADIR","NCA,NCF,NCN",True,True,True,True,3,ch2_tmc_nca_20250807T1904346006_d_img_d18.zip | ch2_tmc_ncf_20250807T1904346039_d_img_d18.zip | ch2_tmc_ncn_20250807T1904346006_d_img_d18.zip
2025-08-08 06:53:45+00:00,2025-08-08 06:53:45.211000+00:00,2025-08-08 07:04:32.925000+00:00,3,"AFT,FORE,NADIR","NCA,NCF,NCN",True,True,True,True,6,ch2_tmc_nca_20250808T0653452118_d_img_d18.zip | ch2_tmc_nca_20250808T0653454839_d_img_d18.zip | ch2_tmc_ncf_20250808T0653452118_d_img_d18.zip | ch2_tmc_ncf_20250808T0653454839_d_img_d18.zip | ch2_tmc_ncn_20250808T0653452118_d_img_d18.zip | ch2_tmc_ncn_20250808T0653454807_d_img_d18.zip
2025-08-08 16:41:56+00:00,2025-08-08 16:41:55.790000+00:00,2025-08-08 16:52:42.567000+00:00,3,"AFT,FORE,NADIR","NCA,NCF,NCN",True,True,True,True,3,ch2_tmc_nca_20250808T1641557937_d_img_d18.zip | ch2_tmc_ncf_20250808T1641557906_d_img_d18.zip | ch2_tmc_ncn_20250808T1641557906_d_img_d18.zip
2025-08-08 20:37:13+00:00,2025-08-08 20:37:12.872000+00:00,2025-08-08 20:40:31.764000+00:00,3,"AFT,FORE,NADIR","NCA,NCF,NCN",True,True,True,True,3,ch2_tmc_nca_20250808T2037128721_d_img_d18.zip | ch2_tmc_ncf_20250808T2037128754_d_img_d18.zip | ch2_tmc_ncn_20250808T2037128721_d_img_d18.zip
2025-08-08 20:40:28+00:00,2025-08-08 20:40:28.278000+00:00,2025-08-08 20:48:23.951000+00:00,3,"AFT,FORE,NADIR","NCA,NCF,NCN",True,True,True,True,3,ch2_tmc_nca_20250808T2040282788_d_img_d18.zip | ch2_tmc_ncf_20250808T2040282788_d_img_d18.zip | ch2_tmc_ncn_20250808T2040282788_d_img_d18.zip
2025-08-09 08:23:00+00:00,2025-08-09 08:22:59.577000+00:00,2025-08-09 08:33:29.205000+00:00,3,"AFT,FORE,NADIR","NCA,NCF,NCN",True,True,True,True,3,ch2_tmc_nca_20250809T0822595774_d_img_d18.zip | ch2_tmc_ncf_20250809T0822595774_d_img_d18.zip | ch2_tmc_ncn_20250809T0822595774_d_img_d18.zip
2025-08-09 18:11:11+00:00,2025-08-09 18:11:10.850000+00:00,2025-08-09 18:21:29.609000+00:00,3,"AFT,FORE,NADIR","NCA,NCF,NCN",True,True,True,True,3,ch2_tmc_nca_20250809T1811108509_d_img_d18.zip | ch2_tmc_ncf_20250809T1811108509_d_img_d18.zip | ch2_tmc_ncn_20250809T1811108509_d_img_d18.zip
2025-08-09 22:09:49+00:00,2025-08-09 22:09:49.348000+00:00,2025-08-09 22:13:22.968000+00:00,3,"AFT,FORE,NADIR","NCA,NCF,NCN",True,True,True,True,3,ch2_tmc_nca_20250809T2209493488_d_img_d18.zip | ch2_tmc_ncf_20250809T2209493488_d_img_d18.zip | ch2_tmc_ncn_20250809T2209493488_d_img_d18.zip
2025-08-09 22:13:18+00:00,2025-08-09 22:13:17.628000+00:00,2025-08-09 22:17:53.330000+00:00,3,"AFT,FORE,NADIR","NCA,NCF,NCN",True,True,True,True,3,ch2_tmc_nca_20250809T2213176320_d_img_d18.zip | ch2_tmc_ncf_20250809T2213176320_d_img_d18.zip | ch2_tmc_ncn_20250809T2213176288_d_img_d18.zip
2025-08-10 07:54:48+00:00,2025-08-10 07:54:47.682000+00:00,2025-08-10 08:04:26.509000+00:00,3,"AFT,FORE,NADIR","NCA,NCF,NCN",True,True,True,True,3,ch2_tmc_nca_20250810T0754476824_d_img_d18.zip | ch2_tmc_ncf_20250810T0754476824_d_img_d18.zip | ch2_tmc_ncn_20250810T0754476824_d_img_d18.zip
2025-08-11 17:15:10+00:00,2025-08-11 17:15:09.515000+00:00,2025-08-11 17:21:54.399000+00:00,3,"AFT,FORE,NADIR","NCA,NCF,NCN",True,True,True,True,3,ch2_tmc_nca_20250811T1715095157_d_img_d18.zip | ch2_tmc_ncf_20250811T1715095190_d_img_d18.zip | ch2_tmc_ncn_20250811T1715095157_d_img_d18.zip
2025-08-11 17:21:45+00:00,2025-08-11 17:21:45.407000+00:00,2025-08-11 17:26:06.300000+00:00,3,"AFT,FORE,NADIR","NCA,NCF,NCN",True,True,True,True,3,ch2_tmc_nca_20250811T1721454070_d_img_d18.zip | ch2_tmc_ncf_20250811T1721454103_d_img_d18.zip | ch2_tmc_ncn_20250811T1721454103_d_img_d18.zip
2025-08-11 23:08:11+00:00,2025-08-11 23:08:10.676000+00:00,2025-08-11 23:12:38.886000+00:00,3,"AFT,FORE,NADIR","NCA,NCF,NCN",True,True,True,True,3,ch2_tmc_nca_20250811T2308106769_d_img_d18.zip | ch2_tmc_ncf_20250811T2308106769_d_img_d18.zip | ch2_tmc_ncn_20250811T2308106802_d_img_d18.zip
2025-08-11 23:12:32+00:00,2025-08-11 23:12:31.813000+00:00,2025-08-11 23:17:34.974000+00:00,3,"AFT,FORE,NADIR","NCA,NCF,NCN",True,True,True,True,3,ch2_tmc_nca_20250811T2312318138_d_img_d18.zip | ch2_tmc_ncf_20250811T2312318171_d_img_d18.zip | ch2_tmc_ncn_20250811T2312318171_d_img_d18.zip
2025-08-12 08:56:33+00:00,2025-08-12 08:56:32.564000+00:00,2025-08-12 09:08:11.204000+00:00,3,"AFT,FORE,NADIR","NCA,NCF,NCN",True,True,True,True,3,ch2_tmc_nca_20250812T0856325648_d_img_d18.zip | ch2_tmc_ncf_20250812T0856325648_d_img_d18.zip | ch2_tmc_ncn_20250812T0856325648_d_img_d18.zip
2025-08-12 18:46:35+00:00,2025-08-12 18:46:35.150000+00:00,2025-08-12 18:56:34.185000+00:00,3,"AFT,FORE,NADIR","NCA,NCF,NCN",True,True,True,True,3,ch2_tmc_nca_20250812T1846351500_d_img_d18.zip | ch2_tmc_ncf_20250812T1846351533_d_img_d18.zip | ch2_tmc_ncn_20250812T1846351500_d_img_d18.zip
2025-08-13 00:34:34+00:00,2025-08-13 00:34:34.326000+00:00,2025-08-13 00:47:44.668000+00:00,3,"AFT,FORE,NADIR","NCA,NCF,NCN",True,True,True,True,3,ch2_tmc_nca_20250813T0034343263_d_img_d18.zip | ch2_tmc_ncf_20250813T0034343296_d_img_d18.zip | ch2_tmc_ncn_20250813T0034343296_d_img_d18.zip
2025-08-13 08:18:33+00:00,2025-08-13 08:18:32.821000+00:00,2025-08-13 08:28:21.281000+00:00,3,"AFT,FORE,NADIR","NCA,NCF,NCN",True,True,True,True,3,ch2_tmc_nca_20250813T0818328212_d_img_d18.zip | ch2_tmc_ncf_20250813T0818328212_d_img_d18.zip | ch2_tmc_ncn_20250813T0818328212_d_img_d18.zip
2025-08-13 18:06:56+00:00,2025-08-13 18:06:55.573000+00:00,2025-08-13 18:18:36.961000+00:00,3,"AFT,FORE,NADIR","NCA,NCF,NCN",True,True,True,True,3,ch2_tmc_nca_20250813T1806555738_d_img_d18.zip | ch2_tmc_ncf_20250813T1806555738_d_img_d18.zip | ch2_tmc_ncn_20250813T1806555738_d_img_d18.zip
2025-08-13 20:04:37+00:00,2025-08-13 20:04:36.710000+00:00,2025-08-13 20:11:26.562000+00:00,3,"AFT,FORE,NADIR","NCA,NCF,NCN",True,True,True,True,3,ch2_tmc_nca_20250813T2004367109_d_img_d18.zip | ch2_tmc_ncf_20250813T2004367109_d_img_d18.zip | ch2_tmc_ncn_20250813T2004367109_d_img_d18.zip
2025-08-13 22:02:16+00:00,2025-08-13 22:02:15.763000+00:00,2025-08-13 22:09:06.636000+00:00,3,"AFT,FORE,NADIR","NCA,NCF,NCN",True,True,True,True,3,ch2_tmc_nca_20250813T2202157632_d_img_d18.zip | ch2_tmc_ncf_20250813T2202157632_d_img_d18.zip | ch2_tmc_ncn_20250813T2202157632_d_img_d18.zip
2025-08-14 02:02:38+00:00,2025-08-14 02:02:37.639000+00:00,2025-08-14 02:15:46.241000+00:00,3,"AFT,FORE,NADIR","NCA,NCF,NCN",True,True,True,True,3,ch2_tmc_nca_20250814T0202376395_d_img_d18.zip | ch2_tmc_ncf_20250814T0202376395_d_img_d18.zip | ch2_tmc_ncn_20250814T0202376395_d_img_d18.zip
2025-08-14 19:36:38+00:00,2025-08-14 19:36:37.902000+00:00,2025-08-14 19:56:48.390000+00:00,3,"AFT,FORE,NADIR","NCA,NCF,NCN",True,True,True,True,3,ch2_tmc_nca_20250814T1936379057_d_img_d18.zip | ch2_tmc_ncf_20250814T1936379057_d_img_d18.zip | ch2_tmc_ncn_20250814T1936379024_d_img_d18.zip
2025-08-14 23:31:57+00:00,2025-08-14 23:31:57.169000+00:00,2025-08-14 23:35:05.577000+00:00,3,"AFT,FORE,NADIR","NCA,NCF,NCN",True,True,True,True,3,ch2_tmc_nca_20250814T2331571697_d_img_d18.zip | ch2_tmc_ncf_20250814T2331571697_d_img_d18.zip | ch2_tmc_ncn_20250814T2331571697_d_img_d18.zip
2025-08-14 23:35:16+00:00,2025-08-14 23:35:16.168000+00:00,2025-08-14 23:36:12.562000+00:00,3,"AFT,FORE,NADIR","NCA,NCF,NCN",True,True,True,True,3,ch2_tmc_nca_20250814T2335161718_d_img_d18.zip | ch2_tmc_ncf_20250814T2335161686_d_img_d18.zip | ch2_tmc_ncn_20250814T2335161718_d_img_d18.zip
2025-08-14 23:36:23+00:00,2025-08-14 23:36:23.347000+00:00,2025-08-14 23:45:05.771000+00:00,3,"AFT,FORE,NADIR","NCA,NCF,NCN",True,True,True,True,3,ch2_tmc_nca_20250814T2336233803_d_img_d18.zip | ch2_tmc_ncf_20250814T2336233478_d_img_d18.zip | ch2_tmc_ncn_20250814T2336233478_d_img_d18.zip
2025-08-15 11:19:34+00:00,2025-08-15 11:19:33.607000+00:00,2025-08-15 11:25:19.320000+00:00,3,"AFT,FORE,NADIR","NCA,NCF,NCN",True,True,True,True,3,ch2_tmc_nca_20250815T1119336071_d_img_d18.zip | ch2_tmc_ncf_20250815T1119336071_d_img_d18.zip | ch2_tmc_ncn_20250815T1119336104_d_img_d18.zip
2025-08-15 11:25:12+00:00,2025-08-15 11:25:12.486000+00:00,2025-08-15 11:39:44.331000+00:00,3,"AFT,FORE,NADIR","NCA,NCF,NCN",True,True,True,True,3,ch2_tmc_nca_20250815T1125124861_d_img_d18.zip | ch2_tmc_ncf_20250815T1125124861_d_img_d18.zip | ch2_tmc_ncn_20250815T1125124861_d_img_d18.zip
2025-08-15 21:06:13+00:00,2025-08-15 21:06:12.840000+00:00,2025-08-15 21:18:54.686000+00:00,3,"AFT,FORE,NADIR","NCA,NCF,NCN",True,True,True,True,3,ch2_tmc_nca_20250815T2106128435_d_img_d18.zip | ch2_tmc_ncf_20250815T2106128403_d_img_d18.zip | ch2_tmc_ncn_20250815T2106128435_d_img_d18.zip
2025-08-15 23:08:56+00:00,2025-08-15 23:08:55.529000+00:00,2025-08-15 23:22:05.978000+00:00,3,"AFT,FORE,NADIR","NCA,NCF,NCN",True,True,True,True,3,ch2_tmc_nca_20250815T2308555290_d_img_d18.zip | ch2_tmc_ncf_20250815T2308555290_d_img_d18.zip | ch2_tmc_ncn_20250815T2308555290_d_img_d18.zip
2025-08-16 01:06:35+00:00,2025-08-16 01:06:35.368000+00:00,2025-08-16 01:19:46.210000+00:00,3,"AFT,FORE,NADIR","NCA,NCF,NCN",True,True,True,True,3,ch2_tmc_nca_20250816T0106353684_d_img_d18.zip | ch2_tmc_ncf_20250816T0106353684_d_img_d18.zip | ch2_tmc_ncn_20250816T0106353684_d_img_d18.zip
2025-08-16 03:00:56+00:00,2025-08-16 03:00:56.188000+00:00,2025-08-16 03:14:04.752000+00:00,3,"AFT,FORE,NADIR","NCA,NCF,NCN",True,True,True,True,3,ch2_tmc_nca_20250816T0300561885_d_img_d18.zip | ch2_tmc_ncf_20250816T0300561885_d_img_d18.zip | ch2_tmc_ncn_20250816T0300561885_d_img_d18.zip
2025-08-16 12:50:58+00:00,2025-08-16 12:50:57.917000+00:00,2025-08-16 12:54:15.344000+00:00,3,"AFT,FORE,NADIR","NCA,NCF,NCN",True,True,True,True,3,ch2_tmc_nca_20250816T1250579178_d_img_d18.zip | ch2_tmc_ncf_20250816T1250579178_d_img_d18.zip | ch2_tmc_ncn_20250816T1250579178_d_img_d18.zip
2025-08-16 12:54:10+00:00,2025-08-16 12:54:10.458000+00:00,2025-08-16 12:58:58.968000+00:00,3,"AFT,FORE,NADIR","NCA,NCF,NCN",True,True,True,True,3,ch2_tmc_nca_20250816T1254104580_d_img_d18.zip | ch2_tmc_ncf_20250816T1254104580_d_img_d18.zip | ch2_tmc_ncn_20250816T1254104580_d_img_d18.zip
2025-08-16 12:58:54+00:00,2025-08-16 12:58:53.515000+00:00,2025-08-16 13:02:09.401000+00:00,3,"AFT,FORE,NADIR","NCA,NCF,NCN",True,True,True,True,3,ch2_tmc_nca_20250816T1258535192_d_img_d18.zip | ch2_tmc_ncf_20250816T1258535192_d_img_d18.zip | ch2_tmc_ncn_20250816T1258535159_d_img_d18.zip
2025-08-16 22:44:21+00:00,2025-08-16 22:44:21.291000+00:00,2025-08-16 22:52:27.412000+00:00,3,"AFT,FORE,NADIR","NCA,NCF,NCN",True,True,True,True,3,ch2_tmc_nca_20250816T2244212912_d_img_d18.zip | ch2_tmc_ncf_20250816T2244212912_d_img_d18.zip | ch2_tmc_ncn_20250816T2244212945_d_img_d18.zip
2025-08-16 22:52:17+00:00,2025-08-16 22:52:17.257000+00:00,2025-08-16 22:57:40.904000+00:00,3,"AFT,FORE,NADIR","NCA,NCF,NCN",True,True,True,True,3,ch2_tmc_nca_20250816T2252172576_d_img_d18.zip | ch2_tmc_ncf_20250816T2252172609_d_img_d18.zip | ch2_tmc_ncn_20250816T2252172576_d_img_d18.zip
2025-08-17 00:35:13+00:00,2025-08-17 00:35:12.810000+00:00,2025-08-17 00:41:33.524000+00:00,3,"AFT,FORE,NADIR","NCA,NCF,NCN",True,True,True,True,3,ch2_tmc_nca_20250817T0035128104_d_img_d18.zip | ch2_tmc_ncf_20250817T0035128104_d_img_d18.zip | ch2_tmc_ncn_20250817T0035128137_d_img_d18.zip
2025-08-17 00:41:27+00:00,2025-08-17 00:41:26.625000+00:00,2025-08-17 00:46:10.579000+00:00,3,"AFT,FORE,NADIR","NCA,NCF,NCN",True,True,True,True,3,ch2_tmc_nca_20250817T0041266253_d_img_d18.zip | ch2_tmc_ncf_20250817T0041266253_d_img_d18.zip | ch2_tmc_ncn_20250817T0041266253_d_img_d18.zip
2025-08-17 00:46:07+00:00,2025-08-17 00:46:07.262000+00:00,2025-08-17 00:47:12.423000+00:00,3,"AFT,FORE,NADIR","NCA,NCF,NCN",True,True,True,True,3,ch2_tmc_nca_20250817T0046072658_d_img_d18.zip | ch2_tmc_ncf_20250817T0046072658_d_img_d18.zip | ch2_tmc_ncn_20250817T0046072627_d_img_d18.zip
2025-08-17 04:38:54+00:00,2025-08-17 04:38:53.600000+00:00,2025-08-17 04:45:10.618000+00:00,3,"AFT,FORE,NADIR","NCA,NCF,NCN",True,True,True,True,3,ch2_tmc_nca_20250817T0438536002_d_img_d18.zip | ch2_tmc_ncf_20250817T0438536034_d_img_d18.zip | ch2_tmc_ncn_20250817T0438536002_d_img_d18.zip
2025-08-17 04:45:07+00:00,2025-08-17 04:45:07.175000+00:00,2025-08-17 04:49:47.929000+00:00,3,"AFT,FORE,NADIR","NCA,NCF,NCN",True,True,True,True,3,ch2_tmc_nca_20250817T0445071756_d_img_d18.zip | ch2_tmc_ncf_20250817T0445071756_d_img_d18.zip | ch2_tmc_ncn_20250817T0445071756_d_img_d18.zip
2025-08-17 14:25:25+00:00,2025-08-17 14:25:24.826000+00:00,2025-08-17 14:30:28.377000+00:00,3,"AFT,FORE,NADIR","NCA,NCF,NCN",True,True,True,True,3,ch2_tmc_nca_20250817T1425248267_d_img_d18.zip | ch2_tmc_ncf_20250817T1425248267_d_img_d18.zip | ch2_tmc_ncn_20250817T1425248267_d_img_d18.zip
2025-08-17 14:30:23+00:00,2025-08-17 14:30:22.789000+00:00,2025-08-17 14:35:07.572000+00:00,3,"AFT,FORE,NADIR","NCA,NCF,NCN",True,True,True,True,3,ch2_tmc_nca_20250817T1430227893_d_img_d18.zip | ch2_tmc_ncf_20250817T1430227893_d_img_d18.zip | ch2_tmc_ncn_20250817T1430227924_d_img_d18.zip
2025-08-17 14:35:03+00:00,2025-08-17 14:35:03.248000+00:00,2025-08-17 14:36:26.948000+00:00,3,"AFT,FORE,NADIR","NCA,NCF,NCN",True,True,True,True,3,ch2_tmc_nca_20250817T1435032517_d_img_d18.zip | ch2_tmc_ncf_20250817T1435032485_d_img_d18.zip | ch2_tmc_ncn_20250817T1435032485_d_img_d18.zip
2025-08-18 00:10:12+00:00,2025-08-18 00:10:12.443000+00:00,2025-08-18 00:15:25.993000+00:00,3,"AFT,FORE,NADIR","NCA,NCF,NCN",True,True,True,True,3,ch2_tmc_nca_20250818T0010124465_d_img_d18.zip | ch2_tmc_ncf_20250818T0010124433_d_img_d18.zip | ch2_tmc_ncn_20250818T0010124433_d_img_d18.zip
2025-08-18 00:15:22+00:00,2025-08-18 00:15:21.518000+00:00,2025-08-18 00:18:53.730000+00:00,3,"AFT,FORE,NADIR","NCA,NCF,NCN",True,True,True,True,3,ch2_tmc_nca_20250818T0015215185_d_img_d18.zip | ch2_tmc_ncf_20250818T0015215185_d_img_d18.zip | ch2_tmc_ncn_20250818T0015215185_d_img_d18.zip
2025-08-18 02:04:29+00:00,2025-08-18 02:04:29.106000+00:00,2025-08-18 02:10:42.385000+00:00,3,"AFT,FORE,NADIR","NCA,NCF,NCN",True,True,True,True,3,ch2_tmc_nca_20250818T0204291066_d_img_d18.zip | ch2_tmc_ncf_20250818T0204291066_d_img_d18.zip | ch2_tmc_ncn_20250818T0204291066_d_img_d18.zip
2025-08-18 02:10:37+00:00,2025-08-18 02:10:36.738000+00:00,2025-08-18 02:15:15.426000+00:00,3,"AFT,FORE,NADIR","NCA,NCF,NCN",True,True,True,True,3,ch2_tmc_nca_20250818T0210367380_d_img_d18.zip | ch2_tmc_ncf_20250818T0210367380_d_img_d18.zip | ch2_tmc_ncn_20250818T0210367380_d_img_d18.zip
2025-08-18 02:15:12+00:00,2025-08-18 02:15:11.521000+00:00,2025-08-18 02:16:27.632000+00:00,3,"AFT,FORE,NADIR","NCA,NCF,NCN",True,True,True,True,3,ch2_tmc_nca_20250818T0215115210_d_img_d18.zip | ch2_tmc_ncf_20250818T0215115210_d_img_d18.zip | ch2_tmc_ncn_20250818T0215115241_d_img_d18.zip
2025-08-18 06:01:26+00:00,2025-08-18 06:01:26.173000+00:00,2025-08-18 06:07:36.159000+00:00,3,"AFT,FORE,NADIR","NCA,NCF,NCN",True,True,True,True,3,ch2_tmc_nca_20250818T0601261732_d_img_d18.zip | ch2_tmc_ncf_20250818T0601261764_d_img_d18.zip | ch2_tmc_ncn_20250818T0601261732_d_img_d18.zip
2025-08-18 06:07:31+00:00,2025-08-18 06:07:31.202000+00:00,2025-08-18 06:11:15.455000+00:00,3,"AFT,FORE,NADIR","NCA,NCF,NCN",True,True,True,True,3,ch2_tmc_nca_20250818T0607312054_d_img_d18.zip | ch2_tmc_ncf_20250818T0607312021_d_img_d18.zip | ch2_tmc_ncn_20250818T0607312021_d_img_d18.zip
2025-08-18 14:01:56+00:00,2025-08-18 14:01:55.907000+00:00,2025-08-18 14:07:04.801000+00:00,3,"AFT,FORE,NADIR","NCA,NCF,NCN",True,True,True,True,3,ch2_tmc_nca_20250818T1401559071_d_img_d18.zip | ch2_tmc_ncf_20250818T1401559071_d_img_d18.zip | ch2_tmc_ncn_20250818T1401559071_d_img_d18.zip
2025-08-18 14:07:00+00:00,2025-08-18 14:07:00.332000+00:00,2025-08-18 14:08:57.143000+00:00,3,"AFT,FORE,NADIR","NCA,NCF,NCN",True,True,True,True,3,ch2_tmc_nca_20250818T1407003323_d_img_d18.zip | ch2_tmc_ncf_20250818T1407003323_d_img_d18.zip | ch2_tmc_ncn_20250818T1407003323_d_img_d18.zip
2025-08-18 23:45:06+00:00,2025-08-18 23:45:06.368000+00:00,2025-08-18 23:50:21.989000+00:00,3,"AFT,FORE,NADIR","NCA,NCF,NCN",True,True,True,True,3,ch2_tmc_nca_20250818T2345063685_d_img_d18.zip | ch2_tmc_ncf_20250818T2345064010_d_img_d18.zip | ch2_tmc_ncn_20250818T2345063685_d_img_d18.zip
2025-08-18 23:50:14+00:00,2025-08-18 23:50:13.863000+00:00,2025-08-18 23:54:55.764000+00:00,3,"AFT,FORE,NADIR","NCA,NCF,NCN",True,True,True,True,3,ch2_tmc_nca_20250818T2350138631_d_img_d18.zip | ch2_tmc_ncf_20250818T2350138631_d_img_d18.zip | ch2_tmc_ncn_20250818T2350138631_d_img_d18.zip
2025-08-19 05:35:47+00:00,2025-08-19 05:35:46.825000+00:00,2025-08-19 05:41:45.379000+00:00,3,"AFT,FORE,NADIR","NCA,NCF,NCN",True,True,True,True,3,ch2_tmc_nca_20250819T0535468286_d_img_d18.zip | ch2_tmc_ncf_20250819T0535468253_d_img_d18.zip | ch2_tmc_ncn_20250819T0535468286_d_img_d18.zip
2025-08-19 05:41:40+00:00,2025-08-19 05:41:39.829000+00:00,2025-08-19 05:46:30.459000+00:00,3,"AFT,FORE,NADIR","NCA,NCF,NCN",True,True,True,True,3,ch2_tmc_nca_20250819T0541398328_d_img_d18.zip | ch2_tmc_ncf_20250819T0541398328_d_img_d18.zip | ch2_tmc_ncn_20250819T0541398295_d_img_d18.zip
2025-08-19 05:46:26+00:00,2025-08-19 05:46:26.298000+00:00,2025-08-19 05:47:46.739000+00:00,3,"AFT,FORE,NADIR","NCA,NCF,NCN",True,True,True,True,3,ch2_tmc_nca_20250819T0546262981_d_img_d18.zip | ch2_tmc_ncf_20250819T0546262981_d_img_d18.zip | ch2_tmc_ncn_20250819T0546262981_d_img_d18.zip
2025-08-19 15:24:12+00:00,2025-08-19 15:24:11.878000+00:00,2025-08-19 15:30:26.325000+00:00,3,"AFT,FORE,NADIR","NCA,NCF,NCN",True,True,True,True,3,ch2_tmc_nca_20250819T1524118787_d_img_d18.zip | ch2_tmc_ncf_20250819T1524118820_d_img_d18.zip | ch2_tmc_ncn_20250819T1524118820_d_img_d18.zip
2025-08-19 15:30:22+00:00,2025-08-19 15:30:21.946000+00:00,2025-08-19 15:36:01.379000+00:00,3,"AFT,FORE,NADIR","NCA,NCF,NCN",True,True,True,True,3,ch2_tmc_nca_20250819T1530219469_d_img_d18.zip | ch2_tmc_ncf_20250819T1530219469_d_img_d18.zip | ch2_tmc_ncn_20250819T1530219469_d_img_d18.zip
2025-08-20 03:19:36+00:00,2025-08-20 03:19:36.259000+00:00,2025-08-20 03:32:44.864000+00:00,3,"AFT,FORE,NADIR","NCA,NCF,NCN",True,True,True,True,3,ch2_tmc_nca_20250820T0319362593_d_img_d18.zip | ch2_tmc_ncf_20250820T0319362593_d_img_d18.zip | ch2_tmc_ncn_20250820T0319362593_d_img_d18.zip
2025-08-20 07:16:57+00:00,2025-08-20 07:16:57.208000+00:00,2025-08-20 07:30:07.860000+00:00,3,"AFT,FORE,NADIR","NCA,NCF,NCN",True,True,True,True,3,ch2_tmc_nca_20250820T0716572081_d_img_d18.zip | ch2_tmc_ncf_20250820T0716572081_d_img_d18.zip | ch2_tmc_ncn_20250820T0716572081_d_img_d18.zip
2025-08-21 01:09:59+00:00,2025-08-21 01:09:58.989000+00:00,2025-08-21 01:22:57.232000+00:00,3,"AFT,FORE,NADIR","NCA,NCF,NCN",True,True,True,True,3,ch2_tmc_nca_20250821T0109589899_d_img_d18.zip | ch2_tmc_ncf_20250821T0109589899_d_img_d18.zip | ch2_tmc_ncn_20250821T0109589899_d_img_d18.zip
2025-08-21 22:41:03+00:00,2025-08-21 22:41:02.837000+00:00,2025-08-21 22:52:29.419000+00:00,3,"AFT,FORE,NADIR","NCA,NCF,NCN",True,True,True,True,3,ch2_tmc_nca_20250821T2241028376_d_img_d18.zip | ch2_tmc_ncf_20250821T2241028376_d_img_d18.zip | ch2_tmc_ncn_20250821T2241028409_d_img_d18.zip
2025-08-22 04:34:56+00:00,2025-08-22 04:34:56.316000+00:00,2025-08-22 04:54:31.991000+00:00,3,"AFT,FORE,NADIR","NCA,NCF,NCN",True,True,True,True,3,ch2_tmc_nca_20250822T0434563166_d_img_d18.zip | ch2_tmc_ncf_20250822T0434563166_d_img_d18.zip | ch2_tmc_ncn_20250822T0434563198_d_img_d18.zip
2025-08-22 06:37:47+00:00,2025-08-22 06:37:47.431000+00:00,2025-08-22 06:50:56.162000+00:00,3,"AFT,FORE,NADIR","NCA,NCF,NCN",True,True,True,True,3,ch2_tmc_nca_20250822T0637474316_d_img_d18.zip | ch2_tmc_ncf_20250822T0637474316_d_img_d18.zip | ch2_tmc_ncn_20250822T0637474316_d_img_d18.zip
2025-08-22 08:35:47+00:00,2025-08-22 08:35:46.949000+00:00,2025-08-22 08:48:55.554000+00:00,3,"AFT,FORE,NADIR","NCA,NCF,NCN",True,True,True,True,3,ch2_tmc_nca_20250822T0835469499_d_img_d18.zip | ch2_tmc_ncf_20250822T0835469499_d_img_d18.zip | ch2_tmc_ncn_20250822T0835469499_d_img_d18.zip
2025-08-22 20:26:48+00:00,2025-08-22 20:26:47.900000+00:00,2025-08-22 20:30:48.731000+00:00,3,"AFT,FORE,NADIR","NCA,NCF,NCN",True,True,True,True,3,ch2_tmc_nca_20250822T2026479003_d_img_d18.zip | ch2_tmc_ncf_20250822T2026479003_d_img_d18.zip | ch2_tmc_ncn_20250822T2026479003_d_img_d18.zip
2025-08-23 06:08:39+00:00,2025-08-23 06:08:38.964000+00:00,2025-08-23 06:21:23.298000+00:00,3,"AFT,FORE,NADIR","NCA,NCF,NCN",True,True,True,True,3,ch2_tmc_nca_20250823T0608389645_d_img_d18.zip | ch2_tmc_ncf_20250823T0608389645_d_img_d18.zip | ch2_tmc_ncn_20250823T0608389645_d_img_d18.zip
2025-08-23 08:06:38+00:00,2025-08-23 08:06:38.101000+00:00,2025-08-23 08:19:47.757000+00:00,1,AFT,NCA,False,True,False,False,1,ch2_tmc_nca_20250823T0806381012_d_img_d18.zip
2025-08-23 08:06:39+00:00,2025-08-23 08:06:38.979000+00:00,2025-08-23 08:19:47.757000+00:00,2,"FORE,NADIR","NCF,NCN",True,False,True,False,2,ch2_tmc_ncf_20250823T0806389793_d_img_d18.zip | ch2_tmc_ncn_20250823T0806389793_d_img_d18.zip
2025-08-23 10:09:33+00:00,2025-08-23 10:09:32.542000+00:00,2025-08-23 10:22:43.321000+00:00,3,"AFT,FORE,NADIR","NCA,NCF,NCN",True,True,True,True,3,ch2_tmc_nca_20250823T1009325424_d_img_d18.zip | ch2_tmc_ncf_20250823T1009325424_d_img_d18.zip | ch2_tmc_ncn_20250823T1009325424_d_img_d18.zip
2025-08-23 18:06:26+00:00,2025-08-23 18:06:26.268000+00:00,2025-08-23 18:17:25.358000+00:00,3,"AFT,FORE,NADIR","NCA,NCF,NCN",True,True,True,True,3,ch2_tmc_nca_20250823T1806262688_d_img_d18.zip | ch2_tmc_ncf_20250823T1806262688_d_img_d18.zip | ch2_tmc_ncn_20250823T1806262688_d_img_d18.zip
2025-08-24 05:51:09+00:00,2025-08-24 05:51:08.996000+00:00,2025-08-24 06:04:17.727000+00:00,3,"AFT,FORE,NADIR","NCA,NCF,NCN",True,True,True,True,3,ch2_tmc_nca_20250824T0551089968_d_img_d18.zip | ch2_tmc_ncf_20250824T0551089968_d_img_d18.zip | ch2_tmc_ncn_20250824T0551089968_d_img_d18.zip
2025-08-24 09:45:29+00:00,2025-08-24 09:45:29.486000+00:00,2025-08-24 10:00:28.681000+00:00,3,"AFT,FORE,NADIR","NCA,NCF,NCN",True,True,True,True,3,ch2_tmc_nca_20250824T0945294860_d_img_d18.zip | ch2_tmc_ncf_20250824T0945294860_d_img_d18.zip | ch2_tmc_ncn_20250824T0945294860_d_img_d18.zip
2025-08-24 19:41:06+00:00,2025-08-24 19:41:06.366000+00:00,2025-08-24 19:48:57.200000+00:00,3,"AFT,FORE,NADIR","NCA,NCF,NCN",True,True,True,True,3,ch2_tmc_nca_20250824T1941063693_d_img_d18.zip | ch2_tmc_ncf_20250824T1941063693_d_img_d18.zip | ch2_tmc_ncn_20250824T1941063661_d_img_d18.zip
2025-08-25 05:25:38+00:00,2025-08-25 05:25:37.780000+00:00,2025-08-25 05:38:14.422000+00:00,3,"AFT,FORE,NADIR","NCA,NCF,NCN",True,True,True,True,3,ch2_tmc_nca_20250825T0525377807_d_img_d18.zip | ch2_tmc_ncf_20250825T0525377807_d_img_d18.zip | ch2_tmc_ncn_20250825T0525377807_d_img_d18.zip
2025-08-25 07:23:37+00:00,2025-08-25 07:23:37.159000+00:00,2025-08-25 07:40:03.374000+00:00,3,"AFT,FORE,NADIR","NCA,NCF,NCN",True,True,True,True,3,ch2_tmc_nca_20250825T0723371591_d_img_d18.zip | ch2_tmc_ncf_20250825T0723371591_d_img_d18.zip | ch2_tmc_ncn_20250825T0723371622_d_img_d18.zip
2025-08-25 11:22:56+00:00,2025-08-25 11:22:55.727000+00:00,2025-08-25 11:36:04.331000+00:00,3,"AFT,FORE,NADIR","NCA,NCF,NCN",True,True,True,True,3,ch2_tmc_nca_20250825T1122557270_d_img_d18.zip | ch2_tmc_ncf_20250825T1122557302_d_img_d18.zip | ch2_tmc_ncn_20250825T1122557270_d_img_d18.zip
2025-08-25 19:14:53+00:00,2025-08-25 19:14:52.764000+00:00,2025-08-25 19:27:18.461000+00:00,3,"AFT,FORE,NADIR","NCA,NCF,NCN",True,True,True,True,3,ch2_tmc_nca_20250825T1914527647_d_img_d18.zip | ch2_tmc_ncf_20250825T1914527647_d_img_d18.zip | ch2_tmc_ncn_20250825T1914527647_d_img_d18.zip
2025-08-27 06:30:39+00:00,2025-08-27 06:30:38.917000+00:00,2025-08-27 06:38:41.766000+00:00,3,"AFT,FORE,NADIR","NCA,NCF,NCN",True,True,True,True,3,ch2_tmc_nca_20250827T0630389171_d_img_d18.zip | ch2_tmc_ncf_20250827T0630389171_d_img_d18.zip | ch2_tmc_ncn_20250827T0630389171_d_img_d18.zip
2025-08-27 08:33:39+00:00,2025-08-27 08:33:39.150000+00:00,2025-08-27 08:46:47.957000+00:00,3,"AFT,FORE,NADIR","NCA,NCF,NCN",True,True,True,True,3,ch2_tmc_nca_20250827T0833391506_d_img_d18.zip | ch2_tmc_ncf_20250827T0833391506_d_img_d18.zip | ch2_tmc_ncn_20250827T0833391506_d_img_d18.zip
2025-08-27 12:29:41+00:00,2025-08-27 12:29:40.600000+00:00,2025-08-27 12:35:38.922000+00:00,3,"AFT,FORE,NADIR","NCA,NCF,NCN",True,True,True,True,3,ch2_tmc_nca_20250827T1229406007_d_img_d18.zip | ch2_tmc_ncf_20250827T1229406007_d_img_d18.zip | ch2_tmc_ncn_20250827T1229406007_d_img_d18.zip
2025-08-27 12:35:31+00:00,2025-08-27 12:35:31.327000+00:00,2025-08-27 12:42:32.222000+00:00,3,"AFT,FORE,NADIR","NCA,NCF,NCN",True,True,True,True,3,ch2_tmc_nca_20250827T1235313301_d_img_d18.zip | ch2_tmc_ncf_20250827T1235313270_d_img_d18.zip | ch2_tmc_ncn_20250827T1235313301_d_img_d18.zip
2025-08-27 22:14:44+00:00,2025-08-27 22:14:44.213000+00:00,2025-08-27 22:24:17.474000+00:00,3,"AFT,FORE,NADIR","NCA,NCF,NCN",True,True,True,True,3,ch2_tmc_nca_20250827T2214442138_d_img_d18.zip | ch2_tmc_ncf_20250827T2214442138_d_img_d18.zip | ch2_tmc_ncn_20250827T2214442138_d_img_d18.zip
2025-08-28 08:09:37+00:00,2025-08-28 08:09:36.827000+00:00,2025-08-28 08:19:11.870000+00:00,3,"AFT,FORE,NADIR","NCA,NCF,NCN",True,True,True,True,3,ch2_tmc_nca_20250828T0809368271_d_img_d18.zip | ch2_tmc_ncf_20250828T0809368271_d_img_d18.zip | ch2_tmc_ncn_20250828T0809368271_d_img_d18.zip
2025-08-28 12:05:35+00:00,2025-08-28 12:05:34.646000+00:00,2025-08-28 12:17:22.403000+00:00,3,"AFT,FORE,NADIR","NCA,NCF,NCN",True,True,True,True,3,ch2_tmc_nca_20250828T1205346465_d_img_d18.zip | ch2_tmc_ncf_20250828T1205346465_d_img_d18.zip | ch2_tmc_ncn_20250828T1205346465_d_img_d18.zip
2025-08-28 21:53:53+00:00,2025-08-28 21:53:52.995000+00:00,2025-08-28 21:56:18.205000+00:00,3,"AFT,FORE,NADIR","NCA,NCF,NCN",True,True,True,True,3,ch2_tmc_nca_20250828T2153529986_d_img_d18.zip | ch2_tmc_ncf_20250828T2153529953_d_img_d18.zip | ch2_tmc_ncn_20250828T2153529986_d_img_d18.zip
2025-08-28 21:56:14+00:00,2025-08-28 21:56:14.192000+00:00,2025-08-28 22:03:04.251000+00:00,3,"AFT,FORE,NADIR","NCA,NCF,NCN",True,True,True,True,3,ch2_tmc_nca_20250828T2156141925_d_img_d18.zip | ch2_tmc_ncf_20250828T2156141925_d_img_d18.zip | ch2_tmc_ncn_20250828T2156141957_d_img_d18.zip
2025-08-29 09:38:33+00:00,2025-08-29 09:38:32.769000+00:00,2025-08-29 09:48:26.598000+00:00,3,"AFT,FORE,NADIR","NCA,NCF,NCN",True,True,True,True,3,ch2_tmc_nca_20250829T0938327695_d_img_d18.zip | ch2_tmc_ncf_20250829T0938327695_d_img_d18.zip | ch2_tmc_ncn_20250829T0938327695_d_img_d18.zip
2025-08-29 13:34:35+00:00,2025-08-29 13:34:34.664000+00:00,2025-08-29 13:40:25.348000+00:00,3,"AFT,FORE,NADIR","NCA,NCF,NCN",True,True,True,True,3,ch2_tmc_nca_20250829T1334346647_d_img_d18.zip | ch2_tmc_ncf_20250829T1334346647_d_img_d18.zip | ch2_tmc_ncn_20250829T1334346679_d_img_d18.zip
2025-08-29 13:40:21+00:00,2025-08-29 13:40:20.562000+00:00,2025-08-29 13:45:24.806000+00:00,3,"AFT,FORE,NADIR","NCA,NCF,NCN",True,True,True,True,3,ch2_tmc_nca_20250829T1340205624_d_img_d18.zip | ch2_tmc_ncf_20250829T1340205624_d_img_d18.zip | ch2_tmc_ncn_20250829T1340205624_d_img_d18.zip
2025-08-29 23:31:16+00:00,2025-08-29 23:31:16.337000+00:00,2025-08-29 23:42:43.283000+00:00,3,"AFT,FORE,NADIR","NCA,NCF,NCN",True,True,True,True,3,ch2_tmc_nca_20250829T2331163377_d_img_d18.zip | ch2_tmc_ncf_20250829T2331163377_d_img_d18.zip | ch2_tmc_ncn_20250829T2331163377_d_img_d18.zip
2025-08-30 09:14:30+00:00,2025-08-30 09:14:29.771000+00:00,2025-08-30 09:26:14.991000+00:00,3,"AFT,FORE,NADIR","NCA,NCF,NCN",True,True,True,True,3,ch2_tmc_nca_20250830T0914297748_d_img_d18.zip | ch2_tmc_ncf_20250830T0914297716_d_img_d18.zip | ch2_tmc_ncn_20250830T0914297748_d_img_d18.zip
2025-08-31 00:58:18+00:00,2025-08-31 00:58:18.412000+00:00,2025-08-31 01:03:18.989000+00:00,3,"AFT,FORE,NADIR","NCA,NCF,NCN",True,True,True,True,3,ch2_tmc_nca_20250831T0058184122_d_img_d18.zip | ch2_tmc_ncf_20250831T0058184122_d_img_d18.zip | ch2_tmc_ncn_20250831T0058184122_d_img_d18.zip
2025-08-31 01:03:15+00:00,2025-08-31 01:03:15.242000+00:00,2025-08-31 01:08:01.727000+00:00,3,"AFT,FORE,NADIR","NCA,NCF,NCN",True,True,True,True,3,ch2_tmc_nca_20250831T0103152454_d_img_d18.zip | ch2_tmc_ncf_20250831T0103152421_d_img_d18.zip | ch2_tmc_ncn_20250831T0103152421_d_img_d18.zip
2025-08-31 10:48:13+00:00,2025-08-31 10:48:12.962000+00:00,2025-08-31 10:51:02.393000+00:00,3,"AFT,FORE,NADIR","NCA,NCF,NCN",True,True,True,True,3,ch2_tmc_nca_20250831T1048129621_d_img_d18.zip | ch2_tmc_ncf_20250831T1048129621_d_img_d18.zip | ch2_tmc_ncn_20250831T1048129653_d_img_d18.zip
2025-08-31 10:50:56+00:00,2025-08-31 10:50:56.400000+00:00,2025-08-31 10:57:54.626000+00:00,3,"AFT,FORE,NADIR","NCA,NCF,NCN",True,True,True,True,3,ch2_tmc_nca_20250831T1050564034_d_img_d18.zip | ch2_tmc_ncf_20250831T1050564034_d_img_d18.zip | ch2_tmc_ncn_20250831T1050564003_d_img_d18.zip
2025-08-31 14:44:10+00:00,2025-08-31 14:44:10.309000+00:00,2025-08-31 14:48:24.725000+00:00,3,"AFT,FORE,NADIR","NCA,NCF,NCN",True,True,True,True,3,ch2_tmc_nca_20250831T1444103099_d_img_d18.zip | ch2_tmc_ncf_20250831T1444103099_d_img_d18.zip | ch2_tmc_ncn_20250831T1444103099_d_img_d18.zip
2025-08-31 14:48:20+00:00,2025-08-31 14:48:19.738000+00:00,2025-08-31 14:55:20.162000+00:00,3,"AFT,FORE,NADIR","NCA,NCF,NCN",True,True,True,True,3,ch2_tmc_nca_20250831T1448197420_d_img_d18.zip | ch2_tmc_ncf_20250831T1448197388_d_img_d18.zip | ch2_tmc_ncn_20250831T1448197420_d_img_d18.zip
2025-09-01 00:34:03+00:00,2025-09-01 00:34:03.260000+00:00,2025-09-01 00:37:06.118000+00:00,3,"AFT,FORE,NADIR","NCA,NCF,NCN",True,True,True,True,3,ch2_tmc_nca_20250901T0034032634_d_img_d18.zip | ch2_tmc_ncf_20250901T0034032602_d_img_d18.zip | ch2_tmc_ncn_20250901T0034032602_d_img_d18.zip
2025-09-01 00:36:59+00:00,2025-09-01 00:36:59.141000+00:00,2025-09-01 00:43:33.317000+00:00,3,"AFT,FORE,NADIR","NCA,NCF,NCN",True,True,True,True,3,ch2_tmc_nca_20250901T0036591411_d_img_d18.zip | ch2_tmc_ncf_20250901T0036591411_d_img_d18.zip | ch2_tmc_ncn_20250901T0036591411_d_img_d18.zip
2025-09-01 12:25:12+00:00,2025-09-01 12:25:11.954000+00:00,2025-09-01 12:28:01.531000+00:00,3,"AFT,FORE,NADIR","NCA,NCF,NCN",True,True,True,True,3,ch2_tmc_nca_20250901T1225119576_d_img_d18.zip | ch2_tmc_ncf_20250901T1225119544_d_img_d18.zip | ch2_tmc_ncn_20250901T1225119544_d_img_d18.zip
2025-09-01 12:27:58+00:00,2025-09-01 12:27:58.437000+00:00,2025-09-01 12:34:51.250000+00:00,3,"AFT,FORE,NADIR","NCA,NCF,NCN",True,True,True,True,3,ch2_tmc_nca_20250901T1227584411_d_img_d18.zip | ch2_tmc_ncf_20250901T1227584411_d_img_d18.zip | ch2_tmc_ncn_20250901T1227584378_d_img_d18.zip
2025-09-02 02:07:43+00:00,2025-09-02 02:07:43.424000+00:00,2025-09-02 02:11:53.418000+00:00,3,"AFT,FORE,NADIR","NCA,NCF,NCN",True,True,True,True,3,ch2_tmc_nca_20250902T0207434249_d_img_d18.zip | ch2_tmc_ncf_20250902T0207434249_d_img_d18.zip | ch2_tmc_ncn_20250902T0207434249_d_img_d18.zip
2025-09-02 02:11:47+00:00,2025-09-02 02:11:46.980000+00:00,2025-09-02 02:16:39.587000+00:00,3,"AFT,FORE,NADIR","NCA,NCF,NCN",True,True,True,True,3,ch2_tmc_nca_20250902T0211469807_d_img_d18.zip | ch2_tmc_ncf_20250902T0211469807_d_img_d18.zip | ch2_tmc_ncn_20250902T0211469807_d_img_d18.zip
2025-09-02 02:16:37+00:00,2025-09-02 02:16:36.705000+00:00,2025-09-02 02:17:24.646000+00:00,3,"AFT,FORE,NADIR","NCA,NCF,NCN",True,True,True,True,3,ch2_tmc_nca_20250902T0216367050_d_img_d18.zip | ch2_tmc_ncf_20250902T0216367050_d_img_d18.zip | ch2_tmc_ncn_20250902T0216367050_d_img_d18.zip
2025-09-02 13:55:42+00:00,2025-09-02 13:55:42.161000+00:00,2025-09-02 13:58:14.769000+00:00,3,"AFT,FORE,NADIR","NCA,NCF,NCN",True,True,True,True,3,ch2_tmc_nca_20250902T1355421649_d_img_d18.zip | ch2_tmc_ncf_20250902T1355421649_d_img_d18.zip | ch2_tmc_ncn_20250902T1355421617_d_img_d18.zip
2025-09-02 13:58:10+00:00,2025-09-02 13:58:10.170000+00:00,2025-09-02 14:04:57.378000+00:00,3,"AFT,FORE,NADIR","NCA,NCF,NCN",True,True,True,True,3,ch2_tmc_nca_20250902T1358101708_d_img_d18.zip | ch2_tmc_ncf_20250902T1358101741_d_img_d18.zip | ch2_tmc_ncn_20250902T1358101708_d_img_d18.zip
2025-11-07 06:22:10+00:00,2025-11-07 06:22:09.778000+00:00,2025-11-07 06:31:49.359000+00:00,3,"AFT,FORE,NADIR","NCA,NCF,NCN",True,True,True,True,3,ch2_tmc_nca_20251107T0622097789_d_img_d18.zip | ch2_tmc_ncf_20251107T0622097789_d_img_d18.zip | ch2_tmc_ncn_20251107T0622097822_d_img_d18.zip
2025-11-07 22:05:34+00:00,2025-11-07 22:05:34.207000+00:00,2025-11-07 22:11:10.940000+00:00,3,"AFT,FORE,NADIR","NCA,NCF,NCN",True,True,True,True,3,ch2_tmc_nca_20251107T2205342073_d_img_d18.zip | ch2_tmc_ncf_20251107T2205342073_d_img_d18.zip | ch2_tmc_ncn_20251107T2205342105_d_img_d18.zip
2025-11-07 22:11:03+00:00,2025-11-07 22:11:02.550000+00:00,2025-11-07 22:15:14.810000+00:00,3,"AFT,FORE,NADIR","NCA,NCF,NCN",True,True,True,True,3,ch2_tmc_nca_20251107T2211025501_d_img_d18.zip | ch2_tmc_ncf_20251107T2211025501_d_img_d18.zip | ch2_tmc_ncn_20251107T2211025501_d_img_d18.zip
2025-11-10 11:01:16+00:00,2025-11-10 11:01:15.687000+00:00,2025-11-10 11:06:50.162000+00:00,3,"AFT,FORE,NADIR","NCA,NCF,NCN",True,True,True,True,3,ch2_tmc_nca_20251110T1101156873_d_img_d18.zip | ch2_tmc_ncf_20251110T1101156873_d_img_d18.zip | ch2_tmc_ncn_20251110T1101156873_d_img_d18.zip
2025-11-10 11:06:39+00:00,2025-11-10 11:06:38.687000+00:00,2025-11-10 11:07:50.135000+00:00,3,"AFT,FORE,NADIR","NCA,NCF,NCN",True,True,True,True,3,ch2_tmc_nca_20251110T1106386907_d_img_d18.zip | ch2_tmc_ncf_20251110T1106386875_d_img_d18.zip | ch2_tmc_ncn_20251110T1106386907_d_img_d18.zip
2025-11-10 20:50:55+00:00,2025-11-10 20:50:55.259000+00:00,2025-11-10 20:52:27.729000+00:00,3,"AFT,FORE,NADIR","NCA,NCF,NCN",True,True,True,True,3,ch2_tmc_nca_20251110T2050552599_d_img_d18.zip | ch2_tmc_ncf_20251110T2050552599_d_img_d18.zip | ch2_tmc_ncn_20251110T2050552599_d_img_d18.zip
2025-11-10 20:52:21+00:00,2025-11-10 20:52:20.742000+00:00,2025-11-10 20:57:40.639000+00:00,3,"AFT,FORE,NADIR","NCA,NCF,NCN",True,True,True,True,3,ch2_tmc_nca_20251110T2052207427_d_img_d18.zip | ch2_tmc_ncf_20251110T2052207459_d_img_d18.zip | ch2_tmc_ncn_20251110T2052207427_d_img_d18.zip
2025-11-11 00:46:49+00:00,2025-11-11 00:46:49.128000+00:00,2025-11-11 00:53:00.212000+00:00,3,"AFT,FORE,NADIR","NCA,NCF,NCN",True,True,True,True,3,ch2_tmc_nca_20251111T0046491317_d_img_d18.zip | ch2_tmc_ncf_20251111T0046491284_d_img_d18.zip | ch2_tmc_ncn_20251111T0046491317_d_img_d18.zip
2025-11-11 00:52:52+00:00,2025-11-11 00:52:52.332000+00:00,2025-11-11 00:56:30.566000+00:00,3,"AFT,FORE,NADIR","NCA,NCF,NCN",True,True,True,True,3,ch2_tmc_nca_20251111T0052523326_d_img_d18.zip | ch2_tmc_ncf_20251111T0052523326_d_img_d18.zip | ch2_tmc_ncn_20251111T0052523326_d_img_d18.zip
2025-11-11 12:34:21+00:00,2025-11-11 12:34:21.159000+00:00,2025-11-11 12:39:05.492000+00:00,3,"AFT,FORE,NADIR","NCA,NCF,NCN",True,True,True,True,3,ch2_tmc_nca_20251111T1234211595_d_img_d18.zip | ch2_tmc_ncf_20251111T1234211628_d_img_d18.zip | ch2_tmc_ncn_20251111T1234211595_d_img_d18.zip
2025-11-11 12:39:00+00:00,2025-11-11 12:39:00.178000+00:00,2025-11-11 12:39:51.379000+00:00,3,"AFT,FORE,NADIR","NCA,NCF,NCN",True,True,True,True,3,ch2_tmc_nca_20251111T1239001786_d_img_d18.zip | ch2_tmc_ncf_20251111T1239001818_d_img_d18.zip | ch2_tmc_ncn_20251111T1239001818_d_img_d18.zip
2025-11-11 22:23:56+00:00,2025-11-11 22:23:55.608000+00:00,2025-11-11 22:30:40.929000+00:00,3,"AFT,FORE,NADIR","NCA,NCF,NCN",True,True,True,True,3,ch2_tmc_nca_20251111T2223556086_d_img_d18.zip | ch2_tmc_ncf_20251111T2223556086_d_img_d18.zip | ch2_tmc_ncn_20251111T2223556086_d_img_d18.zip
2025-11-11 22:30:30+00:00,2025-11-11 22:30:29.622000+00:00,2025-11-11 22:33:41.395000+00:00,3,"AFT,FORE,NADIR","NCA,NCF,NCN",True,True,True,True,3,ch2_tmc_nca_20251111T2230296225_d_img_d18.zip | ch2_tmc_ncf_20251111T2230296225_d_img_d18.zip | ch2_tmc_ncn_20251111T2230296258_d_img_d18.zip
2025-11-12 00:22:02+00:00,2025-11-12 00:22:01.619000+00:00,2025-11-12 00:31:28.162000+00:00,3,"AFT,FORE,NADIR","NCA,NCF,NCN",True,True,True,True,3,ch2_tmc_nca_20251112T0022016230_d_img_d18.zip | ch2_tmc_ncf_20251112T0022016198_d_img_d18.zip | ch2_tmc_ncn_20251112T0022016198_d_img_d18.zip
2025-11-12 04:17:33+00:00,2025-11-12 04:17:32.631000+00:00,2025-11-12 04:24:09.228000+00:00,3,"AFT,FORE,NADIR","NCA,NCF,NCN",True,True,True,True,3,ch2_tmc_nca_20251112T0417326348_d_img_d18.zip | ch2_tmc_ncf_20251112T0417326317_d_img_d18.zip | ch2_tmc_ncn_20251112T0417326317_d_img_d18.zip
2025-11-12 04:24:01+00:00,2025-11-12 04:24:01.384000+00:00,2025-11-12 04:27:16.435000+00:00,3,"AFT,FORE,NADIR","NCA,NCF,NCN",True,True,True,True,3,ch2_tmc_nca_20251112T0424013842_d_img_d18.zip | ch2_tmc_ncf_20251112T0424013842_d_img_d18.zip | ch2_tmc_ncn_20251112T0424013842_d_img_d18.zip
2025-11-12 12:09:12+00:00,2025-11-12 12:09:11.538000+00:00,2025-11-12 12:15:43.333000+00:00,3,"AFT,FORE,NADIR","NCA,NCF,NCN",True,True,True,True,3,ch2_tmc_nca_20251112T1209115694_d_img_d18.zip | ch2_tmc_ncf_20251112T1209115382_d_img_d18.zip | ch2_tmc_ncn_20251112T1209115382_d_img_d18.zip
2025-11-12 21:58:46+00:00,2025-11-12 21:58:46.208000+00:00,2025-11-12 22:06:23.626000+00:00,3,"AFT,FORE,NADIR","NCA,NCF,NCN",True,True,True,True,3,ch2_tmc_nca_20251112T2158462088_d_img_d18.zip | ch2_tmc_ncf_20251112T2158462088_d_img_d18.zip | ch2_tmc_ncn_20251112T2158462088_d_img_d18.zip
2025-11-12 22:06:18+00:00,2025-11-12 22:06:17.821000+00:00,2025-11-12 22:08:30.576000+00:00,3,"AFT,FORE,NADIR","NCA,NCF,NCN",True,True,True,True,3,ch2_tmc_nca_20251112T2206178213_d_img_d18.zip | ch2_tmc_ncf_20251112T2206178213_d_img_d18.zip | ch2_tmc_ncn_20251112T2206178213_d_img_d18.zip
2025-11-13 00:04:03+00:00,2025-11-13 00:04:03.313000+00:00,2025-11-13 00:06:24.671000+00:00,3,"AFT,FORE,NADIR","NCA,NCF,NCN",True,True,True,True,3,ch2_tmc_nca_20251113T0004033130_d_img_d18.zip | ch2_tmc_ncf_20251113T0004033130_d_img_d18.zip | ch2_tmc_ncn_20251113T0004033130_d_img_d18.zip
2025-11-13 03:52:31+00:00,2025-11-13 03:52:30.811000+00:00,2025-11-13 03:59:59.304000+00:00,3,"AFT,FORE,NADIR","NCA,NCF,NCN",True,True,True,True,3,ch2_tmc_nca_20251113T0352308119_d_img_d18.zip | ch2_tmc_ncf_20251113T0352308152_d_img_d18.zip | ch2_tmc_ncn_20251113T0352308119_d_img_d18.zip
2025-11-13 03:59:48+00:00,2025-11-13 03:59:47.952000+00:00,2025-11-13 04:02:15.641000+00:00,3,"AFT,FORE,NADIR","NCA,NCF,NCN",True,True,True,True,3,ch2_tmc_nca_20251113T0359479560_d_img_d18.zip | ch2_tmc_ncf_20251113T0359479527_d_img_d18.zip | ch2_tmc_ncn_20251113T0359479527_d_img_d18.zip
2025-11-13 23:31:43+00:00,2025-11-13 23:31:43.367000+00:00,2025-11-13 23:37:43.286000+00:00,3,"AFT,FORE,NADIR","NCA,NCF,NCN",True,True,True,True,3,ch2_tmc_nca_20251113T2331433678_d_img_d18.zip | ch2_tmc_ncf_20251113T2331433710_d_img_d18.zip | ch2_tmc_ncn_20251113T2331433678_d_img_d18.zip
2025-11-13 23:37:37+00:00,2025-11-13 23:37:37.256000+00:00,2025-11-13 23:41:02.535000+00:00,3,"AFT,FORE,NADIR","NCA,NCF,NCN",True,True,True,True,3,ch2_tmc_nca_20251113T2337372566_d_img_d18.zip | ch2_tmc_ncf_20251113T2337372566_d_img_d18.zip | ch2_tmc_ncn_20251113T2337372566_d_img_d18.zip
2025-11-14 05:25:34+00:00,2025-11-14 05:25:34.477000+00:00,2025-11-14 05:35:13.783000+00:00,3,"AFT,FORE,NADIR","NCA,NCF,NCN",True,True,True,True,3,ch2_tmc_nca_20251114T0525344779_d_img_d18.zip | ch2_tmc_ncf_20251114T0525344811_d_img_d18.zip | ch2_tmc_ncn_20251114T0525344779_d_img_d18.zip
2025-11-14 13:17:18+00:00,2025-11-14 13:17:17.634000+00:00,2025-11-14 13:21:46.903000+00:00,3,"AFT,FORE,NADIR","NCA,NCF,NCN",True,True,True,True,3,ch2_tmc_nca_20251114T1317176342_d_img_d18.zip | ch2_tmc_ncf_20251114T1317176374_d_img_d18.zip | ch2_tmc_ncn_20251114T1317176342_d_img_d18.zip
2025-11-14 13:21:39+00:00,2025-11-14 13:21:38.593000+00:00,2025-11-14 13:25:31.949000+00:00,3,"AFT,FORE,NADIR","NCA,NCF,NCN",True,True,True,True,3,ch2_tmc_nca_20251114T1321386260_d_img_d18.zip | ch2_tmc_ncf_20251114T1321386260_d_img_d18.zip | ch2_tmc_ncn_20251114T1321385936_d_img_d18.zip
2025-11-14 23:07:02+00:00,2025-11-14 23:07:01.565000+00:00,2025-11-14 23:14:02.199000+00:00,3,"AFT,FORE,NADIR","NCA,NCF,NCN",True,True,True,True,3,ch2_tmc_nca_20251114T2307015654_d_img_d18.zip | ch2_tmc_ncf_20251114T2307015654_d_img_d18.zip | ch2_tmc_ncn_20251114T2307015654_d_img_d18.zip
2025-11-14 23:13:52+00:00,2025-11-14 23:13:51.857000+00:00,2025-11-14 23:15:55.589000+00:00,3,"AFT,FORE,NADIR","NCA,NCF,NCN",True,True,True,True,3,ch2_tmc_nca_20251114T2313518573_d_img_d18.zip | ch2_tmc_ncf_20251114T2313518573_d_img_d18.zip | ch2_tmc_ncn_20251114T2313518604_d_img_d18.zip
2025-11-15 01:04:59+00:00,2025-11-15 01:04:58.628000+00:00,2025-11-15 01:14:39.814000+00:00,3,"AFT,FORE,NADIR","NCA,NCF,NCN",True,True,True,True,3,ch2_tmc_nca_20251115T0104586287_d_img_d18.zip | ch2_tmc_ncf_20251115T0104586287_d_img_d18.zip | ch2_tmc_ncn_20251115T0104586287_d_img_d18.zip
2025-11-15 01:14:21+00:00,2025-11-15 01:14:20.825000+00:00,2025-11-15 01:14:39.814000+00:00,3,"AFT,FORE,NADIR","NCA,NCF,NCN",True,True,True,True,3,ch2_tmc_nca_20251115T0114208255_d_img_d18.zip | ch2_tmc_ncf_20251115T0114208255_d_img_d18.zip | ch2_tmc_ncn_20251115T0114208255_d_img_d18.zip
2025-11-15 03:02:55+00:00,2025-11-15 03:02:54.906000+00:00,2025-11-15 03:12:37.557000+00:00,3,"AFT,FORE,NADIR","NCA,NCF,NCN",True,True,True,True,3,ch2_tmc_nca_20251115T0302549060_d_img_d18.zip | ch2_tmc_ncf_20251115T0302549093_d_img_d18.zip | ch2_tmc_ncn_20251115T0302549060_d_img_d18.zip
2025-11-15 03:12:23+00:00,2025-11-15 03:12:23.429000+00:00,2025-11-15 03:12:37.557000+00:00,3,"AFT,FORE,NADIR","NCA,NCF,NCN",True,True,True,True,3,ch2_tmc_nca_20251115T0312234290_d_img_d18.zip | ch2_tmc_ncf_20251115T0312234290_d_img_d18.zip | ch2_tmc_ncn_20251115T0312234321_d_img_d18.zip
2025-11-15 05:00:52+00:00,2025-11-15 05:00:52.241000+00:00,2025-11-15 05:10:33.779000+00:00,3,"AFT,FORE,NADIR","NCA,NCF,NCN",True,True,True,True,3,ch2_tmc_nca_20251115T0500522741_d_img_d18.zip | ch2_tmc_ncf_20251115T0500522416_d_img_d18.zip | ch2_tmc_ncn_20251115T0500522416_d_img_d18.zip
2025-11-15 06:58:50+00:00,2025-11-15 06:58:49.525000+00:00,2025-11-15 07:08:30.257000+00:00,3,"AFT,FORE,NADIR","NCA,NCF,NCN",True,True,True,True,3,ch2_tmc_nca_20251115T0658495251_d_img_d18.zip | ch2_tmc_ncf_20251115T0658495251_d_img_d18.zip | ch2_tmc_ncn_20251115T0658495283_d_img_d18.zip
2025-11-15 12:59:56+00:00,2025-11-15 12:59:55.792000+00:00,2025-11-15 13:02:21.804000+00:00,3,"AFT,FORE,NADIR","NCA,NCF,NCN",True,True,True,True,3,ch2_tmc_nca_20251115T1259557922_d_img_d18.zip | ch2_tmc_ncf_20251115T1259557922_d_img_d18.zip | ch2_tmc_ncn_20251115T1259557922_d_img_d18.zip
2025-11-16 00:40:25+00:00,2025-11-16 00:40:24.622000+00:00,2025-11-16 00:50:03.306000+00:00,3,"AFT,FORE,NADIR","NCA,NCF,NCN",True,True,True,True,3,ch2_tmc_nca_20251116T0040246254_d_img_d18.zip | ch2_tmc_ncf_20251116T0040246223_d_img_d18.zip | ch2_tmc_ncn_20251116T0040246223_d_img_d18.zip
2025-11-16 02:38:19+00:00,2025-11-16 02:38:19.261000+00:00,2025-11-16 02:47:58.968000+00:00,3,"AFT,FORE,NADIR","NCA,NCF,NCN",True,True,True,True,3,ch2_tmc_nca_20251116T0238192618_d_img_d18.zip | ch2_tmc_ncf_20251116T0238192651_d_img_d18.zip | ch2_tmc_ncn_20251116T0238192618_d_img_d18.zip
2025-11-16 04:36:17+00:00,2025-11-16 04:36:16.846000+00:00,2025-11-16 04:45:56.426000+00:00,3,"AFT,FORE,NADIR","NCA,NCF,NCN",True,True,True,True,3,ch2_tmc_nca_20251116T0436168464_d_img_d18.zip | ch2_tmc_ncf_20251116T0436168496_d_img_d18.zip | ch2_tmc_ncn_20251116T0436168464_d_img_d18.zip
2025-11-16 06:34:14+00:00,2025-11-16 06:34:14.345000+00:00,2025-11-16 06:43:52.903000+00:00,3,"AFT,FORE,NADIR","NCA,NCF,NCN",True,True,True,True,3,ch2_tmc_nca_20251116T0634143491_d_img_d18.zip | ch2_tmc_ncf_20251116T0634143458_d_img_d18.zip | ch2_tmc_ncn_20251116T0634143458_d_img_d18.zip
2025-11-16 14:26:40+00:00,2025-11-16 14:26:40.232000+00:00,2025-11-16 14:35:41.317000+00:00,3,"AFT,FORE,NADIR","NCA,NCF,NCN",True,True,True,True,3,ch2_tmc_nca_20251116T1426402326_d_img_d18.zip | ch2_tmc_ncf_20251116T1426402359_d_img_d18.zip | ch2_tmc_ncn_20251116T1426402359_d_img_d18.zip
2025-11-17 00:15:48+00:00,2025-11-17 00:15:47.523000+00:00,2025-11-17 00:25:24.330000+00:00,3,"AFT,FORE,NADIR","NCA,NCF,NCN",True,True,True,True,3,ch2_tmc_nca_20251117T0015475265_d_img_d18.zip | ch2_tmc_ncf_20251117T0015475233_d_img_d18.zip | ch2_tmc_ncn_20251117T0015475233_d_img_d18.zip
2025-11-17 02:13:45+00:00,2025-11-17 02:13:45.274000+00:00,2025-11-17 02:23:21.662000+00:00,3,"AFT,FORE,NADIR","NCA,NCF,NCN",True,True,True,True,3,ch2_tmc_nca_20251117T0213452749_d_img_d18.zip | ch2_tmc_ncf_20251117T0213452749_d_img_d18.zip | ch2_tmc_ncn_20251117T0213453074_d_img_d18.zip
2025-11-17 06:09:38+00:00,2025-11-17 06:09:38.192000+00:00,2025-11-17 06:19:14.828000+00:00,3,"AFT,FORE,NADIR","NCA,NCF,NCN",True,True,True,True,3,ch2_tmc_nca_20251117T0609381924_d_img_d18.zip | ch2_tmc_ncf_20251117T0609381924_d_img_d18.zip | ch2_tmc_ncn_20251117T0609381957_d_img_d18.zip
2025-11-17 08:07:37+00:00,2025-11-17 08:07:36.608000+00:00,2025-11-17 08:17:11.544000+00:00,3,"AFT,FORE,NADIR","NCA,NCF,NCN",True,True,True,True,3,ch2_tmc_nca_20251117T0807366085_d_img_d18.zip | ch2_tmc_ncf_20251117T0807366085_d_img_d18.zip | ch2_tmc_ncn_20251117T0807366410_d_img_d18.zip
2025-11-17 15:59:24+00:00,2025-11-17 15:59:24.471000+00:00,2025-11-17 16:09:00.848000+00:00,3,"AFT,FORE,NADIR","NCA,NCF,NCN",True,True,True,True,3,ch2_tmc_nca_20251117T1559244713_d_img_d18.zip | ch2_tmc_ncf_20251117T1559244713_d_img_d18.zip | ch2_tmc_ncn_20251117T1559244746_d_img_d18.zip
2025-11-18 01:49:10+00:00,2025-11-18 01:49:10.260000+00:00,2025-11-18 01:58:46.896000+00:00,3,"AFT,FORE,NADIR","NCA,NCF,NCN",True,True,True,True,3,ch2_tmc_nca_20251118T0149102602_d_img_d18.zip | ch2_tmc_ncf_20251118T0149102635_d_img_d18.zip | ch2_tmc_ncn_20251118T0149102602_d_img_d18.zip
2025-11-18 07:44:52+00:00,2025-11-18 07:44:51.875000+00:00,2025-11-18 07:54:42.717000+00:00,3,"AFT,FORE,NADIR","NCA,NCF,NCN",True,True,True,True,3,ch2_tmc_nca_20251118T0744518754_d_img_d18.zip | ch2_tmc_ncf_20251118T0744518786_d_img_d18.zip | ch2_tmc_ncn_20251118T0744518754_d_img_d18.zip
2025-11-19 05:36:31+00:00,2025-11-19 05:36:30.603000+00:00,2025-11-19 05:46:18.374000+00:00,3,"AFT,FORE,NADIR","NCA,NCF,NCN",True,True,True,True,3,ch2_tmc_nca_20251119T0536306034_d_img_d18.zip | ch2_tmc_ncf_20251119T0536306034_d_img_d18.zip | ch2_tmc_ncn_20251119T0536306067_d_img_d18.zip
2025-11-19 07:35:45+00:00,2025-11-19 07:35:45.184000+00:00,2025-11-19 07:45:32.790000+00:00,3,"AFT,FORE,NADIR","NCA,NCF,NCN",True,True,True,True,3,ch2_tmc_nca_20251119T0735451846_d_img_d18.zip | ch2_tmc_ncf_20251119T0735451846_d_img_d18.zip | ch2_tmc_ncn_20251119T0735452171_d_img_d18.zip
2025-11-20 07:26:35+00:00,2025-11-20 07:26:34.935000+00:00,2025-11-20 07:36:21.680000+00:00,3,"AFT,FORE,NADIR","NCA,NCF,NCN",True,True,True,True,3,ch2_tmc_nca_20251120T0726349382_d_img_d18.zip | ch2_tmc_ncf_20251120T0726349350_d_img_d18.zip | ch2_tmc_ncn_20251120T0726349350_d_img_d18.zip
2025-11-20 19:28:59+00:00,2025-11-20 19:28:59.313000+00:00,2025-11-20 19:30:50.237000+00:00,3,"AFT,FORE,NADIR","NCA,NCF,NCN",True,True,True,True,3,ch2_tmc_nca_20251120T1928593171_d_img_d18.zip | ch2_tmc_ncf_20251120T1928593138_d_img_d18.zip | ch2_tmc_ncn_20251120T1928593171_d_img_d18.zip
2025-11-21 05:18:11+00:00,2025-11-21 05:18:10.943000+00:00,2025-11-21 05:27:57.818000+00:00,3,"AFT,FORE,NADIR","NCA,NCF,NCN",True,True,True,True,3,ch2_tmc_nca_20251121T0518109462_d_img_d18.zip | ch2_tmc_ncf_20251121T0518109431_d_img_d18.zip | ch2_tmc_ncn_20251121T0518109431_d_img_d18.zip
2025-11-22 07:07:48+00:00,2025-11-22 07:07:47.748000+00:00,2025-11-22 07:17:36.545000+00:00,3,"AFT,FORE,NADIR","NCA,NCF,NCN",True,True,True,True,3,ch2_tmc_nca_20251122T0707477484_d_img_d18.zip | ch2_tmc_ncf_20251122T0707477517_d_img_d18.zip | ch2_tmc_ncn_20251122T0707477484_d_img_d18.zip
2025-11-22 09:06:58+00:00,2025-11-22 09:06:58.196000+00:00,2025-11-22 09:16:49.379000+00:00,3,"AFT,FORE,NADIR","NCA,NCF,NCN",True,True,True,True,3,ch2_tmc_nca_20251122T0906581960_d_img_d18.zip | ch2_tmc_ncf_20251122T0906581993_d_img_d18.zip | ch2_tmc_ncn_20251122T0906581960_d_img_d18.zip
2025-11-22 21:07:10+00:00,2025-11-22 21:07:10.150000+00:00,2025-11-22 21:11:35.974000+00:00,3,"AFT,FORE,NADIR","NCA,NCF,NCN",True,True,True,True,3,ch2_tmc_nca_20251122T2107101503_d_img_d18.zip | ch2_tmc_ncf_20251122T2107101503_d_img_d18.zip | ch2_tmc_ncn_20251122T2107101503_d_img_d18.zip
2025-11-23 08:57:36+00:00,2025-11-23 08:57:35.867000+00:00,2025-11-23 09:07:23.884000+00:00,3,"AFT,FORE,NADIR","NCA,NCF,NCN",True,True,True,True,3,ch2_tmc_nca_20251123T0857359004_d_img_d18.zip | ch2_tmc_ncf_20251123T0857358679_d_img_d18.zip | ch2_tmc_ncn_20251123T0857358679_d_img_d18.zip
2025-11-23 10:56:48+00:00,2025-11-23 10:56:48.448000+00:00,2025-11-23 11:06:38.267000+00:00,3,"AFT,FORE,NADIR","NCA,NCF,NCN",True,True,True,True,3,ch2_tmc_nca_20251123T1056484511_d_img_d18.zip | ch2_tmc_ncf_20251123T1056484480_d_img_d18.zip | ch2_tmc_ncn_20251123T1056484480_d_img_d18.zip
2025-11-23 20:52:59+00:00,2025-11-23 20:52:58.946000+00:00,2025-11-23 21:01:31.492000+00:00,3,"AFT,FORE,NADIR","NCA,NCF,NCN",True,True,True,True,3,ch2_tmc_nca_20251123T2052589468_d_img_d18.zip | ch2_tmc_ncf_20251123T2052589468_d_img_d18.zip | ch2_tmc_ncn_20251123T2052589793_d_img_d18.zip
2025-11-23 21:01:19+00:00,2025-11-23 21:01:18.839000+00:00,2025-11-23 21:02:14.822000+00:00,3,"AFT,FORE,NADIR","NCA,NCF,NCN",True,True,True,True,3,ch2_tmc_nca_20251123T2101188394_d_img_d18.zip | ch2_tmc_ncf_20251123T2101188394_d_img_d18.zip | ch2_tmc_ncn_20251123T2101188394_d_img_d18.zip
2025-11-24 10:47:31+00:00,2025-11-24 10:47:30.836000+00:00,2025-11-24 10:56:08.347000+00:00,3,"AFT,FORE,NADIR","NCA,NCF,NCN",True,True,True,True,6,ch2_tmc_nca_20251124T1047308397_d_img_d18.zip | ch2_tmc_nca_20251124T1047308753_d_img_d18.zip | ch2_tmc_ncf_20251124T1047308364_d_img_d18.zip | ch2_tmc_ncf_20251124T1047308753_d_img_d18.zip | ch2_tmc_ncn_20251124T1047308364_d_img_d18.zip | ch2_tmc_ncn_20251124T1047308721_d_img_d18.zip
2025-11-24 12:46:43+00:00,2025-11-24 12:46:43.206000+00:00,2025-11-24 12:56:33.255000+00:00,3,"AFT,FORE,NADIR","NCA,NCF,NCN",True,True,True,True,3,ch2_tmc_nca_20251124T1246432068_d_img_d18.zip | ch2_tmc_ncf_20251124T1246432068_d_img_d18.zip | ch2_tmc_ncn_20251124T1246432099_d_img_d18.zip
2025-11-24 22:47:24+00:00,2025-11-24 22:47:23.904000+00:00,2025-11-24 22:49:58.320000+00:00,3,"AFT,FORE,NADIR","NCA,NCF,NCN",True,True,True,True,3,ch2_tmc_nca_20251124T2247239041_d_img_d18.zip | ch2_tmc_ncf_20251124T2247239041_d_img_d18.zip | ch2_tmc_ncn_20251124T2247239041_d_img_d18.zip
2025-11-24 22:49:49+00:00,2025-11-24 22:49:48.767000+00:00,2025-11-24 22:52:21.436000+00:00,3,"AFT,FORE,NADIR","NCA,NCF,NCN",True,True,True,True,3,ch2_tmc_nca_20251124T2249487673_d_img_d18.zip | ch2_tmc_ncf_20251124T2249487673_d_img_d18.zip | ch2_tmc_ncn_20251124T2249487706_d_img_d18.zip
2025-11-25 10:37:58+00:00,2025-11-25 10:37:58.195000+00:00,2025-11-25 10:47:49.364000+00:00,3,"AFT,FORE,NADIR","NCA,NCF,NCN",True,True,True,True,3,ch2_tmc_nca_20251125T1037581983_d_img_d18.zip | ch2_tmc_ncf_20251125T1037581951_d_img_d18.zip | ch2_tmc_ncn_20251125T1037581951_d_img_d18.zip
2025-11-25 12:37:10+00:00,2025-11-25 12:37:10.439000+00:00,2025-11-25 12:47:01.284000+00:00,3,"AFT,FORE,NADIR","NCA,NCF,NCN",True,True,True,True,3,ch2_tmc_nca_20251125T1237104399_d_img_d18.zip | ch2_tmc_ncf_20251125T1237104431_d_img_d18.zip | ch2_tmc_ncn_20251125T1237104399_d_img_d18.zip
2025-11-25 22:33:12+00:00,2025-11-25 22:33:11.662000+00:00,2025-11-25 22:43:03.530000+00:00,3,"AFT,FORE,NADIR","NCA,NCF,NCN",True,True,True,True,3,ch2_tmc_nca_20251125T2233116661_d_img_d18.zip | ch2_tmc_ncf_20251125T2233116629_d_img_d18.zip | ch2_tmc_ncn_20251125T2233116629_d_img_d18.zip
2025-11-26 10:28:27+00:00,2025-11-26 10:28:27.259000+00:00,2025-11-26 10:38:19.256000+00:00,3,"AFT,FORE,NADIR","NCA,NCF,NCN",True,True,True,True,3,ch2_tmc_nca_20251126T1028272629_d_img_d18.zip | ch2_tmc_ncf_20251126T1028272597_d_img_d18.zip | ch2_tmc_ncn_20251126T1028272597_d_img_d18.zip
2025-11-26 12:27:41+00:00,2025-11-26 12:27:40.871000+00:00,2025-11-26 12:37:31.842000+00:00,3,"AFT,FORE,NADIR","NCA,NCF,NCN",True,True,True,True,3,ch2_tmc_nca_20251126T1227408714_d_img_d18.zip | ch2_tmc_ncf_20251126T1227408714_d_img_d18.zip | ch2_tmc_ncn_20251126T1227408746_d_img_d18.zip
2025-11-26 22:23:48+00:00,2025-11-26 22:23:47.950000+00:00,2025-11-26 22:33:38.924000+00:00,3,"AFT,FORE,NADIR","NCA,NCF,NCN",True,True,True,True,3,ch2_tmc_nca_20251126T2223479502_d_img_d18.zip | ch2_tmc_ncf_20251126T2223479502_d_img_d18.zip | ch2_tmc_ncn_20251126T2223479533_d_img_d18.zip
2025-11-27 10:19:12+00:00,2025-11-27 10:19:11.922000+00:00,2025-11-27 10:29:01.868000+00:00,3,"AFT,FORE,NADIR","NCA,NCF,NCN",True,True,True,True,3,ch2_tmc_nca_20251127T1019119228_d_img_d18.zip | ch2_tmc_ncf_20251127T1019119228_d_img_d18.zip | ch2_tmc_ncn_20251127T1019119260_d_img_d18.zip
2025-11-28 10:10:05+00:00,2025-11-28 10:10:05.296000+00:00,2025-11-28 10:19:54.218000+00:00,3,"AFT,FORE,NADIR","NCA,NCF,NCN",True,True,True,True,3,ch2_tmc_nca_20251128T1010052992_d_img_d18.zip | ch2_tmc_ncf_20251128T1010052960_d_img_d18.zip | ch2_tmc_ncn_20251128T1010052960_d_img_d18.zip
2025-11-28 12:09:19+00:00,2025-11-28 12:09:18.525000+00:00,2025-11-28 12:19:09.367000+00:00,3,"AFT,FORE,NADIR","NCA,NCF,NCN",True,True,True,True,3,ch2_tmc_nca_20251128T1209185258_d_img_d18.zip | ch2_tmc_ncf_20251128T1209185258_d_img_d18.zip | ch2_tmc_ncn_20251128T1209185290_d_img_d18.zip
2025-11-28 14:08:35+00:00,2025-11-28 14:08:35.254000+00:00,2025-11-28 14:18:23.928000+00:00,2,"FORE,NADIR","NCF,NCN",True,False,True,False,2,ch2_tmc_ncf_20251128T1408352545_d_img_d18.zip | ch2_tmc_ncn_20251128T1408352545_d_img_d18.zip
2025-11-28 14:08:36+00:00,2025-11-28 14:08:35.579000+00:00,2025-11-28 14:18:23.928000+00:00,1,AFT,NCA,False,True,False,False,1,ch2_tmc_nca_20251128T1408355795_d_img_d18.zip
2025-11-28 16:07:47+00:00,2025-11-28 16:07:47.387000+00:00,2025-11-28 16:17:38.229000+00:00,3,"AFT,FORE,NADIR","NCA,NCF,NCN",True,True,True,True,3,ch2_tmc_nca_20251128T1607473871_d_img_d18.zip | ch2_tmc_ncf_20251128T1607473903_d_img_d18.zip | ch2_tmc_ncn_20251128T1607473871_d_img_d18.zip
2025-11-29 10:00:56+00:00,2025-11-29 10:00:56.447000+00:00,2025-11-29 10:10:47.292000+00:00,3,"AFT,FORE,NADIR","NCA,NCF,NCN",True,True,True,True,3,ch2_tmc_nca_20251129T1000564473_d_img_d18.zip | ch2_tmc_ncf_20251129T1000564473_d_img_d18.zip | ch2_tmc_ncn_20251129T1000564506_d_img_d18.zip
2025-11-29 12:00:12+00:00,2025-11-29 12:00:11.898000+00:00,2025-11-29 12:10:00.691000+00:00,3,"AFT,FORE,NADIR","NCA,NCF,NCN",True,True,True,True,3,ch2_tmc_nca_20251129T1200118981_d_img_d18.zip | ch2_tmc_ncf_20251129T1200119013_d_img_d18.zip | ch2_tmc_ncn_20251129T1200118981_d_img_d18.zip
2025-11-29 17:57:54+00:00,2025-11-29 17:57:53.765000+00:00,2025-11-29 18:07:44.737000+00:00,3,"AFT,FORE,NADIR","NCA,NCF,NCN",True,True,True,True,3,ch2_tmc_nca_20251129T1757537659_d_img_d18.zip | ch2_tmc_ncf_20251129T1757537659_d_img_d18.zip | ch2_tmc_ncn_20251129T1757537691_d_img_d18.zip
2025-11-30 11:51:10+00:00,2025-11-30 11:51:09.810000+00:00,2025-11-30 12:00:55.826000+00:00,3,"AFT,FORE,NADIR","NCA,NCF,NCN",True,True,True,True,3,ch2_tmc_nca_20251130T1151098100_d_img_d18.zip | ch2_tmc_ncf_20251130T1151098100_d_img_d18.zip | ch2_tmc_ncn_20251130T1151098425_d_img_d18.zip
2025-11-30 13:50:24+00:00,2025-11-30 13:50:23.640000+00:00,2025-11-30 14:00:10.389000+00:00,3,"AFT,FORE,NADIR","NCA,NCF,NCN",True,True,True,True,3,ch2_tmc_nca_20251130T1350236405_d_img_d18.zip | ch2_tmc_ncf_20251130T1350236438_d_img_d18.zip | ch2_tmc_ncn_20251130T1350236405_d_img_d18.zip
2025-11-30 15:49:39+00:00,2025-11-30 15:49:38.972000+00:00,2025-11-30 15:59:24.696000+00:00,3,"AFT,FORE,NADIR","NCA,NCF,NCN",True,True,True,True,3,ch2_tmc_nca_20251130T1549389729_d_img_d18.zip | ch2_tmc_ncf_20251130T1549389761_d_img_d18.zip | ch2_tmc_ncn_20251130T1549389729_d_img_d18.zip
2025-11-30 17:48:53+00:00,2025-11-30 17:48:53.405000+00:00,2025-11-30 17:58:40.153000+00:00,3,"AFT,FORE,NADIR","NCA,NCF,NCN",True,True,True,True,3,ch2_tmc_nca_20251130T1748534050_d_img_d18.zip | ch2_tmc_ncf_20251130T1748534050_d_img_d18.zip | ch2_tmc_ncn_20251130T1748534083_d_img_d18.zip
2025-12-01 01:45:53+00:00,2025-12-01 01:45:52.876000+00:00,2025-12-01 01:55:39.750000+00:00,3,"AFT,FORE,NADIR","NCA,NCF,NCN",True,True,True,True,3,ch2_tmc_nca_20251201T0145528793_d_img_d18.zip | ch2_tmc_ncf_20251201T0145528760_d_img_d18.zip | ch2_tmc_ncn_20251201T0145528760_d_img_d18.zip
2025-12-01 11:42:08+00:00,2025-12-01 11:42:08.324000+00:00,2025-12-01 11:50:27.662000+00:00,3,"AFT,FORE,NADIR","NCA,NCF,NCN",True,True,True,True,3,ch2_tmc_nca_20251201T1142083279_d_img_d18.zip | ch2_tmc_ncf_20251201T1142083247_d_img_d18.zip | ch2_tmc_ncn_20251201T1142083247_d_img_d18.zip
2025-12-01 13:41:22+00:00,2025-12-01 13:41:21.579000+00:00,2025-12-01 13:50:36.389000+00:00,3,"AFT,FORE,NADIR","NCA,NCF,NCN",True,True,True,True,3,ch2_tmc_nca_20251201T1341215794_d_img_d18.zip | ch2_tmc_ncf_20251201T1341215794_d_img_d18.zip | ch2_tmc_ncn_20251201T1341216119_d_img_d18.zip
2025-12-01 13:50:29+00:00,2025-12-01 13:50:29.184000+00:00,2025-12-01 13:51:07.842000+00:00,3,"AFT,FORE,NADIR","NCA,NCF,NCN",True,True,True,True,3,ch2_tmc_nca_20251201T1350291848_d_img_d18.zip | ch2_tmc_ncf_20251201T1350291848_d_img_d18.zip | ch2_tmc_ncn_20251201T1350291848_d_img_d18.zip
2025-12-01 17:39:50+00:00,2025-12-01 17:39:50.165000+00:00,2025-12-01 17:47:58.286000+00:00,3,"AFT,FORE,NADIR","NCA,NCF,NCN",True,True,True,True,3,ch2_tmc_nca_20251201T1739501682_d_img_d18.zip | ch2_tmc_ncf_20251201T1739501650_d_img_d18.zip | ch2_tmc_ncn_20251201T1739501650_d_img_d18.zip
2025-12-01 17:47:49+00:00,2025-12-01 17:47:48.626000+00:00,2025-12-01 17:49:35.887000+00:00,3,"AFT,FORE,NADIR","NCA,NCF,NCN",True,True,True,True,3,ch2_tmc_nca_20251201T1747486265_d_img_d18.zip | ch2_tmc_ncf_20251201T1747486265_d_img_d18.zip | ch2_tmc_ncn_20251201T1747486265_d_img_d18.zip
2025-12-02 01:36:46+00:00,2025-12-02 01:36:45.828000+00:00,2025-12-02 01:46:29.632000+00:00,3,"AFT,FORE,NADIR","NCA,NCF,NCN",True,True,True,True,3,ch2_tmc_nca_20251202T0136458281_d_img_d18.zip | ch2_tmc_ncf_20251202T0136458314_d_img_d18.zip | ch2_tmc_ncn_20251202T0136458281_d_img_d18.zip
2025-12-02 13:32:10+00:00,2025-12-02 13:32:09.559000+00:00,2025-12-02 13:41:52.730000+00:00,3,"AFT,FORE,NADIR","NCA,NCF,NCN",True,True,True,True,3,ch2_tmc_nca_20251202T1332095597_d_img_d18.zip | ch2_tmc_ncf_20251202T1332095909_d_img_d18.zip | ch2_tmc_ncn_20251202T1332095597_d_img_d18.zip
2025-12-02 17:30:36+00:00,2025-12-02 17:30:35.855000+00:00,2025-12-02 17:40:20.682000+00:00,3,"AFT,FORE,NADIR","NCA,NCF,NCN",True,True,True,True,3,ch2_tmc_nca_20251202T1730358589_d_img_d18.zip | ch2_tmc_ncf_20251202T1730358557_d_img_d18.zip | ch2_tmc_ncn_20251202T1730358557_d_img_d18.zip
2025-12-03 03:34:41+00:00,2025-12-03 03:34:40.661000+00:00,2025-12-03 03:36:19.366000+00:00,3,"AFT,FORE,NADIR","NCA,NCF,NCN",True,True,True,True,3,ch2_tmc_nca_20251203T0334406616_d_img_d18.zip | ch2_tmc_ncf_20251203T0334406648_d_img_d18.zip | ch2_tmc_ncn_20251203T0334406616_d_img_d18.zip
2025-12-04 03:17:43+00:00,2025-12-04 03:17:42.975000+00:00,2025-12-04 03:27:29.724000+00:00,3,"AFT,FORE,NADIR","NCA,NCF,NCN",True,True,True,True,3,ch2_tmc_nca_20251204T0317429753_d_img_d18.zip | ch2_tmc_ncf_20251204T0317429785_d_img_d18.zip | ch2_tmc_ncn_20251204T0317429753_d_img_d18.zip
2025-12-04 15:13:03+00:00,2025-12-04 15:13:03.127000+00:00,2025-12-04 15:22:50.899000+00:00,3,"AFT,FORE,NADIR","NCA,NCF,NCN",True,True,True,True,3,ch2_tmc_nca_20251204T1513031279_d_img_d18.zip | ch2_tmc_ncf_20251204T1513031279_d_img_d18.zip | ch2_tmc_ncn_20251204T1513031311_d_img_d18.zip
2025-12-04 19:11:30+00:00,2025-12-04 19:11:29.926000+00:00,2025-12-04 19:21:16.804000+00:00,3,"AFT,FORE,NADIR","NCA,NCF,NCN",True,True,True,True,3,ch2_tmc_nca_20251204T1911299298_d_img_d18.zip | ch2_tmc_ncf_20251204T1911299266_d_img_d18.zip | ch2_tmc_ncn_20251204T1911299266_d_img_d18.zip
2025-12-05 17:02:53+00:00,2025-12-05 17:02:53.134000+00:00,2025-12-05 17:12:42.954000+00:00,3,"AFT,FORE,NADIR","NCA,NCF,NCN",True,True,True,True,3,ch2_tmc_nca_20251205T1702531348_d_img_d18.zip | ch2_tmc_ncf_20251205T1702531348_d_img_d18.zip | ch2_tmc_ncn_20251205T1702531381_d_img_d18.zip
2025-12-06 06:57:22+00:00,2025-12-06 06:57:21.556000+00:00,2025-12-06 07:02:10.526000+00:00,3,"AFT,FORE,NADIR","NCA,NCF,NCN",True,True,True,True,3,ch2_tmc_nca_20251206T0657215560_d_img_d18.zip | ch2_tmc_ncf_20251206T0657215592_d_img_d18.zip | ch2_tmc_ncn_20251206T0657215560_d_img_d18.zip
2025-12-06 22:51:10+00:00,2025-12-06 22:51:09.998000+00:00,2025-12-06 22:55:06.797000+00:00,3,"AFT,FORE,NADIR","NCA,NCF,NCN",True,True,True,True,3,ch2_tmc_nca_20251206T2251099984_d_img_d18.zip | ch2_tmc_ncf_20251206T2251099984_d_img_d18.zip | ch2_tmc_ncn_20251206T2251101694_d_img_d18.zip
2025-12-06 22:55:01+00:00,2025-12-06 22:55:01.163000+00:00,2025-12-06 23:00:59.947000+00:00,3,"AFT,FORE,NADIR","NCA,NCF,NCN",True,True,True,True,3,ch2_tmc_nca_20251206T2255011638_d_img_d18.zip | ch2_tmc_ncf_20251206T2255011638_d_img_d18.zip | ch2_tmc_ncn_20251206T2255011671_d_img_d18.zip
2025-12-07 06:47:49+00:00,2025-12-07 06:47:48.530000+00:00,2025-12-07 06:57:38.349000+00:00,3,"AFT,FORE,NADIR","NCA,NCF,NCN",True,True,True,True,3,ch2_tmc_nca_20251207T0647485300_d_img_d18.zip | ch2_tmc_ncf_20251207T0647485333_d_img_d18.zip | ch2_tmc_ncn_20251207T0647485300_d_img_d18.zip
2025-12-07 18:43:10+00:00,2025-12-07 18:43:09.682000+00:00,2025-12-07 18:52:58.480000+00:00,3,"AFT,FORE,NADIR","NCA,NCF,NCN",True,True,True,True,3,ch2_tmc_nca_20251207T1843096826_d_img_d18.zip | ch2_tmc_ncf_20251207T1843096858_d_img_d18.zip | ch2_tmc_ncn_20251207T1843096826_d_img_d18.zip
2025-12-07 22:41:38+00:00,2025-12-07 22:41:37.524000+00:00,2025-12-07 22:45:56.580000+00:00,3,"AFT,FORE,NADIR","NCA,NCF,NCN",True,True,True,True,3,ch2_tmc_nca_20251207T2241375241_d_img_d18.zip | ch2_tmc_ncf_20251207T2241375274_d_img_d18.zip | ch2_tmc_ncn_20251207T2241375241_d_img_d18.zip
2025-12-07 22:45:49+00:00,2025-12-07 22:45:48.516000+00:00,2025-12-07 22:51:26.447000+00:00,3,"AFT,FORE,NADIR","NCA,NCF,NCN",True,True,True,True,3,ch2_tmc_nca_20251207T2245485196_d_img_d18.zip | ch2_tmc_ncf_20251207T2245485164_d_img_d18.zip | ch2_tmc_ncn_20251207T2245485196_d_img_d18.zip
2025-12-10 00:20:46+00:00,2025-12-10 00:20:45.788000+00:00,2025-12-10 00:30:37.656000+00:00,3,"AFT,FORE,NADIR","NCA,NCF,NCN",True,True,True,True,3,ch2_tmc_nca_20251210T0020457886_d_img_d18.zip | ch2_tmc_ncf_20251210T0020457918_d_img_d18.zip | ch2_tmc_ncn_20251210T0020457886_d_img_d18.zip
2025-12-10 10:16:45+00:00,2025-12-10 10:16:44.963000+00:00,2025-12-10 10:26:36.832000+00:00,3,"AFT,FORE,NADIR","NCA,NCF,NCN",True,True,True,True,3,ch2_tmc_nca_20251210T1016449670_d_img_d18.zip | ch2_tmc_ncf_20251210T1016449639_d_img_d18.zip | ch2_tmc_ncn_20251210T1016449639_d_img_d18.zip
2025-12-10 22:11:54+00:00,2025-12-10 22:11:54.213000+00:00,2025-12-10 22:15:50.941000+00:00,3,"AFT,FORE,NADIR","NCA,NCF,NCN",True,True,True,True,3,ch2_tmc_nca_20251210T2211542131_d_img_d18.zip | ch2_tmc_ncf_20251210T2211542164_d_img_d18.zip | ch2_tmc_ncn_20251210T2211542131_d_img_d18.zip
2025-12-10 22:15:44+00:00,2025-12-10 22:15:44.349000+00:00,2025-12-10 22:21:42.754000+00:00,3,"AFT,FORE,NADIR","NCA,NCF,NCN",True,True,True,True,3,ch2_tmc_nca_20251210T2215443494_d_img_d18.zip | ch2_tmc_ncf_20251210T2215443527_d_img_d18.zip | ch2_tmc_ncn_20251210T2215443527_d_img_d18.zip
2025-12-11 02:10:19+00:00,2025-12-11 02:10:19.432000+00:00,2025-12-11 02:20:10.349000+00:00,3,"AFT,FORE,NADIR","NCA,NCF,NCN",True,True,True,True,3,ch2_tmc_nca_20251211T0210194329_d_img_d18.zip | ch2_tmc_ncf_20251211T0210194362_d_img_d18.zip | ch2_tmc_ncn_20251211T0210194329_d_img_d18.zip
2025-12-11 10:07:11+00:00,2025-12-11 10:07:10.795000+00:00,2025-12-11 10:17:00.741000+00:00,3,"AFT,FORE,NADIR","NCA,NCF,NCN",True,True,True,True,3,ch2_tmc_nca_20251211T1007107987_d_img_d18.zip | ch2_tmc_ncf_20251211T1007107954_d_img_d18.zip | ch2_tmc_ncn_20251211T1007107954_d_img_d18.zip
2025-12-11 22:02:31+00:00,2025-12-11 22:02:31.364000+00:00,2025-12-11 22:08:51.568000+00:00,3,"AFT,FORE,NADIR","NCA,NCF,NCN",True,True,True,True,3,ch2_tmc_nca_20251211T2202313647_d_img_d18.zip | ch2_tmc_ncf_20251211T2202313679_d_img_d18.zip | ch2_tmc_ncn_20251211T2202313647_d_img_d18.zip
2025-12-11 22:08:41+00:00,2025-12-11 22:08:40.646000+00:00,2025-12-11 22:12:21.184000+00:00,3,"AFT,FORE,NADIR","NCA,NCF,NCN",True,True,True,True,3,ch2_tmc_nca_20251211T2208406464_d_img_d18.zip | ch2_tmc_ncf_20251211T2208406464_d_img_d18.zip | ch2_tmc_ncn_20251211T2208406464_d_img_d18.zip
2025-12-12 11:52:46+00:00,2025-12-12 11:52:45.591000+00:00,2025-12-12 12:02:32.340000+00:00,3,"AFT,FORE,NADIR","NCA,NCF,NCN",True,True,True,True,3,ch2_tmc_nca_20251212T1152455913_d_img_d18.zip | ch2_tmc_ncf_20251212T1152455945_d_img_d18.zip | ch2_tmc_ncn_20251212T1152455913_d_img_d18.zip
2025-12-12 21:44:30+00:00,2025-12-12 21:44:29.796000+00:00,2025-12-12 21:54:18.590000+00:00,3,"AFT,FORE,NADIR","NCA,NCF,NCN",True,True,True,True,3,ch2_tmc_nca_20251212T2144297966_d_img_d18.zip | ch2_tmc_ncf_20251212T2144297998_d_img_d18.zip | ch2_tmc_ncn_20251212T2144297966_d_img_d18.zip
2025-12-12 23:42:50+00:00,2025-12-12 23:42:49.957000+00:00,2025-12-12 23:52:39.777000+00:00,3,"AFT,FORE,NADIR","NCA,NCF,NCN",True,True,True,True,3,ch2_tmc_nca_20251212T2342499578_d_img_d18.zip | ch2_tmc_ncf_20251212T2342499610_d_img_d18.zip | ch2_tmc_ncn_20251212T2342499578_d_img_d18.zip
2025-12-13 03:39:28+00:00,2025-12-13 03:39:28.493000+00:00,2025-12-13 03:49:17.286000+00:00,3,"AFT,FORE,NADIR","NCA,NCF,NCN",True,True,True,True,3,ch2_tmc_nca_20251213T0339284931_d_img_d18.zip | ch2_tmc_ncf_20251213T0339284963_d_img_d18.zip | ch2_tmc_ncn_20251213T0339284931_d_img_d18.zip
2025-12-13 05:37:50+00:00,2025-12-13 05:37:49.677000+00:00,2025-12-13 05:47:38.474000+00:00,3,"AFT,FORE,NADIR","NCA,NCF,NCN",True,True,True,True,3,ch2_tmc_nca_20251213T0537496810_d_img_d18.zip | ch2_tmc_ncf_20251213T0537496777_d_img_d18.zip | ch2_tmc_ncn_20251213T0537496777_d_img_d18.zip
2025-12-13 13:31:13+00:00,2025-12-13 13:31:13.336000+00:00,2025-12-13 13:41:02.133000+00:00,3,"AFT,FORE,NADIR","NCA,NCF,NCN",True,True,True,True,3,ch2_tmc_nca_20251213T1331133397_d_img_d18.zip | ch2_tmc_ncf_20251213T1331133365_d_img_d18.zip | ch2_tmc_ncn_20251213T1331133365_d_img_d18.zip
2025-12-13 23:22:59+00:00,2025-12-13 23:22:58.580000+00:00,2025-12-13 23:32:46.351000+00:00,3,"AFT,FORE,NADIR","NCA,NCF,NCN",True,True,True,True,3,ch2_tmc_nca_20251213T2322585803_d_img_d18.zip | ch2_tmc_ncf_20251213T2322585803_d_img_d18.zip | ch2_tmc_ncn_20251213T2322585835_d_img_d18.zip
2025-12-14 03:19:40+00:00,2025-12-14 03:19:40.181000+00:00,2025-12-14 03:29:26.926000+00:00,3,"AFT,FORE,NADIR","NCA,NCF,NCN",True,True,True,True,3,ch2_tmc_nca_20251214T0319401811_d_img_d18.zip | ch2_tmc_ncf_20251214T0319401844_d_img_d18.zip | ch2_tmc_ncn_20251214T0319401811_d_img_d18.zip
2025-12-14 05:18:02+00:00,2025-12-14 05:18:02.261000+00:00,2025-12-14 05:27:46.962000+00:00,3,"AFT,FORE,NADIR","NCA,NCF,NCN",True,True,True,True,3,ch2_tmc_nca_20251214T0518022619_d_img_d18.zip | ch2_tmc_ncf_20251214T0518022650_d_img_d18.zip | ch2_tmc_ncn_20251214T0518022619_d_img_d18.zip
2025-12-14 23:03:09+00:00,2025-12-14 23:03:09.165000+00:00,2025-12-14 23:12:53.992000+00:00,3,"AFT,FORE,NADIR","NCA,NCF,NCN",True,True,True,True,3,ch2_tmc_nca_20251214T2303091689_d_img_d18.zip | ch2_tmc_ncf_20251214T2303091656_d_img_d18.zip | ch2_tmc_ncn_20251214T2303091656_d_img_d18.zip
2025-12-15 02:59:51+00:00,2025-12-15 02:59:50.780000+00:00,2025-12-15 03:09:34.536000+00:00,3,"AFT,FORE,NADIR","NCA,NCF,NCN",True,True,True,True,3,ch2_tmc_nca_20251215T0259507841_d_img_d18.zip | ch2_tmc_ncf_20251215T0259507809_d_img_d18.zip | ch2_tmc_ncn_20251215T0259507809_d_img_d18.zip
2025-12-15 04:58:11+00:00,2025-12-15 04:58:11.219000+00:00,2025-12-15 05:07:55.722000+00:00,3,"AFT,FORE,NADIR","NCA,NCF,NCN",True,True,True,True,3,ch2_tmc_nca_20251215T0458112193_d_img_d18.zip | ch2_tmc_ncf_20251215T0458112518_d_img_d18.zip | ch2_tmc_ncn_20251215T0458112193_d_img_d18.zip
2025-12-15 06:56:32+00:00,2025-12-15 06:56:31.548000+00:00,2025-12-15 07:06:14.729000+00:00,3,"AFT,FORE,NADIR","NCA,NCF,NCN",True,True,True,True,3,ch2_tmc_nca_20251215T0656315488_d_img_d18.zip | ch2_tmc_ncf_20251215T0656315813_d_img_d18.zip | ch2_tmc_ncn_20251215T0656315488_d_img_d18.zip
2025-12-15 14:49:55+00:00,2025-12-15 14:49:55.151000+00:00,2025-12-15 14:59:38.819000+00:00,3,"AFT,FORE,NADIR","NCA,NCF,NCN",True,True,True,True,3,ch2_tmc_nca_20251215T1449551511_d_img_d18.zip | ch2_tmc_ncf_20251215T1449551511_d_img_d18.zip | ch2_tmc_ncn_20251215T1449551836_d_img_d18.zip
2025-12-16 02:39:57+00:00,2025-12-16 02:39:56.591000+00:00,2025-12-16 02:49:39.244000+00:00,3,"AFT,FORE,NADIR","NCA,NCF,NCN",True,True,True,True,3,ch2_tmc_nca_20251216T0239565917_d_img_d18.zip | ch2_tmc_ncf_20251216T0239565950_d_img_d18.zip | ch2_tmc_ncn_20251216T0239565917_d_img_d18.zip
2025-12-16 04:38:18+00:00,2025-12-16 04:38:17.648000+00:00,2025-12-16 04:47:59.277000+00:00,3,"AFT,FORE,NADIR","NCA,NCF,NCN",True,True,True,True,3,ch2_tmc_nca_20251216T0438176484_d_img_d18.zip | ch2_tmc_ncf_20251216T0438176484_d_img_d18.zip | ch2_tmc_ncn_20251216T0438176516_d_img_d18.zip
2025-12-16 06:36:38+00:00,2025-12-16 06:36:37.680000+00:00,2025-12-16 06:46:19.310000+00:00,3,"AFT,FORE,NADIR","NCA,NCF,NCN",True,True,True,True,3,ch2_tmc_nca_20251216T0636376808_d_img_d18.zip | ch2_tmc_ncf_20251216T0636376841_d_img_d18.zip | ch2_tmc_ncn_20251216T0636376808_d_img_d18.zip
2025-12-16 16:28:16+00:00,2025-12-16 16:28:15.614000+00:00,2025-12-16 16:37:22.291000+00:00,3,"AFT,FORE,NADIR","NCA,NCF,NCN",True,True,True,True,3,ch2_tmc_nca_20251216T1628156146_d_img_d18.zip | ch2_tmc_ncf_20251216T1628156178_d_img_d18.zip | ch2_tmc_ncn_20251216T1628156146_d_img_d18.zip
2025-12-16 16:37:18+00:00,2025-12-16 16:37:17.943000+00:00,2025-12-16 16:37:58.396000+00:00,3,"AFT,FORE,NADIR","NCA,NCF,NCN",True,True,True,True,3,ch2_tmc_nca_20251216T1637179763_d_img_d18.zip | ch2_tmc_ncf_20251216T1637179438_d_img_d18.zip | ch2_tmc_ncn_20251216T1637179438_d_img_d18.zip
2025-12-17 04:18:17+00:00,2025-12-17 04:18:17.308000+00:00,2025-12-17 04:27:57.151000+00:00,3,"AFT,FORE,NADIR","NCA,NCF,NCN",True,True,True,True,3,ch2_tmc_nca_20251217T0418173084_d_img_d18.zip | ch2_tmc_ncf_20251217T0418173116_d_img_d18.zip | ch2_tmc_ncn_20251217T0418173084_d_img_d18.zip
2025-12-17 06:16:35+00:00,2025-12-17 06:16:35.292000+00:00,2025-12-17 06:26:17.512000+00:00,3,"AFT,FORE,NADIR","NCA,NCF,NCN",True,True,True,True,3,ch2_tmc_nca_20251217T0616352924_d_img_d18.zip | ch2_tmc_ncf_20251217T0616352924_d_img_d18.zip | ch2_tmc_ncn_20251217T0616352957_d_img_d18.zip
2025-12-17 16:08:15+00:00,2025-12-17 16:08:15.419000+00:00,2025-12-17 16:17:59.940000+00:00,3,"AFT,FORE,NADIR","NCA,NCF,NCN",True,True,True,True,3,ch2_tmc_nca_20251217T1608154196_d_img_d18.zip | ch2_tmc_ncf_20251217T1608154229_d_img_d18.zip | ch2_tmc_ncn_20251217T1608154196_d_img_d18.zip
2025-12-18 03:58:12+00:00,2025-12-18 03:58:11.850000+00:00,2025-12-18 04:07:52.454000+00:00,3,"AFT,FORE,NADIR","NCA,NCF,NCN",True,True,True,True,3,ch2_tmc_nca_20251218T0358118504_d_img_d18.zip | ch2_tmc_ncf_20251218T0358118537_d_img_d18.zip | ch2_tmc_ncn_20251218T0358118504_d_img_d18.zip
2025-12-18 05:56:32+00:00,2025-12-18 05:56:31.898000+00:00,2025-12-18 06:06:11.480000+00:00,3,"AFT,FORE,NADIR","NCA,NCF,NCN",True,True,True,True,3,ch2_tmc_nca_20251218T0556318989_d_img_d18.zip | ch2_tmc_ncf_20251218T0556319022_d_img_d18.zip | ch2_tmc_ncn_20251218T0556318989_d_img_d18.zip
2025-12-18 07:54:49+00:00,2025-12-18 07:54:48.846000+00:00,2025-12-18 08:04:32.521000+00:00,3,"AFT,FORE,NADIR","NCA,NCF,NCN",True,True,True,True,3,ch2_tmc_nca_20251218T0754488501_d_img_d18.zip | ch2_tmc_ncf_20251218T0754488468_d_img_d18.zip | ch2_tmc_ncn_20251218T0754488468_d_img_d18.zip
2025-12-18 17:46:24+00:00,2025-12-18 17:46:23.771000+00:00,2025-12-18 17:56:04.504000+00:00,3,"AFT,FORE,NADIR","NCA,NCF,NCN",True,True,True,True,3,ch2_tmc_nca_20251218T1746237711_d_img_d18.zip | ch2_tmc_ncf_20251218T1746237711_d_img_d18.zip | ch2_tmc_ncn_20251218T1746237743_d_img_d18.zip
2025-12-19 05:36:10+00:00,2025-12-19 05:36:09.990000+00:00,2025-12-19 05:45:51.749000+00:00,3,"AFT,FORE,NADIR","NCA,NCF,NCN",True,True,True,True,3,ch2_tmc_nca_20251219T0536099902_d_img_d18.zip | ch2_tmc_ncf_20251219T0536099902_d_img_d18.zip | ch2_tmc_ncn_20251219T0536099935_d_img_d18.zip
2025-12-19 09:32:44+00:00,2025-12-19 09:32:43.868000+00:00,2025-12-19 09:42:25.623000+00:00,3,"AFT,FORE,NADIR","NCA,NCF,NCN",True,True,True,True,3,ch2_tmc_nca_20251219T0932438682_d_img_d18.zip | ch2_tmc_ncf_20251219T0932438682_d_img_d18.zip | ch2_tmc_ncn_20251219T0932438715_d_img_d18.zip
2025-12-19 17:25:52+00:00,2025-12-19 17:25:52.348000+00:00,2025-12-19 17:35:35.130000+00:00,3,"AFT,FORE,NADIR","NCA,NCF,NCN",True,True,True,True,3,ch2_tmc_nca_20251219T1725523481_d_img_d18.zip | ch2_tmc_ncf_20251219T1725523514_d_img_d18.zip | ch2_tmc_ncn_20251219T1725523481_d_img_d18.zip
2025-12-20 05:25:29+00:00,2025-12-20 05:25:29.152000+00:00,2025-12-20 05:35:04.628000+00:00,3,"AFT,FORE,NADIR","NCA,NCF,NCN",True,True,True,True,3,ch2_tmc_nca_20251220T0525291529_d_img_d18.zip | ch2_tmc_ncf_20251220T0525291853_d_img_d18.zip | ch2_tmc_ncn_20251220T0525291529_d_img_d18.zip
2025-12-20 07:23:48+00:00,2025-12-20 07:23:48.154000+00:00,2025-12-20 07:33:22.743000+00:00,3,"AFT,FORE,NADIR","NCA,NCF,NCN",True,True,True,True,3,ch2_tmc_nca_20251220T0723481545_d_img_d18.zip | ch2_tmc_ncf_20251220T0723481545_d_img_d18.zip | ch2_tmc_ncn_20251220T0723481578_d_img_d18.zip
2025-12-20 09:22:07+00:00,2025-12-20 09:22:07.160000+00:00,2025-12-20 09:31:41.619000+00:00,3,"AFT,FORE,NADIR","NCA,NCF,NCN",True,True,True,True,3,ch2_tmc_nca_20251220T0922071606_d_img_d18.zip | ch2_tmc_ncf_20251220T0922071639_d_img_d18.zip | ch2_tmc_ncn_20251220T0922071606_d_img_d18.zip
2025-12-20 19:13:43+00:00,2025-12-20 19:13:43.182000+00:00,2025-12-20 19:22:23.855000+00:00,3,"AFT,FORE,NADIR","NCA,NCF,NCN",True,True,True,True,3,ch2_tmc_nca_20251220T1913431824_d_img_d18.zip | ch2_tmc_ncf_20251220T1913431824_d_img_d18.zip | ch2_tmc_ncn_20251220T1913431857_d_img_d18.zip
2025-12-20 19:22:13+00:00,2025-12-20 19:22:12.662000+00:00,2025-12-20 19:23:17.641000+00:00,3,"AFT,FORE,NADIR","NCA,NCF,NCN",True,True,True,True,3,ch2_tmc_nca_20251220T1922126621_d_img_d18.zip | ch2_tmc_ncf_20251220T1922126621_d_img_d18.zip | ch2_tmc_ncn_20251220T1922126945_d_img_d18.zip
2025-12-21 05:05:20+00:00,2025-12-21 05:05:20.374000+00:00,2025-12-21 05:14:55.985000+00:00,3,"AFT,FORE,NADIR","NCA,NCF,NCN",True,True,True,True,3,ch2_tmc_nca_20251221T0505203747_d_img_d18.zip | ch2_tmc_ncf_20251221T0505203747_d_img_d18.zip | ch2_tmc_ncn_20251221T0505203780_d_img_d18.zip
2025-12-21 07:03:38+00:00,2025-12-21 07:03:38.345000+00:00,2025-12-21 07:13:13.830000+00:00,3,"AFT,FORE,NADIR","NCA,NCF,NCN",True,True,True,True,3,ch2_tmc_nca_20251221T0703383458_d_img_d18.zip | ch2_tmc_ncf_20251221T0703383490_d_img_d18.zip | ch2_tmc_ncn_20251221T0703383458_d_img_d18.zip
2025-12-21 09:02:00+00:00,2025-12-21 09:01:59.660000+00:00,2025-12-21 09:11:35.145000+00:00,3,"AFT,FORE,NADIR","NCA,NCF,NCN",True,True,True,True,3,ch2_tmc_nca_20251221T0901596605_d_img_d18.zip | ch2_tmc_ncf_20251221T0901596605_d_img_d18.zip | ch2_tmc_ncn_20251221T0901596637_d_img_d18.zip
2025-12-21 11:00:19+00:00,2025-12-21 11:00:18.670000+00:00,2025-12-21 11:09:53.132000+00:00,3,"AFT,FORE,NADIR","NCA,NCF,NCN",True,True,True,True,3,ch2_tmc_nca_20251221T1100186708_d_img_d18.zip | ch2_tmc_ncf_20251221T1100186708_d_img_d18.zip | ch2_tmc_ncn_20251221T1100186741_d_img_d18.zip
2025-12-21 20:51:52+00:00,2025-12-21 20:51:51.632000+00:00,2025-12-21 20:58:07.335000+00:00,3,"AFT,FORE,NADIR","NCA,NCF,NCN",True,True,True,True,3,ch2_tmc_nca_20251221T2051516358_d_img_d18.zip | ch2_tmc_ncf_20251221T2051516325_d_img_d18.zip | ch2_tmc_ncn_20251221T2051516325_d_img_d18.zip
2025-12-21 20:58:00+00:00,2025-12-21 20:57:59.662000+00:00,2025-12-21 21:01:27.116000+00:00,3,"AFT,FORE,NADIR","NCA,NCF,NCN",True,True,True,True,3,ch2_tmc_nca_20251221T2057596654_d_img_d18.zip | ch2_tmc_ncf_20251221T2057596621_d_img_d18.zip | ch2_tmc_ncn_20251221T2057596654_d_img_d18.zip
2025-12-22 06:43:20+00:00,2025-12-22 06:43:19.610000+00:00,2025-12-22 06:52:54.198000+00:00,3,"AFT,FORE,NADIR","NCA,NCF,NCN",True,True,True,True,3,ch2_tmc_nca_20251222T0643196109_d_img_d18.zip | ch2_tmc_ncf_20251222T0643196141_d_img_d18.zip | ch2_tmc_ncn_20251222T0643196109_d_img_d18.zip
2025-12-22 08:41:37+00:00,2025-12-22 08:41:36.574000+00:00,2025-12-22 08:51:12.644000+00:00,3,"AFT,FORE,NADIR","NCA,NCF,NCN",True,True,True,True,3,ch2_tmc_nca_20251222T0841365779_d_img_d18.zip | ch2_tmc_ncf_20251222T0841365746_d_img_d18.zip | ch2_tmc_ncn_20251222T0841365746_d_img_d18.zip
2025-12-22 10:39:54+00:00,2025-12-22 10:39:53.519000+00:00,2025-12-22 10:49:31.523000+00:00,3,"AFT,FORE,NADIR","NCA,NCF,NCN",True,True,True,True,3,ch2_tmc_nca_20251222T1039535199_d_img_d18.zip | ch2_tmc_ncf_20251222T1039535199_d_img_d18.zip | ch2_tmc_ncn_20251222T1039535231_d_img_d18.zip
2025-12-22 20:31:21+00:00,2025-12-22 20:31:21.258000+00:00,2025-12-22 20:40:59.943000+00:00,3,"AFT,FORE,NADIR","NCA,NCF,NCN",True,True,True,True,3,ch2_tmc_nca_20251222T2031212586_d_img_d18.zip | ch2_tmc_ncf_20251222T2031212586_d_img_d18.zip | ch2_tmc_ncn_20251222T2031212617_d_img_d18.zip
2025-12-23 06:22:48+00:00,2025-12-23 06:22:47.989000+00:00,2025-12-23 06:32:27.567000+00:00,3,"AFT,FORE,NADIR","NCA,NCF,NCN",True,True,True,True,3,ch2_tmc_nca_20251223T0622479890_d_img_d18.zip | ch2_tmc_ncf_20251223T0622479923_d_img_d18.zip | ch2_tmc_ncn_20251223T0622479890_d_img_d18.zip
2025-12-23 08:21:08+00:00,2025-12-23 08:21:08.218000+00:00,2025-12-23 08:30:45.554000+00:00,3,"AFT,FORE,NADIR","NCA,NCF,NCN",True,True,True,True,3,ch2_tmc_nca_20251223T0821082508_d_img_d18.zip | ch2_tmc_ncf_20251223T0821082182_d_img_d18.zip | ch2_tmc_ncn_20251223T0821082182_d_img_d18.zip
2025-12-23 10:19:25+00:00,2025-12-23 10:19:24.950000+00:00,2025-12-23 10:29:03.505000+00:00,3,"AFT,FORE,NADIR","NCA,NCF,NCN",True,True,True,True,3,ch2_tmc_nca_20251223T1019249500_d_img_d18.zip | ch2_tmc_ncf_20251223T1019249500_d_img_d18.zip | ch2_tmc_ncn_20251223T1019249531_d_img_d18.zip
2025-12-23 12:17:42+00:00,2025-12-23 12:17:41.783000+00:00,2025-12-23 12:27:21.494000+00:00,3,"AFT,FORE,NADIR","NCA,NCF,NCN",True,True,True,True,3,ch2_tmc_nca_20251223T1217417834_d_img_d18.zip | ch2_tmc_ncf_20251223T1217417866_d_img_d18.zip | ch2_tmc_ncn_20251223T1217417834_d_img_d18.zip
2025-12-23 22:09:13+00:00,2025-12-23 22:09:12.739000+00:00,2025-12-23 22:13:06.522000+00:00,3,"AFT,FORE,NADIR","NCA,NCF,NCN",True,True,True,True,3,ch2_tmc_nca_20251223T2209127390_d_img_d18.zip | ch2_tmc_ncf_20251223T2209127390_d_img_d18.zip | ch2_tmc_ncn_20251223T2209127421_d_img_d18.zip
2025-12-23 22:12:59+00:00,2025-12-23 22:12:59.302000+00:00,2025-12-23 22:18:51.424000+00:00,3,"AFT,FORE,NADIR","NCA,NCF,NCN",True,True,True,True,3,ch2_tmc_nca_20251223T2212593027_d_img_d18.zip | ch2_tmc_ncf_20251223T2212593059_d_img_d18.zip | ch2_tmc_ncn_20251223T2212593027_d_img_d18.zip
2025-12-24 08:00:43+00:00,2025-12-24 08:00:42.623000+00:00,2025-12-24 08:10:20.156000+00:00,3,"AFT,FORE,NADIR","NCA,NCF,NCN",True,True,True,True,3,ch2_tmc_nca_20251224T0800426230_d_img_d18.zip | ch2_tmc_ncf_20251224T0800426230_d_img_d18.zip | ch2_tmc_ncn_20251224T0800426263_d_img_d18.zip
2025-12-24 09:59:02+00:00,2025-12-24 09:59:01.634000+00:00,2025-12-24 10:08:38.270000+00:00,3,"AFT,FORE,NADIR","NCA,NCF,NCN",True,True,True,True,3,ch2_tmc_nca_20251224T0959016341_d_img_d18.zip | ch2_tmc_ncf_20251224T0959016373_d_img_d18.zip | ch2_tmc_ncn_20251224T0959016341_d_img_d18.zip
2025-12-24 11:57:22+00:00,2025-12-24 11:57:21.761000+00:00,2025-12-24 12:06:57.245000+00:00,3,"AFT,FORE,NADIR","NCA,NCF,NCN",True,True,True,True,3,ch2_tmc_nca_20251224T1157217611_d_img_d18.zip | ch2_tmc_ncf_20251224T1157217642_d_img_d18.zip | ch2_tmc_ncn_20251224T1157217611_d_img_d18.zip
2025-12-24 13:55:41+00:00,2025-12-24 13:55:40.774000+00:00,2025-12-24 14:05:16.255000+00:00,3,"AFT,FORE,NADIR","NCA,NCF,NCN",True,True,True,True,3,ch2_tmc_nca_20251224T1355407773_d_img_d18.zip | ch2_tmc_ncf_20251224T1355407740_d_img_d18.zip | ch2_tmc_ncn_20251224T1355407740_d_img_d18.zip
2025-12-24 21:48:59+00:00,2025-12-24 21:48:59.242000+00:00,2025-12-24 21:58:33.830000+00:00,3,"AFT,FORE,NADIR","NCA,NCF,NCN",True,True,True,True,3,ch2_tmc_nca_20251224T2148592426_d_img_d18.zip | ch2_tmc_ncf_20251224T2148592426_d_img_d18.zip | ch2_tmc_ncn_20251224T2148592457_d_img_d18.zip
2025-12-25 07:40:33+00:00,2025-12-25 07:40:32.967000+00:00,2025-12-25 07:50:07.555000+00:00,3,"AFT,FORE,NADIR","NCA,NCF,NCN",True,True,True,True,3,ch2_tmc_nca_20251225T0740329704_d_img_d18.zip | ch2_tmc_ncf_20251225T0740329672_d_img_d18.zip | ch2_tmc_ncn_20251225T0740329672_d_img_d18.zip
2025-12-25 09:38:52+00:00,2025-12-25 09:38:52.236000+00:00,2025-12-25 09:48:27.720000+00:00,3,"AFT,FORE,NADIR","NCA,NCF,NCN",True,True,True,True,3,ch2_tmc_nca_20251225T0938522363_d_img_d18.zip | ch2_tmc_ncf_20251225T0938522363_d_img_d18.zip | ch2_tmc_ncn_20251225T0938522395_d_img_d18.zip
2025-12-25 11:37:11+00:00,2025-12-25 11:37:11.119000+00:00,2025-12-25 11:46:46.730000+00:00,3,"AFT,FORE,NADIR","NCA,NCF,NCN",True,True,True,True,3,ch2_tmc_nca_20251225T1137111198_d_img_d18.zip | ch2_tmc_ncf_20251225T1137111230_d_img_d18.zip | ch2_tmc_ncn_20251225T1137111198_d_img_d18.zip
2025-12-25 23:27:10+00:00,2025-12-25 23:27:10.129000+00:00,2025-12-25 23:33:54.315000+00:00,3,"AFT,FORE,NADIR","NCA,NCF,NCN",True,True,True,True,3,ch2_tmc_nca_20251225T2327101328_d_img_d18.zip | ch2_tmc_ncf_20251225T2327101296_d_img_d18.zip | ch2_tmc_ncn_20251225T2327101296_d_img_d18.zip
2025-12-25 23:33:46+00:00,2025-12-25 23:33:45.966000+00:00,2025-12-25 23:36:46.766000+00:00,3,"AFT,FORE,NADIR","NCA,NCF,NCN",True,True,True,True,3,ch2_tmc_nca_20251225T2333459667_d_img_d18.zip | ch2_tmc_ncf_20251225T2333459700_d_img_d18.zip | ch2_tmc_ncn_20251225T2333459667_d_img_d18.zip
2025-12-26 09:18:49+00:00,2025-12-26 09:18:49.358000+00:00,2025-12-26 09:28:25.869000+00:00,3,"AFT,FORE,NADIR","NCA,NCF,NCN",True,True,True,True,3,ch2_tmc_nca_20251226T0918493618_d_img_d18.zip | ch2_tmc_ncf_20251226T0918493586_d_img_d18.zip | ch2_tmc_ncn_20251226T0918493586_d_img_d18.zip
2025-12-26 13:15:28+00:00,2025-12-26 13:15:28.499000+00:00,2025-12-26 13:25:02.958000+00:00,2,"AFT,FORE","NCA,NCF",False,True,True,False,2,ch2_tmc_nca_20251226T1315284996_d_img_d18.zip | ch2_tmc_ncf_20251226T1315284996_d_img_d18.zip
2025-12-26 13:15:29+00:00,2025-12-26 13:15:28.502000+00:00,2025-12-26 13:25:02.955000+00:00,1,NADIR,NCN,True,False,False,False,1,ch2_tmc_ncn_20251226T1315285028_d_img_d18.zip
2025-12-26 15:13:48+00:00,2025-12-26 15:13:47.511000+00:00,2025-12-26 15:23:24.148000+00:00,3,"AFT,FORE,NADIR","NCA,NCF,NCN",True,True,True,True,3,ch2_tmc_nca_20251226T1513475112_d_img_d18.zip | ch2_tmc_ncf_20251226T1513475144_d_img_d18.zip | ch2_tmc_ncn_20251226T1513475112_d_img_d18.zip
2025-12-26 23:07:05+00:00,2025-12-26 23:07:04.625000+00:00,2025-12-26 23:16:39.673000+00:00,3,"AFT,FORE,NADIR","NCA,NCF,NCN",True,True,True,True,3,ch2_tmc_nca_20251226T2307046582_d_img_d18.zip | ch2_tmc_ncf_20251226T2307046257_d_img_d18.zip | ch2_tmc_ncn_20251226T2307046257_d_img_d18.zip
2025-12-27 09:04:39+00:00,2025-12-27 09:04:39.389000+00:00,2025-12-27 09:12:47.984000+00:00,3,"AFT,FORE,NADIR","NCA,NCF,NCN",True,True,True,True,3,ch2_tmc_nca_20251227T0904393929_d_img_d18.zip | ch2_tmc_ncf_20251227T0904393896_d_img_d18.zip | ch2_tmc_ncn_20251227T0904393896_d_img_d18.zip
2025-12-28 12:38:05+00:00,2025-12-28 12:38:05.168000+00:00,2025-12-28 12:51:00.250000+00:00,3,"AFT,FORE,NADIR","NCA,NCF,NCN",True,True,True,True,3,ch2_tmc_nca_20251228T1238051682_d_img_d18.zip | ch2_tmc_ncf_20251228T1238051682_d_img_d18.zip | ch2_tmc_ncn_20251228T1238051682_d_img_d18.zip
2025-12-28 14:36:30+00:00,2025-12-28 14:36:29.670000+00:00,2025-12-28 14:47:21.178000+00:00,3,"AFT,FORE,NADIR","NCA,NCF,NCN",True,True,True,True,3,ch2_tmc_nca_20251228T1436296700_d_img_d18.zip | ch2_tmc_ncf_20251228T1436296700_d_img_d18.zip | ch2_tmc_ncn_20251228T1436296732_d_img_d18.zip
2025-12-29 00:23:05+00:00,2025-12-29 00:23:05.174000+00:00,2025-12-29 00:36:15.938000+00:00,3,"AFT,FORE,NADIR","NCA,NCF,NCN",True,True,True,True,3,ch2_tmc_nca_20251229T0023051749_d_img_d18.zip | ch2_tmc_ncf_20251229T0023051749_d_img_d18.zip | ch2_tmc_ncn_20251229T0023051749_d_img_d18.zip
2025-12-29 14:16:16+00:00,2025-12-29 14:16:15.782000+00:00,2025-12-29 14:29:15.692000+00:00,3,"AFT,FORE,NADIR","NCA,NCF,NCN",True,True,True,True,3,ch2_tmc_nca_20251229T1416157852_d_img_d18.zip | ch2_tmc_ncf_20251229T1416157820_d_img_d18.zip | ch2_tmc_ncn_20251229T1416157820_d_img_d18.zip
2025-12-30 02:01:10+00:00,2025-12-30 02:01:10.170000+00:00,2025-12-30 02:12:04.972000+00:00,3,"AFT,FORE,NADIR","NCA,NCF,NCN",True,True,True,True,3,ch2_tmc_nca_20251230T0201101705_d_img_d18.zip | ch2_tmc_ncf_20251230T0201101705_d_img_d18.zip | ch2_tmc_ncn_20251230T0201101705_d_img_d18.zip
2025-12-30 15:54:29+00:00,2025-12-30 15:54:28.727000+00:00,2025-12-30 16:06:15.494000+00:00,3,"AFT,FORE,NADIR","NCA,NCF,NCN",True,True,True,True,3,ch2_tmc_nca_20251230T1554287277_d_img_d18.zip | ch2_tmc_ncf_20251230T1554287277_d_img_d18.zip | ch2_tmc_ncn_20251230T1554287277_d_img_d18.zip
2026-01-01 05:17:29+00:00,2026-01-01 05:17:29.437000+00:00,2026-01-01 05:28:33.330000+00:00,3,"AFT,FORE,NADIR","NCA,NCF,NCN",True,True,True,True,3,ch2_tmc_nca_20260101T0517294377_d_img_d18.zip | ch2_tmc_ncf_20260101T0517294377_d_img_d18.zip | ch2_tmc_ncn_20260101T0517294377_d_img_d18.zip
2026-01-01 19:05:40+00:00,2026-01-01 19:05:40.364000+00:00,2026-01-01 19:16:19.588000+00:00,3,"AFT,FORE,NADIR","NCA,NCF,NCN",True,True,True,True,3,ch2_tmc_nca_20260101T1905403641_d_img_d18.zip | ch2_tmc_ncf_20260101T1905403673_d_img_d18.zip | ch2_tmc_ncn_20260101T1905403641_d_img_d18.zip
2026-01-04 06:22:55+00:00,2026-01-04 06:22:54.842000+00:00,2026-01-04 06:35:05.697000+00:00,3,"AFT,FORE,NADIR","NCA,NCF,NCN",True,True,True,True,3,ch2_tmc_nca_20260104T0622548455_d_img_d18.zip | ch2_tmc_ncf_20260104T0622548423_d_img_d18.zip | ch2_tmc_ncn_20260104T0622548423_d_img_d18.zip
2026-01-04 20:12:44+00:00,2026-01-04 20:12:43.719000+00:00,2026-01-04 20:22:58.489000+00:00,3,"AFT,FORE,NADIR","NCA,NCF,NCN",True,True,True,True,3,ch2_tmc_nca_20260104T2012437194_d_img_d18.zip | ch2_tmc_ncf_20260104T2012437194_d_img_d18.zip | ch2_tmc_ncn_20260104T2012437194_d_img_d18.zip
2026-01-05 07:52:49+00:00,2026-01-05 07:52:49.344000+00:00,2026-01-05 07:59:26.740000+00:00,3,"AFT,FORE,NADIR","NCA,NCF,NCN",True,True,True,True,3,ch2_tmc_nca_20260105T0752493443_d_img_d18.zip | ch2_tmc_ncf_20260105T0752493443_d_img_d18.zip | ch2_tmc_ncn_20260105T0752493443_d_img_d18.zip
2026-01-05 07:59:21+00:00,2026-01-05 07:59:21.447000+00:00,2026-01-05 08:01:40.469000+00:00,3,"AFT,FORE,NADIR","NCA,NCF,NCN",True,True,True,True,3,ch2_tmc_nca_20260105T0759214502_d_img_d18.zip | ch2_tmc_ncf_20260105T0759214502_d_img_d18.zip | ch2_tmc_ncn_20260105T0759214471_d_img_d18.zip
2026-01-06 11:40:26+00:00,2026-01-06 11:40:25.585000+00:00,2026-01-06 11:51:17.359000+00:00,3,"AFT,FORE,NADIR","NCA,NCF,NCN",True,True,True,True,3,ch2_tmc_nca_20260106T1140255855_d_img_d18.zip | ch2_tmc_ncf_20260106T1140255855_d_img_d18.zip | ch2_tmc_ncn_20260106T1140255855_d_img_d18.zip
2026-01-06 19:22:08+00:00,2026-01-06 19:22:08.202000+00:00,2026-01-06 19:33:11.119000+00:00,3,"AFT,FORE,NADIR","NCA,NCF,NCN",True,True,True,True,3,ch2_tmc_nca_20260106T1922082354_d_img_d18.zip | ch2_tmc_ncf_20260106T1922082354_d_img_d18.zip | ch2_tmc_ncn_20260106T1922082028_d_img_d18.zip
2026-01-06 23:18:44+00:00,2026-01-06 23:18:44.346000+00:00,2026-01-06 23:30:35.836000+00:00,3,"AFT,FORE,NADIR","NCA,NCF,NCN",True,True,True,True,3,ch2_tmc_nca_20260106T2318443466_d_img_d18.zip | ch2_tmc_ncf_20260106T2318443499_d_img_d18.zip | ch2_tmc_ncn_20260106T2318443499_d_img_d18.zip
2026-01-08 00:56:47+00:00,2026-01-08 00:56:47.152000+00:00,2026-01-08 01:08:27.692000+00:00,3,"AFT,FORE,NADIR","NCA,NCF,NCN",True,True,True,True,3,ch2_tmc_nca_20260108T0056471521_d_img_d18.zip | ch2_tmc_ncf_20260108T0056471553_d_img_d18.zip | ch2_tmc_ncn_20260108T0056471521_d_img_d18.zip
2026-01-08 09:04:41+00:00,2026-01-08 09:04:41.354000+00:00,2026-01-08 09:11:12.517000+00:00,3,"AFT,FORE,NADIR","NCA,NCF,NCN",True,True,True,True,3,ch2_tmc_nca_20260108T0904413541_d_img_d18.zip | ch2_tmc_ncf_20260108T0904413573_d_img_d18.zip | ch2_tmc_ncn_20260108T0904413541_d_img_d18.zip
2026-01-08 20:40:02+00:00,2026-01-08 20:40:01.637000+00:00,2026-01-08 20:43:24.752000+00:00,3,"AFT,FORE,NADIR","NCA,NCF,NCN",True,True,True,True,3,ch2_tmc_nca_20260108T2040016372_d_img_d18.zip | ch2_tmc_ncf_20260108T2040016372_d_img_d18.zip | ch2_tmc_ncn_20260108T2040016372_d_img_d18.zip
2026-01-08 20:43:19+00:00,2026-01-08 20:43:18.737000+00:00,2026-01-08 20:52:31.119000+00:00,3,"AFT,FORE,NADIR","NCA,NCF,NCN",True,True,True,True,3,ch2_tmc_nca_20260108T2043187370_d_img_d18.zip | ch2_tmc_ncf_20260108T2043187402_d_img_d18.zip | ch2_tmc_ncn_20260108T2043187370_d_img_d18.zip
2026-01-09 20:20:01+00:00,2026-01-09 20:20:01.328000+00:00,2026-01-09 20:33:10.315000+00:00,3,"AFT,FORE,NADIR","NCA,NCF,NCN",True,True,True,True,3,ch2_tmc_nca_20260109T2020013282_d_img_d18.zip | ch2_tmc_ncf_20260109T2020013282_d_img_d18.zip | ch2_tmc_ncn_20260109T2020013282_d_img_d18.zip
2026-01-10 00:16:09+00:00,2026-01-10 00:16:09.145000+00:00,2026-01-10 00:35:29.463000+00:00,3,"AFT,FORE,NADIR","NCA,NCF,NCN",True,True,True,True,3,ch2_tmc_nca_20260110T0016091456_d_img_d18.zip | ch2_tmc_ncf_20260110T0016091456_d_img_d18.zip | ch2_tmc_ncn_20260110T0016091489_d_img_d18.zip
2026-01-10 02:14:29+00:00,2026-01-10 02:14:29.165000+00:00,2026-01-10 02:33:50.378000+00:00,3,"AFT,FORE,NADIR","NCA,NCF,NCN",True,True,True,True,3,ch2_tmc_nca_20260110T0214291651_d_img_d18.zip | ch2_tmc_ncf_20260110T0214291651_d_img_d18.zip | ch2_tmc_ncn_20260110T0214291683_d_img_d18.zip
2026-01-10 04:12:48+00:00,2026-01-10 04:12:48.177000+00:00,2026-01-10 04:22:27.758000+00:00,3,"AFT,FORE,NADIR","NCA,NCF,NCN",True,True,True,True,3,ch2_tmc_nca_20260110T0412481771_d_img_d18.zip | ch2_tmc_ncf_20260110T0412481771_d_img_d18.zip | ch2_tmc_ncn_20260110T0412481803_d_img_d18.zip
2026-01-10 12:06:07+00:00,2026-01-10 12:06:06.518000+00:00,2026-01-10 12:19:16.146000+00:00,3,"AFT,FORE,NADIR","NCA,NCF,NCN",True,True,True,True,3,ch2_tmc_nca_20260110T1206065189_d_img_d18.zip | ch2_tmc_ncf_20260110T1206065189_d_img_d18.zip | ch2_tmc_ncn_20260110T1206065189_d_img_d18.zip
2026-01-10 22:05:47+00:00,2026-01-10 22:05:46.901000+00:00,2026-01-10 22:18:07.610000+00:00,3,"AFT,FORE,NADIR","NCA,NCF,NCN",True,True,True,True,3,ch2_tmc_nca_20260110T2205469011_d_img_d18.zip | ch2_tmc_ncf_20260110T2205469011_d_img_d18.zip | ch2_tmc_ncn_20260110T2205469011_d_img_d18.zip
2026-01-11 00:04:08+00:00,2026-01-11 00:04:08.466000+00:00,2026-01-11 00:17:12.851000+00:00,3,"AFT,FORE,NADIR","NCA,NCF,NCN",True,True,True,True,3,ch2_tmc_nca_20260111T0004084693_d_img_d18.zip | ch2_tmc_ncf_20260111T0004084660_d_img_d18.zip | ch2_tmc_ncn_20260111T0004084660_d_img_d18.zip
2026-01-11 02:04:06+00:00,2026-01-11 02:04:05.789000+00:00,2026-01-11 02:15:24.697000+00:00,3,"AFT,FORE,NADIR","NCA,NCF,NCN",True,True,True,True,3,ch2_tmc_nca_20260111T0204057897_d_img_d18.zip | ch2_tmc_ncf_20260111T0204057897_d_img_d18.zip | ch2_tmc_ncn_20260111T0204057930_d_img_d18.zip
2026-01-11 04:02:26+00:00,2026-01-11 04:02:25.777000+00:00,2026-01-11 04:13:43.788000+00:00,3,"AFT,FORE,NADIR","NCA,NCF,NCN",True,True,True,True,3,ch2_tmc_nca_20260111T0402257770_d_img_d18.zip | ch2_tmc_ncf_20260111T0402257770_d_img_d18.zip | ch2_tmc_ncn_20260111T0402257802_d_img_d18.zip
2026-01-11 13:44:26+00:00,2026-01-11 13:44:26.362000+00:00,2026-01-11 13:57:35.990000+00:00,3,"AFT,FORE,NADIR","NCA,NCF,NCN",True,True,True,True,3,ch2_tmc_nca_20260111T1344263627_d_img_d18.zip | ch2_tmc_ncf_20260111T1344263627_d_img_d18.zip | ch2_tmc_ncn_20260111T1344263627_d_img_d18.zip
2026-01-12 13:24:25+00:00,2026-01-12 13:24:25.317000+00:00,2026-01-12 13:37:33.923000+00:00,3,"AFT,FORE,NADIR","NCA,NCF,NCN",True,True,True,True,3,ch2_tmc_nca_20260112T1324253178_d_img_d18.zip | ch2_tmc_ncf_20260112T1324253178_d_img_d18.zip | ch2_tmc_ncn_20260112T1324253178_d_img_d18.zip
2026-01-13 03:12:40+00:00,2026-01-13 03:12:40.375000+00:00,2026-01-13 03:25:49.665000+00:00,3,"AFT,FORE,NADIR","NCA,NCF,NCN",True,True,True,True,3,ch2_tmc_nca_20260113T0312403755_d_img_d18.zip | ch2_tmc_ncf_20260113T0312403755_d_img_d18.zip | ch2_tmc_ncn_20260113T0312403755_d_img_d18.zip
2026-01-13 05:10:58+00:00,2026-01-13 05:10:58.282000+00:00,2026-01-13 05:24:07.910000+00:00,3,"AFT,FORE,NADIR","NCA,NCF,NCN",True,True,True,True,3,ch2_tmc_nca_20260113T0510582828_d_img_d18.zip | ch2_tmc_ncf_20260113T0510582828_d_img_d18.zip | ch2_tmc_ncn_20260113T0510582828_d_img_d18.zip
2026-01-14 16:40:43+00:00,2026-01-14 16:40:42.573000+00:00,2026-01-14 16:52:19.236000+00:00,3,"AFT,FORE,NADIR","NCA,NCF,NCN",True,True,True,True,3,ch2_tmc_nca_20260114T1640425731_d_img_d18.zip | ch2_tmc_ncf_20260114T1640425731_d_img_d18.zip | ch2_tmc_ncn_20260114T1640425731_d_img_d18.zip
2026-01-14 16:52:15+00:00,2026-01-14 16:52:14.683000+00:00,2026-01-14 16:53:10.230000+00:00,3,"AFT,FORE,NADIR","NCA,NCF,NCN",True,True,True,True,3,ch2_tmc_nca_20260114T1652146870_d_img_d18.zip | ch2_tmc_ncf_20260114T1652146870_d_img_d18.zip | ch2_tmc_ncn_20260114T1652146838_d_img_d18.zip
2026-01-15 02:32:29+00:00,2026-01-15 02:32:29.150000+00:00,2026-01-15 02:45:15.584000+00:00,3,"AFT,FORE,NADIR","NCA,NCF,NCN",True,True,True,True,3,ch2_tmc_nca_20260115T0232291506_d_img_d18.zip | ch2_tmc_ncf_20260115T0232291506_d_img_d18.zip | ch2_tmc_ncn_20260115T0232291506_d_img_d18.zip
2026-01-15 06:29:04+00:00,2026-01-15 06:29:03.963000+00:00,2026-01-15 06:42:11.671000+00:00,3,"AFT,FORE,NADIR","NCA,NCF,NCN",True,True,True,True,3,ch2_tmc_nca_20260115T0629039631_d_img_d18.zip | ch2_tmc_ncf_20260115T0629039631_d_img_d18.zip | ch2_tmc_ncn_20260115T0629039631_d_img_d18.zip
2026-01-15 16:20:31+00:00,2026-01-15 16:20:30.912000+00:00,2026-01-15 16:33:40.540000+00:00,3,"AFT,FORE,NADIR","NCA,NCF,NCN",True,True,True,True,3,ch2_tmc_nca_20260115T1620309121_d_img_d18.zip | ch2_tmc_ncf_20260115T1620309121_d_img_d18.zip | ch2_tmc_ncn_20260115T1620309121_d_img_d18.zip
2026-01-16 02:16:42+00:00,2026-01-16 02:16:41.542000+00:00,2026-01-16 02:24:44.874000+00:00,3,"AFT,FORE,NADIR","NCA,NCF,NCN",True,True,True,True,3,ch2_tmc_nca_20260116T0216415424_d_img_d18.zip | ch2_tmc_ncf_20260116T0216415424_d_img_d18.zip | ch2_tmc_ncn_20260116T0216415424_d_img_d18.zip
2026-01-16 06:13:15+00:00,2026-01-16 06:13:15.202000+00:00,2026-01-16 06:26:14.717000+00:00,3,"AFT,FORE,NADIR","NCA,NCF,NCN",True,True,True,True,3,ch2_tmc_nca_20260116T0613152023_d_img_d18.zip | ch2_tmc_ncf_20260116T0613152023_d_img_d18.zip | ch2_tmc_ncn_20260116T0613152023_d_img_d18.zip
2026-01-16 18:03:04+00:00,2026-01-16 18:03:03.624000+00:00,2026-01-16 18:07:14.661000+00:00,3,"AFT,FORE,NADIR","NCA,NCF,NCN",True,True,True,True,3,ch2_tmc_nca_20260116T1803036240_d_img_d18.zip | ch2_tmc_ncf_20260116T1803036240_d_img_d18.zip | ch2_tmc_ncn_20260116T1803036240_d_img_d18.zip
2026-01-16 18:07:08+00:00,2026-01-16 18:07:07.555000+00:00,2026-01-16 18:15:19.421000+00:00,3,"AFT,FORE,NADIR","NCA,NCF,NCN",True,True,True,True,3,ch2_tmc_nca_20260116T1807075557_d_img_d18.zip | ch2_tmc_ncf_20260116T1807075557_d_img_d18.zip | ch2_tmc_ncn_20260116T1807075557_d_img_d18.zip
2026-01-17 03:49:36+00:00,2026-01-17 03:49:35.902000+00:00,2026-01-17 04:02:45.400000+00:00,3,"AFT,FORE,NADIR","NCA,NCF,NCN",True,True,True,True,3,ch2_tmc_nca_20260117T0349359020_d_img_d18.zip | ch2_tmc_ncf_20260117T0349359020_d_img_d18.zip | ch2_tmc_ncn_20260117T0349359020_d_img_d18.zip
2026-01-17 17:41:49+00:00,2026-01-17 17:41:48.940000+00:00,2026-01-17 17:54:59.594000+00:00,3,"AFT,FORE,NADIR","NCA,NCF,NCN",True,True,True,True,3,ch2_tmc_nca_20260117T1741489402_d_img_d18.zip | ch2_tmc_ncf_20260117T1741489402_d_img_d18.zip | ch2_tmc_ncn_20260117T1741489402_d_img_d18.zip
2026-01-18 09:29:17+00:00,2026-01-18 09:29:16.767000+00:00,2026-01-18 09:42:08.859000+00:00,3,"AFT,FORE,NADIR","NCA,NCF,NCN",True,True,True,True,3,ch2_tmc_nca_20260118T0929167672_d_img_d18.zip | ch2_tmc_ncf_20260118T0929167704_d_img_d18.zip | ch2_tmc_ncn_20260118T0929167672_d_img_d18.zip
2026-01-20 08:40:57+00:00,2026-01-20 08:40:57.480000+00:00,2026-01-20 08:53:39.682000+00:00,3,"AFT,FORE,NADIR","NCA,NCF,NCN",True,True,True,True,3,ch2_tmc_nca_20260120T0840574800_d_img_d18.zip | ch2_tmc_ncf_20260120T0840574800_d_img_d18.zip | ch2_tmc_ncn_20260120T0840574800_d_img_d18.zip
2026-01-20 20:37:22+00:00,2026-01-20 20:37:22.363000+00:00,2026-01-20 20:39:05.142000+00:00,3,"AFT,FORE,NADIR","NCA,NCF,NCN",True,True,True,True,3,ch2_tmc_nca_20260120T2037223668_d_img_d18.zip | ch2_tmc_ncf_20260120T2037223635_d_img_d18.zip | ch2_tmc_ncn_20260120T2037223635_d_img_d18.zip
2026-01-20 20:39:01+00:00,2026-01-20 20:39:00.528000+00:00,2026-01-20 20:48:54.789000+00:00,3,"AFT,FORE,NADIR","NCA,NCF,NCN",True,True,True,True,3,ch2_tmc_nca_20260120T2039005280_d_img_d18.zip | ch2_tmc_ncf_20260120T2039005280_d_img_d18.zip | ch2_tmc_ncn_20260120T2039005280_d_img_d18.zip
2026-01-21 10:36:15+00:00,2026-01-21 10:36:15.187000+00:00,2026-01-21 10:48:06.467000+00:00,3,"AFT,FORE,NADIR","NCA,NCF,NCN",True,True,True,True,3,ch2_tmc_nca_20260121T1036151903_d_img_d18.zip | ch2_tmc_ncf_20260121T1036151903_d_img_d18.zip | ch2_tmc_ncn_20260121T1036151871_d_img_d18.zip
2026-01-21 20:30:21+00:00,2026-01-21 20:30:20.945000+00:00,2026-01-21 20:43:29.806000+00:00,3,"AFT,FORE,NADIR","NCA,NCF,NCN",True,True,True,True,3,ch2_tmc_nca_20260121T2030209457_d_img_d18.zip | ch2_tmc_ncf_20260121T2030209457_d_img_d18.zip | ch2_tmc_ncn_20260121T2030209457_d_img_d18.zip
2026-01-22 06:35:26+00:00,2026-01-22 06:35:25.844000+00:00,2026-01-22 06:46:36.279000+00:00,3,"AFT,FORE,NADIR","NCA,NCF,NCN",True,True,True,True,3,ch2_tmc_nca_20260122T0635258440_d_img_d18.zip | ch2_tmc_ncf_20260122T0635258440_d_img_d18.zip | ch2_tmc_ncn_20260122T0635258440_d_img_d18.zip
2026-01-22 08:40:03+00:00,2026-01-22 08:40:02.636000+00:00,2026-01-22 08:46:45.139000+00:00,3,"AFT,FORE,NADIR","NCA,NCF,NCN",True,True,True,True,3,ch2_tmc_nca_20260122T0840026396_d_img_d18.zip | ch2_tmc_ncf_20260122T0840026363_d_img_d18.zip | ch2_tmc_ncn_20260122T0840026396_d_img_d18.zip
2026-01-22 10:36:11+00:00,2026-01-22 10:36:11.363000+00:00,2026-01-22 10:49:21.120000+00:00,3,"AFT,FORE,NADIR","NCA,NCF,NCN",True,True,True,True,3,ch2_tmc_nca_20260122T1036113632_d_img_d18.zip | ch2_tmc_ncf_20260122T1036113632_d_img_d18.zip | ch2_tmc_ncn_20260122T1036113632_d_img_d18.zip
2026-01-22 20:28:23+00:00,2026-01-22 20:28:22.754000+00:00,2026-01-22 20:33:17.523000+00:00,3,"AFT,FORE,NADIR","NCA,NCF,NCN",True,True,True,True,3,ch2_tmc_nca_20260122T2028227542_d_img_d18.zip | ch2_tmc_ncf_20260122T2028227542_d_img_d18.zip | ch2_tmc_ncn_20260122T2028227542_d_img_d18.zip
2026-01-23 06:20:49+00:00,2026-01-23 06:20:48.698000+00:00,2026-01-23 06:33:57.553000+00:00,3,"AFT,FORE,NADIR","NCA,NCF,NCN",True,True,True,True,3,ch2_tmc_nca_20260123T0620487018_d_img_d18.zip | ch2_tmc_ncf_20260123T0620486986_d_img_d18.zip | ch2_tmc_ncn_20260123T0620487018_d_img_d18.zip
2026-01-23 08:20:16+00:00,2026-01-23 08:20:15.674000+00:00,2026-01-23 08:33:20.179000+00:00,3,"AFT,FORE,NADIR","NCA,NCF,NCN",True,True,True,True,3,ch2_tmc_nca_20260123T0820156774_d_img_d18.zip | ch2_tmc_ncf_20260123T0820156741_d_img_d18.zip | ch2_tmc_ncn_20260123T0820156741_d_img_d18.zip
2026-01-23 10:19:40+00:00,2026-01-23 10:19:40.344000+00:00,2026-01-23 10:32:50.998000+00:00,3,"AFT,FORE,NADIR","NCA,NCF,NCN",True,True,True,True,3,ch2_tmc_nca_20260123T1019403447_d_img_d18.zip | ch2_tmc_ncf_20260123T1019403447_d_img_d18.zip | ch2_tmc_ncn_20260123T1019403447_d_img_d18.zip
2026-01-23 12:28:54+00:00,2026-01-23 12:28:53.556000+00:00,2026-01-23 12:40:34.965000+00:00,3,"AFT,FORE,NADIR","NCA,NCF,NCN",True,True,True,True,3,ch2_tmc_nca_20260123T1228535563_d_img_d18.zip | ch2_tmc_ncf_20260123T1228535563_d_img_d18.zip | ch2_tmc_ncn_20260123T1228535563_d_img_d18.zip
2026-01-24 10:17:51+00:00,2026-01-24 10:17:51.337000+00:00,2026-01-24 10:30:59.939000+00:00,3,"AFT,FORE,NADIR","NCA,NCF,NCN",True,True,True,True,3,ch2_tmc_nca_20260124T1017513374_d_img_d18.zip | ch2_tmc_ncf_20260124T1017513374_d_img_d18.zip | ch2_tmc_ncn_20260124T1017513374_d_img_d18.zip
2026-01-24 12:17:18+00:00,2026-01-24 12:17:17.676000+00:00,2026-01-24 12:30:26.663000+00:00,3,"AFT,FORE,NADIR","NCA,NCF,NCN",True,True,True,True,3,ch2_tmc_nca_20260124T1217176762_d_img_d18.zip | ch2_tmc_ncf_20260124T1217176762_d_img_d18.zip | ch2_tmc_ncn_20260124T1217176762_d_img_d18.zip
2026-01-24 14:16:43+00:00,2026-01-24 14:16:42.733000+00:00,2026-01-24 14:29:53.258000+00:00,3,"AFT,FORE,NADIR","NCA,NCF,NCN",True,True,True,True,3,ch2_tmc_nca_20260124T1416427337_d_img_d18.zip | ch2_tmc_ncf_20260124T1416427337_d_img_d18.zip | ch2_tmc_ncn_20260124T1416427337_d_img_d18.zip
2026-01-24 22:13:39+00:00,2026-01-24 22:13:38.780000+00:00,2026-01-24 22:22:14.948000+00:00,3,"AFT,FORE,NADIR","NCA,NCF,NCN",True,True,True,True,3,ch2_tmc_nca_20260124T2213387804_d_img_d18.zip | ch2_tmc_ncf_20260124T2213387836_d_img_d18.zip | ch2_tmc_ncn_20260124T2213387804_d_img_d18.zip
2026-01-25 06:26:14+00:00,2026-01-25 06:26:13.831000+00:00,2026-01-25 06:28:38.727000+00:00,3,"AFT,FORE,NADIR","NCA,NCF,NCN",True,True,True,True,3,ch2_tmc_nca_20260125T0626138315_d_img_d18.zip | ch2_tmc_ncf_20260125T0626138315_d_img_d18.zip | ch2_tmc_ncn_20260125T0626138315_d_img_d18.zip
2026-01-26 00:05:50+00:00,2026-01-26 00:05:49.911000+00:00,2026-01-26 00:22:03.916000+00:00,3,"AFT,FORE,NADIR","NCA,NCF,NCN",True,True,True,True,3,ch2_tmc_nca_20260126T0005499114_d_img_d18.zip | ch2_tmc_ncf_20260126T0005499439_d_img_d18.zip | ch2_tmc_ncn_20260126T0005499439_d_img_d18.zip
2026-01-26 12:02:22+00:00,2026-01-26 12:02:21.539000+00:00,2026-01-26 12:18:37.536000+00:00,3,"AFT,FORE,NADIR","NCA,NCF,NCN",True,True,True,True,3,ch2_tmc_nca_20260126T1202215394_d_img_d18.zip | ch2_tmc_ncf_20260126T1202215427_d_img_d18.zip | ch2_tmc_ncn_20260126T1202215394_d_img_d18.zip
2026-01-26 16:01:13+00:00,2026-01-26 16:01:13.471000+00:00,2026-01-26 16:17:29.438000+00:00,2,"FORE,NADIR","NCF,NCN",True,False,True,False,2,ch2_tmc_ncf_20260126T1601134713_d_img_d18.zip | ch2_tmc_ncn_20260126T1601134713_d_img_d18.zip
2026-01-26 16:01:14+00:00,2026-01-26 16:01:13.503000+00:00,2026-01-26 16:17:29.438000+00:00,1,AFT,NCA,False,True,False,False,1,ch2_tmc_nca_20260126T1601135038_d_img_d18.zip
2026-01-27 01:58:58+00:00,2026-01-27 01:58:57.508000+00:00,2026-01-27 02:05:21.180000+00:00,3,"AFT,FORE,NADIR","NCA,NCF,NCN",True,True,True,True,3,ch2_tmc_nca_20260127T0158575081_d_img_d18.zip | ch2_tmc_ncf_20260127T0158575113_d_img_d18.zip | ch2_tmc_ncn_20260127T0158575081_d_img_d18.zip
2026-01-27 11:55:36+00:00,2026-01-27 11:55:35.709000+00:00,2026-01-27 12:11:51.577000+00:00,3,"AFT,FORE,NADIR","NCA,NCF,NCN",True,True,True,True,3,ch2_tmc_nca_20260127T1155357099_d_img_d18.zip | ch2_tmc_ncf_20260127T1155357099_d_img_d18.zip | ch2_tmc_ncn_20260127T1155357132_d_img_d18.zip
2026-01-27 15:54:26+00:00,2026-01-27 15:54:26.462000+00:00,2026-01-27 16:10:42.333000+00:00,3,"AFT,FORE,NADIR","NCA,NCF,NCN",True,True,True,True,3,ch2_tmc_nca_20260127T1554264625_d_img_d18.zip | ch2_tmc_ncf_20260127T1554264658_d_img_d18.zip | ch2_tmc_ncn_20260127T1554264625_d_img_d18.zip
2026-01-31 05:30:52+00:00,2026-01-31 05:30:51.784000+00:00,2026-01-31 05:42:08.462000+00:00,3,"AFT,FORE,NADIR","NCA,NCF,NCN",True,True,True,True,3,ch2_tmc_nca_20260131T0530517843_d_img_d18.zip | ch2_tmc_ncf_20260131T0530517843_d_img_d18.zip | ch2_tmc_ncn_20260131T0530517843_d_img_d18.zip
2026-01-31 15:36:09+00:00,2026-01-31 15:36:09.401000+00:00,2026-01-31 15:47:12.983000+00:00,3,"AFT,FORE,NADIR","NCA,NCF,NCN",True,True,True,True,3,ch2_tmc_nca_20260131T1536094016_d_img_d18.zip | ch2_tmc_ncf_20260131T1536094049_d_img_d18.zip | ch2_tmc_ncn_20260131T1536094016_d_img_d18.zip
2026-01-31 19:26:49+00:00,2026-01-31 19:26:48.943000+00:00,2026-01-31 19:38:44.544000+00:00,3,"AFT,FORE,NADIR","NCA,NCF,NCN",True,True,True,True,3,ch2_tmc_nca_20260131T1926489432_d_img_d18.zip | ch2_tmc_ncf_20260131T1926489464_d_img_d18.zip | ch2_tmc_ncn_20260131T1926489464_d_img_d18.zip
2026-02-01 05:33:44+00:00,2026-02-01 05:33:44.143000+00:00,2026-02-01 05:44:44.621000+00:00,3,"AFT,FORE,NADIR","NCA,NCF,NCN",True,True,True,True,3,ch2_tmc_nca_20260201T0533441434_d_img_d18.zip | ch2_tmc_ncf_20260201T0533441434_d_img_d18.zip | ch2_tmc_ncn_20260201T0533441434_d_img_d18.zip
2026-02-01 17:20:25+00:00,2026-02-01 17:20:24.941000+00:00,2026-02-01 17:31:25.701000+00:00,3,"AFT,FORE,NADIR","NCA,NCF,NCN",True,True,True,True,3,ch2_tmc_nca_20260201T1720249417_d_img_d18.zip | ch2_tmc_ncf_20260201T1720249417_d_img_d18.zip | ch2_tmc_ncn_20260201T1720249417_d_img_d18.zip
2026-02-01 21:19:14+00:00,2026-02-01 21:19:13.974000+00:00,2026-02-01 21:31:09.820000+00:00,3,"AFT,FORE,NADIR","NCA,NCF,NCN",True,True,True,True,3,ch2_tmc_nca_20260201T2119139743_d_img_d18.zip | ch2_tmc_ncf_20260201T2119139776_d_img_d18.zip | ch2_tmc_ncn_20260201T2119139743_d_img_d18.zip
2026-02-02 17:13:20+00:00,2026-02-02 17:13:19.901000+00:00,2026-02-02 17:24:00.597000+00:00,3,"AFT,FORE,NADIR","NCA,NCF,NCN",True,True,True,True,3,ch2_tmc_nca_20260202T1713199013_d_img_d18.zip | ch2_tmc_ncf_20260202T1713199013_d_img_d18.zip | ch2_tmc_ncn_20260202T1713199013_d_img_d18.zip
2026-02-02 21:21:57+00:00,2026-02-02 21:21:56.869000+00:00,2026-02-02 21:33:34.296000+00:00,3,"AFT,FORE,NADIR","NCA,NCF,NCN",True,True,True,True,3,ch2_tmc_nca_20260202T2121568693_d_img_d18.zip | ch2_tmc_ncf_20260202T2121568693_d_img_d18.zip | ch2_tmc_ncn_20260202T2121568725_d_img_d18.zip
2026-02-03 09:08:52+00:00,2026-02-03 09:08:51.931000+00:00,2026-02-03 09:19:44.989000+00:00,3,"AFT,FORE,NADIR","NCA,NCF,NCN",True,True,True,True,3,ch2_tmc_nca_20260203T0908519316_d_img_d18.zip | ch2_tmc_ncf_20260203T0908519316_d_img_d18.zip | ch2_tmc_ncn_20260203T0908519316_d_img_d18.zip
2026-02-04 06:53:01+00:00,2026-02-04 06:53:00.686000+00:00,2026-02-04 07:04:47.712000+00:00,3,"AFT,FORE,NADIR","NCA,NCF,NCN",True,True,True,True,3,ch2_tmc_nca_20260204T0653006869_d_img_d18.zip | ch2_tmc_ncf_20260204T0653006869_d_img_d18.zip | ch2_tmc_ncn_20260204T0653006869_d_img_d18.zip
2026-02-04 18:54:46+00:00,2026-02-04 18:54:45.944000+00:00,2026-02-04 19:00:32.797000+00:00,3,"AFT,FORE,NADIR","NCA,NCF,NCN",True,True,True,True,3,ch2_tmc_nca_20260204T1854459449_d_img_d18.zip | ch2_tmc_ncf_20260204T1854459449_d_img_d18.zip | ch2_tmc_ncn_20260204T1854459449_d_img_d18.zip
2026-02-04 22:35:46+00:00,2026-02-04 22:35:45.514000+00:00,2026-02-04 22:38:10.912000+00:00,3,"AFT,FORE,NADIR","NCA,NCF,NCN",True,True,True,True,3,ch2_tmc_nca_20260204T2235455148_d_img_d18.zip | ch2_tmc_ncf_20260204T2235455148_d_img_d18.zip | ch2_tmc_ncn_20260204T2235455148_d_img_d18.zip
2026-02-04 22:38:06+00:00,2026-02-04 22:38:06.388000+00:00,2026-02-04 22:48:54.326000+00:00,3,"AFT,FORE,NADIR","NCA,NCF,NCN",True,True,True,True,3,ch2_tmc_nca_20260204T2238063881_d_img_d18.zip | ch2_tmc_ncf_20260204T2238063881_d_img_d18.zip | ch2_tmc_ncn_20260204T2238064206_d_img_d18.zip
2026-02-05 18:14:15+00:00,2026-02-05 18:14:15.302000+00:00,2026-02-05 18:27:06.268000+00:00,3,"AFT,FORE,NADIR","NCA,NCF,NCN",True,True,True,True,3,ch2_tmc_nca_20260205T1814153023_d_img_d18.zip | ch2_tmc_ncf_20260205T1814153023_d_img_d18.zip | ch2_tmc_ncn_20260205T1814153023_d_img_d18.zip
2026-02-06 00:07:46+00:00,2026-02-06 00:07:46.350000+00:00,2026-02-06 00:20:57.465000+00:00,3,"AFT,FORE,NADIR","NCA,NCF,NCN",True,True,True,True,3,ch2_tmc_nca_20260206T0007463509_d_img_d18.zip | ch2_tmc_ncf_20260206T0007463509_d_img_d18.zip | ch2_tmc_ncn_20260206T0007463509_d_img_d18.zip
2026-02-06 19:46:16+00:00,2026-02-06 19:46:15.656000+00:00,2026-02-06 19:59:04.880000+00:00,3,"AFT,FORE,NADIR","NCA,NCF,NCN",True,True,True,True,3,ch2_tmc_nca_20260206T1946156560_d_img_d18.zip | ch2_tmc_ncf_20260206T1946156560_d_img_d18.zip | ch2_tmc_ncn_20260206T1946156560_d_img_d18.zip
2026-02-06 21:44:08+00:00,2026-02-06 21:44:07.982000+00:00,2026-02-06 21:57:16.901000+00:00,3,"AFT,FORE,NADIR","NCA,NCF,NCN",True,True,True,True,3,ch2_tmc_nca_20260206T2144079855_d_img_d18.zip | ch2_tmc_ncf_20260206T2144079855_d_img_d18.zip | ch2_tmc_ncn_20260206T2144079823_d_img_d18.zip
2026-02-06 23:42:00+00:00,2026-02-06 23:41:59.782000+00:00,2026-02-06 23:54:58.149000+00:00,3,"AFT,FORE,NADIR","NCA,NCF,NCN",True,True,True,True,3,ch2_tmc_nca_20260206T2341597825_d_img_d18.zip | ch2_tmc_ncf_20260206T2341597858_d_img_d18.zip | ch2_tmc_ncn_20260206T2341597825_d_img_d18.zip
2026-02-07 11:38:51+00:00,2026-02-07 11:38:51.459000+00:00,2026-02-07 11:50:13.566000+00:00,3,"AFT,FORE,NADIR","NCA,NCF,NCN",True,True,True,True,3,ch2_tmc_nca_20260207T1138514623_d_img_d18.zip | ch2_tmc_ncf_20260207T1138514590_d_img_d18.zip | ch2_tmc_ncn_20260207T1138514590_d_img_d18.zip
2026-02-07 23:16:13+00:00,2026-02-07 23:16:12.755000+00:00,2026-02-07 23:29:23.218000+00:00,3,"AFT,FORE,NADIR","NCA,NCF,NCN",True,True,True,True,3,ch2_tmc_nca_20260207T2316127558_d_img_d18.zip | ch2_tmc_ncf_20260207T2316127590_d_img_d18.zip | ch2_tmc_ncn_20260207T2316127558_d_img_d18.zip
2026-02-08 01:15:41+00:00,2026-02-08 01:15:41.206000+00:00,2026-02-08 01:28:50.964000+00:00,3,"AFT,FORE,NADIR","NCA,NCF,NCN",True,True,True,True,3,ch2_tmc_nca_20260208T0115412067_d_img_d18.zip | ch2_tmc_ncf_20260208T0115412067_d_img_d18.zip | ch2_tmc_ncn_20260208T0115412067_d_img_d18.zip
2026-02-08 20:52:35+00:00,2026-02-08 20:52:34.892000+00:00,2026-02-08 21:04:09.951000+00:00,3,"AFT,FORE,NADIR","NCA,NCF,NCN",True,True,True,True,3,ch2_tmc_nca_20260208T2052348929_d_img_d18.zip | ch2_tmc_ncf_20260208T2052348929_d_img_d18.zip | ch2_tmc_ncn_20260208T2052348929_d_img_d18.zip
2026-02-08 22:50:28+00:00,2026-02-08 22:50:27.955000+00:00,2026-02-08 23:08:52.244000+00:00,3,"AFT,FORE,NADIR","NCA,NCF,NCN",True,True,True,True,3,ch2_tmc_nca_20260208T2250279555_d_img_d18.zip | ch2_tmc_ncf_20260208T2250279555_d_img_d18.zip | ch2_tmc_ncn_20260208T2250279555_d_img_d18.zip
2026-02-09 02:55:45+00:00,2026-02-09 02:55:45.176000+00:00,2026-02-09 03:07:11.507000+00:00,3,"AFT,FORE,NADIR","NCA,NCF,NCN",True,True,True,True,3,ch2_tmc_nca_20260209T0255451762_d_img_d18.zip | ch2_tmc_ncf_20260209T0255451762_d_img_d18.zip | ch2_tmc_ncn_20260209T0255451762_d_img_d18.zip
2026-02-09 22:24:29+00:00,2026-02-09 22:24:28.958000+00:00,2026-02-09 22:37:11.526000+00:00,3,"AFT,FORE,NADIR","NCA,NCF,NCN",True,True,True,True,3,ch2_tmc_nca_20260209T2224289581_d_img_d18.zip | ch2_tmc_ncf_20260209T2224289614_d_img_d18.zip | ch2_tmc_ncn_20260209T2224289614_d_img_d18.zip
2026-02-10 00:22:21+00:00,2026-02-10 00:22:20.615000+00:00,2026-02-10 00:35:31.815000+00:00,3,"AFT,FORE,NADIR","NCA,NCF,NCN",True,True,True,True,3,ch2_tmc_nca_20260210T0022206153_d_img_d18.zip | ch2_tmc_ncf_20260210T0022206153_d_img_d18.zip | ch2_tmc_ncn_20260210T0022206153_d_img_d18.zip
2026-02-10 02:20:09+00:00,2026-02-10 02:20:09.453000+00:00,2026-02-10 02:33:20.106000+00:00,3,"AFT,FORE,NADIR","NCA,NCF,NCN",True,True,True,True,3,ch2_tmc_nca_20260210T0220094532_d_img_d18.zip | ch2_tmc_ncf_20260210T0220094532_d_img_d18.zip | ch2_tmc_ncn_20260210T0220094532_d_img_d18.zip
2026-02-10 04:18:03+00:00,2026-02-10 04:18:02.606000+00:00,2026-02-10 04:31:10.186000+00:00,3,"AFT,FORE,NADIR","NCA,NCF,NCN",True,True,True,True,3,ch2_tmc_nca_20260210T0418026069_d_img_d18.zip | ch2_tmc_ncf_20260210T0418026069_d_img_d18.zip | ch2_tmc_ncn_20260210T0418026069_d_img_d18.zip
2026-02-10 14:07:13+00:00,2026-02-10 14:07:12.839000+00:00,2026-02-10 14:11:59.124000+00:00,3,"AFT,FORE,NADIR","NCA,NCF,NCN",True,True,True,True,3,ch2_tmc_nca_20260210T1407128398_d_img_d18.zip | ch2_tmc_ncf_20260210T1407128398_d_img_d18.zip | ch2_tmc_ncn_20260210T1407128398_d_img_d18.zip
2026-02-10 14:11:53+00:00,2026-02-10 14:11:53.205000+00:00,2026-02-10 14:19:16.251000+00:00,3,"AFT,FORE,NADIR","NCA,NCF,NCN",True,True,True,True,3,ch2_tmc_nca_20260210T1411532050_d_img_d18.zip | ch2_tmc_ncf_20260210T1411532082_d_img_d18.zip | ch2_tmc_ncn_20260210T1411532082_d_img_d18.zip
2026-02-11 15:39:06+00:00,2026-02-11 15:39:06.164000+00:00,2026-02-11 15:44:00.202000+00:00,3,"AFT,FORE,NADIR","NCA,NCF,NCN",True,True,True,True,3,ch2_tmc_nca_20260211T1539061643_d_img_d18.zip | ch2_tmc_ncf_20260211T1539061643_d_img_d18.zip | ch2_tmc_ncn_20260211T1539061676_d_img_d18.zip
2026-02-11 15:43:56+00:00,2026-02-11 15:43:55.607000+00:00,2026-02-11 15:48:48.460000+00:00,3,"AFT,FORE,NADIR","NCA,NCF,NCN",True,True,True,True,3,ch2_tmc_nca_20260211T1543556074_d_img_d18.zip | ch2_tmc_ncf_20260211T1543556106_d_img_d18.zip | ch2_tmc_ncn_20260211T1543556074_d_img_d18.zip
2026-02-12 01:28:08+00:00,2026-02-12 01:28:07.965000+00:00,2026-02-12 01:32:33.987000+00:00,3,"AFT,FORE,NADIR","NCA,NCF,NCN",True,True,True,True,3,ch2_tmc_nca_20260212T0128079684_d_img_d18.zip | ch2_tmc_ncf_20260212T0128079684_d_img_d18.zip | ch2_tmc_ncn_20260212T0128079651_d_img_d18.zip
2026-02-12 01:32:27+00:00,2026-02-12 01:32:27.310000+00:00,2026-02-12 01:37:15.600000+00:00,3,"AFT,FORE,NADIR","NCA,NCF,NCN",True,True,True,True,3,ch2_tmc_nca_20260212T0132273100_d_img_d18.zip | ch2_tmc_ncf_20260212T0132273100_d_img_d18.zip | ch2_tmc_ncn_20260212T0132273100_d_img_d18.zip
2026-02-12 15:12:46+00:00,2026-02-12 15:12:45.903000+00:00,2026-02-12 15:17:36.354000+00:00,3,"AFT,FORE,NADIR","NCA,NCF,NCN",True,True,True,True,3,ch2_tmc_nca_20260212T1512459036_d_img_d18.zip | ch2_tmc_ncf_20260212T1512459068_d_img_d18.zip | ch2_tmc_ncn_20260212T1512459036_d_img_d18.zip
2026-02-12 15:17:31+00:00,2026-02-12 15:17:30.777000+00:00,2026-02-12 15:22:06.635000+00:00,3,"AFT,FORE,NADIR","NCA,NCF,NCN",True,True,True,True,3,ch2_tmc_nca_20260212T1517307773_d_img_d18.zip | ch2_tmc_ncf_20260212T1517307806_d_img_d18.zip | ch2_tmc_ncn_20260212T1517307773_d_img_d18.zip
2026-02-13 01:01:54+00:00,2026-02-13 01:01:53.909000+00:00,2026-02-13 01:05:36.205000+00:00,3,"AFT,FORE,NADIR","NCA,NCF,NCN",True,True,True,True,3,ch2_tmc_nca_20260213T0101539130_d_img_d18.zip | ch2_tmc_ncf_20260213T0101539130_d_img_d18.zip | ch2_tmc_ncn_20260213T0101539098_d_img_d18.zip
2026-02-13 01:05:30+00:00,2026-02-13 01:05:29.655000+00:00,2026-02-13 01:10:21.347000+00:00,3,"AFT,FORE,NADIR","NCA,NCF,NCN",True,True,True,True,3,ch2_tmc_nca_20260213T0105296587_d_img_d18.zip | ch2_tmc_ncf_20260213T0105296554_d_img_d18.zip | ch2_tmc_ncn_20260213T0105296554_d_img_d18.zip
2026-02-13 05:03:14+00:00,2026-02-13 05:03:13.995000+00:00,2026-02-13 05:08:05.140000+00:00,3,"AFT,FORE,NADIR","NCA,NCF,NCN",True,True,True,True,3,ch2_tmc_nca_20260213T0503139987_d_img_d18.zip | ch2_tmc_ncf_20260213T0503139955_d_img_d18.zip | ch2_tmc_ncn_20260213T0503139987_d_img_d18.zip
2026-02-14 00:35:55+00:00,2026-02-14 00:35:54.845000+00:00,2026-02-14 00:48:25.907000+00:00,3,"AFT,FORE,NADIR","NCA,NCF,NCN",True,True,True,True,3,ch2_tmc_nca_20260214T0035548485_d_img_d18.zip | ch2_tmc_ncf_20260214T0035548485_d_img_d18.zip | ch2_tmc_ncn_20260214T0035548452_d_img_d18.zip
2026-02-14 02:30:46+00:00,2026-02-14 02:30:45.734000+00:00,2026-02-14 02:43:24.863000+00:00,3,"AFT,FORE,NADIR","NCA,NCF,NCN",True,True,True,True,3,ch2_tmc_nca_20260214T0230457348_d_img_d18.zip | ch2_tmc_ncf_20260214T0230457380_d_img_d18.zip | ch2_tmc_ncn_20260214T0230457380_d_img_d18.zip
2026-02-14 06:29:25+00:00,2026-02-14 06:29:25.107000+00:00,2026-02-14 06:42:35.540000+00:00,3,"AFT,FORE,NADIR","NCA,NCF,NCN",True,True,True,True,3,ch2_tmc_nca_20260214T0629251070_d_img_d18.zip | ch2_tmc_ncf_20260214T0629251070_d_img_d18.zip | ch2_tmc_ncn_20260214T0629251102_d_img_d18.zip
2026-02-14 14:18:33+00:00,2026-02-14 14:18:32.588000+00:00,2026-02-14 14:31:22.994000+00:00,3,"AFT,FORE,NADIR","NCA,NCF,NCN",True,True,True,True,3,ch2_tmc_nca_20260214T1418325888_d_img_d18.zip | ch2_tmc_ncf_20260214T1418325888_d_img_d18.zip | ch2_tmc_ncn_20260214T1418325888_d_img_d18.zip
2026-02-15 07:57:40+00:00,2026-02-15 07:57:40.492000+00:00,2026-02-15 08:10:15.135000+00:00,3,"AFT,FORE,NADIR","NCA,NCF,NCN",True,True,True,True,3,ch2_tmc_nca_20260215T0757404954_d_img_d18.zip | ch2_tmc_ncf_20260215T0757404922_d_img_d18.zip | ch2_tmc_ncn_20260215T0757404922_d_img_d18.zip
2026-02-16 07:30:49+00:00,2026-02-16 07:30:49.371000+00:00,2026-02-16 07:37:28.855000+00:00,3,"AFT,FORE,NADIR","NCA,NCF,NCN",True,True,True,True,3,ch2_tmc_nca_20260216T0730493717_d_img_d18.zip | ch2_tmc_ncf_20260216T0730493717_d_img_d18.zip | ch2_tmc_ncn_20260216T0730493717_d_img_d18.zip
2026-02-16 09:30:40+00:00,2026-02-16 09:30:40.488000+00:00,2026-02-16 09:43:48.323000+00:00,3,"AFT,FORE,NADIR","NCA,NCF,NCN",True,True,True,True,3,ch2_tmc_nca_20260216T0930404880_d_img_d18.zip | ch2_tmc_ncf_20260216T0930404880_d_img_d18.zip | ch2_tmc_ncn_20260216T0930404880_d_img_d18.zip
2026-02-16 15:23:56+00:00,2026-02-16 15:23:56.110000+00:00,2026-02-16 15:35:44.255000+00:00,3,"AFT,FORE,NADIR","NCA,NCF,NCN",True,True,True,True,3,ch2_tmc_nca_20260216T1523561109_d_img_d18.zip | ch2_tmc_ncf_20260216T1523561109_d_img_d18.zip | ch2_tmc_ncn_20260216T1523561109_d_img_d18.zip
2026-02-17 03:08:09+00:00,2026-02-17 03:08:08.564000+00:00,2026-02-17 03:21:14.846000+00:00,3,"AFT,FORE,NADIR","NCA,NCF,NCN",True,True,True,True,3,ch2_tmc_nca_20260217T0308085644_d_img_d18.zip | ch2_tmc_ncf_20260217T0308085644_d_img_d18.zip | ch2_tmc_ncn_20260217T0308085644_d_img_d18.zip
2026-02-17 07:03:50+00:00,2026-02-17 07:03:50.458000+00:00,2026-02-17 07:17:00.898000+00:00,3,"AFT,FORE,NADIR","NCA,NCF,NCN",True,True,True,True,3,ch2_tmc_nca_20260217T0703504587_d_img_d18.zip | ch2_tmc_ncf_20260217T0703504587_d_img_d18.zip | ch2_tmc_ncn_20260217T0703504587_d_img_d18.zip
2026-02-17 11:04:00+00:00,2026-02-17 11:03:59.793000+00:00,2026-02-17 11:16:54.425000+00:00,3,"AFT,FORE,NADIR","NCA,NCF,NCN",True,True,True,True,3,ch2_tmc_nca_20260217T1103597930_d_img_d18.zip | ch2_tmc_ncf_20260217T1103597930_d_img_d18.zip | ch2_tmc_ncn_20260217T1103597930_d_img_d18.zip
2026-02-18 04:45:07+00:00,2026-02-18 04:45:07.408000+00:00,2026-02-18 04:57:49.329000+00:00,3,"AFT,FORE,NADIR","NCA,NCF,NCN",True,True,True,True,3,ch2_tmc_nca_20260218T0445074089_d_img_d18.zip | ch2_tmc_ncf_20260218T0445074122_d_img_d18.zip | ch2_tmc_ncn_20260218T0445074089_d_img_d18.zip
2026-02-18 08:40:49+00:00,2026-02-18 08:40:48.833000+00:00,2026-02-18 08:53:59.402000+00:00,3,"AFT,FORE,NADIR","NCA,NCF,NCN",True,True,True,True,3,ch2_tmc_nca_20260218T0840488331_d_img_d18.zip | ch2_tmc_ncf_20260218T0840488331_d_img_d18.zip | ch2_tmc_ncn_20260218T0840488331_d_img_d18.zip
2026-02-18 10:38:41+00:00,2026-02-18 10:38:40.604000+00:00,2026-02-18 10:51:51.258000+00:00,3,"AFT,FORE,NADIR","NCA,NCF,NCN",True,True,True,True,3,ch2_tmc_nca_20260218T1038406044_d_img_d18.zip | ch2_tmc_ncf_20260218T1038406044_d_img_d18.zip | ch2_tmc_ncn_20260218T1038406044_d_img_d18.zip
2026-02-18 18:38:12+00:00,2026-02-18 18:38:11.862000+00:00,2026-02-18 18:44:11.323000+00:00,3,"AFT,FORE,NADIR","NCA,NCF,NCN",True,True,True,True,3,ch2_tmc_nca_20260218T1838118627_d_img_d18.zip | ch2_tmc_ncf_20260218T1838118627_d_img_d18.zip | ch2_tmc_ncn_20260218T1838118627_d_img_d18.zip
2026-02-19 06:17:57+00:00,2026-02-19 06:17:56.810000+00:00,2026-02-19 06:28:27.345000+00:00,3,"AFT,FORE,NADIR","NCA,NCF,NCN",True,True,True,True,3,ch2_tmc_nca_20260219T0617568103_d_img_d18.zip | ch2_tmc_ncf_20260219T0617568103_d_img_d18.zip | ch2_tmc_ncn_20260219T0617568103_d_img_d18.zip
2026-02-19 12:10:45+00:00,2026-02-19 12:10:45.123000+00:00,2026-02-19 12:23:52.702000+00:00,3,"AFT,FORE,NADIR","NCA,NCF,NCN",True,True,True,True,3,ch2_tmc_nca_20260219T1210451233_d_img_d18.zip | ch2_tmc_ncf_20260219T1210451233_d_img_d18.zip | ch2_tmc_ncn_20260219T1210451233_d_img_d18.zip
2026-02-19 20:02:06+00:00,2026-02-19 20:02:06.163000+00:00,2026-02-19 20:15:15.791000+00:00,3,"AFT,FORE,NADIR","NCA,NCF,NCN",True,True,True,True,3,ch2_tmc_nca_20260219T2002061633_d_img_d18.zip | ch2_tmc_ncf_20260219T2002061633_d_img_d18.zip | ch2_tmc_ncn_20260219T2002061633_d_img_d18.zip
2026-02-20 05:50:16+00:00,2026-02-20 05:50:16.192000+00:00,2026-02-20 06:02:26.840000+00:00,3,"AFT,FORE,NADIR","NCA,NCF,NCN",True,True,True,True,3,ch2_tmc_nca_20260220T0550161924_d_img_d18.zip | ch2_tmc_ncf_20260220T0550161924_d_img_d18.zip | ch2_tmc_ncn_20260220T0550161924_d_img_d18.zip
2026-02-20 09:45:58+00:00,2026-02-20 09:45:57.511000+00:00,2026-02-20 09:58:58.939000+00:00,3,"AFT,FORE,NADIR","NCA,NCF,NCN",True,True,True,True,3,ch2_tmc_nca_20260220T0945575112_d_img_d18.zip | ch2_tmc_ncf_20260220T0945575112_d_img_d18.zip | ch2_tmc_ncn_20260220T0945575112_d_img_d18.zip
2026-02-20 19:35:15+00:00,2026-02-20 19:35:14.983000+00:00,2026-02-20 19:47:09.169000+00:00,3,"AFT,FORE,NADIR","NCA,NCF,NCN",True,True,True,True,3,ch2_tmc_nca_20260220T1935149832_d_img_d18.zip | ch2_tmc_ncf_20260220T1935149832_d_img_d18.zip | ch2_tmc_ncn_20260220T1935149832_d_img_d18.zip
2026-02-21 07:23:33+00:00,2026-02-21 07:23:32.523000+00:00,2026-02-21 07:27:17.964000+00:00,3,"AFT,FORE,NADIR","NCA,NCF,NCN",True,True,True,True,3,ch2_tmc_nca_20260221T0723325270_d_img_d18.zip | ch2_tmc_ncf_20260221T0723325237_d_img_d18.zip | ch2_tmc_ncn_20260221T0723325237_d_img_d18.zip
2026-02-21 07:27:14+00:00,2026-02-21 07:27:13.782000+00:00,2026-02-21 07:33:01.778000+00:00,3,"AFT,FORE,NADIR","NCA,NCF,NCN",True,True,True,True,3,ch2_tmc_nca_20260221T0727137862_d_img_d18.zip | ch2_tmc_ncf_20260221T0727137829_d_img_d18.zip | ch2_tmc_ncn_20260221T0727137862_d_img_d18.zip
2026-02-21 13:12:06+00:00,2026-02-21 13:12:05.660000+00:00,2026-02-21 13:25:16.313000+00:00,3,"AFT,FORE,NADIR","NCA,NCF,NCN",True,True,True,True,3,ch2_tmc_nca_20260221T1312056600_d_img_d18.zip | ch2_tmc_ncf_20260221T1312056600_d_img_d18.zip | ch2_tmc_ncn_20260221T1312056600_d_img_d18.zip
2026-02-21 21:08:42+00:00,2026-02-21 21:08:41.817000+00:00,2026-02-21 21:11:54.894000+00:00,3,"AFT,FORE,NADIR","NCA,NCF,NCN",True,True,True,True,3,ch2_tmc_nca_20260221T2108418177_d_img_d18.zip | ch2_tmc_ncf_20260221T2108418177_d_img_d18.zip | ch2_tmc_ncn_20260221T2108418177_d_img_d18.zip
2026-02-21 21:11:51+00:00,2026-02-21 21:11:50.794000+00:00,2026-02-21 21:20:50.407000+00:00,3,"AFT,FORE,NADIR","NCA,NCF,NCN",True,True,True,True,3,ch2_tmc_nca_20260221T2111507946_d_img_d18.zip | ch2_tmc_ncf_20260221T2111507977_d_img_d18.zip | ch2_tmc_ncn_20260221T2111507946_d_img_d18.zip
2026-02-22 08:54:32+00:00,2026-02-22 08:54:31.536000+00:00,2026-02-22 08:59:01.504000+00:00,3,"AFT,FORE,NADIR","NCA,NCF,NCN",True,True,True,True,3,ch2_tmc_nca_20260222T0854315365_d_img_d18.zip | ch2_tmc_ncf_20260222T0854315365_d_img_d18.zip | ch2_tmc_ncn_20260222T0854315365_d_img_d18.zip
2026-02-22 12:50:10+00:00,2026-02-22 12:50:09.849000+00:00,2026-02-22 13:03:06.641000+00:00,3,"AFT,FORE,NADIR","NCA,NCF,NCN",True,True,True,True,3,ch2_tmc_nca_20260222T1250098497_d_img_d18.zip | ch2_tmc_ncf_20260222T1250098529_d_img_d18.zip | ch2_tmc_ncn_20260222T1250098529_d_img_d18.zip
2026-02-23 08:28:45+00:00,2026-02-23 08:28:45.107000+00:00,2026-02-23 08:40:47.209000+00:00,3,"AFT,FORE,NADIR","NCA,NCF,NCN",True,True,True,True,3,ch2_tmc_nca_20260223T0828451072_d_img_d18.zip | ch2_tmc_ncf_20260223T0828451072_d_img_d18.zip | ch2_tmc_ncn_20260223T0828451072_d_img_d18.zip
2026-02-24 10:01:41+00:00,2026-02-24 10:01:40.988000+00:00,2026-02-24 10:12:28.461000+00:00,3,"AFT,FORE,NADIR","NCA,NCF,NCN",True,True,True,True,3,ch2_tmc_nca_20260224T1001409915_d_img_d18.zip | ch2_tmc_ncf_20260224T1001409915_d_img_d18.zip | ch2_tmc_ncn_20260224T1001409883_d_img_d18.zip
2026-02-24 21:46:35+00:00,2026-02-24 21:46:34.766000+00:00,2026-02-24 21:54:47.990000+00:00,3,"AFT,FORE,NADIR","NCA,NCF,NCN",True,True,True,True,3,ch2_tmc_nca_20260224T2146347662_d_img_d18.zip | ch2_tmc_ncf_20260224T2146347662_d_img_d18.zip | ch2_tmc_ncn_20260224T2146347662_d_img_d18.zip
2026-02-24 21:54:41+00:00,2026-02-24 21:54:41.492000+00:00,2026-02-24 21:58:09.617000+00:00,3,"AFT,FORE,NADIR","NCA,NCF,NCN",True,True,True,True,3,ch2_tmc_nca_20260224T2154414927_d_img_d18.zip | ch2_tmc_ncf_20260224T2154414927_d_img_d18.zip | ch2_tmc_ncn_20260224T2154414927_d_img_d18.zip
2026-02-25 11:34:00+00:00,2026-02-25 11:33:59.576000+00:00,2026-02-25 11:36:27.604000+00:00,3,"AFT,FORE,NADIR","NCA,NCF,NCN",True,True,True,True,3,ch2_tmc_nca_20260225T1133595794_d_img_d18.zip | ch2_tmc_ncf_20260225T1133595763_d_img_d18.zip | ch2_tmc_ncn_20260225T1133595794_d_img_d18.zip
2026-02-25 11:36:22+00:00,2026-02-25 11:36:22.285000+00:00,2026-02-25 11:41:22.545000+00:00,3,"AFT,FORE,NADIR","NCA,NCF,NCN",True,True,True,True,3,ch2_tmc_nca_20260225T1136222850_d_img_d18.zip | ch2_tmc_ncf_20260225T1136222850_d_img_d18.zip | ch2_tmc_ncn_20260225T1136222850_d_img_d18.zip
2026-02-26 01:18:48+00:00,2026-02-26 01:18:48.482000+00:00,2026-02-26 01:21:34.118000+00:00,3,"AFT,FORE,NADIR","NCA,NCF,NCN",True,True,True,True,3,ch2_tmc_nca_20260226T0118484828_d_img_d18.zip | ch2_tmc_ncf_20260226T0118484828_d_img_d18.zip | ch2_tmc_ncn_20260226T0118484860_d_img_d18.zip
2026-02-26 01:21:30+00:00,2026-02-26 01:21:29.963000+00:00,2026-02-26 01:25:51.573000+00:00,3,"AFT,FORE,NADIR","NCA,NCF,NCN",True,True,True,True,3,ch2_tmc_nca_20260226T0121299636_d_img_d18.zip | ch2_tmc_ncf_20260226T0121299636_d_img_d18.zip | ch2_tmc_ncn_20260226T0121299668_d_img_d18.zip
2026-02-26 01:25:46+00:00,2026-02-26 01:25:46.414000+00:00,2026-02-26 01:27:50.454000+00:00,3,"AFT,FORE,NADIR","NCA,NCF,NCN",True,True,True,True,3,ch2_tmc_nca_20260226T0125464180_d_img_d18.zip | ch2_tmc_ncf_20260226T0125464148_d_img_d18.zip | ch2_tmc_ncn_20260226T0125464180_d_img_d18.zip
2026-02-26 13:05:47+00:00,2026-02-26 13:05:46.568000+00:00,2026-02-26 13:07:58.445000+00:00,3,"AFT,FORE,NADIR","NCA,NCF,NCN",True,True,True,True,3,ch2_tmc_nca_20260226T1305465680_d_img_d18.zip | ch2_tmc_ncf_20260226T1305465680_d_img_d18.zip | ch2_tmc_ncn_20260226T1305465680_d_img_d18.zip
2026-02-26 13:07:54+00:00,2026-02-26 13:07:53.706000+00:00,2026-02-26 13:12:47.406000+00:00,3,"AFT,FORE,NADIR","NCA,NCF,NCN",True,True,True,True,3,ch2_tmc_nca_20260226T1307537066_d_img_d18.zip | ch2_tmc_ncf_20260226T1307537066_d_img_d18.zip | ch2_tmc_ncn_20260226T1307537066_d_img_d18.zip
2026-02-26 13:12:44+00:00,2026-02-26 13:12:43.733000+00:00,2026-02-26 13:14:48.274000+00:00,3,"AFT,FORE,NADIR","NCA,NCF,NCN",True,True,True,True,3,ch2_tmc_nca_20260226T1312437332_d_img_d18.zip | ch2_tmc_ncf_20260226T1312437332_d_img_d18.zip | ch2_tmc_ncn_20260226T1312437365_d_img_d18.zip
2026-02-27 12:39:55+00:00,2026-02-27 12:39:55.292000+00:00,2026-02-27 12:50:41.689000+00:00,3,"AFT,FORE,NADIR","NCA,NCF,NCN",True,True,True,True,3,ch2_tmc_nca_20260227T1239553248_d_img_d18.zip | ch2_tmc_ncf_20260227T1239552923_d_img_d18.zip | ch2_tmc_ncn_20260227T1239552923_d_img_d18.zip
2026-02-27 16:35:36+00:00,2026-02-27 16:35:36.352000+00:00,2026-02-27 16:47:25.724000+00:00,3,"AFT,FORE,NADIR","NCA,NCF,NCN",True,True,True,True,3,ch2_tmc_nca_20260227T1635363529_d_img_d18.zip | ch2_tmc_ncf_20260227T1635363529_d_img_d18.zip | ch2_tmc_ncn_20260227T1635363529_d_img_d18.zip
2026-02-28 04:22:40+00:00,2026-02-28 04:22:39.709000+00:00,2026-02-28 04:33:36.625000+00:00,3,"AFT,FORE,NADIR","NCA,NCF,NCN",True,True,True,True,3,ch2_tmc_nca_20260228T0422397099_d_img_d18.zip | ch2_tmc_ncf_20260228T0422397099_d_img_d18.zip | ch2_tmc_ncn_20260228T0422397099_d_img_d18.zip
2026-02-28 14:21:32+00:00,2026-02-28 14:21:32.458000+00:00,2026-02-28 14:32:34.159000+00:00,3,"AFT,FORE,NADIR","NCA,NCF,NCN",True,True,True,True,3,ch2_tmc_nca_20260228T1421324581_d_img_d18.zip | ch2_tmc_ncf_20260228T1421324581_d_img_d18.zip | ch2_tmc_ncn_20260228T1421324581_d_img_d18.zip
2026-02-28 18:07:31+00:00,2026-02-28 18:07:31.150000+00:00,2026-02-28 18:19:18.952000+00:00,3,"AFT,FORE,NADIR","NCA,NCF,NCN",True,True,True,True,3,ch2_tmc_nca_20260228T1807311508_d_img_d18.zip | ch2_tmc_ncf_20260228T1807311508_d_img_d18.zip | ch2_tmc_ncn_20260228T1807311508_d_img_d18.zip
2026-03-01 05:54:30+00:00,2026-03-01 05:54:29.991000+00:00,2026-03-01 06:05:24.968000+00:00,3,"AFT,FORE,NADIR","NCA,NCF,NCN",True,True,True,True,3,ch2_tmc_nca_20260301T0554299915_d_img_d18.zip | ch2_tmc_ncf_20260301T0554299915_d_img_d18.zip | ch2_tmc_ncn_20260301T0554299915_d_img_d18.zip
2026-03-01 15:43:39+00:00,2026-03-01 15:43:39.292000+00:00,2026-03-01 15:54:39.392000+00:00,3,"AFT,FORE,NADIR","NCA,NCF,NCN",True,True,True,True,3,ch2_tmc_nca_20260301T1543392957_d_img_d18.zip | ch2_tmc_ncf_20260301T1543392924_d_img_d18.zip | ch2_tmc_ncn_20260301T1543392924_d_img_d18.zip
2026-03-01 19:39:18+00:00,2026-03-01 19:39:18.308000+00:00,2026-03-01 19:51:07.944000+00:00,3,"AFT,FORE,NADIR","NCA,NCF,NCN",True,True,True,True,3,ch2_tmc_nca_20260301T1939183081_d_img_d18.zip | ch2_tmc_ncf_20260301T1939183081_d_img_d18.zip | ch2_tmc_ncn_20260301T1939183114_d_img_d18.zip
2026-03-02 03:40:19+00:00,2026-03-02 03:40:19.308000+00:00,2026-03-02 03:51:14.489000+00:00,3,"AFT,FORE,NADIR","NCA,NCF,NCN",True,True,True,True,3,ch2_tmc_nca_20260302T0340193086_d_img_d18.zip | ch2_tmc_ncf_20260302T0340193086_d_img_d18.zip | ch2_tmc_ncn_20260302T0340193086_d_img_d18.zip
2026-03-04 08:32:20+00:00,2026-03-04 08:32:19.994000+00:00,2026-03-04 08:45:12.720000+00:00,3,"AFT,FORE,NADIR","NCA,NCF,NCN",True,True,True,True,3,ch2_tmc_nca_20260304T0832199977_d_img_d18.zip | ch2_tmc_ncf_20260304T0832199944_d_img_d18.zip | ch2_tmc_ncn_20260304T0832199944_d_img_d18.zip
2026-03-04 18:21:40+00:00,2026-03-04 18:21:39.636000+00:00,2026-03-04 18:34:48.870000+00:00,3,"AFT,FORE,NADIR","NCA,NCF,NCN",True,True,True,True,3,ch2_tmc_nca_20260304T1821396398_d_img_d18.zip | ch2_tmc_ncf_20260304T1821396366_d_img_d18.zip | ch2_tmc_ncn_20260304T1821396366_d_img_d18.zip
2026-03-04 22:19:01+00:00,2026-03-04 22:19:00.919000+00:00,2026-03-04 22:22:36.558000+00:00,3,"AFT,FORE,NADIR","NCA,NCF,NCN",True,True,True,True,3,ch2_tmc_nca_20260304T2219009193_d_img_d18.zip | ch2_tmc_ncf_20260304T2219009193_d_img_d18.zip | ch2_tmc_ncn_20260304T2219009193_d_img_d18.zip
2026-03-04 22:22:30+00:00,2026-03-04 22:22:30.370000+00:00,2026-03-04 22:31:35.426000+00:00,3,"AFT,FORE,NADIR","NCA,NCF,NCN",True,True,True,True,3,ch2_tmc_nca_20260304T2222303737_d_img_d18.zip | ch2_tmc_ncf_20260304T2222303737_d_img_d18.zip | ch2_tmc_ncn_20260304T2222303704_d_img_d18.zip
2026-03-05 15:58:10+00:00,2026-03-05 15:58:10.345000+00:00,2026-03-05 16:10:34.805000+00:00,3,"AFT,FORE,NADIR","NCA,NCF,NCN",True,True,True,True,3,ch2_tmc_nca_20260305T1558103459_d_img_d18.zip | ch2_tmc_ncf_20260305T1558103459_d_img_d18.zip | ch2_tmc_ncn_20260305T1558103459_d_img_d18.zip
2026-05-16 17:45:44+00:00,2026-05-16 17:45:44.316000+00:00,2026-05-16 17:50:09.353000+00:00,3,"AFT,FORE,NADIR","NCA,NCF,NCN",True,True,True,True,3,ch2_tmc_nca_20260516T1745443197_d_img_d18.zip | ch2_tmc_ncf_20260516T1745443164_d_img_d18.zip | ch2_tmc_ncn_20260516T1745443164_d_img_d18.zip
2026-05-19 21:16:25+00:00,2026-05-19 21:16:24.807000+00:00,2026-05-19 21:16:32.394000+00:00,3,"AFT,FORE,NADIR","NCA,NCF,NCN",True,True,True,True,3,ch2_tmc_nca_20260519T2116248070_d_img_d18.zip | ch2_tmc_ncf_20260519T2116248070_d_img_d18.zip | ch2_tmc_ncn_20260519T2116248070_d_img_d18.zip
2026-05-21 12:35:01+00:00,2026-05-21 12:35:01.282000+00:00,2026-05-21 12:37:50.960000+00:00,3,"AFT,FORE,NADIR","NCA,NCF,NCN",True,True,True,True,3,ch2_tmc_nca_20260521T1235012860_d_img_d18.zip | ch2_tmc_ncf_20260521T1235012860_d_img_d18.zip | ch2_tmc_ncn_20260521T1235012828_d_img_d18.zip
2026-06-02 09:45:55+00:00,2026-06-02 09:45:54.757000+00:00,2026-06-02 10:00:49.730000+00:00,3,"AFT,FORE,NADIR","NCA,NCF,NCN",True,True,True,True,3,ch2_tmc_nca_20260602T0945547603_d_img_d18.zip | ch2_tmc_ncf_20260602T0945547571_d_img_d18.zip | ch2_tmc_ncn_20260602T0945547571_d_img_d18.zip
2026-06-03 09:20:23+00:00,2026-06-03 09:20:23.105000+00:00,2026-06-03 09:35:19.230000+00:00,3,"AFT,FORE,NADIR","NCA,NCF,NCN",True,True,True,True,3,ch2_tmc_nca_20260603T0920231052_d_img_d18.zip | ch2_tmc_ncf_20260603T0920231052_d_img_d18.zip | ch2_tmc_ncn_20260603T0920231084_d_img_d18.zip
2026-06-03 19:09:40+00:00,2026-06-03 19:09:39.836000+00:00,2026-06-03 19:24:34.806000+00:00,3,"AFT,FORE,NADIR","NCA,NCF,NCN",True,True,True,True,3,ch2_tmc_nca_20260603T1909398369_d_img_d18.zip | ch2_tmc_ncf_20260603T1909398402_d_img_d18.zip | ch2_tmc_ncn_20260603T1909398369_d_img_d18.zip
2026-06-03 23:05:22+00:00,2026-06-03 23:05:21.918000+00:00,2026-06-03 23:20:16.892000+00:00,3,"AFT,FORE,NADIR","NCA,NCF,NCN",True,True,True,True,3,ch2_tmc_nca_20260603T2305219188_d_img_d18.zip | ch2_tmc_ncf_20260603T2305219220_d_img_d18.zip | ch2_tmc_ncn_20260603T2305219188_d_img_d18.zip
2026-06-04 10:52:28+00:00,2026-06-04 10:52:27.602000+00:00,2026-06-04 11:07:19.504000+00:00,3,"AFT,FORE,NADIR","NCA,NCF,NCN",True,True,True,True,3,ch2_tmc_nca_20260604T1052276054_d_img_d18.zip | ch2_tmc_ncf_20260604T1052276021_d_img_d18.zip | ch2_tmc_ncn_20260604T1052276021_d_img_d18.zip
2026-06-04 20:41:39+00:00,2026-06-04 20:41:39.101000+00:00,2026-06-04 20:56:28.949000+00:00,1,NADIR,NCN,True,False,False,False,1,ch2_tmc_ncn_20260604T2041391019_d_img_d18.zip
2026-06-04 20:41:40+00:00,2026-06-04 20:41:39.987000+00:00,2026-06-04 20:56:28.949000+00:00,2,"AFT,FORE","NCA,NCF",False,True,True,False,2,ch2_tmc_nca_20260604T2041399875_d_img_d18.zip | ch2_tmc_ncf_20260604T2041399875_d_img_d18.zip
2026-06-05 10:24:15+00:00,2026-06-05 10:24:14.693000+00:00,2026-06-05 10:39:05.569000+00:00,3,"AFT,FORE,NADIR","NCA,NCF,NCN",True,True,True,True,3,ch2_tmc_nca_20260605T1024146931_d_img_d18.zip | ch2_tmc_ncf_20260605T1024146931_d_img_d18.zip | ch2_tmc_ncn_20260605T1024146964_d_img_d18.zip
2026-06-05 22:13:21+00:00,2026-06-05 22:13:20.905000+00:00,2026-06-05 22:28:11.782000+00:00,3,"AFT,FORE,NADIR","NCA,NCF,NCN",True,True,True,True,3,ch2_tmc_nca_20260605T2213209056_d_img_d18.zip | ch2_tmc_ncf_20260605T2213209056_d_img_d18.zip | ch2_tmc_ncn_20260605T2213209088_d_img_d18.zip
2026-06-06 11:58:06+00:00,2026-06-06 11:58:05.782000+00:00,2026-06-06 12:12:56.658000+00:00,3,"AFT,FORE,NADIR","NCA,NCF,NCN",True,True,True,True,3,ch2_tmc_nca_20260606T1158057857_d_img_d18.zip | ch2_tmc_ncf_20260606T1158057824_d_img_d18.zip | ch2_tmc_ncn_20260606T1158057824_d_img_d18.zip
2026-06-06 21:57:15+00:00,2026-06-06 21:57:15.435000+00:00,2026-06-06 22:07:08.455000+00:00,3,"AFT,FORE,NADIR","NCA,NCF,NCN",True,True,True,True,3,ch2_tmc_nca_20260606T2157154355_d_img_d18.zip | ch2_tmc_ncf_20260606T2157154387_d_img_d18.zip | ch2_tmc_ncn_20260606T2157154355_d_img_d18.zip
2026-06-07 01:42:57+00:00,2026-06-07 01:42:57.409000+00:00,2026-06-07 01:57:49.437000+00:00,3,"AFT,FORE,NADIR","NCA,NCF,NCN",True,True,True,True,3,ch2_tmc_nca_20260607T0142574122_d_img_d18.zip | ch2_tmc_ncf_20260607T0142574091_d_img_d18.zip | ch2_tmc_ncn_20260607T0142574091_d_img_d18.zip
2026-06-07 13:30:01+00:00,2026-06-07 13:30:00.622000+00:00,2026-06-07 13:44:54.139000+00:00,3,"AFT,FORE,NADIR","NCA,NCF,NCN",True,True,True,True,3,ch2_tmc_nca_20260607T1330006220_d_img_d18.zip | ch2_tmc_ncf_20260607T1330006220_d_img_d18.zip | ch2_tmc_ncn_20260607T1330006545_d_img_d18.zip
2026-06-07 23:19:18+00:00,2026-06-07 23:19:17.670000+00:00,2026-06-07 23:34:10.721000+00:00,3,"AFT,FORE,NADIR","NCA,NCF,NCN",True,True,True,True,3,ch2_tmc_nca_20260607T2319176707_d_img_d18.zip | ch2_tmc_ncf_20260607T2319176739_d_img_d18.zip | ch2_tmc_ncn_20260607T2319176707_d_img_d18.zip
2026-06-08 22:53:42+00:00,2026-06-08 22:53:41.783000+00:00,2026-06-08 22:56:07.763000+00:00,3,"AFT,FORE,NADIR","NCA,NCF,NCN",True,True,True,True,3,ch2_tmc_nca_20260608T2253417834_d_img_d18.zip | ch2_tmc_ncf_20260608T2253417834_d_img_d18.zip | ch2_tmc_ncn_20260608T2253417867_d_img_d18.zip
2026-06-09 18:38:48+00:00,2026-06-09 18:38:48.139000+00:00,2026-06-09 18:53:42.900000+00:00,3,"AFT,FORE,NADIR","NCA,NCF,NCN",True,True,True,True,3,ch2_tmc_nca_20260609T1838481394_d_img_d18.zip | ch2_tmc_ncf_20260609T1838481426_d_img_d18.zip | ch2_tmc_ncn_20260609T1838481394_d_img_d18.zip
2026-06-09 22:28:04+00:00,2026-06-09 22:28:04.305000+00:00,2026-06-09 22:43:00.379000+00:00,3,"AFT,FORE,NADIR","NCA,NCF,NCN",True,True,True,True,3,ch2_tmc_nca_20260609T2228043090_d_img_d18.zip | ch2_tmc_ncf_20260609T2228043058_d_img_d18.zip | ch2_tmc_ncn_20260609T2228043058_d_img_d18.zip
2026-06-12 01:58:22+00:00,2026-06-12 01:58:22.397000+00:00,2026-06-12 02:06:12.286000+00:00,3,"AFT,FORE,NADIR","NCA,NCF,NCN",True,True,True,True,3,ch2_tmc_nca_20260612T0158224003_d_img_d18.zip | ch2_tmc_ncf_20260612T0158223971_d_img_d18.zip | ch2_tmc_ncn_20260612T0158224003_d_img_d18.zip
2026-06-13 05:28:34+00:00,2026-06-13 05:28:34.339000+00:00,2026-06-13 05:36:26.843000+00:00,3,"AFT,FORE,NADIR","NCA,NCF,NCN",True,True,True,True,3,ch2_tmc_nca_20260613T0528343423_d_img_d18.zip | ch2_tmc_ncf_20260613T0528343391_d_img_d18.zip | ch2_tmc_ncn_20260613T0528343423_d_img_d18.zip
2026-06-14 08:58:36+00:00,2026-06-14 08:58:36.300000+00:00,2026-06-14 09:06:27.633000+00:00,3,"AFT,FORE,NADIR","NCA,NCF,NCN",True,True,True,True,3,ch2_tmc_nca_20260614T0858363036_d_img_d18.zip | ch2_tmc_ncf_20260614T0858363036_d_img_d18.zip | ch2_tmc_ncn_20260614T0858363003_d_img_d18.zip
2026-06-15 02:39:13+00:00,2026-06-15 02:39:13.412000+00:00,2026-06-15 02:46:01.426000+00:00,3,"AFT,FORE,NADIR","NCA,NCF,NCN",True,True,True,True,3,ch2_tmc_nca_20260615T0239134129_d_img_d18.zip | ch2_tmc_ncf_20260615T0239134129_d_img_d18.zip | ch2_tmc_ncn_20260615T0239134129_d_img_d18.zip
2026-06-18 07:15:21+00:00,2026-06-18 07:15:21.328000+00:00,2026-06-18 07:22:09.322000+00:00,3,"AFT,FORE,NADIR","NCA,NCF,NCN",True,True,True,True,3,ch2_tmc_nca_20260618T0715213283_d_img_d18.zip | ch2_tmc_ncf_20260618T0715213283_d_img_d18.zip | ch2_tmc_ncn_20260618T0715213283_d_img_d18.zip
2026-06-20 16:13:11+00:00,2026-06-20 16:13:11.303000+00:00,2026-06-20 16:20:39.968000+00:00,3,"AFT,FORE,NADIR","NCA,NCF,NCN",True,True,True,True,3,ch2_tmc_nca_20260620T1613113066_d_img_d18.zip | ch2_tmc_ncf_20260620T1613113034_d_img_d18.zip | ch2_tmc_ncn_20260620T1613113034_d_img_d18.zip
2026-06-24 02:14:01+00:00,2026-06-24 02:14:00.682000+00:00,2026-06-24 02:27:45.929000+00:00,3,"AFT,FORE,NADIR","NCA,NCF,NCN",True,True,True,True,3,ch2_tmc_nca_20260624T0214006824_d_img_d18.zip | ch2_tmc_ncf_20260624T0214006857_d_img_d18.zip | ch2_tmc_ncn_20260624T0214006857_d_img_d18.zip
2026-06-24 12:09:07+00:00,2026-06-24 12:09:06.881000+00:00,2026-06-24 12:21:17.564000+00:00,3,"AFT,FORE,NADIR","NCA,NCF,NCN",True,True,True,True,3,ch2_tmc_nca_20260624T1209068843_d_img_d18.zip | ch2_tmc_ncf_20260624T1209068812_d_img_d18.zip | ch2_tmc_ncn_20260624T1209068812_d_img_d18.zip
2026-06-25 02:35:19+00:00,2026-06-25 02:35:19.107000+00:00,2026-06-25 02:42:31.901000+00:00,3,"AFT,FORE,NADIR","NCA,NCF,NCN",True,True,True,True,3,ch2_tmc_nca_20260625T0235191073_d_img_d18.zip | ch2_tmc_ncf_20260625T0235191073_d_img_d18.zip | ch2_tmc_ncn_20260625T0235191104_d_img_d18.zip
2026-06-25 13:52:43+00:00,2026-06-25 13:52:43.173000+00:00,2026-06-25 14:01:18.894000+00:00,3,"AFT,FORE,NADIR","NCA,NCF,NCN",True,True,True,True,3,ch2_tmc_nca_20260625T1352431739_d_img_d18.zip | ch2_tmc_ncf_20260625T1352431739_d_img_d18.zip | ch2_tmc_ncn_20260625T1352431739_d_img_d18.zip
2026-06-25 17:50:42+00:00,2026-06-25 17:50:42.174000+00:00,2026-06-25 17:56:02.217000+00:00,3,"AFT,FORE,NADIR","NCA,NCF,NCN",True,True,True,True,3,ch2_tmc_nca_20260625T1750421749_d_img_d18.zip | ch2_tmc_ncf_20260625T1750421749_d_img_d18.zip | ch2_tmc_ncn_20260625T1750421749_d_img_d18.zip
2026-06-28 19:16:00+00:00,2026-06-28 19:15:59.910000+00:00,2026-06-28 19:25:33.702000+00:00,3,"AFT,FORE,NADIR","NCA,NCF,NCN",True,True,True,True,3,ch2_tmc_nca_20260628T1915599106_d_img_d18.zip | ch2_tmc_ncf_20260628T1915599106_d_img_d18.zip | ch2_tmc_ncn_20260628T1915599106_d_img_d18.zip
2026-06-29 20:59:37+00:00,2026-06-29 20:59:37.307000+00:00,2026-06-29 21:00:46.953000+00:00,3,"AFT,FORE,NADIR","NCA,NCF,NCN",True,True,True,True,3,ch2_tmc_nca_20260629T2059373078_d_img_d18.zip | ch2_tmc_ncf_20260629T2059373111_d_img_d18.zip | ch2_tmc_ncn_20260629T2059373078_d_img_d18.zip
2026-06-29 21:04:00+00:00,2026-06-29 21:04:00.302000+00:00,2026-06-29 21:10:53.335000+00:00,3,"AFT,FORE,NADIR","NCA,NCF,NCN",True,True,True,True,3,ch2_tmc_nca_20260629T2104003058_d_img_d18.zip | ch2_tmc_ncf_20260629T2104003026_d_img_d18.zip | ch2_tmc_ncn_20260629T2104003058_d_img_d18.zip
2026-06-30 05:39:13+00:00,2026-06-30 05:39:13.370000+00:00,2026-06-30 05:43:52.512000+00:00,3,"AFT,FORE,NADIR","NCA,NCF,NCN",True,True,True,True,3,ch2_tmc_nca_20260630T0539133703_d_img_d18.zip | ch2_tmc_ncf_20260630T0539133703_d_img_d18.zip | ch2_tmc_ncn_20260630T0539133736_d_img_d18.zip
2026-06-30 16:51:26+00:00,2026-06-30 16:51:25.567000+00:00,2026-06-30 16:55:18.871000+00:00,3,"AFT,FORE,NADIR","NCA,NCF,NCN",True,True,True,True,3,ch2_tmc_nca_20260630T1651255673_d_img_d18.zip | ch2_tmc_ncf_20260630T1651255673_d_img_d18.zip | ch2_tmc_ncn_20260630T1651255673_d_img_d18.zip
2026-06-30 16:55:14+00:00,2026-06-30 16:55:13.502000+00:00,2026-06-30 16:59:12.505000+00:00,3,"AFT,FORE,NADIR","NCA,NCF,NCN",True,True,True,True,6,ch2_tmc_nca_20260630T1655135024_d_img_d18.zip | ch2_tmc_nca_20260630T1655135187_d_img_d18.zip | ch2_tmc_ncf_20260630T1655135024_d_img_d18.zip | ch2_tmc_ncf_20260630T1655135187_d_img_d18.zip | ch2_tmc_ncn_20260630T1655135024_d_img_d18.zip | ch2_tmc_ncn_20260630T1655135187_d_img_d18.zip
2026-07-01 07:16:27+00:00,2026-07-01 07:16:26.575000+00:00,2026-07-01 07:22:11.790000+00:00,3,"AFT,FORE,NADIR","NCA,NCF,NCN",True,True,True,True,3,ch2_tmc_nca_20260701T0716265753_d_img_d18.zip | ch2_tmc_ncf_20260701T0716265753_d_img_d18.zip | ch2_tmc_ncn_20260701T0716265753_d_img_d18.zip
2026-07-02 08:48:27+00:00,2026-07-02 08:48:26.810000+00:00,2026-07-02 09:00:24.611000+00:00,3,"AFT,FORE,NADIR","NCA,NCF,NCN",True,True,True,True,3,ch2_tmc_nca_20260702T0848268106_d_img_d18.zip | ch2_tmc_ncf_20260702T0848268106_d_img_d18.zip | ch2_tmc_ncn_20260702T0848268106_d_img_d18.zip
2026-07-03 10:26:50+00:00,2026-07-03 10:26:49.827000+00:00,2026-07-03 10:34:15.745000+00:00,3,"AFT,FORE,NADIR","NCA,NCF,NCN",True,True,True,True,3,ch2_tmc_nca_20260703T1026498273_d_img_d18.zip | ch2_tmc_ncf_20260703T1026498305_d_img_d18.zip | ch2_tmc_ncn_20260703T1026498305_d_img_d18.zip
2026-07-03 20:14:54+00:00,2026-07-03 20:14:54.318000+00:00,2026-07-03 20:17:35.635000+00:00,3,"AFT,FORE,NADIR","NCA,NCF,NCN",True,True,True,True,3,ch2_tmc_nca_20260703T2014543217_d_img_d18.zip | ch2_tmc_ncf_20260703T2014543185_d_img_d18.zip | ch2_tmc_ncn_20260703T2014543185_d_img_d18.zip
2026-07-04 10:18:06+00:00,2026-07-04 10:18:05.982000+00:00,2026-07-04 10:30:09.670000+00:00,3,"AFT,FORE,NADIR","NCA,NCF,NCN",True,True,True,True,3,ch2_tmc_nca_20260704T1018059826_d_img_d18.zip | ch2_tmc_ncf_20260704T1018059826_d_img_d18.zip | ch2_tmc_ncn_20260704T1018059826_d_img_d18.zip
2026-07-04 20:01:23+00:00,2026-07-04 20:01:23.112000+00:00,2026-07-04 20:06:01.905000+00:00,3,"AFT,FORE,NADIR","NCA,NCF,NCN",True,True,True,True,3,ch2_tmc_nca_20260704T2001231128_d_img_d18.zip | ch2_tmc_ncf_20260704T2001231160_d_img_d18.zip | ch2_tmc_ncn_20260704T2001231160_d_img_d18.zip
2026-07-04 22:30:37+00:00,2026-07-04 22:30:36.868000+00:00,2026-07-04 22:39:43.427000+00:00,3,"AFT,FORE,NADIR","NCA,NCF,NCN",True,True,True,True,3,ch2_tmc_nca_20260704T2230369008_d_img_d18.zip | ch2_tmc_ncf_20260704T2230368683_d_img_d18.zip | ch2_tmc_ncn_20260704T2230368683_d_img_d18.zip
2026-07-06 01:45:40+00:00,2026-07-06 01:45:39.913000+00:00,2026-07-06 01:46:42.627000+00:00,3,"AFT,FORE,NADIR","NCA,NCF,NCN",True,True,True,True,3,ch2_tmc_nca_20260706T0145399170_d_img_d18.zip | ch2_tmc_ncf_20260706T0145399170_d_img_d18.zip | ch2_tmc_ncn_20260706T0145399137_d_img_d18.zip
2026-07-06 11:52:36+00:00,2026-07-06 11:52:35.730000+00:00,2026-07-06 12:05:43.436000+00:00,3,"AFT,FORE,NADIR","NCA,NCF,NCN",True,True,True,True,3,ch2_tmc_nca_20260706T1152357303_d_img_d18.zip | ch2_tmc_ncf_20260706T1152357303_d_img_d18.zip | ch2_tmc_ncn_20260706T1152357303_d_img_d18.zip
2026-07-06 22:12:00+00:00,2026-07-06 22:11:59.575000+00:00,2026-07-06 22:15:29.386000+00:00,3,"AFT,FORE,NADIR","NCA,NCF,NCN",True,True,True,True,3,ch2_tmc_nca_20260706T2211595755_d_img_d18.zip | ch2_tmc_ncf_20260706T2211595755_d_img_d18.zip | ch2_tmc_ncn_20260706T2211595755_d_img_d18.zip
2026-07-07 00:13:36+00:00,2026-07-07 00:13:36.313000+00:00,2026-07-07 00:20:23.261000+00:00,3,"AFT,FORE,NADIR","NCA,NCF,NCN",True,True,True,True,3,ch2_tmc_nca_20260707T0013363134_d_img_d18.zip | ch2_tmc_ncf_20260707T0013363134_d_img_d18.zip | ch2_tmc_ncn_20260707T0013363134_d_img_d18.zip
2026-07-07 15:42:27+00:00,2026-07-07 15:42:26.989000+00:00,2026-07-07 15:52:44.586000+00:00,3,"AFT,FORE,NADIR","NCA,NCF,NCN",True,True,True,True,3,ch2_tmc_nca_20260707T1542269891_d_img_d18.zip | ch2_tmc_ncf_20260707T1542269891_d_img_d18.zip | ch2_tmc_ncn_20260707T1542269891_d_img_d18.zip
2026-07-07 21:26:03+00:00,2026-07-07 21:26:02.897000+00:00,2026-07-07 21:34:01.103000+00:00,3,"AFT,FORE,NADIR","NCA,NCF,NCN",True,True,True,True,3,ch2_tmc_nca_20260707T2126028974_d_img_d18.zip | ch2_tmc_ncf_20260707T2126028974_d_img_d18.zip | ch2_tmc_ncn_20260707T2126028974_d_img_d18.zip
2026-07-08 11:44:39+00:00,2026-07-08 11:44:38.516000+00:00,2026-07-08 11:57:48.273000+00:00,3,"AFT,FORE,NADIR","NCA,NCF,NCN",True,True,True,True,3,ch2_tmc_nca_20260708T1144385160_d_img_d18.zip | ch2_tmc_ncf_20260708T1144385160_d_img_d18.zip | ch2_tmc_ncn_20260708T1144385160_d_img_d18.zip
2026-07-09 01:43:02+00:00,2026-07-09 01:43:02.464000+00:00,2026-07-09 01:54:56.482000+00:00,3,"AFT,FORE,NADIR","NCA,NCF,NCN",True,True,True,True,3,ch2_tmc_nca_20260709T0143024647_d_img_d18.zip | ch2_tmc_ncf_20260709T0143024647_d_img_d18.zip | ch2_tmc_ncn_20260709T0143024647_d_img_d18.zip
2026-07-09 03:31:59+00:00,2026-07-09 03:31:59.309000+00:00,2026-07-09 03:45:09.937000+00:00,3,"AFT,FORE,NADIR","NCA,NCF,NCN",True,True,True,True,3,ch2_tmc_nca_20260709T0331593098_d_img_d18.zip | ch2_tmc_ncf_20260709T0331593098_d_img_d18.zip | ch2_tmc_ncn_20260709T0331593130_d_img_d18.zip
2026-07-09 05:41:08+00:00,2026-07-09 05:41:07.774000+00:00,2026-07-09 05:52:57.527000+00:00,3,"AFT,FORE,NADIR","NCA,NCF,NCN",True,True,True,True,3,ch2_tmc_nca_20260709T0541077740_d_img_d18.zip | ch2_tmc_ncf_20260709T0541077740_d_img_d18.zip | ch2_tmc_ncn_20260709T0541077740_d_img_d18.zip
2026-07-09 13:30:32+00:00,2026-07-09 13:30:31.707000+00:00,2026-07-09 13:42:43.155000+00:00,3,"AFT,FORE,NADIR","NCA,NCF,NCN",True,True,True,True,3,ch2_tmc_nca_20260709T1330317078_d_img_d18.zip | ch2_tmc_ncf_20260709T1330317078_d_img_d18.zip | ch2_tmc_ncn_20260709T1330317078_d_img_d18.zip
2026-07-10 03:30:28+00:00,2026-07-10 03:30:27.600000+00:00,2026-07-10 03:43:01.858000+00:00,3,"AFT,FORE,NADIR","NCA,NCF,NCN",True,True,True,True,3,ch2_tmc_nca_20260710T0330276006_d_img_d18.zip | ch2_tmc_ncf_20260710T0330276006_d_img_d18.zip | ch2_tmc_ncn_20260710T0330276006_d_img_d18.zip
2026-07-10 03:42:57+00:00,2026-07-10 03:42:56.671000+00:00,2026-07-10 03:43:37.215000+00:00,3,"AFT,FORE,NADIR","NCA,NCF,NCN",True,True,True,True,3,ch2_tmc_nca_20260710T0342566718_d_img_d18.zip | ch2_tmc_ncf_20260710T0342566750_d_img_d18.zip | ch2_tmc_ncn_20260710T0342566750_d_img_d18.zip
2026-07-10 15:14:33+00:00,2026-07-10 15:14:32.935000+00:00,2026-07-10 15:26:24.229000+00:00,3,"AFT,FORE,NADIR","NCA,NCF,NCN",True,True,True,True,3,ch2_tmc_nca_20260710T1514329355_d_img_d18.zip | ch2_tmc_ncf_20260710T1514329355_d_img_d18.zip | ch2_tmc_ncn_20260710T1514329355_d_img_d18.zip
2026-07-10 15:26:19+00:00,2026-07-10 15:26:18.971000+00:00,2026-07-10 15:26:57.706000+00:00,3,"AFT,FORE,NADIR","NCA,NCF,NCN",True,True,True,True,3,ch2_tmc_nca_20260710T1526189741_d_img_d18.zip | ch2_tmc_ncf_20260710T1526189710_d_img_d18.zip | ch2_tmc_ncn_20260710T1526189710_d_img_d18.zip
2026-07-11 00:51:02+00:00,2026-07-11 00:51:01.875000+00:00,2026-07-11 01:02:55.903000+00:00,3,"AFT,FORE,NADIR","NCA,NCF,NCN",True,True,True,True,3,ch2_tmc_nca_20260711T0051018758_d_img_d18.zip | ch2_tmc_ncf_20260711T0051018758_d_img_d18.zip | ch2_tmc_ncn_20260711T0051018758_d_img_d18.zip
2026-07-11 01:02:52+00:00,2026-07-11 01:02:51.807000+00:00,2026-07-11 01:04:02.242000+00:00,3,"AFT,FORE,NADIR","NCA,NCF,NCN",True,True,True,True,3,ch2_tmc_nca_20260711T0102518107_d_img_d18.zip | ch2_tmc_ncf_20260711T0102518073_d_img_d18.zip | ch2_tmc_ncn_20260711T0102518073_d_img_d18.zip
2026-07-11 04:59:16+00:00,2026-07-11 04:59:15.698000+00:00,2026-07-11 05:12:25.316000+00:00,3,"AFT,FORE,NADIR","NCA,NCF,NCN",True,True,True,True,3,ch2_tmc_nca_20260711T0459156987_d_img_d18.zip | ch2_tmc_ncf_20260711T0459156987_d_img_d18.zip | ch2_tmc_ncn_20260711T0459156987_d_img_d18.zip
2026-07-12 06:32:57+00:00,2026-07-12 06:32:57.364000+00:00,2026-07-12 06:33:53.981000+00:00,3,"AFT,FORE,NADIR","NCA,NCF,NCN",True,True,True,True,3,ch2_tmc_nca_20260712T0632573645_d_img_d18.zip | ch2_tmc_ncf_20260712T0632573645_d_img_d18.zip | ch2_tmc_ncn_20260712T0632573645_d_img_d18.zip
2026-07-12 16:53:10+00:00,2026-07-12 16:53:10.402000+00:00,2026-07-12 16:55:29.308000+00:00,3,"AFT,FORE,NADIR","NCA,NCF,NCN",True,True,True,True,3,ch2_tmc_nca_20260712T1653104025_d_img_d18.zip | ch2_tmc_ncf_20260712T1653104058_d_img_d18.zip | ch2_tmc_ncn_20260712T1653104025_d_img_d18.zip
2026-07-12 16:55:24+00:00,2026-07-12 16:55:23.623000+00:00,2026-07-12 17:04:41.701000+00:00,3,"AFT,FORE,NADIR","NCA,NCF,NCN",True,True,True,True,3,ch2_tmc_nca_20260712T1655236233_d_img_d18.zip | ch2_tmc_ncf_20260712T1655236233_d_img_d18.zip | ch2_tmc_ncn_20260712T1655236233_d_img_d18.zip
2026-07-13 02:26:09+00:00,2026-07-13 02:26:08.714000+00:00,2026-07-13 02:37:42.691000+00:00,3,"AFT,FORE,NADIR","NCA,NCF,NCN",True,True,True,True,3,ch2_tmc_nca_20260713T0226087176_d_img_d18.zip | ch2_tmc_ncf_20260713T0226087143_d_img_d18.zip | ch2_tmc_ncn_20260713T0226087143_d_img_d18.zip
2026-07-13 06:46:01+00:00,2026-07-13 06:46:00.749000+00:00,2026-07-13 06:58:43.748000+00:00,3,"AFT,FORE,NADIR","NCA,NCF,NCN",True,True,True,True,3,ch2_tmc_nca_20260713T0646007494_d_img_d18.zip | ch2_tmc_ncf_20260713T0646007494_d_img_d18.zip | ch2_tmc_ncn_20260713T0646007494_d_img_d18.zip
2026-07-13 16:37:42+00:00,2026-07-13 16:37:42.406000+00:00,2026-07-13 16:49:48.204000+00:00,3,"AFT,FORE,NADIR","NCA,NCF,NCN",True,True,True,True,3,ch2_tmc_nca_20260713T1637424067_d_img_d18.zip | ch2_tmc_ncf_20260713T1637424067_d_img_d18.zip | ch2_tmc_ncn_20260713T1637424067_d_img_d18.zip
2026-07-14 02:36:06+00:00,2026-07-14 02:36:06.479000+00:00,2026-07-14 02:43:51.495000+00:00,3,"AFT,FORE,NADIR","NCA,NCF,NCN",True,True,True,True,3,ch2_tmc_nca_20260714T0236064796_d_img_d18.zip | ch2_tmc_ncf_20260714T0236064829_d_img_d18.zip | ch2_tmc_ncn_20260714T0236064829_d_img_d18.zip
2026-07-14 04:35:06+00:00,2026-07-14 04:35:05.753000+00:00,2026-07-14 04:44:03.900000+00:00,3,"AFT,FORE,NADIR","NCA,NCF,NCN",True,True,True,True,3,ch2_tmc_nca_20260714T0435057559_d_img_d18.zip | ch2_tmc_ncf_20260714T0435057530_d_img_d18.zip | ch2_tmc_ncn_20260714T0435057559_d_img_d18.zip
2026-07-14 18:28:10+00:00,2026-07-14 18:28:09.824000+00:00,2026-07-14 18:35:57.794000+00:00,3,"AFT,FORE,NADIR","NCA,NCF,NCN",True,True,True,True,3,ch2_tmc_nca_20260714T1828098245_d_img_d18.zip | ch2_tmc_ncf_20260714T1828098245_d_img_d18.zip | ch2_tmc_ncn_20260714T1828098245_d_img_d18.zip
2026-07-15 04:09:39+00:00,2026-07-15 04:09:38.525000+00:00,2026-07-15 04:10:27.208000+00:00,3,"AFT,FORE,NADIR","NCA,NCF,NCN",True,True,True,True,3,ch2_tmc_nca_20260715T0409385288_d_img_d18.zip | ch2_tmc_ncf_20260715T0409385256_d_img_d18.zip | ch2_tmc_ncn_20260715T0409385256_d_img_d18.zip
2026-07-15 08:19:27+00:00,2026-07-15 08:19:26.620000+00:00,2026-07-15 08:32:25.152000+00:00,3,"AFT,FORE,NADIR","NCA,NCF,NCN",True,True,True,True,3,ch2_tmc_nca_20260715T0819266207_d_img_d18.zip | ch2_tmc_ncf_20260715T0819266207_d_img_d18.zip | ch2_tmc_ncn_20260715T0819266207_d_img_d18.zip
2026-07-15 20:15:05+00:00,2026-07-15 20:15:05.334000+00:00,2026-07-15 20:20:27.784000+00:00,3,"AFT,FORE,NADIR","NCA,NCF,NCN",True,True,True,True,3,ch2_tmc_nca_20260715T2015053343_d_img_d18.zip | ch2_tmc_ncf_20260715T2015053343_d_img_d18.zip | ch2_tmc_ncn_20260715T2015053343_d_img_d18.zip
2026-07-15 20:20:24+00:00,2026-07-15 20:20:24.283000+00:00,2026-07-15 20:27:29.195000+00:00,3,"AFT,FORE,NADIR","NCA,NCF,NCN",True,True,True,True,3,ch2_tmc_nca_20260715T2020242830_d_img_d18.zip | ch2_tmc_ncf_20260715T2020242830_d_img_d18.zip | ch2_tmc_ncn_20260715T2020242863_d_img_d18.zip
2026-07-17 07:44:59+00:00,2026-07-17 07:44:58.633000+00:00,2026-07-17 07:57:48.301000+00:00,3,"AFT,FORE,NADIR","NCA,NCF,NCN",True,True,True,True,3,ch2_tmc_nca_20260717T0744586330_d_img_d18.zip | ch2_tmc_ncf_20260717T0744586330_d_img_d18.zip | ch2_tmc_ncn_20260717T0744586362_d_img_d18.zip
2026-07-17 11:40:51+00:00,2026-07-17 11:40:50.906000+00:00,2026-07-17 11:50:12.268000+00:00,3,"AFT,FORE,NADIR","NCA,NCF,NCN",True,True,True,True,3,ch2_tmc_nca_20260717T1140509061_d_img_d18.zip | ch2_tmc_ncf_20260717T1140509061_d_img_d18.zip | ch2_tmc_ncn_20260717T1140509061_d_img_d18.zip
2026-07-18 07:26:53+00:00,2026-07-18 07:26:52.875000+00:00,2026-07-18 07:36:08.423000+00:00,3,"AFT,FORE,NADIR","NCA,NCF,NCN",True,True,True,True,3,ch2_tmc_nca_20260718T0726528759_d_img_d18.zip | ch2_tmc_ncf_20260718T0726528759_d_img_d18.zip | ch2_tmc_ncn_20260718T0726528792_d_img_d18.zip
2026-07-18 09:24:52+00:00,2026-07-18 09:24:51.976000+00:00,2026-07-18 09:32:59.393000+00:00,3,"AFT,FORE,NADIR","NCA,NCF,NCN",True,True,True,True,3,ch2_tmc_nca_20260718T0924519761_d_img_d18.zip | ch2_tmc_ncf_20260718T0924519761_d_img_d18.zip | ch2_tmc_ncn_20260718T0924519761_d_img_d18.zip
2026-07-18 11:22:52+00:00,2026-07-18 11:22:51.615000+00:00,2026-07-18 11:32:48.479000+00:00,3,"AFT,FORE,NADIR","NCA,NCF,NCN",True,True,True,True,3,ch2_tmc_nca_20260718T1122516152_d_img_d18.zip | ch2_tmc_ncf_20260718T1122516152_d_img_d18.zip | ch2_tmc_ncn_20260718T1122516185_d_img_d18.zip
2026-07-18 13:04:21+00:00,2026-07-18 13:04:20.534000+00:00,2026-07-18 13:13:38.453000+00:00,3,"AFT,FORE,NADIR","NCA,NCF,NCN",True,True,True,True,3,ch2_tmc_nca_20260718T1304205344_d_img_d18.zip | ch2_tmc_ncf_20260718T1304205344_d_img_d18.zip | ch2_tmc_ncn_20260718T1304205344_d_img_d18.zip
2026-07-19 14:24:46+00:00,2026-07-19 14:24:46.343000+00:00,2026-07-19 14:39:17.402000+00:00,3,"AFT,FORE,NADIR","NCA,NCF,NCN",True,True,True,True,3,ch2_tmc_nca_20260719T1424463431_d_img_d18.zip | ch2_tmc_ncf_20260719T1424463464_d_img_d18.zip | ch2_tmc_ncn_20260719T1424463464_d_img_d18.zip
2026-07-20 14:34:57+00:00,2026-07-20 14:34:57.314000+00:00,2026-07-20 14:41:39.836000+00:00,3,"AFT,FORE,NADIR","NCA,NCF,NCN",True,True,True,True,3,ch2_tmc_nca_20260720T1434573141_d_img_d18.zip | ch2_tmc_ncf_20260720T1434573141_d_img_d18.zip | ch2_tmc_ncn_20260720T1434573141_d_img_d18.zip
2026-07-23 01:30:39+00:00,2026-07-23 01:30:39.498000+00:00,2026-07-23 01:41:34.973000+00:00,3,"AFT,FORE,NADIR","NCA,NCF,NCN",True,True,True,True,3,ch2_tmc_nca_20260723T0130394981_d_img_d18.zip | ch2_tmc_ncf_20260723T0130394981_d_img_d18.zip | ch2_tmc_ncn_20260723T0130394981_d_img_d18.zip
2026-07-24 01:07:53+00:00,2026-07-24 01:07:52.633000+00:00,2026-07-24 01:13:58.526000+00:00,3,"AFT,FORE,NADIR","NCA,NCF,NCN",True,True,True,True,3,ch2_tmc_nca_20260724T0107526331_d_img_d18.zip | ch2_tmc_ncf_20260724T0107526363_d_img_d18.zip | ch2_tmc_ncn_20260724T0107526363_d_img_d18.zip
2026-07-24 16:19:48+00:00,2026-07-24 16:19:48.476000+00:00,2026-07-24 16:31:58.814000+00:00,3,"AFT,FORE,NADIR","NCA,NCF,NCN",True,True,True,True,3,ch2_tmc_nca_20260724T1619484798_d_img_d18.zip | ch2_tmc_ncf_20260724T1619484765_d_img_d18.zip | ch2_tmc_ncn_20260724T1619484798_d_img_d18.zip
2026-07-25 04:30:54+00:00,2026-07-25 04:30:53.749000+00:00,2026-07-25 04:43:05.278000+00:00,3,"AFT,FORE,NADIR","NCA,NCF,NCN",True,True,True,True,3,ch2_tmc_nca_20260725T0430537498_d_img_d18.zip | ch2_tmc_ncf_20260725T0430537498_d_img_d18.zip | ch2_tmc_ncn_20260725T0430537498_d_img_d18.zip
2026-07-26 05:39:02+00:00,2026-07-26 05:39:01.783000+00:00,2026-07-26 05:47:45.572000+00:00,3,"AFT,FORE,NADIR","NCA,NCF,NCN",True,True,True,True,3,ch2_tmc_nca_20260726T0539017870_d_img_d18.zip | ch2_tmc_ncf_20260726T0539017838_d_img_d18.zip | ch2_tmc_ncn_20260726T0539017870_d_img_d18.zip
2026-07-26 15:37:02+00:00,2026-07-26 15:37:01.697000+00:00,2026-07-26 15:45:51.951000+00:00,3,"AFT,FORE,NADIR","NCA,NCF,NCN",True,True,True,True,3,ch2_tmc_nca_20260726T1537016974_d_img_d18.zip | ch2_tmc_ncf_20260726T1537016974_d_img_d18.zip | ch2_tmc_ncn_20260726T1537016974_d_img_d18.zip
2026-07-27 15:05:39+00:00,2026-07-27 15:05:38.644000+00:00,2026-07-27 15:17:06.250000+00:00,3,"AFT,FORE,NADIR","NCA,NCF,NCN",True,True,True,True,3,ch2_tmc_nca_20260727T1505386475_d_img_d18.zip | ch2_tmc_ncf_20260727T1505386475_d_img_d18.zip | ch2_tmc_ncn_20260727T1505386443_d_img_d18.zip
2026-07-27 19:34:52+00:00,2026-07-27 19:34:51.940000+00:00,2026-07-27 19:38:26.604000+00:00,3,"AFT,FORE,NADIR","NCA,NCF,NCN",True,True,True,True,3,ch2_tmc_nca_20260727T1934519402_d_img_d18.zip | ch2_tmc_ncf_20260727T1934519434_d_img_d18.zip | ch2_tmc_ncn_20260727T1934519402_d_img_d18.zip
2026-07-28 20:45:00+00:00,2026-07-28 20:44:59.688000+00:00,2026-07-28 20:54:58.944000+00:00,3,"AFT,FORE,NADIR","NCA,NCF,NCN",True,True,True,True,3,ch2_tmc_nca_20260728T2044596881_d_img_d18.zip | ch2_tmc_ncf_20260728T2044596881_d_img_d18.zip | ch2_tmc_ncn_20260728T2044596881_d_img_d18.zip
2026-07-29 16:10:51+00:00,2026-07-29 16:10:51.188000+00:00,2026-07-29 16:11:54.597000+00:00,3,"AFT,FORE,NADIR","NCA,NCF,NCN",True,True,True,True,3,ch2_tmc_nca_20260729T1610511882_d_img_d18.zip | ch2_tmc_ncf_20260729T1610511914_d_img_d18.zip | ch2_tmc_ncn_20260729T1610511882_d_img_d18.zip
2026-07-31 07:52:36+00:00,2026-07-31 07:52:35.803000+00:00,2026-07-31 08:00:36.115000+00:00,3,"AFT,FORE,NADIR","NCA,NCF,NCN",True,True,True,True,3,ch2_tmc_nca_20260731T0752358030_d_img_d18.zip | ch2_tmc_ncf_20260731T0752358030_d_img_d18.zip | ch2_tmc_ncn_20260731T0752358030_d_img_d18.zip
2026-07-31 21:19:25+00:00,2026-07-31 21:19:24.779000+00:00,2026-07-31 21:21:49.695000+00:00,3,"AFT,FORE,NADIR","NCA,NCF,NCN",True,True,True,True,3,ch2_tmc_nca_20260731T2119247829_d_img_d18.zip | ch2_tmc_ncf_20260731T2119247797_d_img_d18.zip | ch2_tmc_ncn_20260731T2119247797_d_img_d18.zip
2026-08-01 07:36:12+00:00,2026-08-01 07:36:11.889000+00:00,2026-08-01 07:43:52.343000+00:00,3,"AFT,FORE,NADIR","NCA,NCF,NCN",True,True,True,True,3,ch2_tmc_nca_20260801T0736118899_d_img_d18.zip | ch2_tmc_ncf_20260801T0736118899_d_img_d18.zip | ch2_tmc_ncn_20260801T0736118899_d_img_d18.zip
2026-08-01 19:00:39+00:00,2026-08-01 19:00:38.816000+00:00,2026-08-01 19:12:29.770000+00:00,3,"AFT,FORE,NADIR","NCA,NCF,NCN",True,True,True,True,3,ch2_tmc_nca_20260801T1900388191_d_img_d18.zip | ch2_tmc_ncf_20260801T1900388191_d_img_d18.zip | ch2_tmc_ncn_20260801T1900388160_d_img_d18.zip
2026-08-01 23:08:14+00:00,2026-08-01 23:08:14.154000+00:00,2026-08-01 23:17:12.793000+00:00,3,"AFT,FORE,NADIR","NCA,NCF,NCN",True,True,True,True,3,ch2_tmc_nca_20260801T2308141579_d_img_d18.zip | ch2_tmc_ncf_20260801T2308141579_d_img_d18.zip | ch2_tmc_ncn_20260801T2308141547_d_img_d18.zip
2026-08-02 09:09:40+00:00,2026-08-02 09:09:39.965000+00:00,2026-08-02 09:20:32.402000+00:00,3,"AFT,FORE,NADIR","NCA,NCF,NCN",True,True,True,True,3,ch2_tmc_nca_20260802T0909399686_d_img_d18.zip | ch2_tmc_ncf_20260802T0909399654_d_img_d18.zip | ch2_tmc_ncn_20260802T0909399654_d_img_d18.zip
2026-08-02 18:39:31+00:00,2026-08-02 18:39:31.354000+00:00,2026-08-02 18:52:37.872000+00:00,3,"AFT,FORE,NADIR","NCA,NCF,NCN",True,True,True,True,3,ch2_tmc_nca_20260802T1839313547_d_img_d18.zip | ch2_tmc_ncf_20260802T1839313580_d_img_d18.zip | ch2_tmc_ncn_20260802T1839313580_d_img_d18.zip
2026-08-02 22:23:42+00:00,2026-08-02 22:23:41.637000+00:00,2026-08-02 22:24:31.676000+00:00,3,"AFT,FORE,NADIR","NCA,NCF,NCN",True,True,True,True,3,ch2_tmc_nca_20260802T2223416375_d_img_d18.zip | ch2_tmc_ncf_20260802T2223416375_d_img_d18.zip | ch2_tmc_ncn_20260802T2223416375_d_img_d18.zip
2026-08-03 00:49:52+00:00,2026-08-03 00:49:51.956000+00:00,2026-08-03 00:55:50.705000+00:00,3,"AFT,FORE,NADIR","NCA,NCF,NCN",True,True,True,True,3,ch2_tmc_nca_20260803T0049519563_d_img_d18.zip | ch2_tmc_ncf_20260803T0049519563_d_img_d18.zip | ch2_tmc_ncn_20260803T0049519563_d_img_d18.zip
2026-08-03 12:22:47+00:00,2026-08-03 12:22:46.760000+00:00,2026-08-03 12:31:12.560000+00:00,3,"AFT,FORE,NADIR","NCA,NCF,NCN",True,True,True,True,6,ch2_tmc_nca_20260803T1222467606_d_img_d18.zip | ch2_tmc_nca_20260803T1222468642_d_img_d18.zip | ch2_tmc_ncf_20260803T1222467638_d_img_d18.zip | ch2_tmc_ncf_20260803T1222468642_d_img_d18.zip | ch2_tmc_ncn_20260803T1222467606_d_img_d18.zip | ch2_tmc_ncn_20260803T1222468673_d_img_d18.zip
2026-08-03 22:11:26+00:00,2026-08-03 22:11:25.611000+00:00,2026-08-03 22:22:25.638000+00:00,3,"AFT,FORE,NADIR","NCA,NCF,NCN",True,True,True,True,3,ch2_tmc_nca_20260803T2211256114_d_img_d18.zip | ch2_tmc_ncf_20260803T2211256114_d_img_d18.zip | ch2_tmc_ncn_20260803T2211256146_d_img_d18.zip
2026-08-04 20:03:12+00:00,2026-08-04 20:03:12.136000+00:00,2026-08-04 20:16:58.150000+00:00,3,"AFT,FORE,NADIR","NCA,NCF,NCN",True,True,True,True,3,ch2_tmc_nca_20260804T2003121368_d_img_d18.zip | ch2_tmc_ncf_20260804T2003121400_d_img_d18.zip | ch2_tmc_ncn_20260804T2003121400_d_img_d18.zip
2026-08-05 01:52:02+00:00,2026-08-05 01:52:01.690000+00:00,2026-08-05 02:03:04.916000+00:00,3,"AFT,FORE,NADIR","NCA,NCF,NCN",True,True,True,True,3,ch2_tmc_nca_20260805T0152016909_d_img_d18.zip | ch2_tmc_ncf_20260805T0152016909_d_img_d18.zip | ch2_tmc_ncn_20260805T0152016909_d_img_d18.zip
2026-08-05 11:41:50+00:00,2026-08-05 11:41:49.825000+00:00,2026-08-05 11:54:59.547000+00:00,3,"AFT,FORE,NADIR","NCA,NCF,NCN",True,True,True,True,3,ch2_tmc_nca_20260805T1141498289_d_img_d18.zip | ch2_tmc_ncf_20260805T1141498258_d_img_d18.zip | ch2_tmc_ncn_20260805T1141498258_d_img_d18.zip
2026-08-05 21:41:35+00:00,2026-08-05 21:41:35.142000+00:00,2026-08-05 21:50:47.106000+00:00,3,"AFT,FORE,NADIR","NCA,NCF,NCN",True,True,True,True,3,ch2_tmc_nca_20260805T2141351429_d_img_d18.zip | ch2_tmc_ncf_20260805T2141351429_d_img_d18.zip | ch2_tmc_ncn_20260805T2141351429_d_img_d18.zip
2026-08-05 23:32:52+00:00,2026-08-05 23:32:52.171000+00:00,2026-08-05 23:40:17.198000+00:00,3,"AFT,FORE,NADIR","NCA,NCF,NCN",True,True,True,True,3,ch2_tmc_nca_20260805T2332521747_d_img_d18.zip | ch2_tmc_ncf_20260805T2332521715_d_img_d18.zip | ch2_tmc_ncn_20260805T2332521747_d_img_d18.zip
2026-08-06 01:30:48+00:00,2026-08-06 01:30:47.796000+00:00,2026-08-06 01:38:44.533000+00:00,3,"AFT,FORE,NADIR","NCA,NCF,NCN",True,True,True,True,3,ch2_tmc_nca_20260806T0130477960_d_img_d18.zip | ch2_tmc_ncf_20260806T0130477960_d_img_d18.zip | ch2_tmc_ncn_20260806T0130477960_d_img_d18.zip
2026-08-06 03:28:43+00:00,2026-08-06 03:28:43.321000+00:00,2026-08-06 03:36:39.764000+00:00,3,"AFT,FORE,NADIR","NCA,NCF,NCN",True,True,True,True,3,ch2_tmc_nca_20260806T0328433250_d_img_d18.zip | ch2_tmc_ncf_20260806T0328433250_d_img_d18.zip | ch2_tmc_ncn_20260806T0328433217_d_img_d18.zip
2026-08-06 21:10:14+00:00,2026-08-06 21:10:13.979000+00:00,2026-08-06 21:19:25.623000+00:00,3,"AFT,FORE,NADIR","NCA,NCF,NCN",True,True,True,True,3,ch2_tmc_nca_20260806T2110139794_d_img_d18.zip | ch2_tmc_ncf_20260806T2110139794_d_img_d18.zip | ch2_tmc_ncn_20260806T2110139794_d_img_d18.zip
2026-08-07 03:04:04+00:00,2026-08-07 03:04:03.902000+00:00,2026-08-07 03:14:09.957000+00:00,3,"AFT,FORE,NADIR","NCA,NCF,NCN",True,True,True,True,3,ch2_tmc_nca_20260807T0304039025_d_img_d18.zip | ch2_tmc_ncf_20260807T0304039025_d_img_d18.zip | ch2_tmc_ncn_20260807T0304039057_d_img_d18.zip
2026-08-07 05:02:02+00:00,2026-08-07 05:02:01.878000+00:00,2026-08-07 05:12:07.315000+00:00,3,"AFT,FORE,NADIR","NCA,NCF,NCN",True,True,True,True,3,ch2_tmc_nca_20260807T0502018784_d_img_d18.zip | ch2_tmc_ncf_20260807T0502018784_d_img_d18.zip | ch2_tmc_ncn_20260807T0502018784_d_img_d18.zip
2026-08-07 12:53:48+00:00,2026-08-07 12:53:47.535000+00:00,2026-08-07 13:02:58.632000+00:00,3,"AFT,FORE,NADIR","NCA,NCF,NCN",True,True,True,True,3,ch2_tmc_nca_20260807T1253475351_d_img_d18.zip | ch2_tmc_ncf_20260807T1253475351_d_img_d18.zip | ch2_tmc_ncn_20260807T1253475351_d_img_d18.zip
2026-08-07 22:43:28+00:00,2026-08-07 22:43:27.690000+00:00,2026-08-07 22:55:31.300000+00:00,3,"AFT,FORE,NADIR","NCA,NCF,NCN",True,True,True,True,3,ch2_tmc_nca_20260807T2243276904_d_img_d18.zip | ch2_tmc_ncf_20260807T2243276936_d_img_d18.zip | ch2_tmc_ncn_20260807T2243276936_d_img_d18.zip
2026-08-08 02:14:04+00:00,2026-08-08 02:14:04.100000+00:00,2026-08-08 02:15:00.530000+00:00,3,"AFT,FORE,NADIR","NCA,NCF,NCN",True,True,True,True,3,ch2_tmc_nca_20260808T0214041009_d_img_d18.zip | ch2_tmc_ncf_20260808T0214041009_d_img_d18.zip | ch2_tmc_ncn_20260808T0214041009_d_img_d18.zip
2026-08-08 04:37:10+00:00,2026-08-08 04:37:10.492000+00:00,2026-08-08 04:44:58.621000+00:00,3,"AFT,FORE,NADIR","NCA,NCF,NCN",True,True,True,True,3,ch2_tmc_nca_20260808T0437104925_d_img_d18.zip | ch2_tmc_ncf_20260808T0437104925_d_img_d18.zip | ch2_tmc_ncn_20260808T0437104925_d_img_d18.zip
2026-08-08 06:13:17+00:00,2026-08-08 06:13:16.755000+00:00,2026-08-08 06:26:26.341000+00:00,3,"AFT,FORE,NADIR","NCA,NCF,NCN",True,True,True,True,3,ch2_tmc_nca_20260808T0613167584_d_img_d18.zip | ch2_tmc_ncf_20260808T0613167553_d_img_d18.zip | ch2_tmc_ncn_20260808T0613167553_d_img_d18.zip
2026-08-09 05:44:51+00:00,2026-08-09 05:44:51.142000+00:00,2026-08-09 05:45:51.258000+00:00,3,"AFT,FORE,NADIR","NCA,NCF,NCN",True,True,True,True,6,ch2_tmc_nca_20260809T0544511424_d_img_d18.zip | ch2_tmc_nca_20260809T0544514597_d_img_d18.zip | ch2_tmc_ncf_20260809T0544511424_d_img_d18.zip | ch2_tmc_ncf_20260809T0544514629_d_img_d18.zip | ch2_tmc_ncn_20260809T0544511424_d_img_d18.zip | ch2_tmc_ncn_20260809T0544514597_d_img_d18.zip
2026-08-09 16:06:02+00:00,2026-08-09 16:06:01.714000+00:00,2026-08-09 16:11:47.846000+00:00,3,"AFT,FORE,NADIR","NCA,NCF,NCN",True,True,True,True,3,ch2_tmc_nca_20260809T1606017147_d_img_d18.zip | ch2_tmc_ncf_20260809T1606017147_d_img_d18.zip | ch2_tmc_ncn_20260809T1606017180_d_img_d18.zip
2026-08-10 03:46:58+00:00,2026-08-10 03:46:57.544000+00:00,2026-08-10 04:00:06.682000+00:00,3,"AFT,FORE,NADIR","NCA,NCF,NCN",True,True,True,True,3,ch2_tmc_nca_20260810T0346575448_d_img_d18.zip | ch2_tmc_ncf_20260810T0346575448_d_img_d18.zip | ch2_tmc_ncn_20260810T0346575448_d_img_d18.zip
2026-08-10 05:44:52+00:00,2026-08-10 05:44:52.109000+00:00,2026-08-10 05:58:02.760000+00:00,3,"AFT,FORE,NADIR","NCA,NCF,NCN",True,True,True,True,3,ch2_tmc_nca_20260810T0544521099_d_img_d18.zip | ch2_tmc_ncf_20260810T0544521099_d_img_d18.zip | ch2_tmc_ncn_20260810T0544521099_d_img_d18.zip
2026-08-10 15:19:30+00:00,2026-08-10 15:19:29.796000+00:00,2026-08-10 15:32:24.166000+00:00,3,"AFT,FORE,NADIR","NCA,NCF,NCN",True,True,True,True,3,ch2_tmc_nca_20260810T1519297967_d_img_d18.zip | ch2_tmc_ncf_20260810T1519297967_d_img_d18.zip | ch2_tmc_ncn_20260810T1519297967_d_img_d18.zip
2026-08-11 01:24:07+00:00,2026-08-11 01:24:06.902000+00:00,2026-08-11 01:30:58.517000+00:00,3,"AFT,FORE,NADIR","NCA,NCF,NCN",True,True,True,True,3,ch2_tmc_nca_20260811T0124069021_d_img_d18.zip | ch2_tmc_ncf_20260811T0124069021_d_img_d18.zip | ch2_tmc_ncn_20260811T0124069021_d_img_d18.zip
2026-08-11 03:22:02+00:00,2026-08-11 03:22:01.581000+00:00,2026-08-11 03:30:03.914000+00:00,3,"AFT,FORE,NADIR","NCA,NCF,NCN",True,True,True,True,3,ch2_tmc_nca_20260811T0322015819_d_img_d18.zip | ch2_tmc_ncf_20260811T0322015852_d_img_d18.zip | ch2_tmc_ncn_20260811T0322015819_d_img_d18.zip
2026-08-11 05:19:57+00:00,2026-08-11 05:19:56.634000+00:00,2026-08-11 05:27:58.736000+00:00,3,"AFT,FORE,NADIR","NCA,NCF,NCN",True,True,True,True,3,ch2_tmc_nca_20260811T0519566345_d_img_d18.zip | ch2_tmc_ncf_20260811T0519566345_d_img_d18.zip | ch2_tmc_ncn_20260811T0519566345_d_img_d18.zip
2026-08-11 07:06:12+00:00,2026-08-11 07:06:11.672000+00:00,2026-08-11 07:20:45.317000+00:00,3,"AFT,FORE,NADIR","NCA,NCF,NCN",True,True,True,True,3,ch2_tmc_nca_20260811T0706116729_d_img_d18.zip | ch2_tmc_ncf_20260811T0706116729_d_img_d18.zip | ch2_tmc_ncn_20260811T0706116729_d_img_d18.zip
2026-08-11 09:15:47+00:00,2026-08-11 09:15:47.286000+00:00,2026-08-11 09:23:47.560000+00:00,3,"AFT,FORE,NADIR","NCA,NCF,NCN",True,True,True,True,3,ch2_tmc_nca_20260811T0915472866_d_img_d18.zip | ch2_tmc_ncf_20260811T0915472866_d_img_d18.zip | ch2_tmc_ncn_20260811T0915472866_d_img_d18.zip
2026-08-11 18:45:21+00:00,2026-08-11 18:45:20.908000+00:00,2026-08-11 18:56:54.973000+00:00,3,"AFT,FORE,NADIR","NCA,NCF,NCN",True,True,True,True,3,ch2_tmc_nca_20260811T1845209086_d_img_d18.zip | ch2_tmc_ncf_20260811T1845209117_d_img_d18.zip | ch2_tmc_ncn_20260811T1845209117_d_img_d18.zip
2026-08-11 18:56:50+00:00,2026-08-11 18:56:50.455000+00:00,2026-08-11 18:57:42.885000+00:00,3,"AFT,FORE,NADIR","NCA,NCF,NCN",True,True,True,True,3,ch2_tmc_nca_20260811T1856504587_d_img_d18.zip | ch2_tmc_ncf_20260811T1856504555_d_img_d18.zip | ch2_tmc_ncn_20260811T1856504555_d_img_d18.zip
2026-08-12 04:54:45+00:00,2026-08-12 04:54:45.171000+00:00,2026-08-12 05:06:19.498000+00:00,3,"AFT,FORE,NADIR","NCA,NCF,NCN",True,True,True,True,3,ch2_tmc_nca_20260812T0454451716_d_img_d18.zip | ch2_tmc_ncf_20260812T0454451716_d_img_d18.zip | ch2_tmc_ncn_20260812T0454451716_d_img_d18.zip
2026-08-12 05:06:15+00:00,2026-08-12 05:06:14.938000+00:00,2026-08-12 05:07:03.957000+00:00,3,"AFT,FORE,NADIR","NCA,NCF,NCN",True,True,True,True,3,ch2_tmc_nca_20260812T0506149385_d_img_d18.zip | ch2_tmc_ncf_20260812T0506149385_d_img_d18.zip | ch2_tmc_ncn_20260812T0506149385_d_img_d18.zip
2026-08-12 08:38:56+00:00,2026-08-12 08:38:56.305000+00:00,2026-08-12 08:51:30.683000+00:00,3,"AFT,FORE,NADIR","NCA,NCF,NCN",True,True,True,True,3,ch2_tmc_nca_20260812T0838563050_d_img_d18.zip | ch2_tmc_ncf_20260812T0838563050_d_img_d18.zip | ch2_tmc_ncn_20260812T0838563050_d_img_d18.zip
2026-08-12 08:51:26+00:00,2026-08-12 08:51:26.155000+00:00,2026-08-12 08:52:05.805000+00:00,3,"AFT,FORE,NADIR","NCA,NCF,NCN",True,True,True,True,3,ch2_tmc_nca_20260812T0851261555_d_img_d18.zip | ch2_tmc_ncf_20260812T0851261555_d_img_d18.zip | ch2_tmc_ncn_20260812T0851261555_d_img_d18.zip
2026-08-12 18:40:08+00:00,2026-08-12 18:40:07.646000+00:00,2026-08-12 18:51:53.736000+00:00,3,"AFT,FORE,NADIR","NCA,NCF,NCN",True,True,True,True,3,ch2_tmc_nca_20260812T1840076464_d_img_d18.zip | ch2_tmc_ncf_20260812T1840076464_d_img_d18.zip | ch2_tmc_ncn_20260812T1840076464_d_img_d18.zip
2026-08-13 04:29:44+00:00,2026-08-13 04:29:44.321000+00:00,2026-08-13 04:41:39.398000+00:00,3,"AFT,FORE,NADIR","NCA,NCF,NCN",True,True,True,True,3,ch2_tmc_nca_20260813T0429443216_d_img_d18.zip | ch2_tmc_ncf_20260813T0429443216_d_img_d18.zip | ch2_tmc_ncn_20260813T0429443216_d_img_d18.zip
2026-08-13 06:27:38+00:00,2026-08-13 06:27:37.852000+00:00,2026-08-13 06:35:37.139000+00:00,3,"AFT,FORE,NADIR","NCA,NCF,NCN",True,True,True,True,3,ch2_tmc_nca_20260813T0627378526_d_img_d18.zip | ch2_tmc_ncf_20260813T0627378557_d_img_d18.zip | ch2_tmc_ncn_20260813T0627378557_d_img_d18.zip
2026-08-13 08:02:22+00:00,2026-08-13 08:02:21.633000+00:00,2026-08-13 08:15:19.511000+00:00,3,"AFT,FORE,NADIR","NCA,NCF,NCN",True,True,True,True,3,ch2_tmc_nca_20260813T0802216332_d_img_d18.zip | ch2_tmc_ncf_20260813T0802216365_d_img_d18.zip | ch2_tmc_ncn_20260813T0802216365_d_img_d18.zip
2026-08-13 10:23:30+00:00,2026-08-13 10:23:29.874000+00:00,2026-08-13 10:31:27.964000+00:00,3,"AFT,FORE,NADIR","NCA,NCF,NCN",True,True,True,True,3,ch2_tmc_nca_20260813T1023298778_d_img_d18.zip | ch2_tmc_ncf_20260813T1023298778_d_img_d18.zip | ch2_tmc_ncn_20260813T1023298745_d_img_d18.zip
