case_id,success,rmse,inlier_count,inlier_ratio,rotation_error_deg,scale_error,translation_error
0,True,2.6381728505961262e-05,100,1.0,1.2148445005522035e-07,8.770877357733298e-10,2.5914328524273442e-06
1,True,0.9460902132345811,100,1.0,0.007756633905481536,7.304887696613083e-05,0.08125054011651636
2,False,183.04970964657028,100,0.9009009009009009,3.1330115746186493e-07,3.561389183559527e-09,3.562187967024474e-06
3,True,2.3640306401146013e-05,80,1.0,4.262410087108037e-07,1.631750068398219e-09,1.8971236004538395e-06
4,False,136.61463416905457,80,0.898876404494382,0.004011275704315587,5.364255285433828e-05,0.1014841062510363
5,True,3.3863803028807605e-05,100,1.0,1.902846324952634e-08,9.542797663186775e-10,1.0439114338501421e-06
6,True,3.760510194810317,77,0.77,0.017617217069087587,0.0005256024080402266,0.2858620113281276
7,False,224.08815015302395,100,0.8,1.958273898594598e-08,2.776127550063734e-09,1.3225118078868213e-06
8,True,2.7720004952779962e-05,60,1.0,6.42495132208154e-07,1.7239698557602878e-10,1.4885783247068961e-05
9,False,247.29588647130907,42,0.56,0.2712233724194615,0.0017726532041444365,2.8325763078039037
10,True,2.579555070781592e-05,100,1.0,5.349888905215039e-07,6.766209703634729e-09,6.664506810096566e-06
11,False,8.0264013989291,40,0.4,0.15745627430363252,0.0038814191456373326,4.1075542181741636
12,False,345.4125573607023,100,0.6993006993006993,3.520480635899048e-07,3.8080094633130557e-10,3.7771259611821513e-06
13,True,2.3551371135203972e-05,40,1.0,6.272536143825391e-07,6.070432045923724e-09,6.235561098465018e-06
14,False,225.2069522217247,12,0.21052631578947367,0.3850456117833758,0.0006675000403988385,11.32214213440874
15,True,2.9018292125356727e-05,100,1.0,2.794354401203236e-07,3.4497087408880134e-09,4.941377441110306e-06
16,False,21.388079116188685,12,0.12,0.25528281331767166,0.01570965042162631,16.787025544267493
17,False,342.7863171831313,100,0.5988023952095808,1.928238013704231e-07,1.9404713391679707e-09,4.305351842592825e-06
18,True,2.436301534502073e-05,80,1.0,1.2306251750970887e-07,5.279999548690739e-09,3.2179123321129514e-06
19,False,452.92451650028767,9,0.06766917293233082,0.8310198750661968,0.032171935602483215,27.64278747344467
20,True,2.5281130424987085e-05,100,1.0,1.7442234367948117e-07,2.1627253321554463e-09,4.886205777219731e-06
21,True,1.0734430459578264,100,1.0,0.004321130206848878,6.855766627156257e-05,0.10203968743194251
22,False,404.3673530680682,100,0.5,4.1930768013287434e-07,3.4133251780588125e-10,4.937074961593753e-06
23,True,2.4499772524488668e-05,60,1.0,7.222149633889785e-08,2.265634790887816e-09,2.3403211932633226e-06
24,False,384.88727966947937,60,0.5,0.022217912098877468,0.0004235020673659662,0.4608663810279577
25,True,2.724837550902919e-05,100,1.0,3.5299686906853367e-07,2.5039157414141755e-09,4.815889036330518e-06
26,True,3.6082895192981286,79,0.79,0.15695342966097314,0.0003881915193255647,1.040500450019748
27,False,259.3103371231693,100,0.4,7.905952514875025e-08,5.628761901022017e-10,4.948635727860569e-07
28,True,3.0628180027817664e-05,40,1.0,1.5352850590844014e-07,7.103173160771803e-09,4.197513428995407e-06
29,False,445.3143593370028,28,0.28,0.06354733679168234,1.3575868371029642e-05,1.392438361363116
30,True,3.669538266022537e-05,100,1.0,5.759377490477391e-07,3.627830924557429e-09,8.51781729477895e-06
31,False,8.197993799691831,31,0.31,0.1593874631319423,0.00040168538069018656,1.9208116984521082
32,False,203.98475429560824,100,0.9009009009009009,3.5601410841579195e-07,4.422503585566062e-09,6.242070274279125e-06
33,True,3.0253840990617332e-05,80,1.0,3.7141277076102597e-07,5.8010201087199675e-09,4.385559002404962e-06
34,False,240.645924170201,18,0.20224719101123595,0.2622792196842747,0.007927188915973105,10.310486288216865
35,True,3.5907184780653635e-05,100,1.0,1.0379539383542635e-07,6.343108038819878e-09,2.83238143868799e-06
36,False,22.569052953222158,12,0.12,0.9761896687806113,0.0020086092652252807,5.0863954655338235
37,False,247.23267252712037,100,0.8,1.7129176033137128e-07,2.0832926495018e-09,2.874278184132261e-06
38,True,2.7302570814777258e-05,60,1.0,7.400330606088801e-07,1.1602888205786144e-08,9.2760878264562e-06
39,False,108.01647027341907,8,0.10666666666666667,1.0904014576052177,0.02698675892572494,22.538541620519393
40,True,2.6454957710342388e-05,100,1.0,1.5785155138559048e-07,3.324427400031027e-10,1.598644157512749e-06
41,True,0.961066959175711,100,1.0,0.017160776942620082,3.3882601212731345e-05,0.21930320736794381
42,False,333.2429018111066,100,0.6993006993006993,2.2319505355028468e-07,5.895542498635109e-09,6.3786993768947e-06
43,True,2.49554162489007e-05,40,1.0,2.0816917611909957e-07,2.2166669610967915e-09,6.257619618662023e-06
44,False,281.5937924989623,40,0.7017543859649122,0.01171088437927259,0.00028664801594113776,0.07511018491591957
45,True,2.9322470921348718e-05,100,1.0,1.9656364713682706e-07,3.1256108812272032e-09,2.501126674356199e-06
46,True,3.87105783876114,67,0.67,0.07920258755985543,0.001246693858486747,0.677705938643188
47,False,488.46886601371307,100,0.5988023952095808,2.770267641949431e-07,1.066171662067461e-08,6.208037537398453e-06
48,True,2.802917640352157e-05,80,1.0,1.1342882633158524e-07,9.373254394873243e-10,3.5260577391951247e-06
49,False,293.5108346915751,63,0.47368421052631576,0.039600840919481683,0.0012156139783842113,1.178361706988384
50,True,2.806561854513157e-05,100,1.0,2.046438254410532e-07,4.851283375018056e-09,1.6932399069142616e-06
51,False,12.019461338803605,21,0.21,0.09005708059364537,9.657731307144424e-05,4.749276477265871
52,False,355.19022295284265,100,0.5,2.847173852238427e-07,1.2685112960042488e-09,4.761504155440586e-06
53,True,2.1034451274952105e-05,60,1.0,5.46116023514287e-08,6.411524200444774e-09,2.0814158375824125e-06
54,False,445.1002475296436,13,0.10833333333333334,0.2054996711535857,0.001465448604502484,5.042374271577671
55,True,3.088789932512879e-05,100,1.0,2.3259527281993542e-07,1.9974484288809435e-09,4.430545725046225e-06
56,False,21.09437571512448,11,0.11,0.35284894573547854,0.004597691553987371,7.974746567727374
57,False,366.555326083988,100,0.4,2.2686784006964444e-07,4.3601261490167076e-09,1.5907447542309698e-06
58,True,3.068744268076667e-05,40,1.0,5.849392792356412e-07,1.7566583743189312e-09,7.19162037692741e-06
59,False,249.68891503835567,8,0.08,1.1646132039282904,0.010877169529500574,16.52375405279673
60,True,2.931618881106482e-05,100,1.0,2.7577259364974793e-07,3.1483098350548744e-09,3.2400253083163175e-06
61,True,0.9773885602508453,100,1.0,0.006747997128270455,0.00021758506902402885,0.12724860431562393
62,False,197.7226444585765,100,0.9009009009009009,1.3481163518846984e-07,1.6711487749176968e-09,2.116981659647384e-06
63,True,1.7830064225067688e-05,80,1.0,9.158456260038861e-08,6.043373579345257e-10,1.3263182907394487e-06
64,False,206.133288908874,80,0.898876404494382,0.0006045199716033789,2.045095293323751e-05,0.11925703170779751
65,True,2.84679895770856e-05,100,1.0,3.1393305910398794e-07,5.917746292993797e-10,6.260766184280099e-06
66,False,4.863414951409665,49,0.49,0.033210529378280285,0.0024747923086783086,3.880854514804589
67,False,212.2848810371641,100,0.8,5.809804513035033e-07,4.23225554602169e-09,5.44280295129846e-06
68,True,2.3244969499662456e-05,60,1.0,2.467309614395674e-07,1.642591329620302e-08,5.608113172064403e-06
69,False,246.894821689401,37,0.49333333333333335,0.12328481703010485,0.0010702652636063181,2.577273023696959
70,True,3.776073254955881e-05,100,1.0,1.5933594932349138e-07,9.00097552047896e-09,6.123840328615495e-06
71,False,13.251510779836737,17,0.17,0.35146291013600717,0.006166480518287942,12.814073355673475
72,False,292.1108602798779,100,0.6993006993006993,2.825179212795348e-07,1.9198487244409534e-09,5.236945208026781e-06
73,True,2.4346886960738624e-05,40,1.0,1.779629439369046e-07,2.8900949411436727e-09,2.7643392538277527e-06
74,False,364.3783790000437,12,0.21052631578947367,0.5727187420140218,0.005441009782551687,5.877068536564512
75,True,1.4989622071733031e-05,100,1.0,2.304533417429866e-07,2.742638116615126e-09,3.1676188333483016e-06
76,False,23.277883074870015,12,0.12,1.4377697493088721,0.008686101294595794,14.647554006626043
77,False,378.89306918698003,100,0.5988023952095808,3.506534955732832e-07,2.7653654921522275e-09,7.573213029113471e-06
78,True,2.8466605769588776e-05,80,1.0,1.0460129473699453e-07,5.92446314229278e-09,2.460950953665962e-06
79,False,444.4164336769577,8,0.06015037593984962,0.5019542211649473,0.032107084578445244,39.34704651827774
80,True,2.547728275177531e-05,100,1.0,1.885719154159915e-07,3.2001244987256428e-09,4.587756409270273e-06
81,True,0.9378588497885768,100,1.0,0.00785518718822864,0.00013063834356463744,0.0708626256491808
82,False,409.8459630340343,100,0.5,1.7514849748323513e-07,6.456202461535554e-09,5.301715574183224e-06
83,True,2.7559073104913865e-05,60,1.0,5.848622279813753e-07,4.5405714743651515e-09,6.314781140313337e-06
84,False,404.5496491951056,60,0.5,0.029255567838113672,4.6373417845746445e-06,0.4292320881921957
85,True,2.4844486523210365e-05,100,1.0,2.3484051547839613e-07,1.0742481348913202e-09,3.5627339993182332e-06
86,True,4.269991869113362,74,0.74,0.0003393304942314046,0.002298182072330457,2.0373477696887345
87,False,346.579868645902,100,0.4,5.057231788896388e-08,2.3790464043216275e-09,1.380710213044051e-06
88,True,2.8290936004370008e-05,40,1.0,9.19621771372503e-07,1.1409636346826346e-08,1.1033309078771736e-05
89,False,382.15512684387755,29,0.29,0.09035525024840085,0.00042003070695262323,0.22673211404019852
90,True,3.5021163533761615e-05,100,1.0,8.589462829888816e-08,5.943970426969258e-09,3.00639346716851e-06
91,False,9.174263149791155,27,0.27,0.33642913931131346,0.0023601312732035584,5.457595865405595
92,False,153.93531797219654,100,0.9009009009009009,1.0967335395406508e-07,2.9007974911010592e-09,2.414144651337725e-06
93,True,2.790031746606983e-05,80,1.0,1.5643735906678558e-07,5.198049768395663e-09,2.6493095820718204e-06
94,False,158.55749810009098,16,0.1797752808988764,0.46825884462779754,0.01418457307475296,12.204585616516628
95,True,2.8916382033761182e-05,100,1.0,2.503912348572612e-07,5.100473599028987e-09,2.3248931512519883e-06
96,False,29.876799220871717,10,0.1,1.9690011002019105,0.031114608056092674,39.13937800731297
97,False,244.83642882559064,100,0.8,1.7886868342031903e-07,5.058573560035029e-09,4.44443235108656e-06
98,True,2.641105408655116e-05,60,1.0,2.6687776877309943e-08,3.3828597700846785e-09,3.620960209424978e-06
99,False,214.99469599003962,8,0.10666666666666667,2.0763672102660564,0.007383724757229815,30.969579926447313
100,True,2.582226217892753e-05,100,1.0,4.715617993866772e-07,5.3062105820345096e-09,3.00927671114765e-06
101,True,0.9449226843945161,100,1.0,0.004622597177173837,0.00012974164253831688,0.12348781105973813
102,False,355.37859849394056,100,0.6993006993006993,1.6728893204032147e-07,3.876380327838547e-09,4.591087909684368e-06
103,True,4.185669940997777e-05,40,1.0,4.474011738864192e-07,1.950443140330549e-09,1.5018342426569087e-05
104,False,276.29706848004514,40,0.7017543859649122,0.008449273816592884,0.000497156458109993,0.31665565110221006
105,True,2.7637167156740072e-05,100,1.0,6.334694377940764e-07,1.4936936132414758e-09,8.944822211494686e-06
106,True,5.273232364989165,52,0.52,0.14740227927389685,8.768614703513755e-05,1.4201432462534123
107,False,526.171995931491,100,0.5988023952095808,1.330959591427927e-07,4.4779910890468955e-09,3.2965137018482092e-06
108,True,2.8760919485597456e-05,80,1.0,3.613577872485507e-07,1.8927392986256564e-09,3.8126792590607367e-06
109,False,273.2932640303296,61,0.45864661654135336,0.09556151151771264,0.0009497426689052402,1.0184221897866266
110,True,2.263579402287399e-05,100,1.0,1.7801156104724214e-09,6.808846819694736e-10,7.4681877261763e-07
111,False,8.36756672757698,37,0.37,0.1545395966009977,0.01181949261775972,9.673274139241833
112,False,383.9018661996411,100,0.5,2.2748260608551618e-07,4.575454459754269e-10,3.458467928965829e-06
113,True,2.9309988210086776e-05,60,1.0,6.6480435378935e-08,5.635574007456512e-09,4.17620776205645e-06
114,False,312.60475850076887,17,0.14166666666666666,0.05098059374955355,0.010167946631479019,8.735025992222736
115,True,2.4392420747725383e-05,100,1.0,3.7462726426573667e-07,1.2356901057941627e-09,3.322082461793928e-06
116,False,22.580398433970046,12,0.12,0.3166637379021142,0.022502235095398504,18.844869527238895
117,False,344.77103091944235,100,0.4,8.765813230837693e-08,1.2660656967256045e-08,6.06484500216072e-06
118,True,2.6606123086869672e-05,40,1.0,7.258372232143984e-07,8.726217526344726e-10,9.846821028010466e-06
119,False,632.8587305874595,6,0.06,0.598546518567737,0.009976902030523815,8.104469858339456
120,True,1.9966970953787174e-05,100,1.0,7.664458956391229e-07,1.9752427471431133e-09,7.307471817664864e-06
121,True,0.9942808966488351,100,1.0,0.010388335537378168,0.00017286216249345898,0.2455498914456084
122,False,201.37198728847986,100,0.9009009009009009,3.1586575843789433e-07,1.097895885315836e-09,2.085877508767167e-06
123,True,2.9977365834296475e-05,80,1.0,8.48333409741997e-07,7.632345866426249e-10,1.157917088039183e-05
124,False,180.24699382291448,80,0.898876404494382,0.004548607800025722,0.00036093187176167163,0.20169090797855319
125,True,2.8554631016558567e-05,100,1.0,4.5957655459005764e-07,4.426465638474042e-09,5.20123805158346e-06
126,True,3.9119847498417495,72,0.72,0.06305440396205242,0.0009405977466612203,1.566291561978904
127,False,230.09001220868203,100,0.8,4.0125434619397993e-07,6.4398695265310835e-09,6.451256130972694e-06
128,True,2.8753603365606613e-05,60,1.0,5.707035728441667e-07,5.7889583127135325e-09,7.621031180863793e-06
129,False,266.66735773629756,32,0.4266666666666667,0.12790566606974307,0.0013202209931604258,2.38499114063491
130,True,2.0580992742500618e-05,100,1.0,4.818255057159604e-07,9.851444104924667e-10,6.37129392638702e-06
131,False,12.606675259269542,18,0.18,0.317688631163243,0.00526921243288081,11.500366730154912
132,False,275.59782748400846,100,0.6993006993006993,2.904119702495933e-07,2.1655549575783084e-09,6.98814236906503e-06
133,True,2.214184842560949e-05,40,1.0,8.835476901225547e-07,1.3748907012889333e-08,1.1512511291206172e-05
134,False,267.82729435889297,10,0.17543859649122806,0.49317536646888804,0.00781992653471053,13.786920899463327
135,True,2.4692881518291454e-05,100,1.0,3.3134609722651476e-07,7.929746859147713e-10,7.481947971811505e-06
136,False,22.22149900716626,13,0.13,1.5011994123348638,0.005473430849723515,19.89542965684137
137,False,338.1885227551764,100,0.5988023952095808,6.869016644373005e-08,3.5934106801249754e-09,6.793754263471662e-07
138,True,2.5953956489359508e-05,80,1.0,1.2981367092379514e-07,2.0969397329650974e-09,2.1224644381766877e-06
139,False,412.7434230575651,11,0.08270676691729323,0.35810532562647523,0.010510683619677996,9.412539143234078
140,True,2.330624993187174e-05,100,1.0,1.433642728976281e-07,3.5379510432420602e-09,1.486832693916998e-06
141,True,0.8603894121786123,100,1.0,0.0066427545364025065,0.00014239429668994052,0.12291745641854018
142,False,353.7011877556124,100,0.5,5.758354610918559e-07,1.8422547931606914e-09,7.734342734034252e-06
143,True,3.355516604306399e-05,60,1.0,4.807491826852583e-07,8.603446843835627e-09,1.1578116269492787e-05
144,False,397.4338545891218,60,0.5,0.0196650418074773,0.0001712975274192896,0.19596124964745207
145,True,3.298602070050179e-05,100,1.0,2.9861766392969e-08,6.406434938099892e-09,4.602056803539847e-06
146,True,4.3279520066688315,73,0.73,0.07776150631402956,0.0028157878494166066,1.5366504833577366
147,False,260.186738069367,100,0.4,8.9883355203213e-09,7.647501854002314e-09,2.7263279814922356e-06
148,True,2.6280995615706492e-05,40,1.0,1.4514722046499173e-07,3.120323999183938e-10,3.5558135024071314e-06
149,False,461.81155018598577,23,0.23,0.06226561331977809,0.001714862829050201,1.9300528012269504
150,True,2.9727898057153848e-05,100,1.0,3.521574694076435e-07,8.935709949753345e-09,5.517038430382243e-06
151,False,8.326725671801007,31,0.31,0.05446024662695592,0.0021399831763811994,1.7867953457454193
152,False,139.8865174597525,100,0.9009009009009009,6.869400179798646e-07,2.0329053995737922e-09,8.727763917391512e-06
153,True,2.9630580608644065e-05,80,1.0,1.2228137258318839e-07,3.3844471669652876e-09,4.475814831718322e-06
154,False,158.5928390159556,19,0.21348314606741572,1.1582659085669231,0.00410478718828633,11.438626063647066
155,True,2.9074305957456513e-05,100,1.0,8.195520493359254e-07,1.9525714378687553e-11,1.2756799497898679e-05
156,False,24.22394968320787,11,0.11,1.4229133070287747,0.0017602945368708767,21.2726278582591
157,False,270.5108189428046,100,0.8,1.7277391162195954e-07,5.196638452886759e-09,3.86504024456405e-06
158,True,2.8027166913355368e-05,60,1.0,9.342993010363898e-07,5.123280466534652e-09,1.5533012276539457e-05
159,False,354.14945178400836,9,0.12,0.022918616498031952,0.02835702465881207,10.428985357420371
160,True,2.5467432855223275e-05,100,1.0,1.4820157012707114e-07,6.78881306725998e-09,5.401415532233638e-06
161,True,1.0155860263520626,100,1.0,0.007497839177766696,0.00010341210371256349,0.15103603098221702
162,False,373.1118731247336,100,0.6993006993006993,1.448861048913841e-07,2.054639791637669e-09,1.921616296841913e-06
163,True,1.9337805517077927e-05,40,1.0,5.665648750152741e-07,1.321672993270795e-09,1.088468126217517e-06
164,False,271.26442327213186,40,0.7017543859649122,0.035899943509421384,1.5798139528788724e-06,0.2858719051034335
165,True,2.356052397525488e-05,100,1.0,1.1514419995251046e-07,2.91560386944667e-09,1.4202472742077375e-06
166,True,4.2104406035924296,66,0.66,0.1023551297380294,0.0037532163418001474,3.77450601992092
167,False,357.3757918704999,100,0.5988023952095808,8.139522567063295e-08,8.559028819021819e-09,5.015924403008513e-06
168,True,2.9134867985626898e-05,80,1.0,2.6087287308129703e-07,3.3521809772452116e-09,3.981742851886929e-06
169,False,295.2773292173689,60,0.45112781954887216,0.0637564956261798,0.000252879136601436,0.4782394079925117
170,True,2.748815817907541e-05,100,1.0,3.692455186055099e-08,1.948668115758778e-09,2.2194299800916212e-06
171,False,8.900818766026022,35,0.35,0.7837074424935224,0.0028060162960369395,3.433159588033098
172,False,360.25295737161645,100,0.5,5.701490811416132e-08,3.876418075421384e-09,4.134116480976899e-06
173,True,2.433349448901316e-05,60,1.0,1.9465869360857369e-07,6.406253305613063e-11,2.387341044175425e-06
174,False,303.0416138717443,17,0.14166666666666666,0.2930708226909289,0.0016030451106864296,2.4768404877844383
175,True,3.787351799564536e-05,100,1.0,3.41718298102478e-08,2.2891764039911777e-09,1.7733335737330195e-06
176,False,30.553689542929803,11,0.11,1.646217074281595,0.018364701353428492,29.966824160578923
177,False,422.39566614779375,100,0.4,9.226511554771832e-08,2.786240238528137e-09,2.145587206874321e-06
178,True,3.2601293485717975e-05,40,1.0,1.7157852560956144e-07,9.558922764441036e-09,3.491654513778057e-06
179,False,666.0876406650553,7,0.07,0.2892121625709869,0.018693563515931988,10.678852179204242
180,True,2.6677197426133475e-05,100,1.0,1.887097900166168e-07,4.9981061511772396e-09,3.119561814395513e-06
181,True,0.9766666419081523,100,1.0,0.006320908215495802,8.519985143395914e-06,0.09230527419608142
182,False,162.75249557277593,100,0.9009009009009009,4.2361800467460853e-07,7.522024891848389e-09,5.726688328125067e-06
183,True,2.1440382035654832e-05,80,1.0,4.3709806440972443e-07,4.7991366436406224e-09,4.415099868317117e-06
184,False,180.94392647532644,80,0.898876404494382,0.004657534798416574,5.047255820844754e-05,0.05671470733129186
185,True,2.7168267202774306e-05,100,1.0,5.199784922638173e-07,5.336601383021389e-09,6.464992525614052e-06
186,True,4.565078005344109,67,0.67,0.07227094053033767,0.0002917211883868287,1.627629108695895
187,False,307.729927652416,100,0.8,3.2262872298738365e-07,1.1814008660238073e-08,4.027009687704157e-06
188,True,2.3554154982639856e-05,60,1.0,4.191049463031504e-08,1.999644672068257e-09,9.81729669750608e-07
189,False,221.94323795453883,46,0.6133333333333333,0.06241930600542833,0.00036339288686626503,0.484701580882222
190,True,2.1203840065145935e-05,100,1.0,9.17527262167539e-07,6.0398739343270336e-09,1.0766412893699277e-05
191,False,13.054842970574835,23,0.23,0.1694519675173538,0.020579904563231777,20.98390848803672
192,False,300.1114904607305,100,0.6993006993006993,3.7864712698620906e-07,2.7571496197253964e-09,4.406152364816763e-06
193,True,2.2999859890112343e-05,40,1.0,1.0974925732654128e-06,8.170847998201225e-09,1.1484508025015827e-05
194,False,245.89651551873527,11,0.19298245614035087,0.04910344436551628,0.006785781304134431,8.915687546874466
195,True,1.5509870753591593e-05,100,1.0,2.6343797188133067e-07,4.2058833082947444e-09,2.8985105140777713e-06
196,False,20.50178267667143,12,0.12,0.5306250056050105,0.0010914961852793725,4.002149807916785
197,False,340.59563245961215,100,0.5988023952095808,4.532843433935341e-08,4.316015322913813e-09,3.181497994683117e-06
198,True,4.211988001966107e-05,80,1.0,3.0090536284888e-08,2.691635136997661e-09,1.8791168920001673e-06
199,False,228.30607203320127,11,0.08270676691729323,0.2815627058683958,0.006319370748670394,5.506624247173927
200,True,2.6739137611805522e-05,100,1.0,8.571578025140525e-08,5.820981252568913e-09,3.9903834538425114e-06
201,True,0.9532743204658146,100,1.0,0.0007063183903919246,1.2904677954894694e-05,0.21210935305524
202,False,347.592696228194,101,0.505,0.002364645919330499,0.00013136294487436917,0.11245879487559371
203,True,3.936921334984414e-05,60,1.0,3.391177951783675e-07,1.4114606594617385e-08,1.3870347276037472e-05
204,False,411.9803394192632,60,0.5,0.043463487096162545,0.0005065843246974122,0.7042808084104623
205,True,2.1913072920465485e-05,100,1.0,7.990924766332341e-08,9.726800143106118e-09,4.239554161511314e-06
206,True,5.1798277515743365,57,0.57,0.018088977247288085,0.0030187524023852497,1.9032160276534156
207,False,482.1478204296058,100,0.4,1.7947952990482463e-07,3.7841700883944895e-09,4.555525393837949e-06
208,True,2.7028319034695698e-05,40,1.0,5.6166378215039e-09,1.3472454485352614e-08,4.73069269705032e-06
209,False,420.6004214708922,31,0.31,0.13718502217465733,0.0002793920523254112,3.0067178551976608
210,True,3.256874030106956e-05,100,1.0,6.365497995375335e-08,2.0588890592421194e-09,4.526036142684202e-06
211,False,8.360836544026686,33,0.33,0.8601056886964783,0.0043976252169219965,8.538668168884593
212,False,183.9817904751281,100,0.9009009009009009,2.348033190102683e-08,7.552538150434884e-09,3.0767717903113014e-06
213,True,2.244181660734206e-05,80,1.0,7.317629702185968e-08,1.0710943243452675e-09,4.236162795273632e-06
214,False,254.0065453288722,16,0.1797752808988764,0.003479512592139855,0.020964026531450353,15.552340941565983
215,True,2.353059214220222e-05,100,1.0,3.732707298809146e-08,3.340325460676752e-09,4.735629973538314e-07
216,False,21.721864091858592,13,0.13,1.0401746810963708,0.004599319591917395,12.77390329610188
217,False,235.35472649891875,100,0.8,3.1660988497606013e-07,2.5004558423802337e-09,5.410213347436902e-06
218,True,2.903632505307545e-05,60,1.0,3.444176357447759e-07,3.475133958374954e-09,6.198789508630963e-06
219,False,409.57238437611346,7,0.09333333333333334,1.0553607870313968,0.031948254521583674,41.85313868179418
220,True,2.7390079513522513e-05,100,1.0,2.6828291677105653e-07,4.3653097803186824e-09,3.58381104593501e-06
221,True,1.018104280754651,100,1.0,0.011282157201957688,0.00018966594750324806,0.15897672234247692
222,False,324.5191796729438,101,0.7062937062937062,0.004141587220345855,3.932422739461039e-05,0.10125490567610834
223,True,2.7515266910514886e-05,40,1.0,2.6436604017021637e-07,1.4635155975994962e-08,1.0438515988789357e-05
224,False,316.44246433976707,40,0.7017543859649122,0.003880269683786741,9.714390319626176e-05,0.24681672681756164
225,True,2.3422154460057e-05,100,1.0,4.575935026451816e-07,1.7142360864141892e-09,4.031785287204026e-06
226,True,4.155242099972409,65,0.65,0.08379950661932511,0.000456783412565942,0.5104760818738655
227,False,198.1029166281253,100,0.5988023952095808,4.4527210363298764e-07,1.111890690630446e-09,4.2777538052837145e-06
228,True,2.596698896042052e-05,80,1.0,2.148659813405729e-07,1.2121251113939024e-08,6.149108700343318e-06
229,False,336.38344489254195,59,0.44360902255639095,0.10581032187321338,0.001093770512210046,1.855176234426603
230,True,3.465044387724222e-05,100,1.0,2.480302683238733e-07,7.751316921655871e-09,7.785766329954933e-06
231,False,9.547107618790939,26,0.26,0.771726418554584,0.0016738050584275133,6.488283739739121
232,False,349.65608334578064,100,0.5,2.3196521192758723e-07,6.824617537759536e-10,2.7956761577896185e-06
233,True,2.6573742129171726e-05,60,1.0,2.985347613559952e-08,1.839772667544537e-09,3.137678492926318e-06
234,False,486.98242510351207,16,0.13333333333333333,0.43764873898216017,0.0034083672398317333,7.698022408881781
235,True,1.7514117277814066e-05,100,1.0,9.675407142140102e-08,1.5994969793098335e-09,4.3459451379473373e-07
236,False,22.251433730301756,11,0.11,1.2482084979315122,0.00965015193519847,22.887897768358513
237,False,411.7996987345531,100,0.4,2.521239998998226e-07,3.993435471194573e-09,2.4046980901402366e-06
238,True,2.7939966902938478e-05,40,1.0,1.0637239462596426e-06,1.0114188597754037e-08,1.710988353579112e-05
239,False,503.57696306329444,5,0.05,1.560716891780841,0.03167051012493105,34.99187877435653
240,True,2.4072536675168047e-05,100,1.0,2.0487792751211487e-07,3.773018453223642e-09,8.128002697735774e-07
241,True,1.0140481697170938,100,1.0,0.0020128936985681634,0.00034042271097134424,0.1882570346072901
242,False,151.77539930481703,100,0.9009009009009009,1.2887977618447621e-07,1.3706354939913012e-09,4.798250836896586e-06
243,True,3.0812797245079716e-05,80,1.0,4.799378974240653e-07,7.79438513731634e-10,5.965201213684776e-06
244,False,167.3746230341258,80,0.898876404494382,0.012253747176520058,0.00014954602181704857,0.22821030152274713
245,True,2.7698488470029722e-05,100,1.0,5.509376812540268e-07,6.919996908827386e-09,7.053690528756178e-06
246,True,3.8788856114517776,66,0.66,0.2838403132902094,0.0022912777563073305,3.556942337820361
247,False,246.90001433944224,100,0.8,3.0201318068634464e-07,3.508701884591403e-09,5.470494951726407e-06
248,True,2.6173416411605733e-05,60,1.0,1.4140328019607296e-07,3.397878201027993e-09,4.0329969493759175e-06
249,False,245.22926980299982,39,0.52,0.13446362214323493,0.005880255188483563,5.109129464801849
250,True,3.0202084252276417e-05,100,1.0,2.321044689779228e-09,6.5387204539746335e-09,4.271897092707113e-06
251,False,7.955550945033271,32,0.32,0.44286829666246064,0.0014345501778552094,3.236567289922723
252,False,295.61175241466174,100,0.6993006993006993,2.151744118439325e-07,6.257906859374884e-09,3.1642150023795115e-06
253,True,3.1559547741207046e-05,40,1.0,3.9358015513357714e-07,2.9157796177514683e-09,5.481597927480333e-06
254,False,244.78290377431634,10,0.17543859649122806,0.4565703629585238,0.0049481949919852886,4.686139364895101
255,True,2.924455078323375e-05,100,1.0,7.736998242080517e-08,2.4075235138809603e-09,1.1661847308285086e-06
256,False,22.71707607808122,11,0.11,0.9787114920626456,0.0065942434218770885,22.15991600736621
257,False,342.80948318475225,100,0.5988023952095808,1.765038253331852e-07,4.661449226617265e-09,2.750482458255411e-06
258,True,2.6402526960339567e-05,80,1.0,3.392909668775701e-07,5.151735038566585e-09,7.747161721601634e-06
259,False,411.3628019725743,9,0.06766917293233082,0.20252271770666397,0.01619735206265127,9.064213717551212
260,True,2.715474447963246e-05,100,1.0,5.550581123614506e-07,5.931745761245111e-09,9.482392498221846e-06
261,True,0.9201996097981039,100,1.0,0.005149368739981952,7.701232693779758e-07,0.11557096895971557
262,False,445.58089264945994,100,0.5,2.498180595722488e-07,4.810595033433174e-09,2.6076513619091447e-06
263,True,3.986764681898777e-05,60,1.0,1.8311009597482553e-07,1.2277660443871241e-08,7.910185098577455e-06
264,False,374.89080739100507,60,0.5,0.006874588648798863,0.0006199324987952171,0.40564115938489714
265,True,3.0307143480931383e-05,100,1.0,1.9817022156587427e-07,6.839369071087731e-10,3.477069924338873e-06
266,True,3.6081448243733205,78,0.78,0.052398401709741194,0.000938368143084678,0.5749481111469175
267,False,463.07401284140514,100,0.4,9.159080516241147e-08,2.155795542080341e-10,6.58105095215711e-06
268,True,2.433806427453308e-05,40,1.0,8.168985916601201e-07,5.4331428245291136e-11,1.5361749887414067e-05
269,False,378.96352127092337,36,0.36,0.09880550149929768,0.001002974832065906,0.5634491356946657
270,True,2.277311137562255e-05,100,1.0,1.0011327589154462e-07,4.685352106292839e-09,4.560681157892984e-06
271,False,8.089331747675118,31,0.31,0.21315628944207,0.001009408209684759,1.8730305839870012
272,False,193.92022423126303,100,0.9009009009009009,5.100390414458644e-07,8.155246034036168e-09,7.640836322333585e-06
273,True,3.061303128582931e-05,80,1.0,1.7142568076167208e-07,8.211423985216015e-09,7.2846827491521135e-06
274,False,182.91513757424113,16,0.1797752808988764,0.3259227363278505,0.006353697389856139,11.685315654038112
275,True,1.03056151041789e-05,100,1.0,2.5298683681285183e-07,1.6655437029555742e-09,2.8392645119495707e-06
276,False,22.808931552205994,14,0.14,0.4135049436270699,0.011290392592847365,2.7915676634791318
277,False,230.81732615814235,100,0.8,1.5558046850827623e-08,6.601938329353629e-09,1.4395297404503022e-06
278,True,2.2028560829891472e-05,60,1.0,2.8862938705742636e-09,6.306541844303126e-09,3.7426853581812932e-06
279,False,342.39517517629133,7,0.09333333333333334,0.4288673242467306,0.02582748245509947,13.384325896694303
280,True,2.382476831048831e-05,100,1.0,2.1041754916240052e-07,3.6415994664196205e-09,6.043219366742986e-06
281,True,1.0314987319792421,100,1.0,0.011597927670502273,9.156934843501663e-05,0.10532360527924091
282,False,258.22045217253896,100,0.6993006993006993,2.338968734250102e-07,8.506576554268008e-10,2.349000881494435e-06
283,True,3.1887621783690794e-05,40,1.0,2.5243373613648146e-07,3.5791469787938013e-09,5.5462172723667216e-06
284,False,361.91668273642046,40,0.7017543859649122,0.0013553933515284555,0.00019403042398202786,0.17248457552922467
285,True,2.9904499852834874e-05,100,1.0,8.440298415735015e-08,3.701791539967303e-09,4.3176666759801566e-06
286,True,4.15661660378773,70,0.7,0.0912723013127561,0.00036273112630613724,0.9520312274673364
287,False,406.1775425313919,100,0.5988023952095808,2.662627736071954e-07,4.412254117625025e-09,5.494761502658116e-06
288,True,2.9522249740472137e-05,80,1.0,4.196426317548685e-09,2.408513610774321e-09,5.7819720415984444e-06
289,False,420.6606766685339,59,0.44360902255639095,0.005311151725626573,0.0005138029443652048,0.38475524002210304
290,True,2.1585965502009e-05,100,1.0,2.320191319071796e-07,4.287329713470456e-09,3.711647500416375e-06
291,False,12.599488206194914,20,0.2,0.5550547656603797,0.0004680172931916804,7.108198384547079
292,False,381.36604789827726,100,0.5,5.843324180077047e-07,1.862609844138774e-09,5.494147199025373e-06
293,True,2.1201052357058968e-05,60,1.0,3.318289216736048e-07,9.041298709711043e-09,3.886258901363227e-06
294,False,406.2882297598391,15,0.125,0.3268126760595562,0.01970008780393373,15.775419886074118
295,True,1.392527311457978e-05,100,1.0,7.61559597606265e-08,2.689803157984727e-09,9.226201019467748e-07
296,False,22.841160269995502,11,0.11,0.14789656941887852,0.007957314593653009,17.663366827661164
297,False,452.63188488397327,100,0.4,1.0599436528480055e-07,4.386808472034431e-09,1.3719384901364998e-06
298,True,2.228581307730769e-05,40,1.0,4.3837749785780034e-07,4.745455473020854e-09,1.0803099449360791e-05
299,False,219.02040313301302,8,0.08,1.5704060982694479,0.006513261675209936,3.6504387866798713
300,True,2.7655321239869566e-05,100,1.0,4.582243522399665e-07,2.598165238509864e-09,9.287120138281724e-06
301,True,0.870286159594645,100,1.0,0.007631231336512556,0.0001697309047110629,0.20882366474087968
302,False,125.08255401921859,100,0.9009009009009009,6.325224859438094e-07,4.428968525260757e-09,7.473071358909287e-06
303,True,1.8889235530983892e-05,80,1.0,6.709870490340109e-07,8.889512459475668e-10,5.3810830895859875e-06
304,False,165.785247335099,80,0.898876404494382,0.001994324738227249,0.00025939530533958255,0.3096680851281918
305,True,2.338671223033775e-05,100,1.0,3.3352757533577915e-07,5.544144032754161e-09,4.730800701043916e-06
306,True,3.637565756450598,67,0.67,0.09465656702085923,0.0013067891347104954,1.7611019533982037
307,False,325.46989443074466,100,0.8,3.942214448215964e-07,3.026381367732256e-09,8.187282809083582e-06
308,True,2.390461237337481e-05,60,1.0,6.873649693872608e-08,3.852919094882168e-09,1.97103156525958e-06
309,False,187.48235313456638,39,0.52,0.09901084200074983,0.004143054931021961,3.5639535546184433
310,True,2.173539620039496e-05,100,1.0,1.2310714225804986e-08,4.435657507961821e-09,1.6060396146586724e-06
311,False,12.622720566706619,19,0.19,0.05303212700487947,0.008168292426718127,8.213044499674329
312,False,301.31846967633857,100,0.6993006993006993,1.1070675753899195e-07,8.102405080201436e-09,1.9812465921427697e-06
313,True,2.8535866117208898e-05,40,1.0,7.465716400645306e-08,1.507916613796567e-08,1.054007529947433e-05
314,False,348.39460637605106,11,0.19298245614035087,1.2747996438512446,0.009209899763309215,16.79988294441519
315,True,4.135792320063617e-05,100,1.0,1.0481144485652294e-07,8.093978154377623e-09,3.835527169753543e-06
316,False,24.16585783576219,11,0.11,1.3095418036624282,0.03360608635964124,32.95585068290295
317,False,371.94451788312506,100,0.5988023952095808,6.434141219813228e-08,3.345615784411393e-09,3.3274119307437093e-06
318,True,3.620943615409696e-05,80,1.0,2.0888829155296662e-07,9.419294899615238e-09,7.893080679067228e-06
319,False,376.2311138198513,10,0.07518796992481203,1.3498119184342805,0.011287496159551602,11.032095528229988
320,True,2.1118537119237837e-05,100,1.0,1.7968957344294267e-07,3.135597448356009e-09,1.2541862639497181e-06
321,True,0.972456841861012,95,0.95,0.00031868460079742533,4.580627739469989e-05,0.06952588760617921
322,False,537.1294343622992,100,0.5,1.7898557658213576e-07,1.4924506075431054e-11,4.162792482646269e-06
323,True,3.099482699948011e-05,60,1.0,2.3019772754651058e-08,2.923386643871595e-09,2.524326168655839e-06
324,False,413.04357948172867,60,0.5,0.002016053157534281,0.0001965850704113148,0.07757905205076411
325,True,3.241024476566377e-05,100,1.0,6.91491546689349e-07,5.4069118071709e-09,8.079340347203943e-06
326,True,3.5783074182148806,76,0.76,0.10574166759060866,0.0017020885557857968,1.998832467349547
327,False,644.1024394174816,100,0.4,3.733524884808048e-07,7.456095962865561e-09,9.621941715685766e-06
328,True,2.1845623804538517e-05,40,1.0,6.231175864179761e-07,4.4718246883235224e-09,7.84847396718814e-06
329,False,410.1222324991144,31,0.31,0.10889416463701185,0.00020859300596376418,1.7468719347776112
330,True,3.074465510865672e-05,100,1.0,2.0417685675511166e-07,3.1625857488393194e-09,5.970996827384202e-06
331,False,11.214766296890431,23,0.23,0.2681439376712038,0.009911541840608606,6.593904053001879
332,False,171.20581036607098,100,0.9009009009009009,6.993270684763075e-08,7.400478008179334e-10,1.563655201713084e-06
333,True,2.9777899614088494e-05,80,1.0,2.944677941485452e-07,1.3772121221222733e-09,3.7236887230778956e-06
334,False,162.60237195511806,20,0.2247191011235955,0.30033818122229317,0.002537838948319382,3.161632621148988
335,True,4.408848412381787e-05,100,1.0,1.4939345760467404e-08,7.997859485797676e-09,8.853728439618305e-06
336,False,26.524974134808232,11,0.11,0.10398160767917508,0.04097666691349122,30.028493603708213
337,False,252.7230359842647,100,0.8,6.6832422263019e-08,1.787420877974455e-09,2.271245737874697e-06
338,True,2.3435885298854653e-05,60,1.0,1.9920185678756752e-07,1.2724614251169442e-08,6.592710309175207e-06
339,False,264.54470992368664,7,0.09333333333333334,1.0177385545292594,0.030142361583038735,22.85384884966339
340,True,2.5737593835981593e-05,100,1.0,7.068889140704471e-08,6.221150261609409e-10,2.5094209454382545e-06
341,True,1.0038814023813805,100,1.0,0.01600334524453828,0.00042048672457273284,0.3815054562255459
342,False,365.2808473611067,100,0.6993006993006993,1.1484159045949127e-07,1.0314732845628782e-08,4.273681417728962e-06
343,True,3.955072668427154e-05,40,1.0,3.052223718214009e-08,5.636663136243669e-09,5.628944689277915e-06
344,False,261.5700060980379,40,0.7017543859649122,0.004913647745876215,2.78426510716967e-05,0.0818229940880513
345,True,2.587366669444779e-05,100,1.0,3.467631692899431e-08,2.5730672037482805e-09,3.5182348974830475e-06
346,True,4.1733010233841705,73,0.73,0.07299645023681478,0.0031610055120236957,2.093244637001457
347,False,239.08015964257982,100,0.5988023952095808,8.607209522892845e-08,7.347026986792571e-09,3.1945189637211058e-06
348,True,2.3359772641130022e-05,80,1.0,6.951302327085074e-07,8.044345189972546e-10,7.087356863702092e-06
349,False,344.15988613321065,63,0.47368421052631576,0.024682898166197953,0.0007062945867783998,0.7572198045833489
350,True,2.9711319523252028e-05,100,1.0,1.7164563459459714e-07,8.78120598457599e-09,6.42348379556153e-06
351,False,8.46917635522569,32,0.32,0.06975930097913396,0.005091561704482772,3.3115227175539963
352,False,356.9837309385806,100,0.5,1.2075773936359724e-07,1.975431374034997e-09,3.6403450065987596e-07
353,True,3.5403469682110946e-05,60,1.0,7.313615260073902e-07,1.6441628725161195e-08,1.763843131441919e-05
354,False,499.761688213465,19,0.15833333333333333,0.4030499518279136,0.01451145449499358,12.637969346512167
355,True,2.082210275477805e-05,100,1.0,4.525270860256114e-07,5.055416862909112e-09,5.338649349372473e-06
356,False,22.490969426090942,12,0.12,0.6799434081594653,0.004800516149359391,10.674049259868648
357,False,425.66656933816813,100,0.4,4.9192624640426175e-08,1.1822989476328871e-08,6.758186415850486e-06
358,True,2.798052565903936e-05,40,1.0,6.960674028277936e-07,2.365413198646138e-09,9.357512765319006e-06
359,False,452.44899884336235,6,0.06,0.8740019144199884,0.00125221970927325,2.9639172567030214
360,True,2.6705133182419424e-05,100,1.0,6.184423564370434e-07,1.1544902811522206e-09,3.0534566275898115e-06
361,True,0.976190923680912,100,1.0,0.01967772487426256,2.2213965535589075e-05,0.2884222099635401
362,False,153.95945028464686,100,0.9009009009009009,2.858288805640541e-07,1.0754712675975497e-09,3.104057106310727e-06
363,True,2.4404575726410985e-05,80,1.0,5.537465188609758e-07,1.742198052490096e-09,7.924469236691489e-06
364,False,118.0206100096141,80,0.898876404494382,0.011107013935375942,0.00022704282093699568,0.2484120431581257
365,True,2.605445458171377e-05,100,1.0,3.9036729715391516e-07,3.414150073766109e-09,6.096110077295707e-06
366,True,4.046685703276749,72,0.72,0.030585949364621,0.0011390493687015724,1.4918555877699993
367,False,297.630153170194,100,0.8,3.6707380601797013e-07,1.2798794468693586e-08,1.0228584272279624e-05
368,True,2.6341654249992247e-05,60,1.0,2.0583244619842844e-07,1.2902684143334398e-08,7.591953359565635e-06
369,False,261.26094986528875,41,0.5466666666666666,0.009140565191704475,4.661649658876943e-05,0.9754879870405991
370,True,1.9421298572245147e-05,100,1.0,4.6296888811525605e-07,1.1454766135621242e-08,7.649372239165455e-06
371,False,11.751030692145244,22,0.22,0.1948247923575508,0.005246506265334627,4.35985192904692
372,False,306.9744883036686,100,0.6993006993006993,1.981048136645569e-07,3.4551053129661113e-09,1.1819699179728664e-06
373,True,2.176159570509397e-05,40,1.0,1.8030564774562663e-07,4.696788735714108e-09,5.451228230775062e-06
374,False,352.0504325838189,12,0.21052631578947367,0.2075533136341754,0.00725661108937814,5.896397834400712
375,True,1.82413120494627e-05,100,1.0,2.5718923923889747e-07,2.7342846875555438e-09,1.6398488495557074e-06
376,False,19.05109617294404,12,0.12,0.8210533202455239,0.003693995324172139,11.629300256608124
377,False,365.1296930196545,100,0.5988023952095808,1.3086240358006762e-07,4.310276802144131e-09,3.727742622880926e-06
378,True,3.8410467580397076e-05,80,1.0,5.796460555984595e-08,1.0630524016619347e-08,2.6363134624050588e-06
379,False,457.8055324451395,10,0.07518796992481203,0.3538844892168882,0.0035665251352554606,2.3437322358991746
380,True,2.6874087803192797e-05,100,1.0,2.6071637893032573e-07,3.8034939642273e-09,1.6723135106482501e-06
381,True,0.9007377479097046,100,1.0,0.010402620463552337,0.00011696813627926073,0.2090526435546487
382,False,492.95178416850695,100,0.5,3.0474620160703125e-08,2.059704184986799e-09,2.5696705797371523e-06
383,True,1.789932949352518e-05,60,1.0,6.030332251327764e-07,1.6725301144049354e-09,3.7044286405286207e-06
384,False,412.69654074507355,60,0.5,0.005685778985949019,7.058058740372353e-05,0.08969297867692269
385,True,2.6216640950993822e-05,100,1.0,1.5117705221001643e-07,1.2498406753991276e-09,2.4475384371014854e-06
386,True,3.965372026756861,75,0.75,0.13297768586546788,0.0015366758007184789,2.1018279271584075
387,False,276.84089156257124,100,0.4,2.823201743495929e-07,1.80181536357793e-09,1.7514519921678387e-06
388,True,2.8060774327255732e-05,40,1.0,3.4836368190127587e-07,6.410823094604723e-09,7.238846275975742e-06
389,False,458.41302157788175,31,0.31,0.07587172627974237,0.0017087152800560057,1.64131654438527
390,True,2.275729013789113e-05,100,1.0,8.10037690257559e-08,8.432643472389145e-10,1.6545343650615023e-06
391,False,12.1899543779914,25,0.25,0.36662495893482117,0.013613946027626778,7.127112839857538
392,False,202.9522472694317,100,0.9009009009009009,2.4788831876065842e-08,9.055542538050076e-09,3.7389617828467947e-06
393,True,2.5585769507080174e-05,80,1.0,3.4222523037641395e-08,1.3228449446955892e-09,4.889370576737113e-06
394,False,185.6237710422,18,0.20224719101123595,0.6015924634374805,0.005377147835435081,8.554593351857767
395,True,2.331116430054756e-05,100,1.0,1.3317300329163118e-07,3.396492753715563e-09,3.6570853165956973e-06
396,False,24.084379846596132,11,0.11,1.5867320383882895,0.019473755874905407,19.48508813400132
397,False,237.50453774432805,100,0.8,1.864213743374421e-07,3.12289527570897e-10,2.4309434374205284e-06
398,True,3.923044304297132e-05,60,1.0,4.754597959788498e-08,7.397244594642416e-09,6.906085755340052e-06
399,False,302.5641153258472,7,0.09333333333333334,0.5616412566117077,0.003416957187401648,4.421599883330171
400,True,2.5129030928634683e-05,100,1.0,1.9753414992607077e-07,2.5421229565836256e-09,6.07282977141284e-06
401,True,0.9059594156400235,100,1.0,0.017904465324276586,3.6377335742132644e-05,0.20642535673513468
402,False,310.34774530953916,100,0.6993006993006993,1.4795157809999182e-07,7.740206253714632e-10,2.8881243099258052e-06
403,True,3.188601799150718e-05,40,1.0,1.0250362860730888e-06,6.300013399851423e-09,1.8792722120890047e-05
404,False,295.07864830743637,40,0.7017543859649122,0.001671913787734347,0.000436461617138284,0.3089985008652273
405,True,2.29998969349849e-05,100,1.0,1.9986608590372157e-07,1.380984993026857e-09,3.1571212880665518e-06
406,True,4.283233108089604,58,0.58,0.13778823241767313,0.0031892033247024054,2.070677975091039
407,False,492.9496694576967,100,0.5988023952095808,1.9831870190500922e-07,4.116313734314758e-09,3.943814317347474e-06
408,True,2.687409128705774e-05,80,1.0,1.933261639663897e-08,2.8765878568037806e-12,6.379803780440927e-07
409,False,308.02865323136683,62,0.46616541353383456,0.11747438504438712,0.0028244090416083,2.5017415727757224
410,True,1.7277507568046347e-05,100,1.0,5.589547811268858e-07,3.9245404703791564e-09,7.028381109867422e-06
411,False,9.142424305980219,30,0.3,0.11918146234224558,0.003256621658274783,1.400917863295866
412,False,391.7486702253286,100,0.5,3.161546757723954e-07,1.7669479213111572e-09,3.838553416381096e-06
413,True,2.677103656932404e-05,60,1.0,1.6059719420979945e-07,4.5949715143933645e-09,5.024737740833036e-06
414,False,447.16607764866603,15,0.125,0.4664245551374968,0.006187518025490446,12.516852004352042
415,True,2.361668786643169e-05,100,1.0,3.572445095301191e-07,2.2596595705692835e-09,5.068863771984651e-06
416,False,29.75088816977991,9,0.09,2.81625681672611,0.013565100889593174,35.43019499822129
417,False,421.5052622562974,100,0.4,2.2121594955848423e-07,4.040152656870077e-09,2.4906701457450275e-06
418,True,2.4041116695758633e-05,40,1.0,2.215186167831007e-07,2.6670844421872175e-09,3.415529268408445e-06
419,False,495.7049825647329,6,0.06,5.438319188982291,0.01719027110084581,87.65442129901325
420,True,2.5407361071096703e-05,100,1.0,2.5759036770267585e-07,2.2455515225061617e-09,2.9215231580454576e-06
421,True,0.9957359159395406,100,1.0,0.005475207246334435,2.66832405337869e-05,0.18128258145783213
422,False,142.94593797464722,100,0.9009009009009009,6.761259641052675e-08,6.418416909070856e-10,3.3062296898310886e-06
423,True,1.5230601638346015e-05,80,1.0,3.4427977624318373e-07,1.2869976195872823e-09,2.058477797270261e-06
424,False,164.36366809388915,80,0.898876404494382,0.0119007298696312,0.00018593722318027694,0.10873716391182509
425,True,2.2739969686897693e-05,100,1.0,1.7891143855308655e-07,4.221384686253771e-09,5.2853292775276205e-06
426,True,4.475321302803815,66,0.66,0.0235568524106462,0.0006863647731802924,1.4159580353810994
427,False,161.57952545136936,100,0.8,3.452174817120124e-07,4.5577710494626444e-09,4.376193785888534e-06
428,True,3.070534304566123e-05,60,1.0,1.6214105968970216e-07,1.1553504819517002e-09,3.5196236277365866e-06
429,False,243.30738219829007,45,0.6,0.1370332602015587,0.001355050731031593,1.378181350717481
430,True,2.8354960487245453e-05,100,1.0,4.561408850634052e-07,7.326699247300894e-10,5.240388742958957e-06
431,False,11.4223387371528,22,0.22,0.26507920099319415,0.005004350424991255,5.081255669947961
432,False,301.5176155044166,100,0.6993006993006993,4.1197598665831947e-07,1.3052483538444903e-09,3.901427124770057e-06
433,True,3.132413792322602e-05,40,1.0,6.698356003198569e-08,1.140787864173376e-08,8.695137501701647e-06
434,False,223.7896500121072,12,0.21052631578947367,0.017121535287172307,0.0056847833708255635,4.456447953642378
435,True,2.4249411981965088e-05,100,1.0,4.6819526744457107e-07,2.3366988344264428e-09,3.995349532383833e-06
436,False,21.584225342004526,10,0.1,0.832816767164354,0.009481125199348184,12.978042665572849
437,False,322.9126173250099,100,0.5988023952095808,1.0973347208675932e-07,5.510057299318305e-09,1.0221792583249772e-06
438,True,1.998995126518326e-05,80,1.0,1.3656289032937252e-07,8.067599144290227e-09,4.208069067022611e-06
439,False,518.3687396143026,8,0.06015037593984962,0.5804600553052097,0.012677139947539162,14.059372981843572
440,True,2.4008742154766226e-05,100,1.0,7.352189346221394e-08,4.782148121940111e-09,4.097986912333718e-06
441,True,0.8720028012394635,100,1.0,0.001838607013885607,3.450182869890739e-05,0.12098085480892025
442,False,501.8928220573913,100,0.5,1.5640138784078772e-07,6.959610887591339e-09,2.4790424007890827e-06
443,True,3.687918578802422e-05,60,1.0,5.740506026086223e-08,1.0931224814214602e-09,8.703384235721929e-07
444,False,329.9055156438846,60,0.5,0.03358904829197229,0.0003513689860761282,0.21263892585119418
445,True,2.8271187262071837e-05,100,1.0,1.1620476492169018e-07,6.776899930116542e-09,5.66521759325572e-06
446,True,4.267392367662571,63,0.63,0.09477501408616007,6.414646811037095e-05,1.7220857133933694
447,False,699.2992486211629,100,0.4,2.2209232497516496e-07,2.0877108930505983e-09,6.344254442567579e-06
448,True,1.9985232072818007e-05,40,1.0,1.1185422423842795e-06,4.53796999977385e-10,1.5873170647307474e-05
449,False,451.6085100204753,19,0.19,0.20054877605528,0.0020977493245015744,5.734134436943311
450,True,2.5717991392200075e-05,100,1.0,1.035927077452925e-08,3.574356477464846e-09,1.3304444857797058e-06
451,False,8.472789560572357,29,0.29,0.18269766460313264,0.010373060545070256,7.920095108805541
452,False,172.7974642204448,100,0.9009009009009009,3.676506261651724e-07,8.28791302254217e-09,7.703592680783888e-06
453,True,3.1410999023893904e-05,80,1.0,2.0305124870390046e-07,2.6384214812935625e-09,5.53615888795353e-06
454,False,144.4994673445933,21,0.23595505617977527,0.8255148036738635,0.005403011701594629,7.218257129925394
455,True,1.8024905888208738e-05,100,1.0,4.2120866794448375e-08,1.3934001730220302e-09,1.9447129482876386e-06
456,False,22.01844384986929,11,0.11,0.37878367756054376,0.022636898216293444,18.120545468472173
457,False,311.09754039969187,100,0.8,2.753052923409882e-07,1.2633267765238543e-09,4.080599495012164e-06
458,True,2.9160164034935007e-05,60,1.0,7.782344724205359e-08,1.1517247155978794e-08,7.742763509226208e-06
459,False,281.08576727475315,7,0.09333333333333334,0.7890333359451347,0.008836945721063305,20.942054697449507
460,True,2.610974354048485e-05,100,1.0,1.6469986763301137e-08,6.94641322240841e-09,2.17847656808887e-06
461,True,0.9318180856454373,100,1.0,0.0021630259418259357,6.429828954956918e-05,0.1536049473786605
462,False,353.4541242991241,100,0.6993006993006993,3.68433706654514e-07,7.263114554234562e-10,5.7915730036664525e-06
463,True,3.608103742232322e-05,40,1.0,6.177523914630001e-08,2.096446038990507e-08,9.436905103758564e-06
464,False,261.12946884434683,40,0.7017543859649122,0.003943003396480016,0.00014205239866527108,0.01634887991370959
465,True,2.706853441120452e-05,100,1.0,3.321787083176986e-07,5.387182921978706e-09,3.6809157247691907e-06
466,True,4.612165537820626,64,0.64,0.18282379863903353,0.001750354598256454,3.727914764062446
467,False,226.2365083070335,100,0.5988023952095808,2.395994300741222e-07,2.5993880381491863e-09,2.2370163265682567e-06
468,True,2.6354337414616367e-05,80,1.0,3.23280263447856e-07,4.480856574673453e-09,7.638164672703215e-06
469,False,310.02465035907625,61,0.45864661654135336,0.019279172683628443,0.0001819180294737599,0.8012593363482667
470,True,1.990155744374288e-05,100,1.0,1.6782513867497073e-07,5.35195554540735e-10,2.9698963336228744e-06
471,False,12.338145970806716,22,0.22,0.0825299297964861,0.0009445526543585547,4.75738736936087
472,False,411.04246513038294,100,0.5,2.0891341101503258e-08,3.808093618218322e-09,2.57471946643581e-06
473,True,1.9837619812330814e-05,60,1.0,2.918795907191907e-07,8.851971378120993e-09,6.045380688626448e-06
474,False,518.930093963285,15,0.125,0.31920147782979313,0.009557932063970931,6.573417414269183
475,True,1.8622089024549812e-05,100,1.0,5.421498538993319e-08,7.073195362750084e-09,2.8740994333256555e-06
476,False,21.083598227073473,15,0.15,0.6282268122359317,0.011592303907884682,18.087911334882463
477,False,378.42138961394386,100,0.4,1.387002068753418e-09,7.160392279104144e-10,2.8925189132767173e-06
478,True,2.94976142517447e-05,40,1.0,5.650905343657087e-07,8.066936008077619e-10,8.868005806180796e-06
479,False,259.10405092202643,7,0.07,0.6900525656179965,0.01872428244929203,18.56115703395976
480,True,2.7207993911854822e-05,100,1.0,1.5606283643165852e-07,1.5501917527416254e-09,1.0979821561862416e-06
481,True,0.9666988095064334,100,1.0,0.006845840263033587,0.00015015397620443682,0.2787156817425688
482,False,230.4423793740332,100,0.9009009009009009,4.6533092756817496e-07,1.1029154922681528e-08,8.202215343132102e-06
483,True,2.8471516175296606e-05,80,1.0,4.248032539067026e-07,1.0109492798449082e-08,9.1011065180229e-06
484,False,187.2232497547324,80,0.898876404494382,0.005926827919364275,0.00013138100854725998,0.14817962652167246
485,True,2.5206713131881267e-05,100,1.0,6.190525718707818e-07,9.550070401154187e-09,7.388102099998185e-06
486,True,3.8839765308137677,61,0.61,0.14839522401164018,0.00268298420440527,2.1079962837718162
487,False,305.5338052255568,100,0.8,2.2272590882721488e-07,2.0189729887931662e-09,4.792796175243936e-06
488,True,2.5128515867814554e-05,60,1.0,3.500359184727131e-07,2.0528996280688716e-09,4.435508228083835e-06
489,False,221.64213748492355,44,0.5866666666666667,0.0330746822228587,0.0015631407637344275,1.5158641091293559
490,True,3.2645438673593615e-05,100,1.0,4.2598402050231243e-07,5.770948385830366e-09,4.677343211395363e-06
491,False,10.919899249816792,26,0.26,0.6511486012840564,0.00045515729688383466,7.65558913866242
492,False,310.77147028513485,100,0.6993006993006993,2.6259046892462834e-07,3.814728533058087e-10,5.1851296343894906e-06
493,True,2.6052231023557984e-05,40,1.0,4.419806378663793e-07,1.6406970226867656e-09,6.054084853026376e-06
494,False,231.53643306448768,13,0.22807017543859648,0.02186565469782842,0.006048885282086469,5.271512740471535
495,True,1.7242563637657633e-05,100,1.0,2.1202696132149867e-07,3.6218211763028307e-09,1.496813078510812e-06
496,False,22.973044774145247,12,0.12,0.5519666743388445,0.023525037260621495,19.41369945864635
497,False,315.8458875929737,100,0.5988023952095808,4.969105216190428e-07,1.5818271137391093e-09,4.345654464300027e-06
498,True,3.035314078450454e-05,80,1.0,1.9834947662111801e-07,3.907551615611737e-09,6.300779852421358e-06
499,False,199.65792071772918,10,0.07518796992481203,4.882880260982418,0.0016433609149217876,30.725794840862754
500,True,2.7052378733568102e-05,100,1.0,6.369317961940624e-08,1.201962951391522e-08,5.039854847918828e-06
501,True,1.0037731740162081,100,1.0,0.01429418155821427,2.167082294035616e-05,0.23165061201377712
502,False,396.10411683808377,100,0.5,2.3659017145405414e-07,2.539673693569e-09,1.2875292581094068e-06
503,True,1.569671204792354e-05,60,1.0,2.3178515817789958e-07,2.032103152416198e-09,2.3443426257927416e-06
504,False,364.10421293684493,60,0.5,0.004199962981322081,4.423545180087807e-05,0.037326725331134035
505,True,2.916493710735568e-05,100,1.0,2.636266263067455e-07,1.9021626496140698e-09,3.3716283667354713e-06
506,True,4.170400950847717,71,0.71,0.06857550371754328,0.0010053576761668293,0.441068625921707
507,False,550.2630620934766,100,0.4,3.7011186293511855e-07,5.8492597432291404e-09,8.975300096731493e-06
508,True,3.0220244950158537e-05,40,1.0,4.613944080134047e-07,1.2533567073091945e-08,1.0134279467955774e-05
509,False,435.3742469496887,28,0.28,0.004301240586176203,0.00028996771755540607,1.2617454442537266
510,True,2.8953725138965972e-05,100,1.0,2.247327017812495e-07,1.6541150671400828e-09,5.345464554697399e-06
511,False,10.934414615440469,22,0.22,0.16488982810924568,0.0045557592451104245,7.301963699335672
512,False,174.60714587566625,100,0.9009009009009009,1.4355985045177988e-07,7.773989119108649e-09,3.607021794969006e-06
513,True,2.6578833289643625e-05,80,1.0,2.6678134146251864e-07,2.888075556484182e-09,4.891726140022347e-06
514,False,135.34910056380258,18,0.20224719101123595,1.2237668555380026,0.0018255971104487179,6.212015556360877
515,True,3.336115053712322e-05,100,1.0,1.6649536016544175e-07,1.1777360420239802e-08,6.133103722130661e-06
516,False,22.398665757084682,11,0.11,0.7828125223185187,0.019287572620843463,24.045423570233087
517,False,195.88944864702546,100,0.8,6.216613517295855e-07,4.189394831044524e-09,5.538617372747826e-06
518,True,2.103083997439385e-05,60,1.0,1.1190998083776549e-07,6.336781877003261e-09,4.830930159889721e-06
519,False,124.53994205163598,9,0.12,1.9710249657350625,0.00348432394056164,15.130376100222522
520,True,2.7348360727616844e-05,100,1.0,3.244755588660553e-07,6.237680372223053e-10,9.279674683097554e-08
521,True,0.9013557749177709,100,1.0,0.009934250305255965,5.107179388530447e-05,0.0974057581378652
522,False,420.8459858297971,100,0.6993006993006993,1.7448746802983806e-07,1.7137962160518327e-09,7.535981166373625e-06
523,True,4.18746923061112e-05,40,1.0,1.8972718118792642e-07,2.496548257013842e-08,1.6890978587864214e-05
524,False,314.2268078329132,40,0.7017543859649122,0.022490619744453433,0.0002454843236734394,0.5134915616576757
525,True,2.3598057185074052e-05,100,1.0,7.386709466317143e-08,1.5955555765501117e-09,1.612060825089501e-06
526,True,4.285569525890122,70,0.7,0.15762226877133223,0.00028636276069904376,2.6653242394560372
527,False,181.41440123986476,100,0.5988023952095808,1.8203088103518894e-07,3.3000300270202843e-09,2.90829119603857e-06
528,True,2.2949415762961527e-05,80,1.0,4.873509595881842e-08,3.144173144065121e-09,3.2425805147863815e-06
529,False,423.13953178141855,61,0.45864661654135336,0.01414443313066549,0.00033741799857378574,0.466111327264443
530,True,2.6284210245376123e-05,100,1.0,5.831526550537092e-08,2.9667752698969707e-09,9.494388545920013e-07
531,False,13.510866624672415,18,0.18,0.12280445654789673,0.005345609852861699,8.694703435444978
532,False,379.9584308578422,100,0.5,5.002482206251102e-08,2.1602862831926473e-09,9.475790612898108e-07
533,True,3.2419743468232923e-05,60,1.0,1.3450578967288962e-07,7.144683955573328e-09,2.1360000469345305e-06
534,False,510.7308610597526,13,0.10833333333333334,0.2747513564328017,0.008391490318018224,13.448075337042393
535,True,1.8371372537858795e-05,100,1.0,5.066110997375972e-08,1.3039260782221618e-09,2.1120588190245316e-06
536,False,22.523092062493582,11,0.11,0.4080654325674038,0.01175260707232939,16.79345221426176
537,False,466.0247629558777,100,0.4,3.6359382643569305e-07,8.62783111621468e-09,5.567150459657978e-06
538,True,2.8455034409031083e-05,40,1.0,3.068038072484569e-07,1.207363764521574e-09,3.693389263048953e-06
539,False,438.0050452770323,5,0.05,2.133341995452801,0.03325519597046922,48.22542230189466
540,True,2.764119699850339e-05,100,1.0,2.2273224287161497e-07,5.863152852114695e-09,3.597528759414609e-06
541,True,0.9511248107335806,100,1.0,0.013452077159902487,3.190683099818514e-05,0.22023595176358945
542,False,166.11493634968005,100,0.9009009009009009,3.220921449553771e-07,9.184165650211185e-09,5.65157954395475e-06
543,True,1.6366859168703544e-05,80,1.0,3.1829652513692963e-07,6.442687494612187e-09,3.827607911703508e-06
544,False,177.39892885313841,80,0.898876404494382,0.0006906583835517566,0.0001032942308321072,0.23663436427851928
545,True,2.7049502414020616e-05,100,1.0,2.9915472121722075e-07,4.4786692132703365e-09,5.7470610233667485e-06
546,True,3.8108855197099474,71,0.71,0.0016011286159918203,0.0013979529126162404,1.3883151289820799
547,False,166.08178672981413,100,0.8,2.543399690857484e-07,6.58095133942993e-10,2.508341932395947e-06
548,True,2.634863365130624e-05,60,1.0,4.947721929937643e-07,8.584863930849451e-10,5.274895487123548e-06
549,False,214.65699083201153,44,0.5866666666666667,0.06649331028267902,0.002856558415726962,2.8325568305377704
550,True,3.131028242910911e-05,100,1.0,5.759290395701555e-07,1.2521628178774336e-09,5.478422638354979e-06
551,False,13.38259823471485,22,0.22,0.16221320109287696,0.009417534648944015,4.406919632306502
552,False,317.6408688822294,100,0.6993006993006993,3.40484188621204e-07,1.1928622534185251e-09,4.842965405992253e-06
553,True,2.600515298355957e-05,40,1.0,1.9442513377043724e-08,7.236052423920114e-09,4.610797056740487e-06
554,False,362.7525101503654,9,0.15789473684210525,0.33499100155503925,0.020449247179945562,13.075262084606392
555,True,1.9626076843432128e-05,100,1.0,7.305087379450015e-08,2.7939937030652118e-09,1.883947895137966e-06
556,False,21.534434395761902,9,0.09,0.8780620082463164,0.0028030699185825902,16.68218457945172
557,False,358.49527515657167,100,0.5988023952095808,1.324584895101566e-07,1.6719137185816635e-10,1.3519629971131834e-06
558,True,2.6194293551101423e-05,80,1.0,4.3575911590210126e-07,1.5984333856522426e-09,4.921180868393739e-06
559,False,356.9483652198425,10,0.07518796992481203,0.0637308345769938,0.026379891214214135,19.754385072472303
560,True,3.1680121971891376e-05,100,1.0,1.0534595862310425e-08,1.465093601993317e-09,1.262084187140458e-06
561,True,0.9706496272300442,100,1.0,0.00037156234115531817,0.00019217101995694374,0.23948088074905596
562,False,389.4135129423783,100,0.5,2.49498047111274e-07,5.592112328756116e-09,2.2033989023746473e-06
563,True,1.4334388127882947e-05,60,1.0,6.454403944644582e-08,7.4071353495241965e-09,3.854596045336797e-06
564,False,386.04127611595317,60,0.5,0.012819401535557273,0.0002222495973704941,0.2293521596738253
565,True,3.0867579431072e-05,100,1.0,1.3278828037144308e-07,9.871747863599012e-09,6.535247676670084e-06
566,True,4.5333031283065655,59,0.59,0.007656367047601975,0.0011492686083278691,0.42911983090114725
567,False,277.2670060313397,100,0.4,1.1604720651092748e-07,4.971869582703903e-10,3.5002131058844095e-06
568,True,2.861077539501157e-05,40,1.0,3.823720895468341e-08,1.6089883869696564e-09,3.241337598638734e-06
569,False,382.8978700082356,31,0.31,0.05929544210247428,0.00029040612137787303,1.9375325267958183
570,True,2.2689880410402262e-05,100,1.0,5.514728922406675e-07,3.3333035220906027e-09,6.525948254284767e-06
571,False,9.44731685164207,28,0.28,0.013200379847834398,0.008279172257132927,7.835809511602718
572,False,218.66082435830444,100,0.9009009009009009,5.436148531323681e-07,7.277952684958677e-10,7.770914385955728e-06
573,True,2.667042589133188e-05,80,1.0,1.0716959986112329e-08,3.4486888900175927e-09,1.9150580618366474e-06
574,False,136.22516999387997,19,0.21348314606741572,0.434260352072501,0.0012974348435905725,7.945601420056524
575,True,1.9710774996406733e-05,100,1.0,2.9959937108969825e-07,8.207034607465857e-09,6.839039275653757e-06
576,False,24.82319919852583,11,0.11,0.5224360551999541,0.023199938574176127,29.97791912259028
577,False,230.42604550796054,100,0.8,7.209008368036507e-08,1.0365028835224166e-09,2.243046901520016e-06
578,True,2.6355656606977713e-05,60,1.0,4.1045753107482597e-07,7.765244447455188e-09,6.643017549704777e-06
579,False,252.42060068442422,10,0.13333333333333333,0.6908258001783203,0.0030622668644637585,17.839555251039954
580,True,2.5850627658602066e-05,100,1.0,1.4662320513281202e-07,6.682143727232415e-11,6.379026235919105e-07
581,True,0.9055154166044963,95,0.95,0.018793749970951623,0.00014627897456698236,0.24213250939121306
582,False,352.4110220015527,100,0.6993006993006993,1.966289362442808e-07,1.0035250408435559e-09,6.284259945850263e-07
583,True,4.249407769504361e-05,40,1.0,2.164820500638598e-08,9.27069376821521e-09,9.226405447122387e-07
584,False,299.4805275241843,40,0.7017543859649122,0.026771438819594096,1.7260399327589937e-06,0.255387983915213
585,True,2.3130636151648334e-05,100,1.0,2.600681323627896e-07,1.8221947284402518e-09,3.7974692724991243e-06
586,True,3.9886380477459547,68,0.68,0.010124226964050465,0.002172596444875108,0.7607443432053355
587,False,196.67560245670526,100,0.5988023952095808,3.5650709406809256e-07,1.0365144298418727e-09,3.265918499691494e-06
588,True,2.5636381666650493e-05,80,1.0,2.805685483942e-07,7.09432690371159e-09,2.8574488912519914e-06
589,False,278.4467302675064,67,0.5037593984962406,0.15841004153641514,0.00029417008718690685,1.5280320326188124
590,True,3.2796940935983645e-05,100,1.0,1.9581377941335631e-07,1.4948924986768475e-08,9.422117095737443e-06
591,False,9.404281524487148,25,0.25,0.23820308932882206,0.004677973030937643,4.412763243200895
592,False,362.2375870160278,100,0.5,1.9456764643877023e-07,1.7849870470598717e-09,4.291895212695253e-06
593,True,3.376512621881806e-05,60,1.0,4.7061313779295233e-07,2.7061015650531317e-09,8.328849212693442e-06
594,False,483.32059205356916,14,0.11666666666666667,0.35488970870528647,0.008284314650703228,13.559185005110335
595,True,4.009724747462341e-05,100,1.0,1.7679182207075428e-07,3.327593534052653e-09,3.48003795740167e-06
596,False,22.086134730715514,11,0.11,0.4452723972438253,0.013601285992470236,15.018635651184159
597,False,410.84740782037267,100,0.4,4.115292995265918e-08,2.9653265398721373e-09,2.7552952940008002e-06
598,True,2.269452185174518e-05,40,1.0,2.8582309852254184e-07,2.0784539200846552e-08,7.66515275243974e-06
599,False,327.250287421691,8,0.08,0.13862141383006987,0.016838580987016294,18.07031189597763
600,True,2.478843791801604e-05,100,1.0,2.7513546729807103e-07,2.6712460021727225e-09,4.984256283854858e-06
601,True,1.04937524179317,100,1.0,0.007306220013536091,1.3733745864885627e-05,0.17530445713310996
602,False,184.04777011591392,100,0.9009009009009009,3.494192846176247e-07,5.201265862453397e-09,5.120243330082664e-06
603,True,3.540887433379877e-05,80,1.0,6.735992954531866e-07,1.67486933211336e-08,1.1719607551787079e-05
604,False,174.58702970179306,80,0.898876404494382,0.004469890558089773,2.182736563671739e-05,0.152279890613096
605,True,3.244151684419417e-05,100,1.0,5.6603775888675045e-08,6.143263897584461e-09,1.965796685929427e-06
606,True,4.6720806704694695,60,0.6,0.0947212480993116,0.0009135039930949773,2.248348568530454
607,False,228.9409179930335,100,0.8,1.1344194117413053e-07,1.4924423918927232e-09,4.446608487320004e-06
608,True,2.885759985296424e-05,60,1.0,4.283335117705178e-07,9.362119524070067e-09,1.0561437483977556e-05
609,False,211.04201192171706,43,0.5733333333333334,0.10751832109386861,0.003394719091718734,1.8994871359037522
610,True,2.743616097822351e-05,100,1.0,5.42462684549605e-07,3.92737420362721e-09,6.887003737138014e-06
611,False,14.956537871639503,17,0.17,0.5141544716254103,0.00025459023517449,15.792081178688397
612,False,286.8304102304406,100,0.6993006993006993,1.2054994891208537e-07,9.00624952393514e-09,2.863861908452123e-06
613,True,3.2923142725208974e-05,40,1.0,5.795852615619879e-07,1.330500487561892e-08,1.1318094157448803e-05
614,False,357.4866904131004,12,0.21052631578947367,0.6041805430649712,0.005262986499185107,9.170801749688039
615,True,2.6808715092621732e-05,100,1.0,2.99335486175778e-07,1.6777752520624745e-09,5.337486047973602e-06
616,False,26.250340222960684,9,0.09,0.9162465201724173,0.02220347433165193,16.594057750245895
617,False,374.8731959375627,101,0.6047904191616766,0.0010725356816352338,7.18732926285881e-07,0.023158453418364637
618,True,2.316477913655851e-05,80,1.0,2.427508434266201e-07,2.9582912786096927e-09,3.221133902514446e-06
619,False,443.64034734951565,8,0.06015037593984962,0.020416904268744318,0.03191360593843129,18.40773166300226
620,True,2.464992068660504e-05,100,1.0,6.5786549541257955e-09,1.220677336988274e-09,1.309036331676697e-06
621,True,0.9537235192037619,100,1.0,0.0016818235121460745,8.126714803879942e-05,0.15127603525137046
622,False,451.34076398128553,100,0.5,2.635790252725201e-07,3.042212481929596e-09,5.258316512529974e-06
623,True,1.0906763719082257e-05,60,1.0,3.4055367947871673e-07,6.874782076948804e-09,3.908179665907358e-06
624,False,392.8614727649146,60,0.5,0.0013852306827897287,7.095385512301267e-05,0.018236494581906765
625,True,2.7306471031913587e-05,100,1.0,1.4602909992333934e-07,6.019777787358294e-09,6.578814689536463e-06
626,True,4.747498119368311,57,0.57,0.1489569204428416,0.0030934454481528206,3.588233573532929
627,False,393.79981813993584,100,0.4,4.102210979795018e-07,7.788497735639055e-09,6.446334837861449e-06
628,True,2.6214130073995063e-05,40,1.0,3.759434905603598e-07,6.251625217501555e-09,4.852378140229896e-06
629,False,400.21893124236004,32,0.32,0.07188352330970105,0.0007478071935638209,1.4031262063076488
630,True,2.6206842750186344e-05,100,1.0,4.0702129844305546e-07,6.4255770704235715e-09,3.6126632849652656e-06
631,False,10.83637609763851,27,0.27,0.09282603460315642,0.001145462315985557,4.455594800186887
632,False,168.32777549059742,100,0.9009009009009009,9.757629615414487e-08,7.021548453778337e-09,5.429222132185986e-06
633,True,2.4041792471436514e-05,80,1.0,3.6992569008020837e-09,4.014446441935604e-09,2.604996227712108e-06
634,False,211.06568595614723,15,0.16853932584269662,0.4707689608816512,0.0017842840347919164,3.4083474416720945
635,True,1.8281837197120995e-05,100,1.0,4.899078476228169e-07,3.584536001355332e-10,4.315714188373283e-06
636,False,22.163128009443547,12,0.12,1.4553905804846385,0.0013232454404624727,21.98811852109014
637,False,271.197083140657,100,0.8,1.9587244537433435e-07,3.2492630808178546e-09,7.034840732478995e-06
638,True,2.0299488792906185e-05,60,1.0,1.3373062657251467e-08,1.1709963221306907e-08,8.549662170101898e-06
639,False,289.5031997971234,8,0.10666666666666667,0.9887521569840914,0.005285522119997443,25.580853086509286
640,True,2.7164493879245517e-05,100,1.0,4.786532448175507e-07,1.1184149162346557e-09,4.95008797541495e-06
641,True,0.9887456138126103,100,1.0,0.012558368569860257,9.540149534048581e-05,0.03130547365148612
642,False,351.98836195385314,100,0.6993006993006993,5.541534910946666e-07,1.7537966634506574e-09,6.745957649457232e-06
643,True,2.5231902924080044e-05,40,1.0,6.652666328932355e-08,2.813708266380388e-09,3.958489244145909e-06
644,False,280.6284057276247,40,0.7017543859649122,0.004102870651901291,0.00011740476446786552,0.2414458468646046
645,True,2.6733781727413666e-05,100,1.0,1.4223376254562936e-07,4.474437487189675e-09,3.085728319302135e-06
646,True,4.166391759165669,65,0.65,0.12255586134606844,0.00286583037219601,0.9354281916404699
647,False,375.2171640510734,100,0.5988023952095808,1.63720511814347e-07,7.908809385170912e-09,7.30233945805662e-06
648,True,2.390959489577277e-05,80,1.0,1.834582454840472e-07,1.1125136367695632e-09,4.791724844703379e-06
649,False,388.3296199940213,53,0.39849624060150374,0.1421322272494514,0.0003274013895016026,2.822257921450068
650,True,2.153237525874835e-05,100,1.0,7.45373256449966e-08,2.7077743380843344e-09,2.339421945181925e-06
651,False,14.304512769134282,18,0.18,0.11639017722108846,0.013526886961287232,14.993269700121788
652,False,371.4202942901859,100,0.5,4.1010145901410056e-07,6.025738796822111e-09,5.398565228083163e-06
653,True,2.7234640912171117e-05,60,1.0,6.494020858838212e-07,8.579924104523684e-09,3.4283472602611616e-06
654,False,248.62622177185636,20,0.16666666666666666,1.0691472152065273,0.004501390385568627,10.837410771038625
655,True,1.979870275716002e-05,100,1.0,3.8981076500022027e-07,4.718025969907558e-09,4.6151759643694215e-06
656,False,22.689562748774257,10,0.1,1.0885917543489783,0.005088838008829533,19.88547024592972
657,False,415.74493015602417,100,0.4,4.1282149076948826e-07,4.440858791809887e-09,7.59961043281717e-06
658,True,2.126866505418388e-05,40,1.0,1.616413669580652e-07,2.890131023391973e-09,3.161790608912427e-06
659,False,399.4972579697666,6,0.06,1.679129429712372,0.014295939334621255,18.021615195545685
660,True,2.4634742480803963e-05,100,1.0,1.3552071909117558e-07,1.0678732342839226e-09,1.1419325736069183e-06
661,True,0.9850463859635346,96,0.96,0.009022249335524535,0.00034791570309544717,0.32152275299764804
662,False,157.38660598452225,100,0.9009009009009009,2.6452568491208694e-07,1.6295036431301924e-09,3.1537046078850997e-06
663,True,3.141376751371849e-05,80,1.0,2.2973966196104811e-07,1.32198971769526e-08,6.0865928952547685e-06
664,False,172.38267075034653,80,0.898876404494382,0.0047058227591758595,0.00012953977353502566,0.19437555263372297
665,True,2.238331467642193e-05,100,1.0,2.3774390234265752e-08,5.195548102854275e-09,1.1766463318227952e-06
666,True,4.276067554070374,65,0.65,0.08210510790593739,0.0017786381051527744,3.362966950846348
667,False,392.6879850229526,100,0.8,3.992601538271856e-07,2.6070163805513857e-09,9.820987670547379e-06
668,True,2.3683218923991596e-05,60,1.0,6.610450080657415e-07,6.876157643276315e-09,9.729769911251998e-06
669,False,272.4475304998829,47,0.6266666666666667,0.11534148584263448,0.0013577460696906352,0.8515599467979393
670,True,2.1475543041632065e-05,100,1.0,1.5662984864661667e-07,3.08850811592265e-09,4.730377175678289e-07
671,False,9.105955513021156,29,0.29,0.1830604324130931,0.003395344294749192,3.1617535401165267
672,False,326.5500767671462,100,0.6993006993006993,1.1508584485397932e-07,6.046796729997084e-09,3.0484917371854093e-06
673,True,2.5361330158844434e-05,40,1.0,8.172514220916582e-08,1.0099344471825589e-08,2.675327975856387e-06
674,False,371.24594327230534,11,0.19298245614035087,0.25820032034542173,0.00470509133581043,2.4989378437141387
675,True,1.591946120048261e-05,100,1.0,4.364143464385961e-07,4.341356607540092e-09,4.774123288527131e-06
676,False,22.094984912238466,16,0.16,0.09461574925716221,0.016387090007263128,9.420875990833386
677,False,288.36001149309146,100,0.5988023952095808,4.222062699454909e-08,1.0778303805025757e-09,2.40206314613918e-06
678,True,2.586734730798746e-05,80,1.0,8.832614284415286e-08,2.9589913852490213e-09,3.3644296657524256e-06
679,False,236.9919606245086,12,0.09022556390977443,2.355772677616585,0.006872955340122,19.327102629545053
680,True,2.598283512872334e-05,100,1.0,1.407587078006145e-07,5.2525335192399325e-09,1.600477155692389e-06
681,True,0.9603710504337098,100,1.0,0.013410519656279263,0.00018784658159676226,0.12512442101425536
682,False,350.58422870104437,100,0.5,3.6936301661683046e-07,4.051017410411362e-09,6.872395820289825e-06
683,True,2.4706749995278203e-05,60,1.0,1.1206555328158174e-07,8.487104352639108e-09,3.005999266169924e-07
684,False,378.11488389336125,60,0.5,0.008213734550465368,0.0001635491625969765,0.12919446297551693
685,True,2.6107931426342832e-05,100,1.0,1.0649042536670095e-08,2.4775732576642895e-09,3.024193096263482e-06
686,True,4.803149632366899,67,0.67,0.10509373740243433,0.001096855446699907,2.654817046997765
687,False,578.5826092799734,100,0.4,3.9625586367719734e-07,8.943807472405751e-09,9.782261437684483e-06
688,True,2.6470505841028477e-05,40,1.0,3.633948364445416e-07,2.062829240756514e-09,3.6835352780122073e-06
689,False,495.5473133812882,24,0.24,0.10940624595519921,0.0015376741425399132,1.486575871389209
690,True,2.6051059665531537e-05,100,1.0,1.4810916582064237e-07,2.340021509894541e-09,6.199167962067116e-07
691,False,12.168168819712134,20,0.2,0.11999797156484249,0.004720839113581121,0.654534695448561
692,False,207.07009815979058,100,0.9009009009009009,2.4930817854595944e-07,1.3044721969279749e-09,3.6376540292117615e-06
693,True,2.295983998508754e-05,80,1.0,1.2765759382915576e-07,5.35201327700463e-09,3.896339294676558e-06
694,False,161.62493239920974,19,0.21348314606741572,0.3159687413399972,0.0033314205547934073,6.2914211469841
695,True,1.979967352302021e-05,100,1.0,2.7635148569515877e-07,8.183802413519459e-09,4.937537860413647e-06
696,False,21.774566337536548,11,0.11,0.03455253076895337,0.013110363976297057,13.872869693899908
697,False,236.2471740572366,100,0.8,1.5831766964069516e-07,2.026087964068779e-09,4.671643428035498e-06
698,True,3.441614444929568e-05,60,1.0,6.682565611981772e-09,9.91514337300714e-09,6.837775261196985e-06
699,False,258.154535969499,8,0.10666666666666667,1.3554959014266146,0.02991505763750335,15.511280857167117
700,True,2.7203809169189678e-05,100,1.0,1.1721286341526138e-07,3.0160316466520953e-09,2.1003301793016804e-06
701,True,1.049487289868127,99,0.99,0.007338950517102205,7.113238971778735e-05,0.10359043094561614
702,False,269.5217594966128,100,0.6993006993006993,4.337475232318866e-07,6.800878749047001e-10,3.230858283425654e-06
703,True,2.655074106887487e-05,40,1.0,2.788675992348999e-07,1.7340786584441048e-09,2.4935884436500896e-06
704,False,258.1782386187326,40,0.7017543859649122,0.02201726416876637,3.4837022141576135e-05,0.3401302857494568
705,True,3.100062886911458e-05,100,1.0,8.565273912353177e-08,2.070918325713933e-09,1.2784137975957848e-06
706,False,4.972283314159128,46,0.46,0.5287105559090978,0.0019524523364475854,7.0293499449647125
707,False,257.94468753071794,100,0.5988023952095808,2.3276536609273535e-07,2.7304536409644697e-10,2.2442559833161122e-06
708,True,2.5632492619175474e-05,80,1.0,1.6796719659595283e-07,2.0598982519715037e-09,4.359097923681416e-06
709,False,311.4752862273843,49,0.3684210526315789,0.040932056628232516,0.00139999064381513,1.8651756526819376
710,True,2.5462699847474116e-05,100,1.0,4.1980250031770083e-07,3.840341267213887e-09,7.064079061341423e-06
711,False,9.582671531401076,24,0.24,0.19721447166884332,0.008281098567772593,8.503442087092884
712,False,381.4214750975949,100,0.5,2.417096746087921e-07,6.0568603466037985e-09,3.3867367766470956e-06
713,True,2.6064004976819043e-05,60,1.0,3.574474916057113e-07,1.0976616282576401e-08,7.197501095910607e-06
714,False,493.6148353712219,13,0.10833333333333334,0.20308469887611125,0.01764577345727858,12.230563001980093
715,True,2.0007410122972384e-05,100,1.0,1.343461093483711e-07,7.11175673906439e-09,6.174870111115591e-06
716,False,23.300728664703165,12,0.12,0.9842390130380494,0.024711301590550683,16.383485526683003
717,False,382.065807584478,100,0.4,8.144708196766715e-08,5.87972226462341e-09,6.9363154948402165e-06
718,True,2.5341965573805008e-05,40,1.0,5.539856164915591e-07,5.6584922303315466e-09,1.0032625247005373e-05
719,False,370.13991213562787,8,0.08,0.9369084832966728,0.0021054350235316655,15.246498486976792
720,True,2.8622606440537664e-05,100,1.0,3.230268688092508e-07,2.303463864095079e-09,5.5104808339103786e-06
721,True,0.9544754440625466,100,1.0,0.002735343686194547,2.8417352787246664e-05,0.07027035073020166
722,False,207.69081558862823,100,0.9009009009009009,3.003789217359554e-08,1.7830907861338119e-09,9.69308415609277e-07
723,True,1.95569050808273e-05,80,1.0,7.686434955189725e-08,1.7403767316181984e-09,8.653505298734465e-07
724,False,171.62761338048577,80,0.898876404494382,0.0005822463901026254,0.00012116712700804833,0.09395077181392532
725,True,2.7943346875129125e-05,100,1.0,5.404509728634821e-07,1.036667418574666e-08,7.696719472467479e-06
726,True,4.215469617592338,71,0.71,0.04531637572011249,8.14984408992192e-06,1.7630127107777993
727,False,170.77976283062645,100,0.8,6.082689463227098e-08,2.2873655192157116e-09,1.3937499281982512e-06
728,True,2.9176259053060737e-05,60,1.0,2.6560434962519253e-08,1.7167148813612698e-09,4.894880450083581e-06
729,False,188.89481950024896,42,0.56,0.08716899172472306,0.001813357658270065,0.6361213979416802
730,True,2.3992480998559918e-05,100,1.0,6.1657630112677e-08,2.022395917400388e-09,7.639465076379821e-07
731,False,8.727191296241543,29,0.29,0.8120118874481186,0.0014831315818266688,4.725943756537402
732,False,316.29681794411886,100,0.6993006993006993,6.457964918382686e-08,5.2997775057406216e-09,1.687460557561945e-06
733,True,2.185763574507862e-05,40,1.0,7.325502255906002e-07,4.61789517736122e-09,1.3181336691020854e-05
734,False,290.33978195825256,14,0.24561403508771928,0.16594825695186444,0.010981277880475315,9.179363536067179
735,True,1.8717146058733254e-05,100,1.0,1.847000419274991e-08,6.299936572418119e-09,2.8164698868873507e-06
736,False,20.97525970188401,11,0.11,0.33377376549086124,0.019965099823528343,18.967541203183764
737,False,349.4560089273437,100,0.5988023952095808,5.364192290358005e-08,1.1393256338365632e-09,2.728546845663093e-06
738,True,2.883201755000511e-05,80,1.0,4.942418598830045e-07,1.6262660107457805e-09,2.7226462615267677e-06
739,False,488.79725365807053,7,0.05263157894736842,0.91476309794934,0.0019932044079755684,22.547557194739174
740,True,2.5207390188979926e-05,100,1.0,9.292599356669484e-08,6.824028564444973e-09,2.2777643787690684e-06
741,True,0.9263723478368852,100,1.0,0.011194918316005609,0.0001882322277433346,0.16872657994701776
742,False,409.96060773145166,100,0.5,1.5224369320776532e-07,5.696639826524574e-09,3.874834573579255e-06
743,True,1.4940945642666361e-05,60,1.0,1.5120272145452418e-08,1.9934968120693952e-09,2.589039499742326e-06
744,False,408.52172162192943,60,0.5,0.002952715811661122,0.0001932118468426225,0.21338877970401832
745,True,2.6440367892424523e-05,100,1.0,2.3001647164733185e-07,5.64496782651247e-10,3.7472386441702984e-06
746,True,3.6314147739623377,73,0.73,0.04718919438035307,2.586793508729812e-06,1.397093391605106
747,False,521.7102358940774,100,0.4,5.975911676614487e-08,8.03479682787156e-09,4.328803522599091e-06
748,True,2.7289796456398086e-05,40,1.0,5.863269665340454e-07,3.7100229555164788e-09,7.847956517643426e-06
749,False,377.5467489179533,31,0.31,0.07952250532900429,0.0009426582326681476,1.000019291274075
750,True,3.54982031558623e-05,100,1.0,4.2371502750881973e-07,1.0147111151326271e-08,5.221161356312085e-06
751,False,11.489166987488712,27,0.27,0.5454369789205309,0.007940963680197588,6.366655643620372
752,False,177.7914282585165,100,0.9009009009009009,3.089993071414554e-07,6.6208237781140156e-09,5.377993437457076e-06
753,True,2.4472239767079054e-05,80,1.0,5.658153217069639e-07,9.777830767276896e-09,7.24414796144413e-06
754,False,128.67195791487862,18,0.20224719101123595,0.11041549687375962,0.00215103348267065,9.142943339786106
755,True,2.7679706489528596e-05,100,1.0,1.324551348602654e-07,8.082157720856742e-09,3.3843078683308978e-06
756,False,23.109051703439516,13,0.13,1.0076615741614536,0.017035164388715662,20.282335761454245
757,False,252.5656648610777,100,0.8,1.2236425916967164e-07,2.16536566455261e-09,4.700530725305109e-06
758,True,2.4390155336014076e-05,60,1.0,3.06083949297431e-07,9.50910505892466e-09,4.413246202240747e-06
759,False,212.6527813025506,8,0.10666666666666667,0.8394226024616618,0.004123151725377805,15.874095637198675
760,True,2.3564216219005804e-05,100,1.0,2.2507701391560886e-07,2.6856988855072927e-09,1.6266533922221403e-06
761,True,0.9924846477074563,100,1.0,0.009353587030416222,0.00030010775954836255,0.32411876821929236
762,False,327.89892330180174,100,0.6993006993006993,1.653294532388827e-07,2.0973600634022205e-10,2.228929974563998e-06
763,True,3.923601255786818e-05,40,1.0,3.172369282822274e-07,7.421782077798866e-09,8.393554784624488e-06
764,False,265.7237362774697,40,0.7017543859649122,0.016147695729660683,0.0003184141134000562,0.25592511421679387
765,True,2.5722987078295398e-05,100,1.0,3.088986281207795e-07,3.1212575857253455e-09,2.2889483612654955e-06
766,True,4.239069666062941,76,0.76,0.05922045091648265,0.0014813210632427243,1.798161125799319
767,False,399.7600188419459,100,0.5988023952095808,6.462469670509563e-08,3.711789986482472e-09,4.751757804532018e-06
768,True,3.063423486045104e-05,80,1.0,4.5965687744953243e-07,1.1104638319991977e-09,6.063569255870768e-06
769,False,375.4761282866555,57,0.42857142857142855,0.13315382147107258,0.00025978363717693576,2.274911685650005
770,True,2.089084026784955e-05,100,1.0,4.840956151497267e-07,7.72438224494465e-09,6.338340254230398e-06
771,False,13.944152294301746,15,0.15,0.4481901751675679,0.005077759697004636,7.83834947753808
772,False,391.2530778046263,100,0.5,3.427230381713997e-07,4.684828081025216e-10,5.304206754578307e-06
773,True,2.8052554413312773e-05,60,1.0,3.378769335427023e-07,1.3648582264380593e-09,4.5695939758802156e-06
774,False,405.2670126212706,13,0.10833333333333334,0.05567232650944476,0.0014860314967528598,2.294416835346174
775,True,2.2583525998721752e-05,100,1.0,4.2052290893934696e-07,2.7933702018145823e-09,3.1573392975343753e-06
776,False,21.068072377859863,15,0.15,0.3919128552362019,0.004140147909344805,7.096652508375035
777,False,365.96555143435637,100,0.4,4.927857162329019e-07,6.462480439672902e-09,9.760672601935658e-06
778,True,2.5829100595015634e-05,40,1.0,7.860282558169729e-08,2.571056034739172e-09,3.076425453155873e-06
779,False,284.4240824495921,5,0.05,0.3504534787077134,0.01614171406961651,26.29122130269393
780,True,2.5248226928345072e-05,100,1.0,6.499880423338489e-07,1.1959300216801694e-09,2.970400307188251e-06
781,True,1.0325987871070406,100,1.0,0.0009249681595004944,0.00014032696833532476,0.027923369953091935
782,False,177.6585252905986,100,0.9009009009009009,1.0515601012173192e-07,4.497428651717428e-09,2.8126826204125553e-06
783,True,1.795195101329894e-05,80,1.0,5.263144942091458e-08,3.902483225459719e-09,2.2627437271262844e-06
784,False,230.01337009171513,80,0.898876404494382,0.006767765838999296,0.00012605975318813467,0.10918764081672915
785,True,2.5083965080773597e-05,100,1.0,5.99927597377814e-07,2.4535442566531174e-09,5.882076060610421e-06
786,True,3.7689329072765854,76,0.76,0.0701448477711697,0.0006586262794159303,0.5508279558152718
787,False,310.82016556822987,100,0.8,6.402017760365197e-08,9.134668577104321e-09,3.816133905612818e-06
788,True,2.6069807940684588e-05,60,1.0,5.225584418511175e-07,3.907707379902092e-09,7.867727489697522e-06
789,False,274.55834318707946,35,0.4666666666666667,0.025383282081111513,0.005191789390373902,1.7203368853853676
790,True,3.309934243727877e-05,100,1.0,3.927030309824886e-07,3.49105189201282e-11,7.46907910874789e-06
791,False,10.156457605806084,24,0.24,0.3631691511688615,0.005853190891645266,1.8152935471057485
792,False,333.93615833132617,100,0.6993006993006993,3.5117484742386296e-07,1.930169357677869e-10,5.344568958813765e-06
793,True,2.6600525618555285e-05,40,1.0,7.54829846183469e-07,1.2759906575787738e-08,9.469108455835882e-06
794,False,259.2753857900514,12,0.21052631578947367,0.11043715007477051,0.006787101166895182,6.589472089479654
795,True,4.195980389957128e-05,100,1.0,5.61063359327818e-07,1.440060071189464e-08,4.430505401657108e-06
796,False,24.56902035588843,11,0.11,1.388530874097805,0.0011731370621992365,19.67088314250175
797,False,283.0834450481956,100,0.5988023952095808,1.424644908709638e-07,5.9904818883183e-09,1.5540989457747236e-06
798,True,2.7209769805910006e-05,80,1.0,6.711825024652285e-07,4.87616724775819e-09,6.124552100957384e-06
799,False,334.29106038038987,11,0.08270676691729323,1.1996731015163,0.004299935173377123,18.39421912594065
800,True,2.5938516933974665e-05,100,1.0,2.3417576322515288e-08,4.800303932128713e-09,2.063740233932644e-06
801,True,1.097149644632248,100,1.0,0.0074023739049255965,0.0002580456076701765,0.26846578157121326
802,False,505.3480985827585,100,0.5,3.56572676718514e-07,9.659615329837834e-10,6.611712218590728e-06
803,True,2.7112174954167684e-05,60,1.0,2.1882282652541107e-07,1.5836387756706927e-09,1.1436007935514017e-06
804,False,384.7373976268497,60,0.5,0.006668565535103199,0.00037950357758775866,0.29086683991566
805,True,2.6125565216499673e-05,100,1.0,2.7524365897590997e-07,1.9593134892303965e-09,4.128646841853727e-06
806,True,4.043796302693294,76,0.76,0.10033357017398892,0.0002541423762786321,1.8559220922237922
807,False,541.0907092517926,100,0.4,7.476303132136763e-08,4.082288951323676e-09,2.529901092994344e-06
808,True,2.757319003329736e-05,40,1.0,5.529404663029425e-07,1.0758071766758803e-08,1.0258515375950367e-05
809,False,381.6499749699064,24,0.24,0.30341617223210715,0.002418825588397011,3.3460882549875413
810,True,2.791444727967999e-05,100,1.0,1.1108958375416478e-07,3.111842339365012e-09,2.8372599299208893e-06
811,False,10.080726556379982,26,0.26,0.11213893256498819,0.004265670748526906,4.361234264801441
812,False,150.61880141343778,100,0.9009009009009009,3.91522986475934e-07,8.173014931500688e-09,6.1461513699393636e-06
813,True,3.242990761907815e-05,80,1.0,8.15619927152511e-09,1.357391110623496e-08,1.0683700863175675e-05
814,False,158.16699701809873,20,0.2247191011235955,0.20555775222582717,0.007481813828588479,8.330933587003168
815,True,3.123369128694706e-05,100,1.0,3.099500851533321e-07,5.2445630061015436e-09,7.045173309999122e-06
816,False,22.01641491723383,11,0.11,0.9436696110625119,0.009737157598340707,16.40918036421201
817,False,250.48533988756674,100,0.8,3.0526646810358216e-07,1.3549089850073415e-08,6.650532028090163e-06
818,True,2.8384140022797046e-05,60,1.0,1.467498833562786e-07,5.252437373926e-09,9.540736630238293e-07
819,False,265.28012257381306,8,0.10666666666666667,1.5138175918778032,0.011101303783007443,23.038550808803908
820,True,2.628644391424184e-05,100,1.0,4.97673079191685e-07,1.430273899316603e-09,8.05628089340449e-06
821,True,0.9507820002550027,100,1.0,0.003760292452392261,0.00013294607917313517,0.06974639063419658
822,False,223.27615295043174,100,0.6993006993006993,1.1107403352639267e-07,3.555281402611854e-09,2.4386014710028682e-06
823,True,2.674044449428299e-05,40,1.0,2.8772113225272733e-07,2.914290808675446e-09,1.2152006404766596e-05
824,False,213.60927933080504,40,0.7017543859649122,0.008313364597462458,0.00037262090410306037,0.3298170294709169
825,True,2.45101427164826e-05,100,1.0,1.0006581763200018e-07,7.055427020397076e-09,5.2154768864657585e-06
826,True,3.6770785549587988,76,0.76,0.05666305737905475,0.00038096196126224946,0.5378092708679203
827,False,389.1310193711671,100,0.5988023952095808,9.20397482673252e-08,1.0112864323730264e-08,5.60045983372978e-06
828,True,2.2490445210602078e-05,80,1.0,7.416545030891619e-09,6.472069546958892e-10,3.397337504786831e-06
829,False,363.492442226887,57,0.42857142857142855,0.19908452444166702,0.0006207202255117394,2.5114718909156744
830,True,2.486493779876782e-05,100,1.0,9.036286757746481e-08,4.318830404415053e-09,2.8491787997415427e-06
831,False,11.705525161537606,22,0.22,0.2850443786473864,0.0028455011425643217,3.77200920593634
832,False,378.7877192713469,100,0.5,8.943838780695046e-08,1.0638490088865638e-10,1.2551528979104363e-06
833,True,2.9811115651137094e-05,60,1.0,5.872967356879144e-08,3.5196221492839186e-09,3.7422768841175565e-06
834,False,360.7763759348341,13,0.10833333333333334,0.6197472220337019,0.006260408870625622,14.331166023163608
835,True,2.831530273899149e-05,100,1.0,2.6018279086770235e-07,3.977323581594305e-09,3.7725614487115903e-06
836,False,19.68751490534625,16,0.16,0.2501736895269939,0.01539954033882629,12.647455574401931
837,False,481.7413346297478,100,0.4,1.8694472192493095e-07,2.501085338835196e-09,5.245516924705122e-06
838,True,2.0290843529379658e-05,40,1.0,4.725273150540943e-07,4.8937712771035535e-09,6.95202250949565e-06
839,False,573.6312658253631,6,0.06,1.2610111723759712,0.02675194469507791,41.454056598881934
840,True,2.5913448633776807e-05,100,1.0,1.3514877661435776e-08,1.3229211059950785e-09,2.569403267468689e-06
841,True,0.9365428575999851,100,1.0,0.004492599566203737,7.88835047265124e-05,0.07221645351429996
842,False,192.27423571740295,100,0.9009009009009009,1.743322339819997e-07,2.1533674843254857e-09,2.941006954501401e-06
843,True,1.5544928998553163e-05,80,1.0,1.0252584425884947e-07,1.3275436305804078e-10,2.67726139234577e-06
844,False,193.12710035467313,80,0.898876404494382,0.014173016857821866,2.8906887412416538e-05,0.1886378704246066
845,True,2.825827284590928e-05,100,1.0,5.625291850108738e-07,1.5531858021944345e-09,5.979791824868625e-06
846,True,4.517135264444978,65,0.65,0.2489399044700118,0.0013569267733555268,3.3213945535402885
847,False,200.22274914122306,100,0.8,2.6000526531788637e-07,6.469161650812794e-09,5.285262230567982e-06
848,True,2.362085974346812e-05,60,1.0,3.2859465481926975e-07,5.957252025012849e-09,1.0254467280553405e-05
849,False,224.76403857202624,46,0.6133333333333333,0.0006281119675453084,0.002059146829162417,1.6726664033508591
850,True,3.170460386150441e-05,100,1.0,1.414908012975502e-08,5.1764115216457185e-09,2.457485553674239e-06
851,False,12.427875292368228,25,0.25,0.2578531224308058,0.0020598201444033126,7.594856212291453
852,False,307.0237330883217,100,0.6993006993006993,4.48922844675792e-07,1.1206109595818248e-08,6.704275535247907e-06
853,True,2.351213105756529e-05,40,1.0,3.886102533101621e-07,9.823327706826035e-10,4.0867592732181825e-06
854,False,182.12768034099062,12,0.21052631578947367,0.37567274571916087,0.006556435608203515,6.132729836596918
855,True,3.606488731076529e-05,100,1.0,4.3672566363284204e-07,1.9942705264952565e-09,8.493049074316979e-06
856,False,19.36563800842022,15,0.15,0.16017297302617806,0.006928520128637872,7.14596788490036
857,False,380.3005776272997,100,0.5988023952095808,3.7725490997786437e-07,3.7241578709767964e-09,4.866785546853284e-06
858,True,1.5958566925822126e-05,80,1.0,5.506230138507817e-09,5.025456384366578e-09,2.3114145203115177e-06
859,False,377.70322872158374,9,0.06766917293233082,1.225258209296424,0.016330445990406117,15.350662929321356
860,True,2.649293231951829e-05,100,1.0,4.1246074378165076e-07,8.781919857980824e-09,3.6118674969695736e-06
861,True,0.8441648256801735,100,1.0,0.011840630873578561,4.516315637359547e-05,0.2097198780918884
862,False,313.96826673160285,100,0.5,5.991502358693168e-07,5.904244759769028e-09,5.906573168010317e-06
863,True,3.200008900249963e-05,60,1.0,2.2727881798800809e-07,3.2266758154264608e-09,7.82432544831471e-06
864,False,384.9808368467712,60,0.5,0.015844451353396405,0.00012407879832743163,0.30810196824637875
865,True,2.4621576429506246e-05,100,1.0,1.4425245686844335e-07,5.037604111635119e-09,2.866524496396667e-06
866,True,4.390769109524274,60,0.6,0.10525557885950576,0.0015697553806288678,2.196576894971352
867,False,300.25318591740586,100,0.4,2.27095114574416e-07,2.0189541150017476e-09,2.8962932091241995e-06
868,True,2.9120125481700608e-05,40,1.0,2.6152880083785135e-08,8.333440493224487e-09,6.7645630912683685e-06
869,False,395.7120748020864,29,0.29,0.025984973957246638,0.0017162062487895424,0.5829944209857193
870,True,3.2491544127725846e-05,100,1.0,8.024087208013952e-07,8.625336000989137e-09,1.514437861893788e-05
871,False,12.485225467622882,18,0.18,0.6166243483267237,0.0024988896895699053,10.298365707933419
872,False,145.61656620379154,100,0.9009009009009009,2.386549269317584e-07,3.605002074635877e-09,7.08426553569183e-06
873,True,2.704484737709106e-05,80,1.0,3.8106345634503214e-08,8.822107488981601e-10,3.6409723710953024e-06
874,False,110.74071920609653,24,0.2696629213483146,0.2050056244040377,0.011129382061925264,11.08825366570977
875,True,1.9683866399657612e-05,100,1.0,3.813997331292285e-07,2.453272474056689e-09,4.112261482511786e-06
876,False,22.70999587945943,16,0.16,1.436037443021879,0.01881957959506053,26.891474530424922
877,False,259.0133497322962,100,0.8,6.83485605890155e-08,2.1337450695213533e-09,3.7825373655182348e-06
878,True,2.086318186474043e-05,60,1.0,7.144431783956406e-07,1.2479539623910796e-10,5.2178033113656795e-06
879,False,249.87174661588952,8,0.10666666666666667,1.1541933094247199,0.07780605306150767,48.742383069773844
880,True,2.6433356059312015e-05,100,1.0,2.3849176233881053e-07,4.016204702139703e-09,5.283786710523259e-06
881,True,1.0367039044219484,100,1.0,0.012299419127502098,9.212404923975015e-05,0.0540587120150643
882,False,267.3248773937502,100,0.6993006993006993,1.298306564478935e-07,8.014988672755408e-10,6.014203024943901e-07
883,True,1.8536379741224306e-05,40,1.0,1.8970394144446345e-08,8.487167191262301e-09,5.8797979612902245e-06
884,False,310.90047661126147,40,0.7017543859649122,0.011594391055343323,0.0004096781293843055,0.2676151318108361
885,True,3.317065231864169e-05,100,1.0,5.3154013635037245e-08,1.847270114652133e-09,4.910343255982555e-06
886,True,4.458243558375072,65,0.65,0.021086497789692515,0.003823456017459481,2.957192927192421
887,False,600.4551633465453,100,0.5988023952095808,4.671912634535147e-07,9.964658431727003e-09,1.596703555178269e-05
888,True,2.6546635003583237e-05,80,1.0,7.368417587194642e-08,6.788539508306712e-09,3.238115021150341e-06
889,False,395.28583532376246,49,0.3684210526315789,0.0039156010894192406,0.0028414767228965854,2.752206402171609
890,True,2.6728521905226005e-05,100,1.0,1.3482940275366673e-07,1.943764038614404e-09,4.954127133683857e-06
891,False,13.396629794249025,18,0.18,0.4284783523469784,0.002415337356432179,5.9601628947809395
892,False,363.9701704411373,100,0.5,3.0043763032949755e-09,1.189590526085027e-08,7.244203051638805e-06
893,True,2.3775633707278132e-05,60,1.0,9.550969650717889e-07,1.370865998495674e-08,1.444496674400099e-05
894,False,506.75783631543084,13,0.10833333333333334,1.2507059296809828,0.01555759674951429,17.106737370417314
895,True,3.132601221071982e-05,100,1.0,3.532323660238035e-07,2.154841416412978e-09,8.568653863269593e-06
896,False,23.095099983206783,12,0.12,0.66523784812793,0.022682769776735,23.718451883053927
897,False,488.2572100062124,100,0.4,2.4140695842334026e-07,3.500919554255688e-10,1.8340529550766957e-06
898,True,2.088867445664587e-05,40,1.0,6.604319580105766e-08,4.915990392539982e-09,5.506145118758393e-06
899,False,461.63067991082926,6,0.06,2.4584336718801705,0.021598635549583856,31.26486513944368
900,True,2.7717589256516004e-05,100,1.0,2.1628985569233095e-07,1.4110388413257624e-09,1.4219077799859053e-06
901,True,0.8666064193333403,100,1.0,0.0007538427697397765,0.0002612086698328131,0.25847173148793307
902,False,136.9306473381492,100,0.9009009009009009,1.0725824672874751e-07,3.727046449242266e-10,4.113435910154455e-07
903,True,2.1890092319304574e-05,80,1.0,5.29350576261578e-07,7.38159533497651e-11,4.897514773679398e-06
904,False,144.82860518252977,80,0.898876404494382,0.00014901198495342882,1.3402749288737859e-05,0.07854282946975984
905,True,2.52228080299509e-05,100,1.0,7.657052059073521e-08,3.581182683731754e-09,2.2004335518899335e-06
906,True,3.7891658212078116,78,0.78,0.06896853146066562,0.00028681873362434995,0.822219833324836
907,False,297.343373816967,100,0.8,8.567302955952982e-08,5.379710454889164e-09,3.549606465003762e-06
908,True,2.6533134561256612e-05,60,1.0,2.354496064782552e-07,2.0028534386540287e-10,4.715870359305575e-06
909,False,221.41151230763256,49,0.6533333333333333,0.010374130446320962,0.0006261725264331552,0.7638025857703462
910,True,2.1872485880205363e-05,100,1.0,4.6742033887881007e-07,7.604269436356503e-10,5.98903536362795e-06
911,False,12.060406753123374,20,0.2,0.17471641371911062,0.0018817111780162765,0.8916193636143134
912,False,313.9618325537682,100,0.6993006993006993,4.460123959049156e-08,3.9493872616702674e-09,2.175396803624597e-06
913,True,2.6488598850837904e-05,40,1.0,2.1805055616663793e-07,6.932749929688953e-10,2.472934587147446e-06
914,False,250.00617075177558,14,0.24561403508771928,0.35494226560558584,0.0028381192957205315,7.529235245950002
915,True,2.0445332075383066e-05,100,1.0,4.9787210798513115e-08,1.903525892466007e-09,1.9314937040879573e-06
916,False,20.96500382616056,13,0.13,1.0388703520490887,0.004547109150154993,13.444863994761791
917,False,359.75282892650955,100,0.5988023952095808,2.9237607357401885e-07,3.807085535711963e-09,4.171958936163472e-06
918,True,2.3506122787071667e-05,80,1.0,1.605833688245184e-07,3.78359843455911e-09,4.096682660633516e-06
919,False,508.5046937397703,10,0.07518796992481203,0.9172396660565916,0.05759011723378871,36.71128344761771
920,True,2.649467330113379e-05,100,1.0,3.8018382331195255e-07,8.705883569604111e-09,8.35511564382328e-06
921,True,0.9473950118718646,100,1.0,0.014469493437735181,6.548146396223586e-07,0.22378086109134218
922,False,283.7139226425709,100,0.5,2.2172414659848982e-07,3.283849858704002e-10,2.6333444518223185e-06
923,True,1.0490416114113452e-05,60,1.0,3.542385940136228e-08,6.455277534733739e-09,1.6918152695222003e-06
924,False,405.6869327555518,60,0.5,0.005229372717721503,0.0001279544619421369,0.09394565498210967
925,True,2.7743359989104683e-05,100,1.0,1.2940727245336348e-07,8.589371436329429e-10,3.7217284558730096e-06
926,True,3.498651601227127,82,0.82,0.2080992482934505,0.0005576107879654568,2.2346906586937694
927,False,223.11215471865003,100,0.4,4.343822568309008e-08,9.414462542878255e-10,1.0562178183594588e-06
928,True,2.9663417651607635e-05,40,1.0,1.4267074166518512e-07,5.084765497542776e-09,6.751564289229775e-06
929,False,451.237047890799,28,0.28,0.05975007069041727,0.0011862612045920873,1.6125493479383983
930,True,4.554269411573804e-05,100,1.0,4.752919586792359e-07,4.530739117214466e-09,1.2626527263621541e-05
931,False,12.7599938806635,23,0.23,0.07089977662239377,0.01208376442721315,13.432406571165014
932,False,188.9097097652792,100,0.9009009009009009,1.7703416732572919e-07,8.759693415072434e-09,5.159543684015667e-06
933,True,2.5787203391403914e-05,80,1.0,1.8106012156238194e-07,1.6753267662039661e-09,3.4105145497421685e-06
934,False,249.01952942312226,20,0.2247191011235955,0.31229746408573433,0.0016177451745076343,6.30185470243693
935,True,2.722467183178218e-05,100,1.0,4.277233536242875e-07,6.554329301522444e-10,9.18041711340986e-06
936,False,26.053802245392166,10,0.1,0.08279494664613019,0.048560876246447116,34.761393779483335
937,False,218.65321690597384,100,0.8,5.010888770584643e-08,6.71374666971758e-09,4.760009988298727e-06
938,True,3.216337194482207e-05,60,1.0,1.2983302752900272e-06,3.8634999643960555e-09,1.9327816738240275e-05
939,False,246.9643425408165,8,0.10666666666666667,0.9733473673949931,0.03460752314375015,28.136725628818
940,True,2.6633032952565102e-05,100,1.0,2.528700209225576e-07,3.767465339699072e-09,1.3849693680282218e-06
941,True,0.9767594228031342,100,1.0,0.0007119260123769067,0.00018186845235945714,0.08171840883630226
942,False,367.8115932279646,100,0.6993006993006993,1.7731115775632134e-07,9.747489482236915e-10,3.332114609307587e-06
943,True,1.5123865953074581e-05,40,1.0,3.1058582550258507e-07,5.416600057372989e-09,4.107393180330731e-06
944,False,263.05918539250183,40,0.7017543859649122,0.01442813916482355,7.662280146358835e-05,0.47322128033743643
945,True,3.136864185793391e-05,100,1.0,4.477694126592269e-08,1.4346334786807802e-08,7.406927556299643e-06
946,True,4.345763923449511,70,0.7,0.054326564465212,0.0033758514618154045,2.9375268499158436
947,False,306.9631512481459,100,0.5988023952095808,2.3172491392386974e-07,6.409736186263615e-09,3.5328574959299886e-06
948,True,2.5278515795459747e-05,80,1.0,2.129116416504928e-07,3.0115600013758126e-09,5.946579807570949e-06
949,False,378.5184962990236,57,0.42857142857142855,0.13552073266621267,0.001376189616247414,2.0785475551742025
950,True,1.9343546809466743e-05,100,1.0,2.433771122412054e-07,8.921566818642646e-10,1.2655610049929058e-06
951,False,12.917738743401346,18,0.18,0.20649495204357038,0.0010785799044317201,6.825272866441789
952,False,386.5690838552113,100,0.5,1.0005020412151566e-07,4.381914386897279e-09,2.5106538920290253e-06
953,True,2.805865906483522e-05,60,1.0,6.513277437392162e-07,3.181442220778763e-09,9.870956821500673e-06
954,False,354.2617093913089,15,0.125,0.19157593993315203,0.007666332742357618,3.5095733881990405
955,True,2.737681428365806e-05,100,1.0,2.4514879770620723e-07,5.605729547220051e-09,2.0213355470904287e-06
956,False,22.66497474313929,12,0.12,0.03458221397887207,0.025935557885507055,12.11447787894686
957,False,420.21058713052446,100,0.4,3.95587077761661e-07,1.4853650753821057e-08,9.539814028450862e-06
958,True,3.4654094888246644e-05,40,1.0,2.3712020791322175e-07,1.5753362836434803e-08,8.352480779576657e-06
959,False,572.0742653605731,6,0.06,1.066427788037668,0.027382174404557036,38.29257158717519
960,True,2.756611272196396e-05,100,1.0,2.89510267759141e-07,3.697637418476063e-09,2.089027954828093e-06
961,True,0.9078035880272431,100,1.0,0.0021527453868439572,8.527722172146923e-05,0.15413435949531146
962,False,106.22184078961685,100,0.9009009009009009,2.8532749496434917e-07,3.0975367826258093e-09,3.0677523074734207e-06
963,True,1.614108010941584e-05,80,1.0,7.276600655359289e-08,2.891388350967361e-09,1.7983165154434263e-06
964,False,164.7821697418956,80,0.898876404494382,0.005682132890600933,0.00018360985333942814,0.26043500462708613
965,True,2.677807030805459e-05,100,1.0,5.800551454715475e-07,2.380693420178659e-09,6.467731178139984e-06
966,True,4.564599337548566,60,0.6,0.25257791664381735,0.0006571158578275726,2.4229642994293816
967,False,312.53529820075585,100,0.8,5.769534521249398e-07,1.5149614229770236e-08,1.744459675152183e-05
968,True,2.6376902075044758e-05,60,1.0,3.947988618246967e-07,4.409171250330246e-09,6.221661689387637e-06
969,False,265.1242940838922,44,0.5866666666666667,0.028361125721072966,0.0005247017403302578,1.6169909352602545
970,True,2.8124959833636596e-05,100,1.0,2.098504836567372e-07,1.254511716730633e-09,3.315287588847012e-06
971,False,8.718479031715669,30,0.3,0.36771834152822436,0.004589324756764435,3.6999029044597767
972,False,278.01116231827865,100,0.6993006993006993,3.44368074056689e-08,5.178524942195395e-09,4.0685524158313105e-06
973,True,3.413707740962057e-05,40,1.0,2.5419900850920385e-07,4.8184236600690156e-09,6.182778880470494e-06
974,False,246.53669186474326,11,0.19298245614035087,0.7074807994854524,0.013359897450126557,16.641701320289798
975,True,2.883671323064391e-05,100,1.0,5.057689804743859e-07,6.173539457421384e-10,6.285026527652707e-06
976,False,21.12654564675075,11,0.11,0.5473329251060899,0.00390991027070986,8.074687893722572
977,False,344.12860104166475,100,0.5988023952095808,3.4755897893035126e-07,7.495324916284574e-09,5.151363501865388e-06
978,True,2.5009749577106657e-05,80,1.0,9.861235383823441e-08,1.0277616646625631e-08,5.9252884871241175e-06
979,False,409.41103537522196,11,0.08270676691729323,1.656391058279032,0.005221870082382729,20.811793829708
980,True,2.2095542903634505e-05,100,1.0,2.59238578603771e-07,3.43576878059082e-09,2.4479804416201905e-06
981,True,0.9977028296919709,100,1.0,0.007684155601626941,9.734873619660078e-05,0.10413668619375568
982,False,404.01346959672077,100,0.5,7.984284788875584e-08,1.0665273109111695e-08,5.933225950364406e-06
983,True,1.5110751282488326e-05,60,1.0,3.9103569804410654e-07,3.3027391932449746e-09,6.209793143346649e-06
984,False,403.61988856403906,60,0.5,0.03477724966079476,0.0003947333744858117,0.5613248559013468
985,True,2.7563496262745033e-05,100,1.0,1.2538016436192123e-07,2.685651923073351e-09,2.0008303125811957e-06
986,True,3.966269479162106,70,0.7,0.03691196096710314,0.0026048337953141765,1.9428886810218875
987,False,710.8102674530929,100,0.4,1.9389496230814984e-08,1.0992946108956403e-08,7.149930679661136e-06
988,True,2.0852930854689292e-05,40,1.0,3.215476485629587e-07,8.22045698178897e-09,4.4430897447233195e-06
989,False,478.4566051758329,27,0.27,0.0353697726587745,0.0006188197430185838,1.508107342733254
990,True,3.264702827138507e-05,100,1.0,3.059596913601581e-07,7.221337083862522e-09,7.847546727098133e-06
991,False,13.127876868450912,19,0.19,0.5556984278052717,0.0012298981561598143,10.985519881379908
992,False,154.61137220976528,100,0.9009009009009009,4.5517311891840606e-08,5.062895769292197e-09,3.290913839208988e-06
993,True,2.2352966719563916e-05,80,1.0,3.3707765134671774e-07,3.487932609402833e-09,6.312980109339514e-06
994,False,137.64556593982493,21,0.23595505617977527,0.3346244891572816,0.016306731460404178,10.357399079003489
995,True,2.5080699489788246e-05,100,1.0,6.16426802935166e-07,1.9240631310424305e-10,6.2269126371111346e-06
996,False,22.692150863661404,10,0.1,0.542230268202188,0.023866896484412425,17.606085022672904
997,False,216.0034172091693,100,0.8,5.177050255156246e-08,8.806961826479665e-10,3.012837045571869e-06
998,True,2.2231921845316893e-05,60,1.0,3.119020046682408e-07,9.78498504444758e-09,2.768364714701008e-06
999,False,280.97103979792746,6,0.08,0.9723469651900931,0.00039944437926209275,20.869916204695933
1000,True,2.616679021644364e-05,100,1.0,1.2686959927066255e-08,1.1372905950324252e-09,9.761004890811316e-07
1001,True,0.9588296933348642,100,1.0,0.006653536538120619,0.00022049046338712408,0.302778642571029
1002,False,345.94246372812705,100,0.6993006993006993,3.628897760066252e-07,8.255569783344185e-09,8.239115994226069e-06
1003,True,1.5838902075141303e-05,40,1.0,3.846052889500129e-07,1.6615907094674753e-08,9.771350044168387e-06
1004,False,286.26150452116434,40,0.7017543859649122,0.03586790229251258,0.0004667457927389762,0.6971627514105319
1005,True,2.3634927020527498e-05,100,1.0,3.30211303634087e-07,7.857613004702557e-09,1.45238685702524e-06
1006,True,4.119651652658866,75,0.75,0.03248038239939888,0.0030040704652961603,2.8952720826901284
1007,False,205.67265793850265,100,0.5988023952095808,1.8378493393811368e-07,4.724994728810827e-09,2.1078596921688286e-06
1008,True,2.862903442667609e-05,80,1.0,2.3927337688967043e-07,2.035401069910847e-09,1.5895850664570325e-06
1009,False,307.92905157852243,58,0.43609022556390975,0.13091044844906996,0.001651482071559518,3.1500330073478477
1010,True,2.6291862647595436e-05,100,1.0,4.4431781454079555e-07,1.7016614783926798e-09,3.941480295141203e-06
1011,False,9.02629095779435,28,0.28,0.47636093804681323,0.002195446585545713,5.649945123952059
1012,False,359.7477589529689,100,0.5,1.2381104408376586e-07,8.465298906301655e-09,4.796384201006199e-06
1013,True,1.9240187532281068e-05,60,1.0,6.654330775290873e-08,3.3195444171241206e-09,1.8560519144616604e-06
1014,False,404.3935092974616,17,0.14166666666666666,0.2448178559520784,0.008402803018893179,9.277617321939527
1015,True,2.7212550777520444e-05,100,1.0,3.3645510200130957e-07,7.966677983972659e-09,6.513574700309449e-06
1016,False,22.15166959290083,11,0.11,0.8068896960519698,0.013451336440976736,11.12010874349938
1017,False,391.2183291128365,100,0.4,6.446162190698601e-07,6.921450301788923e-09,5.671595113439847e-06
1018,True,2.6074186895626848e-05,40,1.0,8.995889011487179e-08,4.225352068232269e-09,2.3540386433706294e-06
1019,False,300.0288875403378,8,0.08,0.3881432127382096,0.008260173350123523,6.390244676099539
1020,True,2.6158499465352818e-05,100,1.0,1.2727008114055138e-07,6.370019955959094e-09,5.1913284791587046e-06
1021,True,0.9202385069474138,100,1.0,0.003468563167305483,9.981040991946522e-05,0.04989924090060205
1022,False,168.37702681863647,100,0.9009009009009009,1.2394504445012444e-07,8.747123692032233e-09,4.9682698199988435e-06
1023,True,1.7131880576535587e-05,80,1.0,2.0196136674144327e-07,1.7793618800610034e-09,1.4612079279934906e-06
1024,False,131.0505520755041,80,0.898876404494382,0.015516758044042955,9.178057582381882e-06,0.3697412642541964
1025,True,2.317535638722423e-05,100,1.0,3.2465664645542347e-07,8.753124558502634e-09,6.611955999453178e-06
1026,True,4.091439691432766,63,0.63,0.17074534471650793,0.00038350429794431484,0.2577384268432716
1027,False,265.2019647366557,100,0.8,1.3205206528255076e-07,3.041791929447868e-09,4.557578877807684e-06
1028,True,2.6032250527753542e-05,60,1.0,3.3638563934346166e-07,2.1232229308054684e-09,3.6633275422338123e-06
1029,False,237.58502667778873,34,0.4533333333333333,0.062413878617828544,0.0006174259905883384,1.6867645848547765
1030,True,2.4118086505978638e-05,100,1.0,2.6371388628376735e-08,4.907440009915831e-09,1.1284204097585024e-06
1031,False,12.849142023070051,18,0.18,0.3268392094727144,0.010064506969181375,12.364034200089476
1032,False,297.77397304074356,100,0.6993006993006993,1.993265605904071e-07,1.4045747898094874e-09,8.261597473565323e-07
1033,True,2.967451303948717e-05,40,1.0,2.2375376396155389e-07,1.843018559988252e-08,8.836699636307528e-06
1034,False,263.75147339992725,7,0.12280701754385964,1.135219015729529,0.03174176191019795,26.989976732951252
1035,True,2.060689784483691e-05,100,1.0,4.840607203959735e-07,4.1476462264711245e-09,2.9699966132395005e-06
1036,False,20.597762315925237,12,0.12,0.007017857620230106,0.013369539391988816,15.13659357013932
1037,False,354.7587292845254,100,0.5988023952095808,3.2398182447934687e-07,2.5256297053743992e-09,1.5026827941845118e-06
1038,True,3.28521783298985e-05,80,1.0,5.389964528035307e-07,4.428614808205111e-09,9.807634068969514e-06
1039,False,275.0577310194704,11,0.08270676691729323,0.06801198458673596,0.009411220615241356,5.568132519250331
1040,True,2.7047180910591046e-05,100,1.0,1.0117364879214108e-07,7.795831757917426e-10,1.247316224227405e-06
1041,True,0.8614322094403493,100,1.0,0.00831159819565741,9.86912913729654e-05,0.22898723983780403
1042,False,508.93639743103773,100,0.5,2.2613708949847933e-07,5.42754086119146e-09,7.097096014434825e-06
1043,True,3.522810689010134e-05,60,1.0,3.9899867232406905e-07,4.736506742375468e-09,7.476176255101876e-06
1044,False,395.2564234312641,61,0.5083333333333333,0.009103078440642065,0.00017821002283058274,0.16572576246873355
1045,True,2.6982142381005047e-05,100,1.0,3.89763494368367e-07,2.1901058744333568e-10,7.566225184035913e-06
1046,True,3.4711999368872815,79,0.79,0.07245390722264844,0.0011970964160165076,0.5111535744500983
1047,False,605.3648037185369,100,0.4,9.552438484661252e-08,3.4607376964146397e-09,2.50801351341029e-06
1048,True,2.421588229778668e-05,40,1.0,5.382619228111452e-07,9.241611698129759e-09,1.2685504386781752e-05
1049,False,460.3945495124848,25,0.25,0.2616052049767248,0.0030264810749141002,4.224929629418732
1050,True,1.8945305839935147e-05,100,1.0,1.9116988525524903e-07,4.835941425085366e-09,3.186969138690427e-06
1051,False,8.885348013091969,28,0.28,0.9193186213594559,0.010456886585585634,10.225275954986369
1052,False,223.3650562766066,100,0.9009009009009009,3.2996840193533217e-07,7.945054170122035e-09,5.76210826696491e-06
1053,True,2.5607515711856934e-05,80,1.0,2.7712115491240752e-08,7.421785186423335e-09,2.1908725337839733e-06
1054,False,184.1969096121857,21,0.23595505617977527,1.3997227653145812,0.004065381332772011,11.57220216061203
1055,True,3.936633050822483e-05,100,1.0,1.0886038870339121e-07,7.555311487550398e-09,6.87885004513149e-06
1056,False,19.97459274640779,13,0.13,0.6433307947754063,0.0013253689665271295,7.636633314393034
1057,False,228.6421992108096,100,0.8,1.221268757234384e-07,2.9060381878665e-09,2.36058002653075e-06
1058,True,3.548096114528244e-05,60,1.0,9.046225635245264e-08,1.210230715642524e-08,5.056740798351951e-06
1059,False,155.17313050125352,12,0.16,0.898202422335812,0.002278088696127112,8.400901610899492
1060,True,2.3560504871281525e-05,100,1.0,1.6688197268521776e-07,8.924443406499449e-10,1.771873361245886e-06
1061,True,1.0368886308505856,99,0.99,0.018420312413133466,0.00015195597313155673,0.16151220797593158
1062,False,320.6322658323564,100,0.6993006993006993,2.579667395252727e-07,5.865296470730641e-09,5.421958045956836e-06
1063,True,3.037393835942669e-05,40,1.0,5.837710030931476e-07,1.7583006162169568e-09,5.9189129279853096e-06
1064,False,272.1587265189437,40,0.7017543859649122,0.016315363912272396,0.000465641043450038,0.4160550808045565
1065,True,2.4939638326855837e-05,100,1.0,5.515030872954574e-08,4.086433413874602e-09,4.182984005218701e-06
1066,True,4.163917813110094,60,0.6,0.12352901900880298,0.003257019724422827,3.8536154086111343
1067,False,336.6478722248558,100,0.5988023952095808,3.3195161819321584e-07,1.2824807882338973e-09,2.7503498750236012e-06
1068,True,2.366842043714039e-05,80,1.0,2.424433187542263e-08,2.2228299201287882e-09,3.4490021418383987e-06
1069,False,398.944431757061,60,0.45112781954887216,0.0267202218136684,4.321145706120966e-05,0.505016280468298
1070,True,3.221367639738074e-05,100,1.0,2.5269871883892847e-07,1.089000445375632e-09,4.35857098927643e-07
1071,False,8.936361160074217,33,0.33,0.13149404942016218,0.002636705058885025,4.150472839744951
1072,False,393.53220768177454,100,0.5,8.57565485290479e-09,2.3290388506680415e-09,2.428379330412387e-06
1073,True,2.7368847779591286e-05,60,1.0,3.0821940888436927e-07,1.394012461020111e-09,5.675094075381882e-06
1074,False,463.1182767983234,15,0.125,0.3966790022266924,0.022741573789834213,17.29486540385273
1075,True,2.6384646996190693e-05,100,1.0,3.786358444557436e-07,8.681885654837629e-09,4.908333851008979e-06
1076,False,22.16785628847359,11,0.11,0.6392882534619457,0.002853288563070322,6.239693783241261
1077,False,421.6724974954089,100,0.4,3.706082001286859e-07,1.5249539409012414e-09,4.011406886073576e-06
1078,True,2.2601046417620963e-05,40,1.0,6.994125066883683e-07,6.238004335301639e-09,1.3955652758585975e-05
1079,False,480.0662313154111,6,0.06,2.430380920957175,0.0018993501574318117,38.09148408700353
1080,True,2.523589418996618e-05,100,1.0,8.884979862955333e-09,5.544698034043449e-11,2.0528600623834358e-06
1081,True,1.0225550260055172,100,1.0,0.004409870828072648,0.00021215462545098873,0.19218501802136523
1082,False,242.80601771308142,100,0.9009009009009009,5.810846666065572e-07,4.108718032469483e-09,7.071558831899162e-06
1083,True,2.241900332707865e-05,80,1.0,1.1229814589341913e-07,2.1276982398177324e-09,1.7846524896538213e-06
1084,False,123.45667135067809,80,0.898876404494382,0.015660598757259336,0.0002725242384479243,0.4094545208487002
1085,True,2.4171078744426306e-05,100,1.0,3.316098595718131e-08,2.7843617411704713e-09,2.98408826354895e-06
1086,True,3.6688565908858695,82,0.82,0.023282740344813035,0.001893533892499688,1.3584279598318092
1087,False,272.76358050392605,100,0.8,2.2426278434295455e-07,9.228577901865265e-10,2.9402363904605863e-06
1088,True,2.6332163233392543e-05,60,1.0,1.0301431876413858e-06,1.3634449569366325e-08,1.2417726483972133e-05
1089,False,214.24797674678865,52,0.6933333333333334,0.030176273897716044,0.0012541258548535161,1.0663327793363941
1090,True,2.6937721529937492e-05,100,1.0,1.4706954232224234e-07,1.5580963186323515e-09,4.345851341524527e-06
1091,False,9.049096307261845,30,0.3,0.5336394469903354,0.0009499679405419181,0.6873658352042822
1092,False,296.11197267860183,100,0.6993006993006993,1.9595666778116083e-07,1.1722561366056539e-08,5.356723040606656e-06
1093,True,2.6247259193763184e-05,40,1.0,1.302481981824144e-06,3.179428054167488e-09,1.4381469789498805e-05
1094,False,356.8404198006,11,0.19298245614035087,0.012688057967343624,0.010869088419866335,7.2212734331638675
1095,True,2.599711851759286e-05,100,1.0,5.53854016871469e-07,5.3783771880588915e-09,9.35161030172519e-06
1096,False,24.658195719351877,11,0.11,1.807718976801695,0.013932662161695086,18.799608806940757
1097,False,318.15933512697177,100,0.5988023952095808,2.0581366122485178e-07,7.601421048164525e-09,1.1621418546950512e-06
1098,True,2.9949308884566285e-05,80,1.0,3.2334935440303525e-07,2.826196832117489e-09,7.175317805755254e-06
1099,False,471.96411219293134,8,0.06015037593984962,0.2103849147880954,0.015125570507005692,15.355035425334815
1100,True,2.9321620488043652e-05,100,1.0,1.1646078146299033e-07,4.068012593450021e-09,1.7051998815503771e-06
1101,True,0.9916190534468794,100,1.0,0.0028466426526527755,1.7771711797509582e-05,0.1503295044782341
1102,False,509.8894292544283,100,0.5,4.963510527034032e-07,5.4685396211340276e-09,7.044684365287161e-06
1103,True,3.109922170622493e-05,60,1.0,2.852311098422433e-07,9.257965505327093e-10,3.4700911281345707e-06
1104,False,395.7281752380645,60,0.5,0.00015805592974071914,0.00010856958162219765,0.18692127858919683
1105,True,2.4536499602004447e-05,100,1.0,6.743381000262616e-07,4.147114984753841e-09,9.058672232787636e-06
1106,True,3.143568215089664,85,0.85,0.004796827805829906,0.0003896254814607092,0.559150582881938
1107,False,538.435136009783,100,0.4,4.015561794190603e-07,4.3765924218064356e-10,6.724559206002019e-06
1108,True,2.7615537910305093e-05,40,1.0,8.469205159400417e-08,1.020818585217853e-08,5.901257737296517e-06
1109,False,474.1781911873341,29,0.29,0.035716497962500426,0.003155040678989751,2.3189010909556544
1110,True,3.381307696886356e-05,100,1.0,2.006325396930464e-07,3.682710802976885e-09,6.059111120110867e-06
1111,False,12.031795983991868,24,0.24,0.43910605927275626,0.005478085465038474,7.639744252852143
1112,False,169.18824118679316,100,0.9009009009009009,1.8633872755913217e-07,4.356794258697505e-09,1.5537631151917943e-06
1113,True,2.169154055116876e-05,80,1.0,2.2972598578974157e-07,1.4309669449374951e-08,6.837898615647282e-06
1114,False,222.89279995898835,17,0.19101123595505617,0.3068836190769062,0.002651574122283673,10.98141068261845
1115,True,1.7747384656872538e-05,100,1.0,3.144487479289637e-07,3.040836804579783e-09,3.1749751587006584e-06
1116,False,22.692694367679685,15,0.15,1.283337803074021,0.011004122726002596,12.653848855043105
1117,False,254.5385506804565,100,0.8,3.9917261496213996e-07,8.648258109644757e-09,4.730919801298286e-06
1118,True,2.569144032145594e-05,60,1.0,3.218375388414074e-08,9.870239070508546e-10,2.1939300423382433e-06
1119,False,321.9606579920603,6,0.08,0.46969205078951504,0.011453356752491262,25.228620470446046
1120,True,2.984525527697769e-05,100,1.0,4.064881671261844e-07,3.708841012084463e-09,4.710921992672412e-06
1121,True,1.029155719437817,100,1.0,0.01020030610712297,0.0002607691890319508,0.2526029672474237
1122,False,314.0485228710459,100,0.6993006993006993,9.988762350587876e-08,7.497604093131827e-09,5.553292124438989e-06
1123,True,3.86823575348028e-05,40,1.0,8.181217623359771e-07,5.162059890650994e-09,1.6067923460516704e-05
1124,False,265.1673654306235,40,0.7017543859649122,0.005575438533551136,0.0006712525174696893,0.47727201993354895
1125,True,2.837994150468351e-05,100,1.0,5.596210961300585e-08,1.8054635564368482e-08,8.47647291883883e-06
1126,True,4.83815046577686,53,0.53,0.2504497430364694,0.003315912709199509,3.654900579078766
1127,False,539.0846454918933,100,0.5988023952095808,3.41553061389277e-08,4.443658774277992e-09,3.0987861630181657e-06
1128,True,2.845844139154765e-05,80,1.0,1.230941455432344e-07,2.8593371004248525e-09,6.162684931675339e-06
1129,False,387.4512724581756,53,0.39849624060150374,0.08985986251204814,0.001838572010945727,1.2822260325744665
1130,True,3.38246273410062e-05,100,1.0,5.205478004199904e-08,1.7202947955041736e-09,2.3730872477429036e-06
1131,False,9.185439934454427,36,0.36,0.14338707700515396,0.0005006131131438663,2.198845958535434
1132,False,341.4168495175036,100,0.5,5.465848333940926e-07,6.521487794231007e-10,5.064266860991184e-06
1133,True,2.173989039722234e-05,60,1.0,6.361090401085789e-07,4.123315133774952e-09,2.136590336012666e-06
1134,False,353.7486998367959,17,0.14166666666666666,0.014894242992319562,0.010147449589915536,10.198612414342511
1135,True,1.8847397638036733e-05,100,1.0,3.984162191272844e-07,3.806443271692217e-09,4.075563130499459e-06
1136,False,23.770348016701757,12,0.12,0.5344395056940003,0.0208080497162354,25.210475961042896
1137,False,417.54141662539485,100,0.4,4.2062374028262184e-07,4.474737247406324e-09,3.5002614979314023e-06
1138,True,2.0198808904139962e-05,40,1.0,2.2614603523152255e-08,3.3511166064315034e-09,1.587606727872507e-06
1139,False,693.5283696368313,6,0.06,0.3880696413249396,0.008959286553301249,5.105172530335356
1140,True,3.042373071190618e-05,100,1.0,1.1651739129092675e-07,2.6607471781403547e-10,2.9152574133545717e-06
1141,True,1.020849126154161,100,1.0,0.01933873481909032,0.000106332616151672,0.27281274168436553
1142,False,139.73035483729151,100,0.9009009009009009,1.4345835896989456e-07,4.0001353340812784e-09,3.1883365920919444e-06
1143,True,3.165492316832288e-05,80,1.0,3.434478763608695e-07,4.173078105296213e-09,5.249647345457299e-06
1144,False,134.84067355204718,80,0.898876404494382,0.006870086472992476,2.4199189350149197e-06,0.10305556933495949
1145,True,2.757737850715966e-05,100,1.0,5.959090998430838e-08,4.580652190888657e-09,2.640957883779332e-06
1146,True,3.7970263527288046,69,0.69,0.01367096849764926,0.0016970489712453407,1.286512682727172
1147,False,138.54018865978168,100,0.8,6.926029740839112e-07,9.754559382457728e-10,7.3780984874753064e-06
1148,True,2.5489155389620865e-05,60,1.0,1.5517530105313426e-07,1.2426051632097312e-08,6.4097424486397865e-06
1149,False,211.13083003300866,43,0.5733333333333334,0.10243767819051897,0.001855853211449654,1.2646647020171855
1150,True,2.1397376880819903e-05,100,1.0,2.4492699779443683e-07,1.198730004148274e-11,2.455031094254444e-06
1151,False,10.17733638212978,27,0.27,0.19318876241307947,0.0019110803171988877,6.08720439402805
1152,False,286.69353548316326,100,0.6993006993006993,3.681061322424739e-08,3.1640750020045516e-09,3.340272382645408e-06
1153,True,2.5454141337245293e-05,40,1.0,4.608733128463882e-08,2.3536497195664197e-09,7.853257573172536e-06
1154,False,411.62589733771483,10,0.17543859649122806,0.30098773548645497,0.001341342540787993,10.065770041755147
1155,True,2.999857062199057e-05,100,1.0,1.5006676168383137e-07,1.6562433646782893e-09,3.341858575420904e-07
1156,False,23.7475259675224,10,0.1,0.2327591071460151,0.01785745842626585,21.145840451297758
1157,False,329.509523696263,100,0.5988023952095808,1.9335637713169262e-07,2.6045858803058763e-09,7.86786526335711e-06
1158,True,2.1949344649883153e-05,80,1.0,1.1858110049445258e-07,3.4155320793871624e-09,3.430290777233268e-06
1159,False,430.5268628776995,8,0.06015037593984962,0.2067263408394968,0.005629718716331222,0.8662136920566916
1160,True,2.63904110839792e-05,100,1.0,1.8004173885088903e-07,3.143477478317891e-09,1.6686421100783788e-06
1161,True,1.008403705132628,100,1.0,0.00425988048038739,0.0003578902592988875,0.11767419584187318
1162,False,500.61261180853666,100,0.5,4.3747499844926097e-07,4.9476038821438806e-09,9.22246799278305e-06
1163,True,3.3248861098025937e-05,60,1.0,4.2456068172214145e-07,2.876640481375148e-09,3.6492024802209814e-06
1164,False,385.44287333123674,60,0.5,0.005736223871730894,0.00010162013192727137,0.2659380716672448
1165,True,2.5439651667796607e-05,100,1.0,3.704075757227088e-08,7.170616767027127e-09,3.899562573937092e-06
1166,True,4.7975415926428555,57,0.57,0.029435046339706616,0.00328224584132486,3.8238973458870578
1167,False,532.7468620195573,100,0.4,1.4533747361156202e-07,3.941587056743856e-10,1.7051736778883884e-06
1168,True,2.8176273491638007e-05,40,1.0,5.319101754608369e-07,1.6045822448518265e-09,4.930985594127707e-06
1169,False,416.76722625907024,33,0.33,0.05119813209054058,0.0005123999000284929,0.8413571778196749
1170,True,3.20628586361226e-05,100,1.0,1.6837292626803446e-07,4.694609145872164e-10,1.4553642217645895e-06
1171,False,10.960301373215284,23,0.23,0.14848588657453732,0.009568211430820539,2.642999946376367
1172,False,217.80723456746523,100,0.9009009009009009,2.19212780372402e-07,1.0152187757128672e-08,4.993348401514805e-06
1173,True,2.7284946111293603e-05,80,1.0,2.242689003395526e-07,4.362901151466758e-09,1.7195767678259157e-06
1174,False,153.3075909547517,18,0.20224719101123595,0.9662285775992245,0.0022036123662254603,22.122027853406756
1175,True,2.7097625791244492e-05,100,1.0,1.3874195303742454e-07,3.460680852995779e-09,4.408389555504274e-06
1176,False,20.464800578609523,10,0.1,0.5954932777319235,0.009844692931690435,9.416460438951948
1177,False,248.94674104965517,100,0.8,2.0263034095080457e-07,6.514509376387423e-09,2.7125952302399487e-06
1178,True,1.7508959973132127e-05,60,1.0,4.748653461561503e-07,3.406256832150234e-09,3.97408710416863e-06
1179,False,194.28964393115018,9,0.12,0.40135790137199834,0.023152478869984172,31.165163611516412
1180,True,2.735958257236026e-05,100,1.0,2.1320475074304568e-07,2.0800772215778807e-09,1.3924927115797955e-06
1181,True,0.8938709208654158,100,1.0,0.004195619408784879,0.00012684304709797978,0.06876698051747747
1182,False,356.4020578138642,100,0.6993006993006993,7.038426019789767e-08,4.1212833146175853e-10,1.6984210455757055e-07
1183,True,3.877863709533274e-05,40,1.0,3.9996082534798916e-07,6.7575289808274874e-09,9.644651451537469e-06
1184,False,346.65374183433613,40,0.7017543859649122,0.007747803773094475,0.0001056886347067243,0.2848374668076906
1185,True,2.601447383428358e-05,100,1.0,5.080370257815048e-07,1.2562600959498127e-09,4.812554886519148e-06
1186,True,4.295361522714471,63,0.63,0.19045236956930012,0.0017852620370137906,2.475916159894829
1187,False,185.39167009737974,100,0.5988023952095808,7.363540532878687e-08,1.0235366998401219e-09,7.46159405233684e-07
1188,True,2.8027788535867073e-05,80,1.0,1.155605069413923e-07,2.4184895197620904e-09,2.543828917297005e-06
1189,False,442.9949647416111,55,0.41353383458646614,0.0611888404733012,0.0001653406862067719,1.418346000959204
1190,True,3.6043678546516996e-05,100,1.0,2.8422103781622354e-07,1.6847734318758967e-09,4.4869149057689775e-06
1191,False,11.748687194854256,22,0.22,0.34710652506224826,0.0007761552181682063,1.9672397085702569
1192,False,438.96975219983597,100,0.5,1.947553114334255e-07,3.6260998648174336e-09,1.8360989445323217e-06
1193,True,2.5448861782901853e-05,60,1.0,2.0207026274476902e-07,6.3159049101813025e-09,5.126380966051505e-06
1194,False,306.26551445331745,16,0.13333333333333333,0.15203423123442938,0.0034884212651862256,7.551089443558717
1195,True,1.8494702259299516e-05,100,1.0,1.2414020034157147e-08,7.404712398795255e-10,9.669860763813039e-07
1196,False,22.133110836735295,9,0.09,0.5950171885208198,0.0032603821264538535,17.522992331954807
1197,False,410.26090266651926,100,0.4,2.7382075096227254e-07,6.1143329288526616e-09,4.241688254066662e-06
1198,True,2.8239236528159782e-05,40,1.0,1.8015619573930053e-07,6.914515182643299e-09,3.0215548176225018e-06
1199,False,527.3301390985206,6,0.06,2.0837172236847046,0.02593370025703612,29.825128497849004
1200,True,2.4645719705371124e-05,100,1.0,1.19383748220514e-07,7.371181776072433e-09,3.4195713737209386e-06
1201,True,0.9685279388286484,100,1.0,0.0005360635411708614,0.00011852080396301812,0.03332408400305628
1202,False,197.99717323873267,100,0.9009009009009009,3.088872436718404e-07,1.414111494568715e-09,5.579938527062924e-06
1203,True,1.8467920212178756e-05,80,1.0,6.629411686276399e-08,1.9440000720294393e-09,2.498877402155117e-06
1204,False,140.39856775428905,80,0.898876404494382,0.014953140804290221,0.00021083242058972385,0.2984083506165718
1205,True,2.584354555360317e-05,100,1.0,1.9274093254750824e-07,2.25877394566254e-09,3.628836248366054e-06
1206,True,4.782741126217064,62,0.62,0.04951774884172533,0.0007032953561805222,0.4855505488127833
1207,False,296.3213138599907,100,0.8,1.775193538833264e-07,1.04012696233724e-08,6.902289957542611e-06
1208,True,2.407275768592627e-05,60,1.0,2.3049193398350099e-07,6.532048235641241e-10,2.1803518982925467e-06
1209,False,228.21397959455027,35,0.4666666666666667,0.18478869527719244,0.0006124853406819231,1.1387203584938332
1210,True,2.8999975550375567e-05,100,1.0,3.601152904764149e-07,3.913549262435367e-09,6.408114175595585e-06
1211,False,8.512645897837313,31,0.31,0.20381055669908932,0.0021637268943324184,3.5705990662959195
1212,False,234.55564247639134,100,0.6993006993006993,1.5139717879364412e-07,9.463838490653131e-09,5.644369229863113e-06
1213,True,3.159044117852993e-05,40,1.0,4.410377725250214e-07,1.4401555503695818e-08,5.606425210546478e-06
1214,False,262.66639132364276,11,0.19298245614035087,0.01342754944648128,0.007084099612711503,11.495122768697653
1215,True,2.7107291140533007e-05,100,1.0,3.1444569259519994e-07,6.986461409397293e-10,5.368326107138569e-06
1216,False,21.890512901963433,10,0.1,0.020069140382734885,0.018692412515519008,13.321109667999174
1217,False,315.8561079533154,100,0.5988023952095808,3.915368196327762e-07,4.425818267428383e-09,8.505222041389568e-06
1218,True,2.3012560870946172e-05,80,1.0,6.060151378495249e-07,2.009182153983602e-09,7.0288580933162635e-06
1219,False,225.22030678348787,12,0.09022556390977443,0.2655540149799794,0.01158008663911636,16.62707712782229
1220,True,2.372237984178932e-05,100,1.0,6.35054300701654e-07,1.6745609343615797e-09,7.6183745005171085e-06
1221,True,1.0311545680898262,100,1.0,0.012683703929886395,0.00014265904557930753,0.19322135476044844
1222,False,398.82774491707164,100,0.5,3.2032955843419586e-07,2.6461344226902384e-09,6.0016522302392286e-06
1223,True,3.149785403196881e-05,60,1.0,6.158688228286024e-07,1.3117011921082167e-09,1.1868745416760217e-05
1224,False,386.6022126615134,60,0.5,0.009650824260722501,0.00010479423378628727,0.19485009742653261
1225,True,2.114130628813253e-05,100,1.0,1.7037020683119408e-08,2.957061151498408e-09,8.286938284620552e-07
1226,True,3.2410981940172405,82,0.82,0.1691574378786136,0.0011763499613088868,1.5736845978824374
1227,False,299.7853695897151,100,0.4,4.724362305807972e-07,6.118126116838596e-09,4.372441834969949e-06
1228,True,2.8392959532675814e-05,40,1.0,7.497533366374043e-07,9.42043110185864e-09,1.182138702637942e-05
1229,False,388.79981745550475,26,0.26,0.006443134257381189,0.0022198313737407105,0.8166999173758499
1230,True,2.6546272370674134e-05,100,1.0,3.738299625410946e-08,4.293609023875433e-09,2.0005582891078084e-06
1231,False,10.93136584645972,24,0.24,0.3210671679306465,0.002176232623359975,8.46873040286982
1232,False,154.85440943723924,100,0.9009009009009009,5.867836430084594e-07,1.0915598425143003e-09,6.557223389943526e-06
1233,True,2.326309523818424e-05,80,1.0,1.079058549180445e-07,8.215004010381222e-09,6.064406339621647e-06
1234,False,220.0907998716341,18,0.20224719101123595,0.07040866341665541,0.007466338222875679,5.6199878937150185
1235,True,1.4072228662282892e-05,100,1.0,9.778897691603561e-08,4.763530347950962e-09,4.7158259234996736e-07
1236,False,23.78950699183146,13,0.13,0.6160424875727775,0.0033136507686644112,19.064531041675934
1237,False,287.69331886262404,100,0.8,3.9762209347316e-07,7.627088516315439e-09,5.7143112254067e-06
1238,True,3.037198125804711e-05,60,1.0,1.3971701030845995e-07,2.2075159478163187e-09,3.1070828211405415e-06
1239,False,234.5329190160615,10,0.13333333333333333,1.7018348177087006,0.004081252767712651,17.512018308525196
1240,True,2.42922941141137e-05,100,1.0,2.9650990907015284e-07,1.3096139728219214e-09,3.030849843459016e-06
1241,True,0.9883591750939309,100,1.0,0.014544479356532136,3.3676797119186475e-05,0.131772811000236
1242,False,375.2028667665991,100,0.6993006993006993,3.8339414842880615e-07,7.586318240271339e-09,4.732229070900097e-06
1243,True,3.131393440985162e-05,40,1.0,6.381950434786177e-08,1.740123378723979e-08,1.0046619249428177e-05
1244,False,266.8442188594459,40,0.7017543859649122,0.0001102329455835438,0.00020164980972414703,0.12925976494869643
1245,True,2.6747752965741603e-05,100,1.0,4.753070124152714e-07,1.2052067788204113e-08,8.081534046614353e-06
1246,True,4.155996502010695,78,0.78,0.047610269231562086,0.0009002436321143836,0.3083854741658978
1247,False,255.69389171234593,100,0.5988023952095808,3.709693530140612e-08,2.1953550088937845e-09,6.215355504761994e-07
1248,True,2.760663712892803e-05,80,1.0,6.182969793933069e-07,5.04571540105303e-09,9.086278156738874e-06
1249,False,343.5548428410538,56,0.42105263157894735,0.000134318310610837,0.0006163830558345573,1.1505693415588967
1250,True,3.6506952200764376e-05,100,1.0,2.6326363311568457e-07,3.813781512818082e-09,3.466622709283745e-06
1251,False,12.10066368013617,25,0.25,0.06384607632542583,0.009188359642871902,9.47801566797211
1252,False,398.9882228322802,100,0.5,2.4024895139973523e-07,2.1727502019786016e-09,1.6008052042132702e-06
1253,True,2.123048670904672e-05,60,1.0,2.5246499379960596e-07,3.3001028576506997e-09,4.519134170708331e-07
1254,False,361.41651317193015,15,0.125,1.0590806716436454,0.00214396194459332,16.902822351427986
1255,True,1.595166997929938e-05,100,1.0,6.938749592677596e-07,4.280128251821225e-09,4.225001017143253e-06
1256,False,20.02285880621024,10,0.1,0.36379604148478295,0.0042396369654706945,5.894509772529253
1257,False,447.1655181881909,100,0.4,3.476758596576701e-07,3.6853923246482623e-09,6.495479682690071e-06
1258,True,3.7354855101003536e-05,40,1.0,2.52478747242435e-07,1.2132825855104556e-08,6.420172785734007e-06
1259,False,365.6602809413627,6,0.06,0.9445357124274363,0.026970997960162446,12.272728178418351
1260,True,2.3267628807929502e-05,100,1.0,4.3655517784069175e-08,7.485310260513245e-09,2.5054637032673182e-06
1261,True,0.8790028825340183,100,1.0,0.0010451391622883222,3.964385306920448e-06,0.05949648009584421
1262,False,262.818570941481,100,0.9009009009009009,4.8427281740259787e-08,5.922528467650068e-09,4.712656017752684e-06
1263,True,4.4690177280703105e-05,80,1.0,1.5542799403078789e-07,1.2898033530106545e-08,9.554510604454126e-06
1264,False,153.49996007928263,80,0.898876404494382,0.005929228784451013,0.00014332624478952116,0.09443508253387166
1265,True,2.6865224787610568e-05,100,1.0,3.882725332360337e-07,1.6878722863822304e-09,8.766595999870144e-06
1266,True,4.445944583381061,62,0.62,0.048419299199156995,0.001892239223664438,1.88027698413442
1267,False,258.53075026723616,100,0.8,4.40930371325976e-07,1.2426100148843489e-09,4.851419734602033e-06
1268,True,2.799039635715451e-05,60,1.0,5.38748857914495e-07,2.6601558733574393e-09,9.857687989743037e-06
1269,False,270.8047187858469,48,0.64,0.03261141244894894,0.0016501031976949854,1.568780955897127
1270,True,2.5267174902258177e-05,100,1.0,5.224839050299579e-08,8.623086245052036e-09,2.536836413986619e-06
1271,False,13.2357119986462,18,0.18,0.2656653824272297,0.003852283411362789,8.325268804522212
1272,False,280.99831763286045,100,0.6993006993006993,3.5387888922683297e-07,1.5764278771257523e-10,1.8377004475938968e-06
1273,True,3.6991937369137204e-05,40,1.0,4.138669851272425e-08,1.0914127823724584e-08,8.012115135189906e-06
1274,False,260.1849866111683,12,0.21052631578947367,0.7324249451566267,0.002463853567156171,5.233591540283455
1275,True,3.847388547464168e-05,100,1.0,4.325506006708224e-07,2.2765278551162282e-10,2.492330873251219e-06
1276,False,23.050930024669203,11,0.11,0.9537680882714779,0.0076150564153598665,11.992697338201534
1277,False,379.93486294452845,100,0.5988023952095808,1.0954749996017199e-07,8.187937883263885e-09,4.3318918699273605e-06
1278,True,2.7804296121118213e-05,80,1.0,5.82655795611231e-07,7.756494335708908e-09,6.2486585837648625e-06
1279,False,217.8878300353014,15,0.11278195488721804,0.9756740041589769,0.004115297635492232,5.087193348751906
1280,True,2.6808405627397913e-05,100,1.0,3.6305876971454154e-07,4.966690725360934e-09,5.613064993907311e-06
1281,True,1.051303309388931,100,1.0,0.006766054298889657,0.00020074319284635322,0.15487217850444318
1282,False,377.95912273031706,100,0.5,2.2389327369864986e-07,1.5692874777428756e-09,4.10496821840723e-06
1283,True,2.0891807103257183e-05,60,1.0,2.5282836801920894e-07,1.5280567922104638e-09,4.914874056784624e-06
1284,False,396.732500806686,60,0.5,0.007182078460780339,9.221101243472862e-05,0.33642000051742144
1285,True,2.9264594303584765e-05,100,1.0,2.223876514051426e-07,1.5986376666887736e-09,1.917369661023473e-06
1286,True,3.986089108448111,67,0.67,0.1854094857323627,0.001166209534905649,2.9823885456213386
1287,False,431.2080921084996,100,0.4,5.34595159251694e-08,4.307376677559205e-09,5.273038936508476e-07
1288,True,2.725885690023833e-05,40,1.0,4.1739585099342946e-07,8.462160527855644e-09,4.038870160266932e-06
1289,False,439.9111888056672,31,0.31,0.06061381970089119,8.223936954188105e-05,0.6569502879332658
1290,True,2.9444359232846596e-05,100,1.0,3.0492296509976313e-07,4.607420667213091e-09,6.8135662950375495e-06
1291,False,13.566467454342481,19,0.19,0.6103181689276092,0.005431119485082014,9.389998725987434
1292,False,182.02817457832114,100,0.9009009009009009,2.806219201456628e-08,7.766839393852365e-09,5.814088893866605e-06
1293,True,2.6010148293292414e-05,80,1.0,3.7685984288771124e-07,4.2105763320421374e-11,4.125852828999691e-06
1294,False,171.62695002508218,26,0.29213483146067415,0.15218886304294998,0.0017303658758138774,6.4557544849182715
1295,True,2.0953941996329784e-05,100,1.0,5.032891614575874e-07,4.978476408901145e-09,5.380272797015999e-06
1296,False,18.543687572665476,15,0.15,1.0629747562962253,0.016216662899280143,16.679427138619292
1297,False,210.5610501815578,100,0.8,3.962950236857665e-07,4.906164252638234e-09,1.4054044523137624e-06
1298,True,3.2111826294542545e-05,60,1.0,4.6077394699750585e-07,1.1339484906613961e-09,1.1091778394276472e-05
1299,False,190.14384202021816,12,0.16,1.3565078086465547,0.012106137661799132,17.194269615482092
1300,True,2.9154986913021774e-05,100,1.0,1.510384062264336e-07,3.3218283679303795e-09,2.8130964187775387e-06
1301,True,1.037057450041223,100,1.0,0.008015073221308455,0.00019986606139088536,0.22033615024453587
1302,False,312.049994197214,100,0.6993006993006993,2.572741273354495e-07,3.0759917946099335e-09,3.333541398319176e-06
1303,True,2.207247848544552e-05,40,1.0,1.3620267651504037e-06,1.9343282531281147e-10,2.0124623501132522e-05
1304,False,338.93009541936453,40,0.7017543859649122,0.017882858423912573,0.0006778862432728072,0.550389101892524
1305,True,2.795586105911412e-05,100,1.0,5.9047970513148584e-08,6.957032727683554e-10,2.7631639958000705e-06
1306,True,3.91392177176538,71,0.71,0.12639029676303792,0.0016873901814419279,2.325211778280355
1307,False,323.54450489248984,100,0.5988023952095808,1.443636161724271e-07,1.0969916086622788e-09,1.7479642393936664e-06
1308,True,2.8686170326586463e-05,80,1.0,3.133415216183266e-07,7.24686000097563e-09,6.866740805413969e-06
1309,False,304.9550190946014,53,0.39849624060150374,0.026428285504591642,0.001003591502940715,1.1000237557871084
1310,True,2.4892395038769e-05,100,1.0,4.0581840643483247e-07,5.56761381442783e-09,7.0351768441562745e-06
1311,False,8.571456103406074,32,0.32,0.6217449684634957,0.006373922059721648,7.22694170734052
1312,False,396.5313678447644,100,0.5,4.4214147898458123e-07,7.420576819683333e-09,3.1631423798921425e-06
1313,True,2.7259534783805477e-05,60,1.0,7.587558048527399e-08,6.1510184723445605e-09,2.090298991016508e-06
1314,False,389.91471821671644,16,0.13333333333333333,0.2226040021025728,0.0059871716634476435,2.8562977673615304
1315,True,1.6904192405844928e-05,100,1.0,1.8880627905559777e-07,4.79447925805232e-10,2.416461587894407e-06
1316,False,24.412583042478108,11,0.11,1.949127191691157,0.002033986184370562,17.0637411819066
1317,False,412.5925618710235,100,0.4,1.9917069593589076e-07,1.852659692325176e-09,3.1821149207589817e-06
1318,True,1.7040789269717616e-05,40,1.0,7.843680194241642e-08,8.389310024448093e-09,9.630193063965364e-07
1319,False,605.4013490288653,5,0.05,5.079957851782048,0.05318186321206042,56.42009852909829
1320,True,2.7293022680285467e-05,100,1.0,4.821914023622753e-08,5.66719782213454e-09,2.1622848072631647e-06
1321,True,0.9919421105720305,100,1.0,0.005492226522436194,7.713633091044336e-05,0.17252388837101668
1322,False,220.8358802536247,100,0.9009009009009009,5.839587267075785e-07,1.106827429708801e-08,2.9475323168639834e-06
1323,True,2.3800251155153416e-05,80,1.0,5.274209300409893e-07,1.7202033131269445e-09,5.8644082144608525e-06
1324,False,186.79177040365857,80,0.898876404494382,0.005437419710107472,0.000165350160710398,0.03589165283484192
1325,True,2.593403314304369e-05,100,1.0,2.4983093815933444e-07,3.618211286138262e-09,9.48853426018532e-06
1326,True,3.570718005719085,80,0.8,0.12382726239306052,0.0022579803879770877,1.759300365357591
1327,False,106.3504877798359,100,0.8,4.8540542252339947e-08,4.2198908811741376e-09,2.7719807354901716e-06
1328,True,2.6590626554531732e-05,60,1.0,1.038655907059649e-06,2.438013124717031e-10,1.4137048871459909e-05
1329,False,271.6223378709891,41,0.5466666666666666,0.08018104141898341,0.0016317836092015758,1.1297095701505524
1330,True,2.228158501078058e-05,100,1.0,3.404390263028745e-07,8.692135899934783e-10,4.8886165286270635e-06
1331,False,11.736377961156345,23,0.23,0.6673490058000553,0.0022340612635116663,8.330450687642886
1332,False,292.8075371857559,100,0.6993006993006993,1.7415024133882184e-07,3.6980376538764403e-09,9.136528407920605e-07
1333,True,3.0086644301274913e-05,40,1.0,2.9142824509165166e-07,3.016154437318619e-09,3.860455118687126e-06
1334,False,315.97531572837704,10,0.17543859649122806,0.429132026548416,7.70076521237062e-05,4.516602796739392
1335,True,1.7225083370699733e-05,100,1.0,4.7260684254979424e-07,2.2112026654141914e-09,5.582991439361542e-06
1336,False,24.733846508724945,9,0.09,1.8597519700407035,0.01285708785078632,33.06132599702373
1337,False,300.70252822610723,100,0.5988023952095808,3.7191169788286516e-07,7.196909734830115e-12,3.0382197013723457e-06
1338,True,2.2236780265644317e-05,80,1.0,4.860684299501372e-07,9.487685859177475e-09,6.139333673262504e-06
1339,False,198.41904876026987,10,0.07518796992481203,0.25493069562982207,0.004092273134742919,12.647457669714775
1340,True,2.5549249436982722e-05,100,1.0,3.4520265179693865e-07,1.3475982552080268e-09,7.0915936447616955e-06
1341,True,1.0394714674384358,100,1.0,0.006137635922639717,0.00024731897885454934,0.02418614052184576
1342,False,439.7212792819596,100,0.5,1.4624661304196707e-07,1.4461085662276218e-09,2.2042441309657287e-06
1343,True,1.5895081568652927e-05,60,1.0,1.1828171864181058e-07,2.9747870833318757e-10,3.242649253505979e-06
1344,False,373.43088014807466,60,0.5,0.004797375692594752,9.135384743141906e-05,0.2898014132229481
1345,True,2.7469448233772114e-05,100,1.0,5.432125558257894e-07,8.97076413153286e-10,8.255889130439767e-06
1346,True,3.3443116500998857,85,0.85,0.021482983560325408,0.00011155064842549578,0.8979256770301548
1347,False,430.64055433573725,100,0.4,9.932843170190608e-08,1.7503806182261883e-09,1.5021355880315087e-06
1348,True,3.026685424491845e-05,40,1.0,7.951200053923912e-08,1.5139879461223416e-08,6.799272082797935e-06
1349,False,447.4650420070635,26,0.26,0.018210489031254884,0.0021432816767774643,1.1011109292867256
1350,True,2.3536428376485603e-05,100,1.0,5.159291944778488e-07,7.83308740093247e-09,7.875461440211877e-06
1351,False,12.772484906875608,21,0.21,0.14554233559718455,0.0016303282241465489,6.20772085440177
1352,False,183.7463709926066,100,0.9009009009009009,3.355971589513729e-08,1.2943992544478533e-09,1.9992789954625984e-06
1353,True,2.374146286774783e-05,80,1.0,2.2836353297250866e-07,1.5813139686571276e-10,1.0173570784144557e-06
1354,False,149.0963888543483,23,0.25842696629213485,0.20456271911491442,0.005315928808075743,7.072493842792797
1355,True,1.4291394060436526e-05,100,1.0,8.518605554286296e-08,5.03184049982508e-10,1.5541871650567654e-06
1356,False,20.934233827076977,14,0.14,0.3591036161733987,0.006212120069740923,10.86622177530145
1357,False,277.22411448369746,100,0.8,5.8748049980295036e-08,5.136854941412139e-09,2.868017856000005e-06
1358,True,1.752026830485383e-05,60,1.0,3.246234552278793e-07,2.1211310485824697e-09,4.404715335944944e-06
1359,False,153.43955175482228,9,0.12,0.74840949224442,0.003180889552765853,13.045550068295602
1360,True,2.5061345137525455e-05,100,1.0,3.4111833313588136e-07,1.448917319457621e-09,4.40583116142093e-06
1361,True,1.1382719336446419,100,1.0,0.010314952734141514,5.176588319488751e-05,0.2258448966087457
1362,False,222.90951155404667,100,0.6993006993006993,3.584945709178555e-07,1.3336043380718365e-09,1.9055044254185767e-06
1363,True,3.259483454277375e-05,40,1.0,1.0706357045364712e-07,2.356607353704021e-09,6.355141228831093e-06
1364,False,306.974682639767,40,0.7017543859649122,0.0015803814792922921,0.00011684518654075937,0.2548145931423259
1365,True,2.2655438172983437e-05,100,1.0,3.609412884131302e-07,2.8943195617969764e-09,6.4640371122213486e-06
1366,True,5.05587554707407,64,0.64,0.10543803319991696,0.0023129540085939926,1.1791020144761308
1367,False,186.95483469371715,100,0.5988023952095808,6.400414616081207e-07,3.787616886796741e-10,4.582269048283085e-06
1368,True,2.8246275159509947e-05,80,1.0,9.794720856604044e-08,9.390310973245164e-09,2.8402139152278363e-06
1369,False,307.2062678214157,59,0.44360902255639095,0.127239847905793,0.00036217018831152803,1.1156366848369739
1370,True,2.6159983175963645e-05,100,1.0,4.9861319517674474e-08,7.732294360351943e-09,4.666235643644114e-06
1371,False,12.761869947940141,20,0.2,0.16140046884265757,0.0015747102949565939,5.342071203512102
1372,False,350.82875173576406,100,0.5,1.2044214581230506e-07,3.4116737213096826e-09,2.5341917199711046e-06
1373,True,2.929710254922558e-05,60,1.0,7.804307919911935e-07,2.993979064669361e-09,1.2352085305729736e-05
1374,False,559.3462415488095,12,0.1,0.23449685354127325,0.0012190443600541556,8.214519712489555
1375,True,3.099934004924746e-05,100,1.0,1.525608426256042e-07,1.0096655955749156e-08,2.8425525023367e-06
1376,False,27.803721997379125,9,0.09,1.57041172730615,0.04154474956972043,25.32799276065524
1377,False,437.1557051098781,100,0.4,2.43637792829432e-07,2.0888187846068718e-09,4.876890524858516e-06
1378,True,3.2352320902556946e-05,40,1.0,3.811407651710397e-07,2.5287327787282265e-09,5.195536403417171e-06
1379,False,353.7806894124847,7,0.07,2.258346619449151,0.009634257862517592,37.283662885287754
1380,True,2.5673236298476804e-05,100,1.0,2.661293390104902e-07,2.3697177553572146e-10,2.6819216012503025e-06
1381,True,1.0562919079545596,100,1.0,0.00025508219876613225,0.0002327515502349442,0.2327335318775322
1382,False,162.7938700559542,100,0.9009009009009009,2.7493725696103866e-07,6.0004804458557714e-09,4.946771395017987e-06
1383,True,2.3420977844581395e-05,80,1.0,3.581787311190965e-07,6.144342812319792e-10,2.116099245008733e-06
1384,False,147.52425912135004,80,0.898876404494382,0.015755914071183597,0.0001443697133627353,0.2636408689482486
1385,True,2.6328552085084862e-05,100,1.0,2.243213614860906e-08,2.5156765559586347e-10,2.3113874693357624e-06
1386,True,3.1657489369541296,89,0.89,0.030502946552353194,0.000788129990576425,0.2840007367552013
1387,False,345.72484298614035,100,0.8,1.467013821532248e-07,1.9858749089607386e-08,5.8376517191534094e-06
1388,True,2.5011926618434582e-05,60,1.0,1.0654259963160939e-07,1.71418923500255e-09,6.590045493573415e-06
1389,False,211.13612531753324,38,0.5066666666666667,0.04942804394306677,0.0026925666312191954,1.66219080695729
1390,True,2.7023001267468564e-05,100,1.0,1.4374901091684933e-07,1.653519543509674e-10,4.8012453355082635e-06
1391,False,13.531043038948962,25,0.25,0.5226994172896333,0.010774292426780185,7.081342727014228
1392,False,298.5341700601393,100,0.6993006993006993,4.954297061487978e-07,3.111509938591439e-09,5.647255941523435e-07
1393,True,2.4332366020992734e-05,40,1.0,7.766409204634783e-08,6.9909864564010604e-09,2.741579062793724e-06
1394,False,340.2690070469636,10,0.17543859649122806,0.1722236175757601,0.010891117886109303,4.501348723223108
1395,True,1.5704084403267172e-05,100,1.0,1.6592456830721858e-07,3.1794977761734344e-09,2.7429989019404486e-07
1396,False,22.393454546789318,11,0.11,0.4858492741170273,0.008737736364520021,8.538010521338071
1397,False,350.5554358062153,100,0.5988023952095808,8.09408509994114e-07,1.2309229191487248e-09,9.913262436241343e-06
1398,True,3.0150917082853577e-05,80,1.0,1.802586453436561e-07,2.8731588219699233e-09,3.199011046875011e-06
1399,False,530.757454426664,9,0.06766917293233082,1.157695335285954,0.004577113477303163,17.13672240856608
1400,True,2.5115503293807173e-05,100,1.0,5.897897192852497e-08,9.017644408970682e-10,2.99535045829838e-06
1401,True,1.0743104658918172,100,1.0,0.0019332523776522947,0.0002798285498382125,0.25100266342027666
1402,False,361.1577259280934,100,0.5,6.195756818705433e-08,3.571256512735488e-09,2.9253129962282698e-06
1403,True,2.0276327014170487e-05,60,1.0,6.208121838824354e-07,3.884543908760918e-09,3.2600232915079534e-06
1404,False,363.1971604209462,60,0.5,0.005565506075733584,0.0003685530408896742,0.1332631582703935
1405,True,2.5009388345201605e-05,100,1.0,2.1049584653098918e-07,3.6090019861489964e-12,3.0359505988998835e-06
1406,True,4.324389874525533,57,0.57,0.17196798976977767,0.0036336734082198507,3.3061318160829036
1407,False,536.363774284828,100,0.4,1.4671638659535802e-07,5.912261125118334e-09,6.349834346164444e-06
1408,True,2.569058322231737e-05,40,1.0,5.035614147885781e-08,4.946080656154095e-09,5.490286377185348e-06
1409,False,412.828898958645,34,0.34,0.10691707175337939,0.0038313586213517548,3.234500221212322
1410,True,2.7816876955359366e-05,100,1.0,3.191383706191431e-07,3.8438392468975735e-09,6.26338226495521e-06
1411,False,8.513650741416674,30,0.3,0.031155131847318884,0.002455727086049797,0.7895521164163878
1412,False,149.83196637336025,100,0.9009009009009009,2.630610129727984e-07,3.778569901413675e-09,3.934251024591158e-06
1413,True,2.9343011995608957e-05,80,1.0,5.947493919578051e-08,6.60666099605578e-09,3.618393235812382e-06
1414,False,131.17566727516981,19,0.21348314606741572,0.618707503716923,0.008676924698660993,7.0110246370593385
1415,True,4.128560845880745e-05,100,1.0,1.2314409403302307e-07,1.952845263275549e-08,1.0348502779759352e-05
1416,False,26.441280908823405,9,0.09,1.9499429661150682,0.012095168003554146,14.421636446618821
1417,False,227.2342687796149,100,0.8,2.6721532897511224e-07,1.4457068875373125e-09,2.3227128357618823e-06
1418,True,2.893375724787959e-05,60,1.0,5.959256885040842e-07,2.0779513665303284e-08,1.2777146861545225e-05
1419,False,231.10739672206319,11,0.14666666666666667,0.0980100411058622,0.008643391312987192,13.431887916754334
1420,True,2.6544504321415953e-05,100,1.0,2.582940830109237e-07,3.409804882892331e-09,3.6823498539941547e-06
1421,True,1.0986403995377063,98,0.98,0.01303743111740907,9.411456554153652e-05,0.22261166482237826
1422,False,440.7349533206775,100,0.6993006993006993,2.5887175780781035e-07,1.5074125947478478e-08,6.880700439051292e-06
1423,True,3.6356599324687496e-05,40,1.0,2.723915528690668e-07,1.1900259666575153e-08,5.70367502260513e-06
1424,False,297.98060454605553,40,0.7017543859649122,0.024111841447921778,0.0001301484952367371,0.26998833160234464
1425,True,2.9198207483668942e-05,100,1.0,8.954881618450372e-07,4.050795032739529e-09,1.2237241284457627e-05
1426,True,3.9229056922143344,69,0.69,0.20482740939535216,0.0033844268934147825,3.814849009813725
1427,False,306.3419023822356,100,0.5988023952095808,2.728176102806401e-07,8.264805839708345e-09,3.935421625977688e-06
1428,True,2.413013349811773e-05,80,1.0,5.128803759468781e-08,7.309618021977826e-09,3.508072532399532e-06
1429,False,292.10355177264086,64,0.48120300751879697,0.13780697441458534,0.0005928262835812603,2.1085359613757064
1430,True,2.4845958741338896e-05,100,1.0,3.220350550670048e-07,3.978441354135498e-09,3.7857563360759207e-06
1431,False,12.50220275944934,26,0.26,0.33533129319065935,0.012483568555352376,7.266793960011508
1432,False,380.0766261865297,100,0.5,2.423206648671794e-07,2.4406793253106684e-09,1.664639853654824e-06
1433,True,2.818053832348034e-05,60,1.0,2.532461138571307e-07,6.02768912560947e-09,7.199527474741092e-07
1434,False,388.70317671775246,18,0.15,0.20327977916297435,0.010737549945708968,4.984767280967598
1435,True,4.0305872763030155e-05,100,1.0,1.172852615027864e-07,7.411516955713182e-09,6.388048921592083e-06
1436,False,27.773444392993294,11,0.11,2.6718636104196785,0.019054466860942698,39.110728245267346
1437,False,491.79059843520366,100,0.4,3.4660096837058063e-07,5.645780065677286e-09,6.866788437365598e-06
1438,True,3.419190889964813e-05,40,1.0,4.599394554105629e-07,3.015076188717103e-09,1.578163889784603e-05
1439,False,258.64811086402,10,0.1,0.6143762122274445,0.01067961613023427,9.43821710875166
1440,True,2.7464079631377884e-05,100,1.0,9.229503472596434e-08,7.504072918607108e-10,2.254158015097255e-06
1441,True,1.0616087563753784,100,1.0,0.011930340465324818,0.000117728171012077,0.20186344938591202
1442,False,164.12302740640317,100,0.9009009009009009,1.0534139738282988e-07,3.4555888150933356e-09,3.143805680511583e-06
1443,True,3.256850871622594e-05,80,1.0,6.192375856528542e-08,1.076295164104124e-08,2.870549462973561e-06
1444,False,194.86802884128545,80,0.898876404494382,0.015129192803134184,8.395309170117216e-05,0.10287856811485505
1445,True,2.7778284539915305e-05,100,1.0,1.662659077084072e-07,1.9000921946954463e-09,2.0723863598984913e-07
1446,True,3.8465616919400896,69,0.69,0.07620042729860543,0.0019528602275663554,1.222126712137281
1447,False,346.0895644240087,100,0.8,4.156965616175512e-08,1.7467984836372352e-09,4.609420802382733e-07
1448,True,2.9198976668912642e-05,60,1.0,1.687912307701822e-07,6.689843234930493e-09,8.019210552001731e-06
1449,False,236.9954503362114,33,0.44,0.050060299677150866,0.0029131015496777213,3.2487261692770444
1450,True,2.6697138295778355e-05,100,1.0,3.3132829813098397e-07,1.3645564678199662e-09,3.400026529400892e-06
1451,False,10.588008070872405,25,0.25,0.562909515774173,0.004880101581730689,1.97103231487517
1452,False,308.44469109961983,100,0.6993006993006993,1.6180729967008034e-07,1.0130196681501502e-10,4.214415725281262e-07
1453,True,2.27639498222276e-05,40,1.0,1.680507288881472e-08,2.4733322057102214e-09,3.248155415992233e-06
1454,False,296.8977461788061,12,0.21052631578947367,0.6799695430099391,0.0024352042708293276,9.12353392365419
1455,True,2.0905405529594118e-05,100,1.0,3.012675060531933e-07,4.9844046667857356e-09,4.265121748951391e-06
1456,False,18.721088564019134,12,0.12,0.0809569708208544,0.001063679659770722,4.436803653043782
1457,False,377.1468513222442,100,0.5988023952095808,1.0849567466664212e-08,1.9844750287489887e-09,2.3235983095886957e-06
1458,True,2.233540645904191e-05,80,1.0,1.5823673760184676e-07,5.602542096916352e-09,1.992271062417466e-06
1459,False,324.2035371116503,13,0.09774436090225563,1.4361591237733329,0.002234131110451232,11.564524844579784
1460,True,2.917194177557397e-05,100,1.0,2.263059044604887e-07,7.729007656109843e-09,4.5752090978889815e-06
1461,True,1.029368437641529,100,1.0,0.011984079771488965,0.00014018691944406303,0.11000033511242809
1462,False,482.4306839473947,100,0.5,3.286439209659875e-08,3.779031088058105e-09,3.5219891280353258e-06
1463,True,4.255960520358809e-05,60,1.0,1.89661307103961e-07,1.2048349651294643e-08,3.0450865369668468e-06
1464,False,388.7178148447305,60,0.5,0.04617226581394202,0.00019626813089423933,0.7241998776548488
1465,True,2.576992608636844e-05,100,1.0,4.106181350493898e-08,8.586380717545694e-09,1.8094994620974286e-06
1466,True,4.549474795699859,67,0.67,0.17568949945877677,0.0008566642531475654,2.777116648362205
1467,False,276.38684880021395,100,0.4,3.38539145161576e-07,7.431477655472918e-11,4.2383116810265605e-06
1468,True,2.6000161189371114e-05,40,1.0,1.640517624523774e-07,6.895672477469361e-09,6.332117550408242e-06
1469,False,423.5564108895431,33,0.33,0.12814216708151793,0.0005538911619669129,1.211857551209301
1470,True,2.3090613263302663e-05,100,1.0,5.450234041859403e-08,6.651050821204763e-10,1.5694798831395537e-06
1471,False,14.371427995833768,16,0.16,0.17355331747767266,0.011179239983112543,15.620060009573736
1472,False,179.38533901916065,100,0.9009009009009009,8.303372212026261e-08,2.001507626303578e-09,4.4022010260039794e-06
1473,True,2.7570507631190804e-05,80,1.0,2.0742074724466875e-08,6.729306223363096e-09,6.681002644458822e-06
1474,False,155.57955809866172,20,0.2247191011235955,0.04892408096496048,0.001859751594691872,5.1275256764186015
1475,True,2.4538930696061283e-05,100,1.0,3.3704813517942966e-07,2.091027462292061e-09,3.5725195910535453e-06
1476,False,19.94367734329866,12,0.12,0.9448641472584474,0.015387487622509743,12.08535952267913
1477,False,240.94608358807952,100,0.8,3.631750651322818e-07,1.0998174371223968e-08,5.515083036653806e-06
1478,True,2.416710625122996e-05,60,1.0,6.556452092354448e-08,2.883202010472985e-09,2.1885887935943084e-06
1479,False,186.67890417983895,9,0.12,0.806722534381779,0.007430667327917084,24.38420603326364
1480,True,2.4789545537003425e-05,100,1.0,3.308691809422726e-08,3.1081326401505294e-09,2.0984277867498837e-06
1481,True,1.0033792520326028,100,1.0,0.0003501302875550394,5.503316329746877e-05,0.08918641955120914
1482,False,292.7078445769048,100,0.6993006993006993,3.5970329292922543e-07,7.760231124365191e-09,6.057399424487767e-06
1483,True,2.081903945047163e-05,40,1.0,8.73206808194027e-07,8.55996795667835e-09,9.251225860511644e-06
1484,False,225.6276865206138,40,0.7017543859649122,0.010901436162981781,0.00016519119208080468,0.3669099683377134
1485,True,2.7706718308283245e-05,100,1.0,1.705107415261864e-07,1.3063284676206877e-08,6.956947785798861e-06
1486,True,4.802422569454838,60,0.6,0.1369552449264475,0.0004768954895382205,3.353578172871209
1487,False,576.0637801723765,100,0.5988023952095808,2.0987812732187194e-07,4.05923405999431e-09,3.368359812827792e-06
1488,True,2.7147545977478017e-05,80,1.0,3.542995452576747e-09,3.5355771643708067e-09,7.266111983818524e-06
1489,False,337.3472908410514,56,0.42105263157894735,0.0636098280029298,0.002529227827055225,2.6547605813862414
1490,True,1.8853660581136596e-05,100,1.0,1.9613322876921302e-07,1.0369092251494294e-09,1.9573990729696673e-06
1491,False,9.81654227702967,28,0.28,0.05547341176819387,0.013973901848253978,7.783207832755737
1492,False,386.8106259368656,100,0.5,2.3419103190036594e-07,1.461316845308147e-09,3.93497092070672e-06
1493,True,2.6337147688004847e-05,60,1.0,4.890156972692239e-07,2.64665522831109e-09,4.546840141070674e-06
1494,False,463.71893838965633,15,0.125,0.9428284530215665,0.006986860194077682,18.392362849221133
1495,True,1.6630689554616492e-05,100,1.0,2.1835226959865395e-08,1.7115090455988025e-09,1.2708058078425413e-06
1496,False,22.70215302067543,10,0.1,0.8322272945033842,0.022059864679310648,14.560717061217852
1497,False,510.50365447306984,100,0.4,1.0944764450293576e-07,8.676291241016543e-09,3.386290357219426e-06
1498,True,3.2731139611619976e-05,40,1.0,2.909273484341668e-07,7.286273806528243e-09,1.0367902666188196e-05
1499,False,593.3773440849474,8,0.08,0.12041273142720499,0.006404434399420067,9.300919762406698
1500,True,2.8975337160838978e-05,100,1.0,9.664479921900337e-08,7.580754246561128e-09,3.8034340479093198e-06
1501,True,1.039278023217872,100,1.0,0.002345858368953291,0.0001082378404211326,0.14562130375277985
1502,False,117.74728760864822,100,0.9009009009009009,4.332909213644598e-07,1.4470081799444756e-09,3.892309587691036e-06
1503,True,2.812478062315348e-05,80,1.0,1.2834760809710133e-08,1.649739678200035e-08,8.719227376072456e-06
1504,False,198.08399352971577,80,0.898876404494382,0.014097585865628037,0.00014726071850446054,0.10330290729047568
1505,True,3.155916427610515e-05,100,1.0,2.66288533445902e-07,3.381658286727429e-09,5.05087904165515e-06
1506,True,5.278972892162121,52,0.52,0.020087665441548275,0.00014355987973835305,2.1263866064153354
1507,False,267.2859860111362,100,0.8,7.019620440473773e-07,3.383289315372906e-09,9.983513736894052e-06
1508,True,2.6737958782787537e-05,60,1.0,4.535338713473891e-07,5.586362594733885e-09,4.82465261124565e-06
1509,False,269.27009571283725,36,0.48,0.04760655217383203,0.0062444044297225165,4.927070935581221
1510,True,2.695426291949723e-05,100,1.0,5.712090596077246e-07,4.64457960980269e-09,8.526532019150386e-06
1511,False,11.319362723337482,23,0.23,0.22561093920157482,0.008073442300086553,4.564283370993589
1512,False,308.64777030848796,100,0.6993006993006993,7.382244460174547e-08,9.700747982677171e-10,1.879480166223652e-06
1513,True,2.0506544438638e-05,40,1.0,6.315432918846398e-07,3.6043188433865225e-09,7.491830101433535e-06
1514,False,188.71168700255134,13,0.22807017543859648,0.17248879742258438,0.00118684235956934,7.041006747340262
1515,True,2.5843970992746443e-05,100,1.0,2.059874049109567e-08,3.782090751691669e-09,2.7217601243634844e-06
1516,False,18.44148824418536,14,0.14,0.3672133213535347,0.014065088392639757,11.560576044815926
1517,False,392.1553990112889,100,0.5988023952095808,2.882861522834901e-07,3.985532348593779e-09,5.815657260742756e-06
1518,True,2.235016093868837e-05,80,1.0,4.0743023577149984e-07,5.100767586085908e-10,2.6061244527971767e-06
1519,False,195.37481723162347,14,0.10526315789473684,0.4676418506119635,0.013275191776513817,21.46777490949453
1520,True,2.3057543829411523e-05,100,1.0,1.1021413115486212e-08,2.094890927395454e-10,2.7450791096159354e-06
1521,True,0.9310024916891231,100,1.0,0.007173401607463603,2.5527046133344555e-05,0.18491574049213497
1522,False,482.8932926595864,100,0.5,3.338564997790172e-07,5.6964706285356215e-09,7.571314471321951e-06
1523,True,3.090554282174662e-05,60,1.0,4.1048293653034307e-07,1.7542999497521805e-08,1.4533005597220124e-05
1524,False,370.1805114200912,60,0.5,0.009710841362275069,0.0003560612309387867,0.37942717194159714
1525,True,3.22637186893844e-05,100,1.0,1.2703509355560527e-08,8.003914198084772e-09,3.5486483430817174e-06
1526,True,3.621192562003932,73,0.73,0.1790651129363674,0.0020329427379924825,1.4715032414289386
1527,False,312.99181917024504,100,0.4,4.84393865463062e-07,5.091649102340057e-09,4.4354766160745855e-06
1528,True,2.5681702319626437e-05,40,1.0,4.73734197647957e-07,1.5958190324738553e-10,6.462599598982385e-06
1529,False,459.14996373363323,28,0.28,0.22738103862908066,0.00047540165225479214,3.164249614363038
1530,True,2.9328610254645544e-05,100,1.0,1.8973233650854127e-07,8.033351761582708e-11,2.4986365474599463e-06
1531,False,10.080141210170448,30,0.3,0.35003820663202845,0.008457756131716176,7.778766850691979
1532,False,184.3150518485976,100,0.9009009009009009,7.470150187316449e-08,2.874229743099477e-10,1.6223548127410076e-06
1533,True,3.125924169789328e-05,80,1.0,5.399329106037243e-07,4.652503049484835e-09,1.2629321704526046e-05
1534,False,216.32758694315152,18,0.20224719101123595,0.4618623853033341,0.014105512568367118,11.754123478916226
1535,True,1.6317425980854675e-05,100,1.0,3.286049130579727e-07,4.982581014445486e-11,4.810791729818387e-06
1536,False,21.422095031834278,12,0.12,0.16694793005675557,0.016573150682505755,6.93770236841682
1537,False,205.69543938940822,100,0.8,2.347596002039154e-07,4.074163784117957e-09,5.4455721407668225e-06
1538,True,2.905401813720186e-05,60,1.0,4.966906637093871e-07,9.211512219664542e-09,9.473209345806988e-06
1539,False,325.0646995001953,6,0.08,0.47803636423972073,0.0011380514850860557,2.0485709150765863
1540,True,2.7508566762033398e-05,100,1.0,2.213783981686035e-07,4.206123005445761e-09,2.139292757888144e-06
1541,True,0.8758533977632467,100,1.0,0.019414034238601552,0.00023351728130815985,0.26363131452564526
1542,False,293.4487144965174,100,0.6993006993006993,7.57474545309833e-08,7.528593082284374e-09,2.8914404060691965e-06
1543,True,3.2482421698212914e-05,40,1.0,1.0648761694653786e-07,1.0455489807270624e-09,4.181942534428148e-06
1544,False,306.4770739387726,40,0.7017543859649122,0.01573269832527413,0.0005516669271039554,0.47225060143014835
1545,True,2.059037478187299e-05,100,1.0,3.565987949372129e-07,3.6770648748074564e-09,1.4899074059404607e-06
1546,True,3.897294192517603,68,0.68,0.2013557295272177,0.00020374453306060136,3.2387953576896207
1547,False,430.29110300667145,100,0.5988023952095808,1.874467407958491e-07,9.144318635634363e-10,4.0409992049135115e-06
1548,True,2.1888083826455506e-05,80,1.0,4.722510135446445e-07,9.103413578515074e-10,7.248527167305022e-06
1549,False,345.1920251139298,56,0.42105263157894735,0.18382656253582752,0.0013894865070770424,1.255359056746408
1550,True,2.300992774036153e-05,100,1.0,1.475145197105121e-07,7.87162779403161e-09,6.468285859174264e-06
1551,False,10.88574053639631,21,0.21,0.2190752417496391,0.003755821034861162,4.664359195444238
1552,False,381.13141482144556,100,0.5,2.2646183728269875e-07,5.264022551187963e-10,7.047614514148204e-06
1553,True,2.625931991216675e-05,60,1.0,6.789864670508905e-08,5.992350393668744e-09,2.047023561311154e-06
1554,False,380.5391758052895,13,0.10833333333333334,0.7667955485267699,0.009609282820214782,16.94275085055715
1555,True,4.068909653917294e-05,100,1.0,3.060100244312025e-07,9.350713536804278e-10,7.941288241860938e-06
1556,False,25.04396893432489,11,0.11,0.7670982773773058,0.009802643129248834,16.480621380171627
1557,False,373.0328983553101,100,0.4,5.855840878865592e-07,1.1158529655830307e-09,6.74958530509007e-06
1558,True,2.3988920721123507e-05,40,1.0,5.633960995510279e-07,2.689132028166341e-09,5.034209866205879e-06
1559,False,377.62245355857544,7,0.07,0.689785859124985,0.04252731360118067,27.14813832661617
1560,True,2.4187742551424927e-05,100,1.0,5.7888857263321825e-08,5.792582302710514e-09,2.7557762700931377e-06
1561,True,1.0109930297585998,100,1.0,0.0010822649274757623,0.00011907249218257032,0.14339635429428177
1562,False,233.93216904034142,100,0.9009009009009009,4.3425914597605697e-07,1.1621814621776139e-11,6.062704490263545e-06
1563,True,3.747195453438998e-05,80,1.0,3.690479282170145e-07,1.8864570350274334e-08,9.288096327116287e-06
1564,False,130.09372278421708,80,0.898876404494382,0.005341959093004611,0.00013032204779928058,0.12651686348339602
1565,True,2.92120536663812e-05,100,1.0,8.58596527208988e-08,4.154404598111228e-09,4.360581718812266e-06
1566,True,3.760940421319003,77,0.77,0.13961375553891742,3.836334710038969e-05,1.3869746522235558
1567,False,380.09522978440395,100,0.8,4.914717379733702e-07,9.242284049193472e-09,8.800112851953306e-06
1568,True,2.6728832608487478e-05,60,1.0,6.322072234610232e-07,1.2574427166178737e-08,1.2439496028576848e-05
1569,False,236.0321099504727,37,0.49333333333333335,0.17378777399855494,0.0005217503401371282,2.5496178277387345
1570,True,2.9517274768464927e-05,100,1.0,3.6499803002243425e-07,3.1613978102029705e-10,2.916209035301931e-06
1571,False,10.366962612870596,26,0.26,0.09115767668594543,0.0012526195125447392,2.2394792458661374
1572,False,307.7671550823177,100,0.6993006993006993,1.720918110237335e-07,3.795571856812785e-09,2.8444968240488666e-06
1573,True,2.3787124847077075e-05,40,1.0,4.182319202072904e-08,3.013334914925281e-09,1.0202633221676078e-06
1574,False,391.9206594534557,10,0.17543859649122806,0.28700596656695687,0.0006262239916556833,4.783225099937627
1575,True,3.0606971009963555e-05,100,1.0,1.8892122710667536e-07,4.240117146281364e-09,3.705032305580439e-06
1576,False,25.272449263572938,10,0.1,0.389715132774473,0.033147183871263475,22.524678896854393
1577,False,373.66578303299093,100,0.5988023952095808,2.331718986781084e-07,9.92321669279761e-10,6.820263428664806e-06
1578,True,3.042323177163972e-05,80,1.0,7.298868265337433e-08,7.942042801190041e-09,3.04154457111161e-06
1579,False,412.3375949687571,8,0.06015037593984962,0.8981064441510354,0.01982813325074506,11.685415346852585
1580,True,2.548499229040207e-05,100,1.0,1.1763653784413464e-07,2.3045072516936216e-09,5.218730117152987e-06
1581,True,0.9435460341652601,100,1.0,0.0010219862328488816,0.00030981202453939094,0.20035639648396103
1582,False,417.8794965566705,100,0.5,3.005674997780261e-08,1.1726595250394212e-09,3.912094067882278e-06
1583,True,4.242461943883181e-05,60,1.0,2.4648080909628334e-07,1.1661857923783714e-08,8.130822554128316e-06
1584,False,353.4451839182208,60,0.5,0.009688649129135474,0.00010879814537878563,0.11038493596265686
1585,True,2.6425073669061542e-05,100,1.0,8.793073824620024e-08,6.969642418752642e-09,2.578446776381052e-06
1586,True,4.864734958907004,57,0.57,0.14341408462854144,0.0028976329742944618,4.889552656447689
1587,False,495.95104572125763,100,0.4,2.7760675180843464e-07,3.148500571370505e-09,6.092514054068199e-06
1588,True,2.6073701147225328e-05,40,1.0,2.2151626653810208e-07,2.550393896072478e-09,6.909391212199341e-06
1589,False,397.20263628420037,27,0.27,0.0785311612685522,0.002080147380793429,2.979832835823996
1590,True,3.869315619095667e-05,100,1.0,3.439163265284151e-08,3.4342233501405417e-09,2.378494908203702e-06
1591,False,12.497927352645217,17,0.17,0.06705273314085236,0.001617070850599589,6.864292593075842
1592,False,167.55166524382898,100,0.9009009009009009,1.440835476207436e-07,3.4331781861851596e-09,2.431938116203303e-06
1593,True,3.20184053524412e-05,80,1.0,1.8562042142233892e-07,1.139466876409756e-08,2.741088150028045e-06
1594,False,167.07106016083821,19,0.21348314606741572,0.1939421264658696,0.006788394221671767,2.908989542515099
1595,True,1.965144349529684e-05,100,1.0,4.747575133023929e-07,7.533094481537717e-09,4.314607315989528e-06
1596,False,19.952609066155112,12,0.12,1.4034646797287467,0.00701030883071696,13.463954151686561
1597,False,271.0018458548895,100,0.8,3.011555058662907e-07,5.722920581874291e-09,3.679940852348693e-06
1598,True,2.7255582245847557e-05,60,1.0,6.649093720056953e-07,8.0629045662306e-09,1.3472325254532321e-05
1599,False,356.05965138704164,7,0.09333333333333334,1.4199206322617925,0.03799742355586644,41.79836639644493
1600,True,2.5745863684727244e-05,100,1.0,9.608389284210261e-08,3.211367838318324e-10,3.3436161055115663e-06
1601,True,0.948178574347499,100,1.0,0.0014390046622398955,0.00016051248367188187,0.17135576340306513
1602,False,278.5583882607615,100,0.6993006993006993,1.2258396608899602e-07,6.771972316244046e-09,4.436255155068253e-06
1603,True,2.2911118359112013e-05,40,1.0,2.9742386153941425e-07,3.0930336070156272e-09,5.294828222449745e-06
1604,False,310.208505583586,40,0.7017543859649122,0.010678397791289429,3.512561840424144e-05,0.23134020861034635
1605,True,2.5543735485606333e-05,100,1.0,2.2989814496554573e-07,2.53919218984322e-09,4.227659021129258e-06
1606,True,4.473919173198486,61,0.61,0.19610430898467301,7.487425918295543e-05,3.4295402270911284
1607,False,397.1516656805086,100,0.5988023952095808,2.8659148693099823e-08,2.301919987957035e-09,7.085759022597352e-06
1608,True,2.391887367168552e-05,80,1.0,2.6064527736124887e-07,5.20820864213789e-09,4.82548443113981e-06
1609,False,296.82660738887427,55,0.41353383458646614,0.1895762025899903,0.0010574368067326478,2.760256955894438
1610,True,3.139456980509334e-05,100,1.0,5.350808187642997e-07,3.2417015738417376e-09,7.8123864075899e-06
1611,False,12.820269070091,21,0.21,0.1834789203292786,0.0020010746736083274,8.727458770462354
1612,False,411.5944262502748,100,0.5,8.997763067952746e-08,3.098412637569936e-09,1.730972772401532e-06
1613,True,3.1173191466706186e-05,60,1.0,2.9280334779002715e-07,1.9390475891611914e-09,8.152032539797592e-06
1614,False,518.2737169917207,13,0.10833333333333334,0.3076419612200283,0.007250202665458616,12.11041620600141
1615,True,1.9888383360907675e-05,100,1.0,1.0438920794442197e-07,4.696675826032504e-09,3.2043657982625277e-06
1616,False,20.903622337058575,12,0.12,0.07514905722625942,0.0022540178227087315,9.792645267657555
1617,False,428.65183391484555,100,0.4,4.748851267777354e-08,2.1992798693304394e-09,1.3219857966372563e-06
1618,True,2.963213411348576e-05,40,1.0,7.528356871233655e-08,1.1836244206975266e-08,7.747823127933968e-06
1619,False,535.1162360668015,5,0.05,2.75106496365251,0.014640777641033775,56.684178023610976
1620,True,2.8982364392630888e-05,100,1.0,1.9516027160992877e-07,6.68098842915299e-09,5.029386311187832e-06
1621,True,0.9415975443941927,100,1.0,0.004862641938784051,0.00015338754134153199,0.17932112287254906
1622,False,134.56509179148426,100,0.9009009009009009,4.008989407111585e-08,2.1695479857086752e-09,2.192566693531308e-06
1623,True,2.0494521055533136e-05,80,1.0,4.640048594239943e-07,5.179781825681573e-09,7.178952042581075e-06
1624,False,195.33137992166945,80,0.898876404494382,0.0016902993535246047,0.00019271946643484306,0.14608338560747147
1625,True,2.485836805738722e-05,100,1.0,1.929554578339321e-07,1.6462154972529675e-09,1.4225204321871116e-06
1626,True,4.509945281784305,61,0.61,0.028535680279958342,0.0018215138014048282,1.7182700588061406
1627,False,165.23196717305103,100,0.8,3.110937392136748e-07,1.2315176656230165e-09,1.914246629828164e-06
1628,True,2.616877732610618e-05,60,1.0,6.109579731017334e-08,4.784132090485116e-09,5.7529801675984495e-06
1629,False,246.17415199349085,42,0.56,0.0032442010572744095,0.001137701519307921,1.3718310899357864
1630,True,2.2367335377983747e-05,100,1.0,2.3254671788208725e-07,4.468840741900237e-09,2.1605583953742743e-06
1631,False,14.870546438360815,18,0.18,0.036845228246694006,0.00842631972901553,3.968896949789062
1632,False,289.5860075107377,100,0.6993006993006993,2.032126930617828e-07,1.2389884673780216e-09,4.35980497530722e-06
1633,True,3.093652127571703e-05,40,1.0,5.4624743839326584e-08,6.343846559175859e-09,8.18912444804885e-06
1634,False,217.8529092866909,13,0.22807017543859648,0.5629244276539964,0.007425268319122713,8.291911338977325
1635,True,3.9397475223584804e-05,100,1.0,5.980377366654466e-07,5.9113871575533494e-09,1.4024466597305965e-05
1636,False,20.208148652659265,12,0.12,0.6743539916546637,0.004682192532009077,17.132503818814843
1637,False,329.86455521174025,100,0.5988023952095808,6.296192296417757e-07,6.075858038911974e-09,6.477592192606968e-06
1638,True,2.3275070187231495e-05,80,1.0,7.106341914919767e-08,6.534875196528844e-09,4.3826588498054145e-06
1639,False,325.78253802673873,11,0.08270676691729323,1.3401949718047277,0.0040113748751322564,8.363550260571635
1640,True,2.7297278310248738e-05,100,1.0,7.553071719179627e-07,5.333289587738932e-09,1.3130445747473395e-05
1641,True,1.0177158206054748,100,1.0,0.019532679371986106,0.00022032496703960902,0.20185488902641013
1642,False,547.8175059799937,100,0.5,1.864978429466646e-07,5.246563627991918e-09,5.325879434603489e-06
1643,True,3.954947954767504e-05,60,1.0,2.0308048576112014e-07,4.025006772323536e-09,8.05070373554797e-06
1644,False,375.90028447838336,60,0.5,0.005987750966692906,4.296194834108036e-06,0.13961604235294653
1645,True,3.087601655220471e-05,100,1.0,1.2198681886843588e-07,5.13997666651278e-09,1.1222504904624391e-06
1646,True,4.09742356423888,78,0.78,0.06911737685181851,0.0027108225571932376,1.949082451998772
1647,False,363.94913844763016,100,0.4,3.529602565777168e-07,1.5232187733360547e-09,5.817103806861732e-06
1648,True,2.9597922953018e-05,40,1.0,3.9877609703253825e-07,4.590118063418913e-09,1.2234648584886622e-06
1649,False,492.71964760539805,31,0.31,7.902577880969375e-06,0.00017395514735674134,0.7990134944065284
1650,True,1.8090033466542503e-05,100,1.0,4.017872790029742e-07,9.2312124611027e-10,3.1941808820944964e-06
1651,False,13.594587888883517,17,0.17,0.33198074068639905,0.007612785500026753,11.552236855801237
1652,False,197.24004074932867,100,0.9009009009009009,4.155261484097006e-07,3.5475162807330207e-09,6.018608107301222e-06
1653,True,2.848841954119988e-05,80,1.0,1.623750023327375e-09,2.7697371063339915e-09,3.0949784543229923e-06
1654,False,170.39187946047485,17,0.19101123595505617,0.1244852595402488,0.014828719732701945,13.248617595493089
1655,True,2.933698247831751e-05,100,1.0,4.1080877366539426e-07,1.2067048249519985e-08,1.2188359333944101e-05
1656,False,26.498583093619807,12,0.12,1.1924096457917908,0.018092665932347707,32.05870206747595
1657,False,271.2776538083004,100,0.8,4.130000559321445e-07,8.651160676720338e-09,4.901048302001096e-06
1658,True,2.0349916990433718e-05,60,1.0,3.285734351266001e-07,3.1020820356886247e-09,3.363788560522111e-06
1659,False,228.21061871537026,7,0.09333333333333334,1.7080856828845092,0.006647435785178568,18.435694275782925
1660,True,2.5736243500209415e-05,100,1.0,4.400535447146581e-07,3.777403612126307e-09,6.541113824318908e-06
1661,True,0.9274762432243732,100,1.0,0.0023567770099237606,0.000386132980308207,0.2366771122780533
1662,False,318.53842011552734,100,0.6993006993006993,2.773447427273368e-07,1.0187345411694082e-08,4.860632710322928e-06
1663,True,1.4459931624256611e-05,40,1.0,2.2049217562880585e-07,4.363172045884767e-09,4.285217280482855e-06
1664,False,329.0514924965536,40,0.7017543859649122,0.005176799514903463,1.0383896741128495e-05,0.038228514101711526
1665,True,2.6443839894759177e-05,100,1.0,3.682053950626596e-07,1.0096117275537608e-09,4.014186185507555e-06
1666,True,4.636071159731665,71,0.71,0.13475378425311746,0.000514137038496898,1.342234973970248
1667,False,244.70041264172335,100,0.5988023952095808,4.348052655700485e-07,3.533569992164587e-09,3.465089508682307e-06
1668,True,2.455062946538963e-05,80,1.0,1.092187684736956e-07,5.073489850460078e-09,5.209965985358612e-06
1669,False,425.9394028565751,58,0.43609022556390975,0.029903655355070002,0.0009327720550029728,1.0169621133605302
1670,True,2.3731872499805965e-05,100,1.0,4.483684712397462e-07,4.3808490168828484e-10,2.6796197690300398e-06
1671,False,8.949296280015586,30,0.3,0.25998201696261347,0.0032450136200133928,6.926358587424345
1672,False,346.4603247217935,100,0.5,1.056413208022633e-07,8.79734007863675e-09,4.2222226509642214e-06
1673,True,3.0042683684543754e-05,60,1.0,1.6262809054978788e-07,9.880807283479953e-09,6.604978834467228e-06
1674,False,345.4825146908644,15,0.125,0.08106659312077014,0.007380332920875476,4.652827957156213
1675,True,3.593911433235277e-05,100,1.0,5.012530017722838e-07,6.056823709243986e-09,8.072297646478645e-06
1676,False,24.63015743341049,10,0.1,0.4038321189432934,0.003129120687449194,18.12540231298181
1677,False,467.0356657729328,100,0.4,3.7094964877582015e-07,1.253953607616154e-08,8.537948036192108e-06
1678,True,3.088484175806054e-05,40,1.0,1.4851361385126438e-07,3.128964642939991e-09,2.3173941320183196e-06
1679,False,559.6291530918423,6,0.06,0.06357836788144056,0.027464295923991466,6.850967838297315
1680,True,2.6778199925990158e-05,100,1.0,3.8675815472455355e-07,5.833968863555583e-10,5.1063197814175764e-06
1681,True,1.1654725085216826,100,1.0,0.01005947897404269,0.00022778681879498386,0.3188205900133868
1682,False,154.93239226000034,100,0.9009009009009009,4.272849452036098e-08,3.8565928228706525e-09,9.294905043214282e-07
1683,True,3.577859564954292e-05,80,1.0,1.7497708082458985e-07,5.33100008581755e-09,5.730577796491948e-06
1684,False,175.4165224774002,80,0.898876404494382,0.0246445583794217,0.00011382467663112461,0.32023208272802195
1685,True,2.7710156175465176e-05,100,1.0,8.999111855700903e-08,3.3493918749627483e-10,2.1181025369711563e-06
1686,True,4.549368583879657,66,0.66,0.06870573734303775,0.000557787618344685,0.990492273521331
1687,False,300.45268556198397,100,0.8,2.0285101243189274e-07,9.748708507117954e-10,2.231641504501986e-06
1688,True,2.749389389827761e-05,60,1.0,2.580379638850161e-07,6.715072720098192e-09,1.9896335780471387e-06
1689,False,244.03040262192638,42,0.56,0.18460872122667915,0.0013001212685794794,2.887513866326589
1690,True,3.277306107679303e-05,100,1.0,2.714609923515354e-07,3.949714333373322e-09,3.227210394622029e-06
1691,False,10.042963404575891,29,0.29,0.37607236151471923,0.004111270997403826,4.331834269862497
1692,False,304.2018840773652,100,0.6993006993006993,6.805751251448555e-08,8.465849132832659e-10,3.902295834546387e-06
1693,True,2.7910582190451368e-05,40,1.0,4.317227908501309e-08,2.2486388528975e-08,1.0105094483288063e-05
1694,False,276.40129054757654,16,0.2807017543859649,0.20643785948996118,0.003682244168716098,1.467389482192557
1695,True,1.2829382342748494e-05,100,1.0,3.259410306100108e-07,1.920899550533761e-09,2.9789615156156647e-06
1696,False,22.114702030039343,12,0.12,0.4275812462350352,0.015935938006513384,4.319596388244716
1697,False,320.1052934625613,100,0.5988023952095808,8.576837018381411e-08,8.475072865721245e-10,4.12747076130895e-06
1698,True,2.513441380352745e-05,80,1.0,1.977376200557046e-07,2.799205756076617e-09,1.1759272063140788e-06
1699,False,501.35604378331504,9,0.06766917293233082,0.909113768310462,0.01089364365847234,12.444318178490875
1700,True,2.8004534710165873e-05,100,1.0,4.395531116863083e-07,2.0880324136385298e-09,6.896528839123262e-06
1701,True,1.0091691537618845,100,1.0,0.0024998966360572084,0.00019390502009253296,0.15021684182989764
1702,False,395.807202300395,100,0.5,8.076151658542585e-08,1.8125385636835745e-09,3.3190813976956316e-06
1703,True,3.3108512845544035e-05,60,1.0,1.439668864122723e-07,4.6616184246062176e-09,1.8915055194706842e-06
1704,False,383.28789198878997,60,0.5,0.020583933875030658,0.00019125000632658207,0.16431297886260626
1705,True,2.688949281573964e-05,100,1.0,2.651538153486399e-07,6.4948766365091615e-09,2.5817556711766075e-06
1706,True,3.727602151649095,83,0.83,0.007015393427440841,0.0006706361979945674,0.4134489128837449
1707,False,505.6906564670934,100,0.4,1.0157807395216878e-07,7.206764074396688e-10,3.395766636113263e-06
1708,True,2.4348513142067823e-05,40,1.0,1.1455608828203623e-06,3.1812961154287223e-09,1.202090963774334e-05
1709,False,459.490081163342,27,0.27,0.10066082240655483,0.000727652616035579,2.1028984622557023
1710,True,3.379395860600176e-05,100,1.0,2.6718659196234285e-07,5.1673245682337665e-09,5.745373977703702e-06
1711,False,9.463480554923766,34,0.34,0.1753259744868565,0.0043733282540030505,3.8013725017872653
1712,False,131.27407739133267,100,0.9009009009009009,2.3094019918623587e-07,4.4039627500325196e-09,5.563935762311525e-06
1713,True,2.3766896319087818e-05,80,1.0,1.378144602881548e-07,8.215012003986999e-10,5.475747025320691e-07
1714,False,191.75956448332906,17,0.19101123595505617,0.47329059280027863,0.007237320561324312,7.73325891184591
1715,True,2.0494047515634267e-05,100,1.0,7.492636910910733e-08,4.473431958196272e-09,2.920458063533981e-06
1716,False,27.40750815193261,11,0.11,2.7954753798933427,0.0213814530642642,34.37111679336719
1717,False,243.4045953716624,100,0.8,6.994349774913644e-07,2.1017940721179684e-09,1.0835826064331309e-05
1718,True,2.758651208177841e-05,60,1.0,4.977368415204353e-07,5.988825879654769e-09,6.156234461229523e-06
1719,False,145.18735695974368,12,0.16,0.5230335967163349,0.021197179421840406,10.35923156367527
1720,True,2.903104685106523e-05,100,1.0,6.316680485340953e-07,3.0625171287823605e-09,8.997584010705317e-06
1721,True,0.9691052219387334,100,1.0,0.015240186010362144,2.7793861031799594e-05,0.20914948988922857
1722,False,266.71865092378323,100,0.6993006993006993,2.5208866105685956e-07,6.084420745011698e-09,3.248656357995155e-06
1723,True,4.474514104860899e-05,40,1.0,2.3633455370486445e-07,1.8871811890974755e-08,1.3985675017337876e-05
1724,False,273.29676578592336,40,0.7017543859649122,0.008348259058309333,0.0001314888140205861,0.47512871973945764
1725,True,2.574201373477654e-05,100,1.0,3.8007617897406476e-07,5.3073097028288885e-09,7.371237572591647e-06
1726,True,4.792230906126196,62,0.62,0.12978546183365225,0.0006798824426068606,3.1330076233752298
1727,False,222.22516218076868,100,0.5988023952095808,2.200044306732707e-07,5.2844950637620514e-11,1.6774752970337927e-06
1728,True,3.012472684039278e-05,80,1.0,4.4261196874284536e-08,7.540108537540391e-09,5.737429709105533e-06
1729,False,332.2839317043474,60,0.45112781954887216,0.02463282548029433,0.0010268299179294615,0.5963731998111997
1730,True,2.4824821887953384e-05,100,1.0,1.4603402753721184e-07,5.267348890392043e-09,2.8423350741028377e-06
1731,False,10.124076384688962,26,0.26,0.1549565112245812,0.005863560642607735,2.895877878619511
1732,False,413.71791344023853,100,0.5,8.014218400020923e-08,4.771122608104861e-09,4.593897480982896e-06
1733,True,2.5889094579921595e-05,60,1.0,4.7331145225371074e-07,6.301127397634332e-10,6.754071490104318e-06
1734,False,422.9135474990445,13,0.10833333333333334,0.23699491324598654,0.00010220178472364339,6.229600614330384
1735,True,1.4598791572724692e-05,100,1.0,2.7556231430025946e-07,2.5199794473351744e-09,2.6388435419136207e-06
1736,False,26.14055736069386,11,0.11,0.11102412535424425,0.027299125323141604,32.98489896606093
1737,False,467.66608165524053,100,0.4,3.1677799938734097e-07,1.0467454680807009e-08,7.015755062455929e-06
1738,True,2.7955925737356278e-05,40,1.0,4.907271762277787e-07,7.951305613929094e-09,9.236879000520734e-06
1739,False,515.7914128039727,6,0.06,0.9189264927589331,0.033273697103558986,18.451195408882068
1740,True,2.5669545803916316e-05,100,1.0,1.8323380146512136e-07,6.3736163014027625e-09,6.6387436453644295e-06
1741,True,1.0887589393894848,100,1.0,0.009034716927071251,5.197871629691875e-05,0.23973154718952264
1742,False,97.56029122632272,100,0.9009009009009009,1.9078640889347298e-08,7.02327851431761e-09,3.697605599752244e-06
1743,True,3.775498428076566e-05,80,1.0,2.034509645199023e-07,1.3551313404747134e-09,1.5411645285281693e-06
1744,False,211.46869236198833,80,0.898876404494382,0.016285720893449263,0.0004253591761020914,0.3476470420859353
1745,True,2.9950877698132048e-05,100,1.0,2.870682553890447e-07,1.0109117987155969e-09,6.2801041964737944e-06
1746,True,3.7453090805029,75,0.75,0.036736308965523934,0.003410242490264337,3.529459931770629
1747,False,373.33829385345297,100,0.8,2.803547971552689e-08,6.658962270478241e-10,2.7075706916737946e-06
1748,True,2.6196939625915244e-05,60,1.0,1.152966744299988e-07,4.075348503107534e-09,1.088724375411034e-05
1749,False,262.1155222731028,48,0.64,0.23783223924109365,0.001439618315206781,3.9510094643664853
1750,True,3.12801984104924e-05,100,1.0,4.236900856824377e-07,8.337925905266275e-10,5.503351357121209e-06
1751,False,11.573335361495031,25,0.25,0.03674180506446589,0.0011175962747267398,1.0068579842022105
1752,False,256.6973118744259,100,0.6993006993006993,2.445035045539612e-07,1.493843715394405e-09,4.2512004632846765e-06
1753,True,2.419160989452112e-05,40,1.0,3.140862374628739e-07,1.0088867297142201e-08,8.160655428559313e-06
1754,False,283.08069080411883,12,0.21052631578947367,0.6027119732869503,0.0025674762018008668,7.462713298234397
1755,True,4.6911776089738954e-05,100,1.0,1.4944003190464628e-07,5.178353967849603e-09,7.5544991729924315e-06
1756,False,20.410845371061363,13,0.13,0.172943799840231,0.012433431286550167,11.80388443232133
1757,False,350.7595456374138,100,0.5988023952095808,7.30688061167939e-08,3.1204940853513108e-09,2.8130228997388263e-06
1758,True,2.3939039988297578e-05,80,1.0,2.967889116689548e-07,3.4763294465278705e-09,1.8314302121618225e-06
1759,False,378.7447125374321,8,0.06015037593984962,1.0798573191198813,0.0051005183263903575,4.290338563805392
1760,True,2.446659075489903e-05,100,1.0,8.855079121072862e-07,4.877140691306181e-09,7.498097174685326e-06
1761,True,0.9862939782225767,100,1.0,0.002723525689149131,3.849661469335075e-05,0.029475968649108234
1762,False,334.836242780583,100,0.5,2.958063838320868e-07,3.1853657489477882e-09,1.9023774468055064e-06
1763,True,3.2706464627486647e-05,60,1.0,1.3971928680689416e-07,1.320163822704501e-08,6.118402239576577e-06
1764,False,403.4753336758609,60,0.5,0.01053110239063404,0.0001302624650683093,0.1499287768441787
1765,True,2.413641811781544e-05,100,1.0,5.502266215984264e-07,2.7614656117336267e-09,5.357473641420549e-06
1766,True,5.146366654924508,50,0.5,7.880034368490385e-05,9.992332027475292e-05,1.8067811177168822
1767,False,363.8996908158435,100,0.4,1.8983903515845668e-07,2.668411935857762e-09,9.695209375194815e-07
1768,True,2.36929067678709e-05,40,1.0,2.0088772290094425e-07,9.696839220474374e-09,4.333215442427143e-06
1769,False,388.49513205262747,31,0.31,0.09288890368652147,0.001779142221100427,2.032182331196295
1770,True,2.5987723850762957e-05,100,1.0,2.2407229138821094e-07,5.551579196350076e-10,2.5401680867769087e-06
1771,False,13.465799591486032,21,0.21,0.07234360071150903,0.011951694171427718,8.676854570213692
1772,False,198.89139581254946,100,0.9009009009009009,1.3795086362122788e-07,1.0187428456376324e-08,2.8626636615827294e-06
1773,True,2.5255054075979972e-05,80,1.0,4.2267028521614236e-07,9.73674141313552e-10,7.961675679482717e-06
1774,False,237.7945956127571,18,0.20224719101123595,0.24613825982850557,0.0008067840780181523,3.529049870814547
1775,True,2.006936350626402e-05,100,1.0,1.7743850122542426e-07,5.922351498099943e-11,1.7732440435564666e-06
1776,False,24.877914187306384,10,0.1,1.040870594878783,0.03157107401311521,25.149477410635292
1777,False,209.66125061320238,100,0.8,1.1605403127390446e-07,5.929302937524028e-09,1.894566713130266e-06
1778,True,3.7699149479522875e-05,60,1.0,1.1671486888076288e-07,7.798826695548655e-09,8.125703025327553e-06
1779,False,245.44891851728505,10,0.13333333333333333,1.5763184161839803,0.0009402680257167839,16.917840841875464
1780,True,2.8097382749160818e-05,100,1.0,6.378098937886989e-08,6.690097587025434e-09,3.0534161308718537e-06
1781,True,1.060023468188948,100,1.0,0.0017561110245631895,0.00012183963996625913,0.11179976628235685
1782,False,344.9710360752483,100,0.6993006993006993,4.4402634413742703e-07,7.2662380556920425e-09,6.674046557503055e-06
1783,True,3.128418407322096e-05,40,1.0,8.888280298435802e-07,1.5284713494878588e-08,1.2349615108392745e-05
1784,False,250.34847534422104,40,0.7017543859649122,0.016777246388888667,0.00021781536671627855,0.3746284227769778
1785,True,2.5283948194024414e-05,100,1.0,1.3186951663968216e-07,3.4007161531235397e-09,3.2850836567169246e-06
1786,True,3.705799654375789,63,0.63,0.0625609504920197,0.00019392623330827252,1.84464449170419
1787,False,255.18487286167675,100,0.5988023952095808,1.3328998971218198e-07,3.1785372112125287e-09,5.130438932854401e-06
1788,True,2.4611874639861353e-05,80,1.0,3.6265890511824606e-07,1.1026084489884624e-09,5.760858143871904e-06
1789,False,308.77802541644485,59,0.44360902255639095,0.03378146320015518,0.0015357764398032936,0.3333360902453238
1790,True,1.9037192030226834e-05,100,1.0,5.55606064267522e-07,3.3370947116750926e-09,3.114607142668758e-06
1791,False,16.10936410094941,17,0.17,0.4874403090566446,0.02569550056606773,21.84363238409811
1792,False,411.8192823597523,100,0.5,3.48935356164759e-08,5.396757707387678e-09,1.1999481592623264e-06
1793,True,2.238292528868763e-05,60,1.0,4.7547025339156335e-07,1.0952788676021896e-09,8.518514185100475e-06
1794,False,454.4647490480978,13,0.10833333333333334,0.09405704195294007,0.004782360157706611,3.1664498096457283
1795,True,2.9468340721119165e-05,100,1.0,1.061565665594344e-06,1.8282368619004785e-08,1.8597639895774106e-05
1796,False,22.19208591231101,11,0.11,0.6795550701829933,0.00892576565490999,12.88204227911577
1797,False,402.1518475508727,100,0.4,3.2559333007498026e-07,4.930341468423194e-09,2.2479066778303575e-06
1798,True,3.263496080283641e-05,40,1.0,4.4816230015953806e-07,7.420028591553773e-09,5.743709685174185e-07
1799,False,480.9908825225468,8,0.08,0.03766239258864701,0.0073369212526437355,7.703974000879237
1800,True,2.9333830673547917e-05,100,1.0,1.1654870735178235e-07,6.908986716069876e-09,5.506509528379848e-06
1801,True,0.887639929916404,100,1.0,0.009457593666228448,6.929734976868218e-05,0.14210365501687425
1802,False,246.32427912851466,100,0.9009009009009009,3.097666780860209e-07,4.921237195532058e-09,6.779032476306969e-06
1803,True,2.579004286761571e-05,80,1.0,5.784098533467841e-08,2.922545538908139e-09,1.8259114014964485e-06
1804,False,151.13803942917582,80,0.898876404494382,0.00010704722218768392,8.733911661162885e-05,0.05169165323412034
1805,True,2.3449810874818993e-05,100,1.0,8.124439343504264e-09,7.451554595583332e-09,3.21743407079177e-06
1806,True,5.22505971574074,62,0.62,0.13337619671406742,0.0026684694108882745,2.785819662960891
1807,False,265.80271385954137,100,0.8,4.520763399185057e-07,1.1791279064254923e-09,7.68545006721465e-06
1808,True,2.8412059527634817e-05,60,1.0,5.551520474433858e-07,2.2640489483194415e-09,1.02050374594095e-05
1809,False,222.04883711055734,49,0.6533333333333333,0.07758971115067403,0.0008833154001250954,0.5258895275253614
1810,True,3.182915438440046e-05,100,1.0,1.9711186283188908e-07,6.711872835296617e-09,5.785787521983809e-06
1811,False,8.8070835931875,32,0.32,0.7848287910255927,0.002655648232806951,5.9351855045637025
1812,False,273.28260663928575,100,0.6993006993006993,2.2337586536025356e-07,4.518943885756244e-09,5.414837715522169e-06
1813,True,2.6514354882702334e-05,40,1.0,1.3436222134899367e-08,1.2845913888170912e-08,9.109672401831121e-06
1814,False,208.34589159014573,13,0.22807017543859648,0.14244585427955947,0.0019537882390427974,2.909572655425161
1815,True,1.903457411622364e-05,100,1.0,1.6438086092307458e-07,1.0071815603751588e-09,2.0131482723805876e-06
1816,False,21.668496632227782,9,0.09,0.4304774776546143,0.011810497981715073,13.588407383758618
1817,False,357.51666810651454,100,0.5988023952095808,1.8877821617024892e-07,3.969495843136883e-09,2.2669865046818584e-06
1818,True,1.9807330550053555e-05,80,1.0,1.4534912473607164e-07,1.3780331320489836e-09,3.206877259083415e-06
1819,False,290.85008146388077,13,0.09774436090225563,1.3005474831676533,0.018958407682745704,18.33941383753996
1820,True,2.699638813255581e-05,100,1.0,2.1598294086544456e-07,4.112484353058221e-09,3.138999724352778e-06
1821,True,1.119795319837405,100,1.0,0.001690009361906386,0.00028950080794620803,0.15668819054132407
1822,False,412.22217964094864,100,0.5,4.2549944012648666e-07,8.658848971165867e-09,5.2060343646115344e-06
1823,True,1.992930763659053e-05,60,1.0,4.4460958787545524e-07,1.4484773935841133e-08,7.674950275078871e-06
1824,False,379.21902030017316,60,0.5,0.02435482276535139,0.0004169644938665229,0.3645979879923162
1825,True,2.4154290217662886e-05,100,1.0,5.168249010978343e-07,5.69725322474568e-09,5.0980712035059e-06
1826,True,3.304525995234193,87,0.87,0.1310354235554545,0.001255793863807142,1.9368793851162753
1827,False,398.11104626678525,100,0.4,4.177715240416546e-08,2.650102470802551e-09,3.5047960296449824e-07
1828,True,2.8663985324076314e-05,40,1.0,5.447226084087653e-07,1.586329045899504e-08,1.6003504260359728e-05
1829,False,493.55635058212744,29,0.29,0.0689218685441114,0.0013283563293549072,1.731339153752868
1830,True,3.185246272512779e-05,100,1.0,2.203701372494038e-07,9.699757663739206e-09,5.006234561111476e-06
1831,False,11.032500977245585,24,0.24,0.14874626181993733,0.005348004589277422,6.19774597971928
1832,False,126.99138024878596,100,0.9009009009009009,1.3698018941354917e-07,9.080414198336939e-10,2.1394783031006065e-06
1833,True,3.4672629025139806e-05,80,1.0,1.7345623071207683e-07,5.7325546531927785e-09,1.4098341618619682e-06
1834,False,185.72791100874207,23,0.25842696629213485,0.2002643729336988,0.0021157539680594084,3.66102656540782
1835,True,1.517640839092764e-05,100,1.0,2.5062854014379354e-08,7.075315222593304e-09,3.0271298205781846e-06
1836,False,22.692409657116418,10,0.1,0.6192123594944237,0.01794248710745805,21.056267479903646
1837,False,292.7783573857182,100,0.8,8.065653034350362e-09,6.972765476120912e-09,2.1279332508628946e-06
1838,True,2.6866897780484208e-05,60,1.0,2.2997116033707243e-07,1.2621153011593833e-09,4.233972714687436e-06
1839,False,208.62636018397,12,0.16,1.0119283503978949,0.012744942337493015,11.824441638766292
1840,True,2.6981787551945155e-05,100,1.0,1.8883217567378097e-07,5.558409954531385e-09,2.471492790697771e-06
1841,True,0.9810046518512681,100,1.0,0.013321151006405074,8.562982944759767e-05,0.19748347536946914
1842,False,298.94839204417354,100,0.6993006993006993,7.224522136084488e-08,1.0292834473624168e-08,8.169480441119305e-06
1843,True,1.4320523566019034e-05,40,1.0,8.013440222498502e-08,3.7567493560430876e-09,1.5430377423220817e-06
1844,False,244.60761603300853,40,0.7017543859649122,0.0024110372046166617,0.00012230937120172314,0.17532888757130335
1845,True,2.8927297942295614e-05,100,1.0,2.748764364179923e-07,4.013086085663531e-09,3.974276687812182e-06
1846,True,4.039177521045937,75,0.75,0.05896687087247443,0.0010583697167019235,0.5282071003419733
1847,False,524.0544998031571,100,0.5988023952095808,2.760363670972765e-07,1.3398205434000943e-08,8.096471739677522e-06
1848,True,2.731760053257348e-05,80,1.0,6.771784777370726e-07,7.471511409562481e-09,1.056683879633823e-05
1849,False,397.67988732959515,49,0.3684210526315789,0.11590568051682659,0.004530529395311511,3.9483920161181825
1850,True,3.2967864911718795e-05,100,1.0,1.3418986810620481e-08,5.192980268020619e-09,3.2389638083733016e-06
1851,False,9.829194582867688,27,0.27,0.07218566115368663,0.005711973542047444,0.9373083835436081
1852,False,416.46434251616057,100,0.5,2.9419474989467176e-07,4.7736112840368605e-09,4.819360985013274e-06
1853,True,2.0692290886517782e-05,60,1.0,9.068199524620013e-08,4.315770629759186e-09,3.0014864826051693e-06
1854,False,365.5839097238389,21,0.175,0.37088940040447227,0.002239170830035442,5.380619000579711
1855,True,3.960042079289423e-05,100,1.0,1.9204881951395691e-07,1.4342644849563158e-09,1.6266101500908883e-06
1856,False,21.587538179173748,13,0.13,0.22470589410714492,0.002739223606506247,7.075574592030164
1857,False,390.41755139645414,100,0.4,1.440617278802847e-07,2.867858173161153e-10,3.240020561782205e-06
1858,True,2.9090771607168077e-05,40,1.0,7.433871687112514e-07,8.786572136543214e-09,1.6031437779852337e-05
1859,False,367.7118278536684,5,0.05,2.841538644588571,0.008926920930166338,33.657647195100495
1860,True,2.489897097926212e-05,100,1.0,1.4922598712274748e-07,3.6431210270748693e-09,1.87718784972775e-06
1861,True,0.9641219838914435,100,1.0,0.008518006991171001,0.0001555862217967885,0.27428076273754115
1862,False,196.59351912606164,100,0.9009009009009009,1.006261562963573e-07,8.008315566243596e-09,6.89753525831251e-06
1863,True,4.042165345474763e-05,80,1.0,4.053577029594635e-08,1.3243106167237784e-08,8.09218701361251e-06
1864,False,187.60506458256057,80,0.898876404494382,0.004123778064355044,0.0002426233718714199,0.13927934549335053
1865,True,2.6084868313382245e-05,100,1.0,4.399154862610999e-07,6.192286239325995e-09,5.360102675144989e-06
1866,True,4.732675451372475,64,0.64,0.02944826055518135,7.447165834451042e-06,0.8715305163137957
1867,False,147.5802349595834,100,0.8,3.218558006778949e-07,2.7553020975901177e-09,1.6974172953788276e-06
1868,True,2.6223885300913385e-05,60,1.0,7.653874778412728e-08,9.470903838959543e-09,3.896603893558153e-06
1869,False,210.5233284835103,44,0.5866666666666667,0.10429960656178722,0.0025535851576015123,1.7969195934954612
1870,True,2.6209456251823285e-05,100,1.0,3.8335657537302836e-07,4.3028196561323284e-09,3.327795991647365e-06
1871,False,11.093445172018916,24,0.24,0.04369504390665924,0.0052282360774944525,5.16794178937533
1872,False,334.5686587762203,100,0.6993006993006993,2.8816373287554597e-08,1.4918868362912008e-09,2.761664816385197e-07
1873,True,3.1719101980236144e-05,40,1.0,1.3302371559831272e-07,6.336731139811036e-11,6.476999719493053e-06
1874,False,308.2055999984261,9,0.15789473684210525,0.6244158497741422,0.02045707897358251,22.82354302168567
1875,True,2.7731824770421992e-05,100,1.0,8.509433442327463e-07,3.0905216164001104e-09,9.57858618645433e-06
1876,False,22.368096347859225,10,0.1,0.5455656301629539,0.00420240648617809,5.914826836508165
1877,False,409.2241891119711,100,0.5988023952095808,2.2939062560567436e-07,2.6593607316272028e-09,5.302814934284204e-06
1878,True,2.7283959926611902e-05,80,1.0,4.96265588623146e-07,2.4978319412838346e-09,5.8665495659317225e-06
1879,False,356.00488729899297,9,0.06766917293233082,0.5346716051797102,0.0020341834420732896,13.750355981634385
1880,True,2.8817036505700422e-05,100,1.0,1.7517906147901385e-07,9.326208028070937e-09,5.4749790641792215e-06
1881,True,0.9619779127793163,100,1.0,0.012281758805337384,7.522372722301718e-05,0.25409653712870356
1882,False,362.75915371938726,100,0.5,1.2670245652657286e-07,8.503938664361499e-09,4.1142355953599085e-06
1883,True,2.5377467302516562e-05,60,1.0,5.392067645715315e-07,3.4668224957457028e-09,9.327740056313598e-06
1884,False,386.7868579197526,60,0.5,0.037822694582553495,0.00019539008076985276,0.32361390908306586
1885,True,2.9165488908286427e-05,100,1.0,8.807418092615649e-07,8.363713277503848e-09,1.558828138160115e-05
1886,True,4.429187945751863,61,0.61,0.10660354925501281,0.0033627951919230625,2.508528362374515
1887,False,589.9448477431238,100,0.4,2.6999525104542954e-07,1.2176926134088717e-09,6.76879669939464e-06
1888,True,2.6607560172977002e-05,40,1.0,1.1055180433316991e-06,2.3690849282331783e-10,1.5172700199711676e-05
1889,False,447.73898842652085,31,0.31,0.05552316532536006,0.00024646051507493105,1.4097378150349291
1890,True,3.20761143519094e-05,100,1.0,2.134862713276675e-07,1.2640282154308125e-09,4.9601115456255804e-06
1891,False,9.900752299634213,26,0.26,0.35387049599040665,0.004418177098266529,3.3037842565477376
1892,False,162.97446618604613,100,0.9009009009009009,4.1373115022835805e-07,2.319437863995688e-09,5.328458092098012e-06
1893,True,2.6095983576093788e-05,80,1.0,2.4012584809440796e-07,1.1931831078726418e-09,1.4214469153201267e-06
1894,False,249.728087552718,22,0.24719101123595505,0.25077109320618973,0.0003012280332541639,3.0788428423790064
1895,True,3.224197880102514e-05,100,1.0,1.2788610703751147e-07,1.6152648107947698e-09,4.72801372819749e-06
1896,False,23.301764960967393,12,0.12,1.647235528818533,0.011197034031102504,25.29152666145501
1897,False,199.8741497784729,100,0.8,2.8698230902790556e-07,1.566003104969127e-09,3.020089539472077e-06
1898,True,2.4181052643587712e-05,60,1.0,2.300223620466113e-07,2.325327708163627e-10,3.657176603800045e-06
1899,False,253.21593695292682,8,0.10666666666666667,0.6480348832637546,0.005323094171876264,3.868614702327681
1900,True,2.824862292814954e-05,100,1.0,3.9479253022278726e-07,4.881912651910625e-09,3.623495596863147e-06
1901,True,0.9564754551287262,100,1.0,0.027081569536930417,0.00015835608260494904,0.2501968847393412
1902,False,426.471843609368,100,0.6993006993006993,4.3418669903871887e-07,3.356912747776164e-09,6.34088797579049e-06
1903,True,3.314167237759473e-05,40,1.0,1.0660060922873527e-07,8.814949437052633e-09,3.2397438596922894e-06
1904,False,312.65943209442446,40,0.7017543859649122,0.01674900906243959,0.00036466044436545,0.40123404211348773
1905,True,2.475788056014658e-05,100,1.0,3.362725369271402e-07,9.942246803618104e-09,5.162665651479916e-06
1906,True,4.072606236110833,69,0.69,0.002311483244553436,0.002471934179688162,1.9761211300545602
1907,False,240.1610149638493,100,0.5988023952095808,3.6868979980120287e-07,2.7704305516351724e-10,4.362373599726735e-06
1908,True,3.036459976495537e-05,80,1.0,2.8641477967106255e-07,7.310130056836783e-09,5.138249296756978e-06
1909,False,376.33462146954116,53,0.39849624060150374,0.2095038567431864,0.000816818023845256,2.814448147230643
1910,True,3.278164524631736e-05,100,1.0,4.2920359888398707e-07,1.0597782651444732e-09,8.412408687294329e-06
1911,False,11.930352326272258,21,0.21,0.6511471865855176,0.0070055382647673525,7.347679763472447
1912,False,395.836378527598,100,0.5,1.801045907967591e-07,1.3696817013908458e-09,1.4641148587613649e-06
1913,True,2.114093580874452e-05,60,1.0,1.0907653980041232e-07,9.648936094563965e-10,1.1306086664199773e-06
1914,False,403.97051841189875,15,0.125,0.028990651179555016,0.009844267993975642,3.3761805649576644
1915,True,2.6755879487898694e-05,100,1.0,2.768081390769339e-07,1.284877759744063e-09,7.903691154221195e-06
1916,False,21.749203017220843,12,0.12,1.2952053235090775,0.012689510137458226,16.466106603808434
1917,False,456.4598049537755,100,0.4,7.333419205224345e-09,5.28356713935807e-09,2.8662359945191623e-06
1918,True,1.796963251186368e-05,40,1.0,5.133071443452764e-07,1.738567856346407e-08,7.850554410927885e-06
1919,False,316.8202470406264,7,0.07,0.44661898245836085,0.0028741707348521883,20.63555505602878
1920,True,2.5649939078404785e-05,100,1.0,2.8974652721558414e-07,1.4862167052598352e-09,6.362579580662891e-06
1921,True,0.9593751289248081,99,0.99,0.01324798713648967,3.7635159705118326e-05,0.19900320912252542
1922,False,131.18417439441927,100,0.9009009009009009,2.336312192596779e-07,3.277155324887815e-09,2.418729757221265e-06
1923,True,2.5199152344697804e-05,80,1.0,1.66579770422004e-07,1.894232992682987e-09,1.3020349630143164e-06
1924,False,130.35837169263164,80,0.898876404494382,0.020317418389063313,8.54094026934149e-05,0.36724340107579345
1925,True,2.745424783907109e-05,100,1.0,3.9909262916637545e-07,4.96924279502764e-09,8.461297500604801e-06
1926,True,4.979198605176546,60,0.6,0.08278508221214148,0.0024063503904163674,2.295665276431787
1927,False,295.2001536301003,100,0.8,4.2350104578758874e-07,2.0549522083967986e-09,7.366428648907855e-06
1928,True,2.950939923223089e-05,60,1.0,3.1846575154759194e-07,1.8335807316915975e-09,4.902700391923717e-06
1929,False,176.87969946987099,53,0.7066666666666667,0.0700379427005573,0.0007096579343570664,0.7527726790708721
1930,True,2.351408861919102e-05,100,1.0,1.547012260516567e-07,4.186378355086617e-09,2.704795263233326e-06
1931,False,14.649343397855242,18,0.18,0.45044875831030495,0.005450315426577701,5.890774749815756
1932,False,295.47525982960826,100,0.6993006993006993,1.110427053641061e-07,5.664206215172385e-09,2.517802055660411e-06
1933,True,2.821038109439571e-05,40,1.0,7.355705268462243e-07,4.659076346946733e-09,1.3784010292932712e-05
1934,False,360.62637006531594,10,0.17543859649122806,1.1187245382265179,0.015371969818381181,15.604955226369324
1935,True,2.9748475347124036e-05,100,1.0,3.6386376223163097e-07,7.028349013893376e-10,4.832647425487752e-06
1936,False,19.948307977226236,15,0.15,0.44204543050823464,0.017374412968824693,17.36758947991877
1937,False,338.4170384953081,100,0.5988023952095808,6.980759419406013e-07,9.40510358482527e-09,6.2899992816881535e-06
1938,True,2.6910175483678497e-05,80,1.0,1.860580258750133e-07,5.926043877835241e-09,5.812750678934225e-06
1939,False,378.5274820964414,11,0.08270676691729323,1.3272570761439795,0.028638184497526864,31.0624542161428
1940,True,2.73651772003321e-05,100,1.0,2.223634409936892e-08,3.953344651641544e-09,2.880135646623983e-06
1941,True,0.9429096023321009,100,1.0,0.011034091667863954,9.36925225463181e-05,0.2617249217511072
1942,False,467.404325897493,100,0.5,1.0615121226464908e-07,1.3093548467679739e-09,2.8457992871074465e-06
1943,True,2.8279433119560512e-05,60,1.0,8.918502203414391e-08,2.1602178934543304e-09,2.9640646009916334e-06
1944,False,407.15056694680214,60,0.5,0.005219613880034224,0.00016163376065680968,0.21857955181851366
1945,True,2.4286133803986145e-05,100,1.0,2.5890417010288047e-07,6.032181976145523e-09,5.262644267315393e-06
1946,True,3.5394136586038205,76,0.76,0.22002990535164102,0.0006716946636705634,2.126457494805989
1947,False,267.158344493252,100,0.4,6.125455591643458e-07,1.3608513205198847e-09,4.859436048634437e-06
1948,True,2.5530757806782235e-05,40,1.0,2.9859695693801314e-07,6.376605243829658e-09,8.52225869217816e-06
1949,False,415.31320754523904,33,0.33,0.019641238848432607,0.001790361071123181,0.6628517455814288
1950,True,3.085352935817314e-05,100,1.0,1.8543651947311446e-08,2.3910968760532114e-09,2.9084673186627406e-06
1951,False,12.93728351334451,19,0.19,0.7808682868357701,0.0010795703755945851,11.858170116611445
1952,False,181.65957766619465,100,0.9009009009009009,2.1510501246879699e-07,4.433275524462488e-09,4.551071334978626e-06
1953,True,2.8908091047981856e-05,80,1.0,6.366046187977759e-07,6.893239090643988e-09,7.2892477827241915e-06
1954,False,198.95510987293483,18,0.20224719101123595,0.622198526804496,0.006892831522847143,4.126870567698485
1955,True,4.003003519991063e-05,100,1.0,3.1995165983289553e-07,7.175261274028344e-09,3.233557126440595e-06
1956,False,21.3691214269267,14,0.14,0.2790241336295187,0.0035154320851897847,11.08795091285641
1957,False,213.43737505079412,100,0.8,1.854060940331692e-07,9.981865667363365e-09,3.550874312756818e-06
1958,True,2.73777315569943e-05,60,1.0,4.043885297733141e-07,8.080517810427068e-09,1.0345155293096938e-05
1959,False,316.99824968223453,6,0.08,0.02971966351725186,0.053933282916377,34.31584405043372
1960,True,2.4809435151518706e-05,100,1.0,4.7440067607595893e-07,8.383506777676075e-09,8.129958156269339e-06
1961,True,1.0819540193801787,100,1.0,0.001965675248891685,0.0001320216037274946,0.21647962849263827
1962,False,243.34548105423679,100,0.6993006993006993,2.8576478960928853e-08,1.0573090181154043e-09,2.5123546374012534e-06
1963,True,2.3947936754463535e-05,40,1.0,7.918755713376413e-07,1.3388801178848553e-09,7.384862893601309e-06
1964,False,251.69894120889083,40,0.7017543859649122,0.0034907688666865333,0.00011977184785449957,0.13200785033289092
1965,True,2.3689665288752924e-05,100,1.0,1.8755953234972367e-08,4.359187455449387e-09,1.0951008035617164e-06
1966,True,4.451082433869717,61,0.61,0.028096552189815327,0.0025914027310809384,1.4647634431231105
1967,False,197.82288900804681,100,0.5988023952095808,3.5884942217734306e-07,3.2176806774586453e-09,6.161882691003653e-06
1968,True,2.499516603096801e-05,80,1.0,5.996693142051868e-08,9.208782625336198e-10,4.553225487618505e-06
1969,False,335.554023351108,58,0.43609022556390975,0.1455902301547185,0.003096868036085665,3.9182003130431897
1970,True,3.2008938372245686e-05,100,1.0,1.446446979969096e-07,2.2358488394047527e-09,3.4927151048326094e-06
1971,False,9.958160196724908,30,0.3,0.5274187153322138,0.009673134013985618,9.012106527687646
1972,False,356.2441117229438,100,0.5,4.887738320746848e-07,6.2696098312997606e-09,6.9155308728202196e-06
1973,True,2.7117585640610268e-05,60,1.0,5.146315489312769e-07,9.340051398964988e-09,4.406562034904078e-06
1974,False,510.1649960101134,12,0.1,0.2971301129029072,0.015730500290811245,11.746341343060351
1975,True,3.3860662202952545e-05,100,1.0,5.988470519469047e-08,3.8336284147177935e-09,2.1459713968102877e-06
1976,False,25.231360785691006,10,0.1,2.3148850758252917,0.019383722025879013,25.92024846604206
1977,False,418.3549821187352,100,0.4,4.6103422590704213e-07,2.6629908278508196e-09,5.1991841338389904e-06
1978,True,2.0516823022123026e-05,40,1.0,3.003563975312318e-08,3.658032765585517e-10,3.267266642164582e-06
1979,False,558.6302374879467,5,0.05,2.241867708844971,0.03419002331993504,44.88821006832889
1980,True,2.3840499060602118e-05,100,1.0,1.7083391679051374e-07,1.0244022519145801e-08,4.787971899210941e-06
1981,True,0.9944159936209054,100,1.0,0.007733869337198662,0.00011337044869907942,0.19156855572410453
1982,False,163.11990383466548,100,0.9009009009009009,2.7454118978198494e-07,5.8219515874924355e-09,4.993944675276539e-06
1983,True,1.4162242478185098e-05,80,1.0,4.905550810008208e-08,3.584099683706654e-09,2.3902321854330843e-06
1984,False,166.44556833384536,80,0.898876404494382,0.016351638972725624,0.0004531408886681021,0.4281272659036603
1985,True,3.221292238424253e-05,100,1.0,1.168406882356976e-07,5.513803857937205e-09,3.010507950636441e-06
1986,True,3.7700164360129165,76,0.76,0.0012532587586342459,2.2616578059020398e-05,0.09549715687137579
1987,False,264.9780751954825,100,0.8,1.434977785486069e-07,1.7560362053359313e-08,9.533592047044475e-06
1988,True,2.9020750123561583e-05,60,1.0,6.797186715701287e-07,3.53932883001562e-09,8.930963172181524e-06
1989,False,289.48235130732587,48,0.64,0.19361918674359124,0.00042048892588009146,3.045681722779741
1990,True,3.27913687336677e-05,100,1.0,7.704140614350763e-08,4.430202871219535e-10,2.3656022651560844e-06
1991,False,10.025581365264937,29,0.29,0.27356389229921874,0.0061970007658722626,6.961935996992351
1992,False,299.2141793884213,100,0.6993006993006993,8.367061532510434e-08,2.435780244169905e-09,1.4017860756245958e-06
1993,True,2.8292422543622856e-05,40,1.0,1.0410619744050109e-07,5.23373344663014e-10,3.707923608508988e-07
1994,False,252.70314624462463,11,0.19298245614035087,0.7854739936307915,0.009945618850471405,13.245639246567753
1995,True,1.5248499810973939e-05,100,1.0,8.450141919524867e-08,1.9619958990801933e-09,1.2082245574080672e-06
1996,False,21.149938668562804,10,0.1,0.46513330474135195,0.0002664849230208377,8.366776888686042
1997,False,357.08366731999723,100,0.5988023952095808,2.8461617151975815e-07,9.360130448499149e-10,4.991783579413631e-06
1998,True,3.5472124397295506e-05,80,1.0,1.2798862125684707e-07,4.542111131655702e-09,3.1741514454959085e-06
1999,False,506.0586313699,9,0.06766917293233082,0.8267181299246982,0.013675394204280211,35.431244472640934
