case_id,anchor_index,case_type,case_seed,geometric_level,rotation_deg_true,scale_true,translation_x_true,translation_y_true,translation_norm_true,noise_level,noise_std,outlier_level,outlier_ratio,overlap_level,overlap_ratio,n_source_points,n_true_correspondences
0,0,geometric_only,20260906,easy,3.1260835579844954,0.9949183383215922,11.268511245960426,14.613525584415513,18.4535762308205,none,0.0,clean,0.0,full,1.0,100,100
1,0,noise_stress,20260907,moderate,-8.888944298659666,0.9981231848107268,14.401584396892133,-4.1740695419301375,14.994281899500082,low,0.5,clean,0.0,full,1.0,100,100
2,0,outlier_stress,20260908,difficult,22.489627902008813,1.0890669579098224,78.34958971005562,-29.830292967574877,83.83617707329815,none,0.0,low,0.1,full,1.0,100,100
3,0,overlap_stress,20260909,extreme,44.91176258597024,0.9649528152763256,-198.29176435145973,-116.87260285556934,230.1713038322772,none,0.0,clean,0.0,high,0.8,100,80
4,0,combined_stress,20260910,easy,-4.932200381850143,1.0405524614672097,24.068683019021762,13.924352127390094,27.806277788256732,low,0.5,low,0.1,high,0.8,100,80
5,1,geometric_only,20261906,moderate,-7.1536292056393025,1.1390338368558997,28.88043122646087,-32.141684085568855,43.21072972865474,none,0.0,clean,0.0,full,1.0,100,100
6,1,noise_stress,20261907,difficult,-28.01283262589018,0.8465784045657321,91.84929030447171,116.67377425559567,148.48926469102344,moderate,2.0,clean,0.0,full,1.0,100,100
7,1,outlier_stress,20261908,extreme,-23.27969832724471,0.9237227171928968,193.69886922954657,-12.155629593240803,194.07990950021863,none,0.0,moderate,0.2,full,1.0,100,100
8,1,overlap_stress,20261909,easy,-2.907735803400322,0.9908392963916381,-5.139723316882733,-18.850953827853424,19.53906896435881,none,0.0,clean,0.0,moderate,0.6,100,60
9,1,combined_stress,20261910,moderate,-12.39130916210159,0.9994556250004747,-29.515595713524455,38.22346902876387,48.29289776889656,moderate,2.0,moderate,0.2,moderate,0.6,100,60
10,2,geometric_only,20262906,difficult,6.499034118203895,0.9609353776760174,127.5126919959277,99.33568044641157,161.63868358100396,none,0.0,clean,0.0,full,1.0,100,100
11,2,noise_stress,20262907,extreme,2.7206112928526807,0.6286178619482511,-67.12793731613453,182.77904881247838,194.7160513494284,high,5.0,clean,0.0,full,1.0,100,100
12,2,outlier_stress,20262908,easy,4.631727239138701,1.0232191435964948,-12.090219734617069,23.624907492519576,26.538833193293023,none,0.0,high,0.3,full,1.0,100,100
13,2,overlap_stress,20262909,moderate,-9.954938222329114,0.87283445459091,-37.97300844400856,-64.15390125366636,74.54979823147693,none,0.0,clean,0.0,low,0.4,100,40
14,2,combined_stress,20262910,difficult,23.624086503820294,0.8950368602743303,33.06751822760489,-122.7307187619443,127.1073958885023,high,5.0,high,0.3,low,0.4,100,40
15,3,geometric_only,20263906,extreme,-34.86068507903628,0.86873617458119,124.7528292271839,16.711270307476354,125.86713214924875,none,0.0,clean,0.0,full,1.0,100,100
16,3,noise_stress,20263907,easy,-2.0881003471544357,1.0283560524734452,-2.0919750128547747,-13.434078290468376,13.595985398964007,severe,10.0,clean,0.0,full,1.0,100,100
17,3,outlier_stress,20263908,moderate,-11.54949380841381,0.9292346997513115,-72.12792930237225,-3.980056239744883,72.23765661425863,none,0.0,severe,0.4,full,1.0,100,100
18,3,overlap_stress,20263909,difficult,7.955893566988216,0.7589161102418988,98.284466491546,142.92710365201395,173.45890957769038,none,0.0,clean,0.0,high,0.8,100,80
19,3,combined_stress,20263910,extreme,36.53539595528501,1.1566000250375965,30.585370507259995,182.97271664054313,185.5114010617322,severe,10.0,severe,0.4,high,0.8,100,80
20,4,geometric_only,20264906,easy,-2.449235078773462,1.0482633450270276,21.94199283151582,-8.599524312107825,23.566986820822578,none,0.0,clean,0.0,full,1.0,100,100
21,4,noise_stress,20264907,moderate,14.112324351106349,1.0823623202122912,65.85405538817812,-55.16042055257498,85.903600661475,low,0.5,clean,0.0,full,1.0,100,100
22,4,outlier_stress,20264908,difficult,8.815183248937487,1.0311504329634071,93.25422490996942,-108.61796958181472,143.15800284872373,none,0.0,extreme,0.5,full,1.0,100,100
23,4,overlap_stress,20264909,extreme,33.7887301946473,0.8490772116613541,167.8097274195007,-161.16084737097236,232.66483047924748,none,0.0,clean,0.0,moderate,0.6,100,60
24,4,combined_stress,20264910,easy,1.7941739874400202,1.0348085021296067,-16.430654560106372,6.987039304132864,17.854554811337128,low,0.5,extreme,0.5,moderate,0.6,100,60
25,5,geometric_only,20265906,moderate,-14.250300209462676,1.1139039977734229,-64.63360858297796,-26.456743998196224,69.83883347711138,none,0.0,clean,0.0,full,1.0,100,100
26,5,noise_stress,20265907,difficult,-12.43026527417776,0.8333560831757844,84.31480650123757,89.82846518209863,123.1995931499477,moderate,2.0,clean,0.0,full,1.0,100,100
27,5,outlier_stress,20265908,extreme,-28.719279905575153,0.5918247532911841,-154.04727955900637,-4.080502799242652,154.10131356554132,none,0.0,very_extreme,0.6,full,1.0,100,100
28,5,overlap_stress,20265909,easy,0.7608489604963218,1.0433056293451883,-15.874156612229989,8.86240771119487,18.180514805391276,none,0.0,clean,0.0,low,0.4,100,40
29,5,combined_stress,20265910,moderate,-13.196257716860384,0.9075279575455832,50.20948823626996,-67.97201015709851,84.5055434497929,moderate,2.0,very_extreme,0.6,low,0.4,100,40
30,6,geometric_only,20266906,difficult,10.763818866198832,1.2038713108008832,48.50024798169309,133.95094538867795,142.4609764981495,none,0.0,clean,0.0,full,1.0,100,100
31,6,noise_stress,20266907,extreme,39.259800469376046,0.6565689156767924,59.280873440643006,22.695579218806643,63.476856191549544,high,5.0,clean,0.0,full,1.0,100,100
32,6,outlier_stress,20266908,easy,2.568491062354118,0.9814750288282739,18.541332549739252,-8.493052599782104,20.393944081091472,none,0.0,low,0.1,full,1.0,100,100
33,6,overlap_stress,20266909,moderate,12.011138775778988,1.0826012569072863,9.083470010235885,-51.591746689753215,52.385281844488695,none,0.0,clean,0.0,high,0.8,100,80
34,6,combined_stress,20266910,difficult,-6.830620089925162,1.270338461805132,103.83655739364414,61.850780407903585,120.86169653132568,high,5.0,low,0.1,high,0.8,100,80
35,7,geometric_only,20267906,extreme,-0.7375365088389287,1.2498143855395396,183.003232963306,-234.49710928818274,297.4543284935285,none,0.0,clean,0.0,full,1.0,100,100
36,7,noise_stress,20267907,easy,0.3853396957522657,0.9815746976271265,20.312234957455473,-14.000054784944982,24.66958497722118,severe,10.0,clean,0.0,full,1.0,100,100
37,7,outlier_stress,20267908,moderate,-7.189735282653372,0.9646602183969994,-10.575929644945958,71.71362407930289,72.48926931927524,none,0.0,moderate,0.2,full,1.0,100,100
38,7,overlap_stress,20267909,difficult,10.038325015944544,1.0435524313133704,50.05644948036593,-44.022176583741725,66.66033427571875,none,0.0,clean,0.0,moderate,0.6,100,60
39,7,combined_stress,20267910,extreme,39.71034844905179,0.5029163639961248,112.88373886582565,-206.20807897251015,235.08404950966133,severe,10.0,moderate,0.2,moderate,0.6,100,60
40,8,geometric_only,20268906,easy,-4.052373019952614,1.0074448325615692,17.807512826330708,7.7962366362995255,19.43936261169876,none,0.0,clean,0.0,full,1.0,100,100
41,8,noise_stress,20268907,moderate,-3.318750786782598,0.8689863603464842,3.747008982191403,67.19146700464304,67.29586402260288,low,0.5,clean,0.0,full,1.0,100,100
42,8,outlier_stress,20268908,difficult,-13.917664579381885,1.0487192096149502,52.11424943266309,-79.56681709838476,95.11452768687673,none,0.0,high,0.3,full,1.0,100,100
43,8,overlap_stress,20268909,extreme,-13.607810850951335,0.8715511166343376,157.60584979524714,-233.24476724113902,281.5008442883522,none,0.0,clean,0.0,low,0.4,100,40
44,8,combined_stress,20268910,easy,-1.2621901618601306,1.049676067159014,15.32630127076662,10.096180316252514,18.35288444960593,low,0.5,high,0.3,low,0.4,100,40
45,9,geometric_only,20269906,moderate,-9.062148475637496,1.0406464254839574,4.860346493071376,-21.423216044696872,21.967638783685167,none,0.0,clean,0.0,full,1.0,100,100
46,9,noise_stress,20269907,difficult,13.943418593554298,0.8595016068824981,-141.2376591639199,71.27814080564264,158.20445544551714,moderate,2.0,clean,0.0,full,1.0,100,100
47,9,outlier_stress,20269908,extreme,-30.44012478020067,1.341028432108608,-245.30977109728147,64.65307022717593,253.68662417557763,none,0.0,severe,0.4,full,1.0,100,100
48,9,overlap_stress,20269909,easy,-3.0387729114550686,0.9880835479021208,16.19393445274406,-0.8903129244514538,16.218389875792738,none,0.0,clean,0.0,high,0.8,100,80
49,9,combined_stress,20269910,moderate,-4.986828189551854,0.8697844486809535,-49.44120536322105,-7.346449397389776,49.98402851428251,moderate,2.0,severe,0.4,high,0.8,100,80
50,10,geometric_only,20270906,difficult,-19.362836598838598,0.9762617929405057,-13.31699775915044,51.78824216690171,53.47302549935691,none,0.0,clean,0.0,full,1.0,100,100
51,10,noise_stress,20270907,extreme,35.85870036760281,1.2829699617821517,-25.840615750051427,-184.3032649218497,186.10596681244618,high,5.0,clean,0.0,full,1.0,100,100
52,10,outlier_stress,20270908,easy,-3.670009814988963,0.9739243827508078,15.231313938765076,23.74702590765002,28.211950725886016,none,0.0,extreme,0.5,full,1.0,100,100
53,10,overlap_stress,20270909,moderate,12.23512079900955,0.9349749782683856,-3.129797149183247,-56.908017604112366,56.99401808808534,none,0.0,clean,0.0,moderate,0.6,100,60
54,10,combined_stress,20270910,difficult,6.536121016255088,1.0372325653533112,-23.826594287274872,-88.96120605535835,92.09670340546575,high,5.0,extreme,0.5,moderate,0.6,100,60
55,11,geometric_only,20271906,extreme,-17.06546708080264,0.9913949361813674,93.50027955950077,88.68311553588353,128.86813903698487,none,0.0,clean,0.0,full,1.0,100,100
56,11,noise_stress,20271907,easy,1.2833426812628632,1.021300023067317,-14.450290229720808,-9.594645625059428,17.34555021882087,severe,10.0,clean,0.0,full,1.0,100,100
57,11,outlier_stress,20271908,moderate,10.154294039702723,0.8807309799233086,-9.468217959535949,-28.885066560860793,30.39727325854471,none,0.0,very_extreme,0.6,full,1.0,100,100
58,11,overlap_stress,20271909,difficult,21.36428888258571,1.0620761983445504,121.48126112272445,67.2133854259423,138.83564378207723,none,0.0,clean,0.0,low,0.4,100,40
59,11,combined_stress,20271910,extreme,-3.3869707228267885,0.5731013846229505,90.69731500539035,233.9235694102132,250.89089117543077,severe,10.0,very_extreme,0.6,low,0.4,100,40
60,12,geometric_only,20272906,easy,-2.0266949528595193,1.0079085497957396,12.672511120050288,13.81872393503243,18.749657844356424,none,0.0,clean,0.0,full,1.0,100,100
61,12,noise_stress,20272907,moderate,11.670615818564457,1.0149201855049976,42.46460794664554,-21.8268051658603,47.74570506140566,low,0.5,clean,0.0,full,1.0,100,100
62,12,outlier_stress,20272908,difficult,-2.262624625452297,0.979080258409279,-118.51536341992562,-58.149000423667914,132.0121116293076,none,0.0,low,0.1,full,1.0,100,100
63,12,overlap_stress,20272909,extreme,1.2872559776037633,0.6367289206334498,-103.61016855000565,90.07456851708008,137.2898208917862,none,0.0,clean,0.0,high,0.8,100,80
64,12,combined_stress,20272910,easy,0.5441580879481345,0.9812171659197664,-5.911420737217753,-1.525398710643728,6.105058260069402,low,0.5,low,0.1,high,0.8,100,80
65,13,geometric_only,20273906,moderate,11.713517058467051,1.0446224299514084,67.59679637904509,-0.05823703177357231,67.59682146567214,none,0.0,clean,0.0,full,1.0,100,100
66,13,noise_stress,20273907,difficult,24.277161912507843,1.2675563163386223,38.06704710715715,-53.030203756129396,65.27865337057071,moderate,2.0,clean,0.0,full,1.0,100,100
67,13,outlier_stress,20273908,extreme,13.926019137861509,0.8604873891474519,62.342665435267236,216.15161492162048,224.96250480201846,none,0.0,moderate,0.2,full,1.0,100,100
68,13,overlap_stress,20273909,easy,0.9625337584310252,1.0330386468810138,-8.761459180037274,-5.792168090992934,10.502969968431604,none,0.0,clean,0.0,moderate,0.6,100,60
69,13,combined_stress,20273910,moderate,7.661881768082939,0.9599066131348987,35.11047060806723,51.07984122407824,61.98302449701043,moderate,2.0,moderate,0.2,moderate,0.6,100,60
70,14,geometric_only,20274906,difficult,-2.809794629672581,1.2250593017394613,98.03402846658634,67.66415753592804,119.1180462920474,none,0.0,clean,0.0,full,1.0,100,100
71,14,noise_stress,20274907,extreme,-41.03430987569496,1.3719591231057546,200.19824618249248,20.681391902268842,201.26365232093227,high,5.0,clean,0.0,full,1.0,100,100
72,14,outlier_stress,20274908,easy,-0.9683097328342942,1.0180421589068278,-9.362657712716155,20.5986431711189,22.626609554605537,none,0.0,high,0.3,full,1.0,100,100
73,14,overlap_stress,20274909,moderate,-3.271300855871109,0.9148876880865443,29.89258503220202,-59.24991107383875,66.36353367750415,none,0.0,clean,0.0,low,0.4,100,40
74,14,combined_stress,20274910,difficult,18.511532848029354,1.1971673907029983,35.95007708502263,14.429500592487898,38.73781782402924,high,5.0,high,0.3,low,0.4,100,40
75,15,geometric_only,20275906,extreme,20.03428026594331,0.5666644241529887,-94.16824343820534,-120.80554357055573,153.17192115271826,none,0.0,clean,0.0,full,1.0,100,100
76,15,noise_stress,20275907,easy,3.1890743031806466,1.0019161868121957,15.986328224401596,-6.8551850378127455,17.39414418708063,severe,10.0,clean,0.0,full,1.0,100,100
77,15,outlier_stress,20275908,moderate,-14.491299293125389,1.1038019134581658,-5.87602205951211,29.137077844312003,29.723676430572485,none,0.0,severe,0.4,full,1.0,100,100
78,15,overlap_stress,20275909,difficult,20.197042574673944,0.9921669638828086,144.27966586433212,117.0198839991017,185.76941414852593,none,0.0,clean,0.0,high,0.8,100,80
79,15,combined_stress,20275910,extreme,9.945032864281622,1.0661070514612483,15.180875436741076,-25.347846796544673,29.546104925132664,severe,10.0,severe,0.4,high,0.8,100,80
80,16,geometric_only,20276906,easy,-3.0660476310163167,0.9852064641636593,10.329082797439348,6.158721167975845,12.025797181943124,none,0.0,clean,0.0,full,1.0,100,100
81,16,noise_stress,20276907,moderate,-4.753152827986495,1.050889294052854,-22.010381139509278,22.268314687818176,31.31029729884666,low,0.5,clean,0.0,full,1.0,100,100
82,16,outlier_stress,20276908,difficult,7.98559669549379,1.0314456932260163,33.29714023948125,-86.66237058484491,92.83892515272176,none,0.0,extreme,0.5,full,1.0,100,100
83,16,overlap_stress,20276909,extreme,-34.87510219565364,1.1979008221312588,-140.60624841667686,-126.36997746457884,189.04890451470595,none,0.0,clean,0.0,moderate,0.6,100,60
84,16,combined_stress,20276910,easy,1.203897479530088,1.0238055692923647,7.384319061966785,6.562282045691898,9.878851838960653,low,0.5,extreme,0.5,moderate,0.6,100,60
85,17,geometric_only,20277906,moderate,3.039177731610817,0.9538671966228045,20.238124289059428,-5.801104999291709,21.05313501481963,none,0.0,clean,0.0,full,1.0,100,100
86,17,noise_stress,20277907,difficult,-13.049749896139286,1.129176494494772,-110.84474976824237,106.00244478122949,153.37234708636976,moderate,2.0,clean,0.0,full,1.0,100,100
87,17,outlier_stress,20277908,extreme,-41.03119512771018,0.7815086443062953,132.8069427704528,-137.72461971603485,191.32630484060664,none,0.0,very_extreme,0.6,full,1.0,100,100
88,17,overlap_stress,20277909,easy,-0.10828239970802489,1.039261483001471,7.039418536482891,0.9343788391834238,7.101160267652935,none,0.0,clean,0.0,low,0.4,100,40
89,17,combined_stress,20277910,moderate,3.2611799306388356,0.8941682854530287,57.47706026848081,-15.833677374959883,59.61809956985288,moderate,2.0,very_extreme,0.6,low,0.4,100,40
90,18,geometric_only,20278906,difficult,5.471715994500052,1.1904113001712953,-82.83607815140532,84.89575377347575,118.6132574895081,none,0.0,clean,0.0,full,1.0,100,100
91,18,noise_stress,20278907,extreme,-23.734389223617608,0.822893164073205,109.31767701419903,-233.21919257618123,257.56852737410804,high,5.0,clean,0.0,full,1.0,100,100
92,18,outlier_stress,20278908,easy,-4.2884783297861055,0.970689191477731,-13.267032072435098,-21.55548127774165,25.311122320554894,none,0.0,low,0.1,full,1.0,100,100
93,18,overlap_stress,20278909,moderate,14.449452572614053,1.0199699632628139,-40.52546729353307,37.914739967423216,55.49631524846075,none,0.0,clean,0.0,high,0.8,100,80
94,18,combined_stress,20278910,difficult,9.72614907288952,1.0578938055494134,-12.135374318194835,-138.63821324968976,139.16832068724963,high,5.0,low,0.1,high,0.8,100,80
95,19,geometric_only,20279906,extreme,30.633632477588662,1.0258801748564812,174.69177597882492,25.58667935266493,176.55564209317143,none,0.0,clean,0.0,full,1.0,100,100
96,19,noise_stress,20279907,easy,3.1379401464615135,1.0489166179298375,22.562968666234674,14.727910086363508,26.944366582747787,severe,10.0,clean,0.0,full,1.0,100,100
97,19,outlier_stress,20279908,moderate,-11.661563738169873,1.0432162806243448,-19.676247910612958,-23.980949391261362,31.02000428024051,none,0.0,moderate,0.2,full,1.0,100,100
98,19,overlap_stress,20279909,difficult,-3.541380996978777,1.253507604889375,13.361880343041435,-6.293259769376903,14.769731372865754,none,0.0,clean,0.0,moderate,0.6,100,60
99,19,combined_stress,20279910,extreme,-10.317287120816388,0.7562501982583829,-74.34361401682065,140.36624003226416,158.83845342320987,severe,10.0,moderate,0.2,moderate,0.6,100,60
100,20,geometric_only,20280906,easy,-4.027197214826501,1.0057527466515332,19.453493473917,-17.55344854633486,26.202327457852988,none,0.0,clean,0.0,full,1.0,100,100
101,20,noise_stress,20280907,moderate,-2.6734838231769373,0.8855341534329888,-14.956915256884642,-63.010557477957036,64.76140569571167,low,0.5,clean,0.0,full,1.0,100,100
102,20,outlier_stress,20280908,difficult,7.204960178791055,1.2974977822098177,49.263124478578504,14.098010625845149,51.240700004960544,none,0.0,high,0.3,full,1.0,100,100
103,20,overlap_stress,20280909,extreme,-22.734411315350805,1.3927480510068557,167.00085904100598,3.47244032704063,167.03695627692335,none,0.0,clean,0.0,low,0.4,100,40
104,20,combined_stress,20280910,easy,-0.9565298874247148,1.0371127620805642,-21.51476647712923,15.594841216895475,26.57224584308947,low,0.5,high,0.3,low,0.4,100,40
105,21,geometric_only,20281906,moderate,-3.420702918645306,1.0117967290513534,58.84777174219997,25.29450953387901,64.05366852555414,none,0.0,clean,0.0,full,1.0,100,100
106,21,noise_stress,20281907,difficult,0.2602716533212366,1.2896402869791195,88.80163105522325,104.03433746154255,136.78038254490338,moderate,2.0,clean,0.0,full,1.0,100,100
107,21,outlier_stress,20281908,extreme,-41.360122440285004,1.4846411031352837,-10.90882345646753,-69.44036371886119,70.29200909500389,none,0.0,severe,0.4,full,1.0,100,100
108,21,overlap_stress,20281909,easy,-2.927320236357497,1.0461466232701244,-2.780407704291438,-13.57157491323533,13.853458507811027,none,0.0,clean,0.0,high,0.8,100,80
109,21,combined_stress,20281910,moderate,-3.944669616718153,0.853452211106214,27.457423344754844,-16.150787749300996,31.855267094407786,moderate,2.0,severe,0.4,high,0.8,100,80
110,22,geometric_only,20282906,difficult,-18.983644018063124,0.8554916213640396,-94.84131032263468,143.11727329361617,171.68991833743155,none,0.0,clean,0.0,full,1.0,100,100
111,22,noise_stress,20282907,extreme,-16.688603233211808,0.5684851008749192,-163.66649155078954,-160.19381533832066,229.0169839317439,high,5.0,clean,0.0,full,1.0,100,100
112,22,outlier_stress,20282908,easy,-4.158420796572075,0.9945708167062883,-16.067692203618783,21.244499977273286,26.63643204399937,none,0.0,extreme,0.5,full,1.0,100,100
113,22,overlap_stress,20282909,moderate,9.619603582708052,1.1395831881606986,1.537579139138117,47.013847380957756,47.03898378121174,none,0.0,clean,0.0,moderate,0.6,100,60
114,22,combined_stress,20282910,difficult,28.56337594681628,0.8095400823346034,-18.547096153295826,93.34219672467248,95.16701353466472,high,5.0,extreme,0.5,moderate,0.6,100,60
115,23,geometric_only,20283906,extreme,0.28774628989074813,0.7524025044142509,122.95920392093205,60.00880305912534,136.82113240818558,none,0.0,clean,0.0,full,1.0,100,100
116,23,noise_stress,20283907,easy,-3.3552166205585907,1.019437430783447,23.14446814600545,19.53052762602391,30.28378964251905,severe,10.0,clean,0.0,full,1.0,100,100
117,23,outlier_stress,20283908,moderate,-7.371774993926987,0.8759135144413873,17.327425361201463,7.573276413517547,18.910160900519827,none,0.0,very_extreme,0.6,full,1.0,100,100
118,23,overlap_stress,20283909,difficult,12.547125114686459,0.8549453135398355,10.836326022843707,95.48870156221122,96.10160294037972,none,0.0,clean,0.0,low,0.4,100,40
119,23,combined_stress,20283910,extreme,21.405108538109303,1.4633836690495379,112.62097115392157,-57.88249123068999,126.62490250627377,severe,10.0,very_extreme,0.6,low,0.4,100,40
120,24,geometric_only,20284906,easy,-0.6846077352974138,0.9687458739953607,2.187481809719287,-23.725078261699906,23.825709122534803,none,0.0,clean,0.0,full,1.0,100,100
121,24,noise_stress,20284907,moderate,9.422567586670699,0.9051881945821387,-62.268807313069935,-32.990403699423304,70.468227595443,low,0.5,clean,0.0,full,1.0,100,100
122,24,outlier_stress,20284908,difficult,19.205316018975203,0.9104348230605493,108.58457308689424,110.90242234185132,155.20939660263306,none,0.0,low,0.1,full,1.0,100,100
123,24,overlap_stress,20284909,extreme,7.967550635209854,1.1111998198091277,12.62901824002273,-204.57859466439277,204.96803042563673,none,0.0,clean,0.0,high,0.8,100,80
124,24,combined_stress,20284910,easy,-0.1809524888570735,0.9749239585261805,4.515903590356817,-24.241548162963046,24.65858963068761,low,0.5,low,0.1,high,0.8,100,80
125,25,geometric_only,20285906,moderate,13.49871316119734,1.1251676127340222,17.400077626820206,64.14321291642773,66.46137573554697,none,0.0,clean,0.0,full,1.0,100,100
126,25,noise_stress,20285907,difficult,14.003460952925991,0.8457012935297558,97.36689685987938,-138.25201307193075,169.0974030627428,moderate,2.0,clean,0.0,full,1.0,100,100
127,25,outlier_stress,20285908,extreme,-2.331707137956414,1.0171660191785903,-20.702952284532216,169.44835087798452,170.70839419479105,none,0.0,moderate,0.2,full,1.0,100,100
128,25,overlap_stress,20285909,easy,1.6796476864980106,0.9882448237930687,12.7487369254942,-2.1109193808686086,12.922316890866979,none,0.0,clean,0.0,moderate,0.6,100,60
129,25,combined_stress,20285910,moderate,0.4894765130197687,1.0367424299738341,58.624136267848,42.90214485346027,72.64560128582114,moderate,2.0,moderate,0.2,moderate,0.6,100,60
130,26,geometric_only,20286906,difficult,-25.996207950798855,0.7885065360304114,-121.4145774712906,26.733913005036385,124.32297344856613,none,0.0,clean,0.0,full,1.0,100,100
131,26,noise_stress,20286907,extreme,30.03718998018968,1.4180840946588285,241.2476911279257,123.97354258760043,271.2376960090072,high,5.0,clean,0.0,full,1.0,100,100
132,26,outlier_stress,20286908,easy,0.08104666929378013,0.9987451324758535,22.73148219822798,-7.638975435409328,23.98070534056792,none,0.0,high,0.3,full,1.0,100,100
133,26,overlap_stress,20286909,moderate,12.430695929189469,0.9918852657709184,-16.990988442757455,16.500921314201918,23.68489165015117,none,0.0,clean,0.0,low,0.4,100,40
134,26,combined_stress,20286910,difficult,-6.526979969237907,1.0245112840306994,-66.26922298870599,-60.86562064556907,89.97907363435769,high,5.0,high,0.3,low,0.4,100,40
135,27,geometric_only,20287906,extreme,24.18559548721393,0.9046584071163575,-6.973830697708394,-35.42543004978859,36.1053376775895,none,0.0,clean,0.0,full,1.0,100,100
136,27,noise_stress,20287907,easy,-2.7801244462365196,1.0135503265485322,2.5678939191709595,10.549627218272313,10.857656912272887,severe,10.0,clean,0.0,full,1.0,100,100
137,27,outlier_stress,20287908,moderate,-10.085905614463508,1.0059067998934896,54.8627958291392,-24.63209985311476,60.13872886388297,none,0.0,severe,0.4,full,1.0,100,100
138,27,overlap_stress,20287909,difficult,20.643173486996986,0.8928231453314532,103.84814090781296,-61.88028264624212,120.88674762101836,none,0.0,clean,0.0,high,0.8,100,80
139,27,combined_stress,20287910,extreme,25.587308180068774,1.1710555609992932,153.001013373487,-158.29129916098262,220.1486894882312,severe,10.0,severe,0.4,high,0.8,100,80
140,28,geometric_only,20288906,easy,3.542428385480221,0.9647204602427356,-11.139257575894046,-14.525956941373853,18.305367639158742,none,0.0,clean,0.0,full,1.0,100,100
141,28,noise_stress,20288907,moderate,6.966316468010898,0.880603856318806,69.53962516587282,-53.81644940463285,87.93161942516184,low,0.5,clean,0.0,full,1.0,100,100
142,28,outlier_stress,20288908,difficult,15.667994461337223,0.8720824011938598,-9.121624562736088,-105.88967199839749,106.28182662427153,none,0.0,extreme,0.5,full,1.0,100,100
143,28,overlap_stress,20288909,extreme,21.70361795786704,1.0393728004564502,17.029697436272727,59.776434697200045,62.15490921785354,none,0.0,clean,0.0,moderate,0.6,100,60
144,28,combined_stress,20288910,easy,-1.5959952660142953,1.0348572253819577,-18.733864424084533,-12.254888343251496,22.386155645075405,low,0.5,extreme,0.5,moderate,0.6,100,60
145,29,geometric_only,20289906,moderate,-12.254887812909432,1.149525543193848,-26.089413095231137,-11.134794125629021,28.3661967114691,none,0.0,clean,0.0,full,1.0,100,100
146,29,noise_stress,20289907,difficult,-20.399011618951786,1.2081370760407588,32.22315121091722,41.73963949134941,52.73072139492737,moderate,2.0,clean,0.0,full,1.0,100,100
147,29,outlier_stress,20289908,extreme,-0.8234228706510933,0.6720590529780606,42.514419220767536,-70.16163808053156,82.03737745578331,none,0.0,very_extreme,0.6,full,1.0,100,100
148,29,overlap_stress,20289909,easy,-4.631322828928402,0.9540535750667372,-15.374915364444592,12.66546361423817,19.919889332710294,none,0.0,clean,0.0,low,0.4,100,40
149,29,combined_stress,20289910,moderate,-6.156391309233648,1.105428655643895,26.38663476070316,-12.538651100927758,29.214247644352323,moderate,2.0,very_extreme,0.6,low,0.4,100,40
150,30,geometric_only,20290906,difficult,-12.35396700056765,1.0428804914049692,-90.50252688531364,-77.06777204277402,118.8703026843286,none,0.0,clean,0.0,full,1.0,100,100
151,30,noise_stress,20290907,extreme,22.70917232026561,0.6630961985303343,49.31239321211342,223.11171410068619,228.49627807308462,high,5.0,clean,0.0,full,1.0,100,100
152,30,outlier_stress,20290908,easy,-1.5693630505321843,1.0189282331866452,21.97322019045381,12.947822927845358,25.504284426523416,none,0.0,low,0.1,full,1.0,100,100
153,30,overlap_stress,20290909,moderate,-14.661255154663259,1.1472184968194066,-71.5720385027455,-20.294479043698132,74.39369983468752,none,0.0,clean,0.0,high,0.8,100,80
154,30,combined_stress,20290910,difficult,13.045139517145408,0.7826291957524596,-47.098234674534865,63.40921001547571,78.98716113549254,high,5.0,low,0.1,high,0.8,100,80
155,31,geometric_only,20291906,extreme,-18.455519870255554,1.0164167239643636,-224.74467721108715,36.21172622296484,227.6432714814183,none,0.0,clean,0.0,full,1.0,100,100
156,31,noise_stress,20291907,easy,-1.9557781619834405,0.9898620986297152,-18.933707290479617,-18.388292013472146,26.393456668922404,severe,10.0,clean,0.0,full,1.0,100,100
157,31,outlier_stress,20291908,moderate,-7.196395565921315,0.9514216801026298,61.011674306312216,-53.72078902502403,81.29174358525385,none,0.0,moderate,0.2,full,1.0,100,100
158,31,overlap_stress,20291909,difficult,-8.839327319328014,1.0787862991655526,142.04585050666878,-59.676408018952614,154.07237688893946,none,0.0,clean,0.0,moderate,0.6,100,60
159,31,combined_stress,20291910,extreme,-39.738315075881,1.3536880508530778,-26.853211191091248,-165.1700912272387,167.33874024650626,severe,10.0,moderate,0.2,moderate,0.6,100,60
160,32,geometric_only,20292906,easy,4.037121764131397,1.0317633624379172,9.628767828033787,-23.477782407669796,25.375567711246735,none,0.0,clean,0.0,full,1.0,100,100
161,32,noise_stress,20292907,moderate,2.9361165249903287,0.8574663020536273,-58.1691255258458,45.365864770325004,73.76793917957191,low,0.5,clean,0.0,full,1.0,100,100
162,32,outlier_stress,20292908,difficult,28.98971204297049,1.2523766791159139,0.6881263199659884,-89.81353665433326,89.81617273181648,none,0.0,high,0.3,full,1.0,100,100
163,32,overlap_stress,20292909,extreme,20.668168196994657,0.6345858768750811,171.73158243377696,-7.563912162169061,171.89807786129006,none,0.0,clean,0.0,low,0.4,100,40
164,32,combined_stress,20292910,easy,-2.1621403862633803,0.9542377695076566,-11.199412983303509,-6.895161071359578,13.15180966143366,low,0.5,high,0.3,low,0.4,100,40
165,33,geometric_only,20293906,moderate,-10.238858077522675,0.9506959414940465,55.701737863759206,6.087174791354727,56.033358796197916,none,0.0,clean,0.0,full,1.0,100,100
166,33,noise_stress,20293907,difficult,23.53492365383562,1.0678509139521364,-59.255719160214255,-123.66288294411734,137.1267620533813,moderate,2.0,clean,0.0,full,1.0,100,100
167,33,outlier_stress,20293908,extreme,-2.57088804571854,1.125914762489793,22.1427693637458,-17.308799713292785,28.105102430180253,none,0.0,severe,0.4,full,1.0,100,100
168,33,overlap_stress,20293909,easy,2.91862274091687,1.028964706021076,6.1255705933182405,-24.21769781693736,24.980382355885144,none,0.0,clean,0.0,high,0.8,100,80
169,33,combined_stress,20293910,moderate,-9.097462358840069,0.8744648040215786,-37.6043180202085,-46.32394099521201,59.66567055764028,moderate,2.0,severe,0.4,high,0.8,100,80
170,34,geometric_only,20294906,difficult,2.2399877425021657,1.0785296791563765,-34.18190348937445,-28.727897167047928,44.65080740364489,none,0.0,clean,0.0,full,1.0,100,100
171,34,noise_stress,20294907,extreme,29.81877227104293,0.5348312960644244,-215.92433727059029,97.73407838625508,237.0132264321008,high,5.0,clean,0.0,full,1.0,100,100
172,34,outlier_stress,20294908,easy,0.04667902545731817,1.0310227909161274,12.439588713448543,-24.382823767310935,27.37271382650064,none,0.0,extreme,0.5,full,1.0,100,100
173,34,overlap_stress,20294909,moderate,4.983468786835289,1.0330292814381727,-66.88748181079002,-36.30555985470584,76.10538022605495,none,0.0,clean,0.0,moderate,0.6,100,60
174,34,combined_stress,20294910,difficult,-27.10481992215739,0.7396181619472743,40.29882183098678,-55.59075514457558,68.66095759971437,high,5.0,extreme,0.5,moderate,0.6,100,60
175,35,geometric_only,20295906,extreme,17.046575387779086,1.402315180873885,123.58083465864752,-247.27541691079585,276.43689063389473,none,0.0,clean,0.0,full,1.0,100,100
176,35,noise_stress,20295907,easy,-0.49851783168435304,1.0458070953932974,-17.528305213026712,-13.900511360857765,22.371090714007558,severe,10.0,clean,0.0,full,1.0,100,100
177,35,outlier_stress,20295908,moderate,-3.7294334186906664,0.9724443279604102,-48.11748519082414,-72.18667414248299,86.75372213825872,none,0.0,very_extreme,0.6,full,1.0,100,100
178,35,overlap_stress,20295909,difficult,-8.088581447228911,1.1514459211368404,-48.062231560046314,-138.76518896954838,146.85283712712527,none,0.0,clean,0.0,low,0.4,100,40
179,35,combined_stress,20295910,extreme,-22.287598235062532,1.4806397299708536,25.730946302982716,164.01161266542766,166.0177420842762,severe,10.0,very_extreme,0.6,low,0.4,100,40
180,36,geometric_only,20296906,easy,-4.794173043779606,1.0073466407973557,-20.675998414138142,-11.351887814339563,23.587332773562892,none,0.0,clean,0.0,full,1.0,100,100
181,36,noise_stress,20296907,moderate,3.0639987512973725,0.903263725889487,-6.362893531855136,-60.81611827460093,61.14807156475152,low,0.5,clean,0.0,full,1.0,100,100
182,36,outlier_stress,20296908,difficult,-28.786572713243483,0.8678289365861047,136.21308972262239,49.87324462832899,145.05635574334661,none,0.0,low,0.1,full,1.0,100,100
183,36,overlap_stress,20296909,extreme,-4.167702187880323,0.690384493666702,22.356033800188584,105.42104516691802,107.76543514207393,none,0.0,clean,0.0,high,0.8,100,80
184,36,combined_stress,20296910,easy,3.7657378887762487,0.9843792899901348,-15.103058952735976,12.938042058829332,19.88706418870958,low,0.5,low,0.1,high,0.8,100,80
185,37,geometric_only,20297906,moderate,11.508836808942732,0.9552461081641801,57.88328027305573,-69.47325089095403,90.42680313118765,none,0.0,clean,0.0,full,1.0,100,100
186,37,noise_stress,20297907,difficult,28.341301761746315,1.2490100495130099,-117.70000057607925,129.18554889491662,174.76325751967988,moderate,2.0,clean,0.0,full,1.0,100,100
187,37,outlier_stress,20297908,extreme,0.2322786963370902,1.2772812647502723,160.61179331397727,-199.37561325608118,256.0210602914733,none,0.0,moderate,0.2,full,1.0,100,100
188,37,overlap_stress,20297909,easy,1.3222592518965213,0.9908298042325505,8.08063070281765,17.559923774245917,19.32996418808494,none,0.0,clean,0.0,moderate,0.6,100,60
189,37,combined_stress,20297910,moderate,-7.72209571826819,0.8887100313575653,42.36550926957884,45.65403106722877,62.282637455058534,moderate,2.0,moderate,0.2,moderate,0.6,100,60
190,38,geometric_only,20298906,difficult,7.38099247069681,0.8095643737511845,-98.20441162938215,80.35654454178754,126.8908220249574,none,0.0,clean,0.0,full,1.0,100,100
191,38,noise_stress,20298907,extreme,-39.36600800563272,1.1134315502117649,-119.77676496536216,-116.31477166365673,166.95987401988603,high,5.0,clean,0.0,full,1.0,100,100
192,38,outlier_stress,20298908,easy,1.999258727532637,1.0105178640059067,3.903848700488954,9.317136275270279,10.101933629175486,none,0.0,high,0.3,full,1.0,100,100
193,38,overlap_stress,20298909,moderate,14.420485390906506,0.8975731899935462,-59.849773790090566,10.874198565582518,60.82962779081201,none,0.0,clean,0.0,low,0.4,100,40
194,38,combined_stress,20298910,difficult,1.3276092615539739,0.7625808352225418,18.772743655358,24.763193958583912,31.074614710084994,high,5.0,high,0.3,low,0.4,100,40
195,39,geometric_only,20299906,extreme,-7.61758159842617,0.5205074945771843,225.84764525362755,-133.029706391612,262.11459640631784,none,0.0,clean,0.0,full,1.0,100,100
196,39,noise_stress,20299907,easy,-1.3287024012027313,0.9763807582750321,5.350021573900726,14.654656020566868,15.60069466153158,severe,10.0,clean,0.0,full,1.0,100,100
197,39,outlier_stress,20299908,moderate,-10.603612155315243,0.9912486101796785,-43.75667610029981,-20.024221073492562,48.120849254212594,none,0.0,severe,0.4,full,1.0,100,100
198,39,overlap_stress,20299909,difficult,-11.50933266042755,1.2862975643357584,125.19195652676564,111.12795450127243,167.39906884638413,none,0.0,clean,0.0,high,0.8,100,80
199,39,combined_stress,20299910,extreme,33.95037971721021,0.6599698376228823,213.91495672063138,118.86409206982182,244.72082276008447,severe,10.0,severe,0.4,high,0.8,100,80
200,40,geometric_only,20300906,easy,4.987523343860838,1.031225665521697,-16.786741327142508,9.357721602748228,19.21878346771551,none,0.0,clean,0.0,full,1.0,100,100
201,40,noise_stress,20300907,moderate,2.509363593975486,0.9644930109655944,-62.08810125133811,-60.66139232339789,86.80286190909612,low,0.5,clean,0.0,full,1.0,100,100
202,40,outlier_stress,20300908,difficult,-8.60495567169011,0.9133197626819538,135.78680655169,95.08425583757128,165.76812884776976,none,0.0,extreme,0.5,full,1.0,100,100
203,40,overlap_stress,20300909,extreme,-12.746477813573755,1.3813200509579104,-127.44220987504401,-34.63574421450798,132.06495233455237,none,0.0,clean,0.0,moderate,0.6,100,60
204,40,combined_stress,20300910,easy,-4.907049973425236,0.9800729365685042,-2.1618411471136803,-2.1128034583142927,3.022829072048009,low,0.5,extreme,0.5,moderate,0.6,100,60
205,41,geometric_only,20301906,moderate,2.4989660627118404,0.8711225063638673,-73.46994103914271,-26.582338882945272,78.13099882110077,none,0.0,clean,0.0,full,1.0,100,100
206,41,noise_stress,20301907,difficult,-28.33578213374914,1.2553179048048921,143.8867653946749,47.8963880487141,151.64915180723966,moderate,2.0,clean,0.0,full,1.0,100,100
207,41,outlier_stress,20301908,extreme,-8.047057701327674,1.187045503982978,-69.76067105157452,227.6458555771461,238.09491130013015,none,0.0,very_extreme,0.6,full,1.0,100,100
208,41,overlap_stress,20301909,easy,4.592204289558037,0.9800817620648353,15.795213037718817,-23.84705677161626,28.603686328436957,none,0.0,clean,0.0,low,0.4,100,40
209,41,combined_stress,20301910,moderate,13.557385925093016,0.9221900375130245,-23.05499337600334,-5.450980595598182,23.69062913941176,moderate,2.0,very_extreme,0.6,low,0.4,100,40
210,42,geometric_only,20302906,difficult,25.693617025581034,1.2765502863574265,-137.4540840830356,49.46909828555607,146.08496471674363,none,0.0,clean,0.0,full,1.0,100,100
211,42,noise_stress,20302907,extreme,0.9886509092883742,0.5076088336112153,-180.82472857296045,50.48736480533745,187.7406627997037,high,5.0,clean,0.0,full,1.0,100,100
212,42,outlier_stress,20302908,easy,3.8275560473236165,1.0083539320026735,-19.893673253939113,2.4761363590796392,20.047181517690923,none,0.0,low,0.1,full,1.0,100,100
213,42,overlap_stress,20302909,moderate,-11.970833158433006,0.8502189546040807,31.80544109720492,-61.251842278548814,69.01720268095478,none,0.0,clean,0.0,high,0.8,100,80
214,42,combined_stress,20302910,difficult,19.796608428698683,1.1831167787794334,43.204388035382266,1.6837301440987176,43.23718414409094,high,5.0,low,0.1,high,0.8,100,80
215,43,geometric_only,20303906,extreme,-20.303215000288198,0.9121720352528561,-188.46929659840245,66.74532456323675,199.9390259837944,none,0.0,clean,0.0,full,1.0,100,100
216,43,noise_stress,20303907,easy,3.5532373392716234,1.0249614464621202,1.352971645145356,-5.839916608352723,5.994594086765284,severe,10.0,clean,0.0,full,1.0,100,100
217,43,outlier_stress,20303908,moderate,6.55776693806942,0.9315572665004529,69.75140610094445,59.38708125959724,91.60831880125777,none,0.0,moderate,0.2,full,1.0,100,100
218,43,overlap_stress,20303909,difficult,9.383452089468399,1.2673657211555622,-24.77751267539685,6.658789713873773,25.65666803840753,none,0.0,clean,0.0,moderate,0.6,100,60
219,43,combined_stress,20303910,extreme,36.71152144671335,1.3332271216063705,241.32330117070927,-60.81878218957959,248.8691623221977,severe,10.0,moderate,0.2,moderate,0.6,100,60
220,44,geometric_only,20304906,easy,-2.2440887539406584,0.9834529983903219,16.806020475433584,-14.981862794984979,22.5144073212787,none,0.0,clean,0.0,full,1.0,100,100
221,44,noise_stress,20304907,moderate,10.32593700923897,0.9802654048005593,-6.094822799180378,14.623116272812652,15.842423882777759,low,0.5,clean,0.0,full,1.0,100,100
222,44,outlier_stress,20304908,difficult,24.042092844240443,1.0897651896435678,130.1705678229613,-117.40592278950987,175.29554310765724,none,0.0,high,0.3,full,1.0,100,100
223,44,overlap_stress,20304909,extreme,20.943905927169098,1.110822699170374,-189.9520252851431,54.672073438992754,197.66336920139315,none,0.0,clean,0.0,low,0.4,100,40
224,44,combined_stress,20304910,easy,0.7346484557275872,0.9861955520696758,12.195014794750257,-9.970383591452265,15.752045416544425,low,0.5,high,0.3,low,0.4,100,40
225,45,geometric_only,20305906,moderate,-6.470856433222947,0.8539463833953678,12.423723433042127,48.28690101983797,49.85953984986573,none,0.0,clean,0.0,full,1.0,100,100
226,45,noise_stress,20305907,difficult,-22.68295760939232,1.0571604350945918,-12.711425168404531,16.490428016059923,20.821012126330512,moderate,2.0,clean,0.0,full,1.0,100,100
227,45,outlier_stress,20305908,extreme,8.631461056364188,0.5755641128395191,-217.72600425040085,-56.033261410396875,224.820682569757,none,0.0,severe,0.4,full,1.0,100,100
228,45,overlap_stress,20305909,easy,-0.6754335747585785,0.9629751429723103,-18.47424099109439,0.4825561963852465,18.480542218227853,none,0.0,clean,0.0,high,0.8,100,80
229,45,combined_stress,20305910,moderate,-2.836953740119405,1.0030921950092422,19.64040917269827,58.1892981935265,61.41449419091683,moderate,2.0,severe,0.4,high,0.8,100,80
230,46,geometric_only,20306906,difficult,-19.83683249550047,1.229150000205006,90.96079308265399,-75.27206589900953,118.0667175072223,none,0.0,clean,0.0,full,1.0,100,100
231,46,noise_stress,20306907,extreme,-14.082325875392748,0.6914018861004432,119.5647486659829,-76.79721392022171,142.10398020276546,high,5.0,clean,0.0,full,1.0,100,100
232,46,outlier_stress,20306908,easy,2.9135240031255414,0.9694857847813104,1.2992330122138789,-4.162253435930758,4.360316512014208,none,0.0,extreme,0.5,full,1.0,100,100
233,46,overlap_stress,20306909,moderate,10.87125975701726,0.9940992107475619,43.67879768187552,-17.273519582015865,46.97032941852228,none,0.0,clean,0.0,moderate,0.6,100,60
234,46,combined_stress,20306910,difficult,-7.668451246567681,1.1994015087856134,92.945642676392,-143.89812758649754,171.30546872597927,high,5.0,extreme,0.5,moderate,0.6,100,60
235,47,geometric_only,20307906,extreme,18.178618860502496,0.5556426100964614,165.39158951240495,155.6396950487171,227.10810764104727,none,0.0,clean,0.0,full,1.0,100,100
236,47,noise_stress,20307907,easy,-1.3537935697618906,0.9653219135076204,15.428610804279351,12.5260342269682,19.873187082224742,severe,10.0,clean,0.0,full,1.0,100,100
237,47,outlier_stress,20307908,moderate,10.922975567958368,0.8624293887801238,-12.371255375182692,1.5766575637178306,12.47131944227295,none,0.0,very_extreme,0.6,full,1.0,100,100
238,47,overlap_stress,20307909,difficult,25.58894203601443,1.1399748184043932,-137.384509867342,-38.28725049729523,142.61983418210954,none,0.0,clean,0.0,low,0.4,100,40
239,47,combined_stress,20307910,extreme,-3.4942496867799804,1.3091850804202991,19.40589694685832,-172.13831820658987,173.22871999557486,severe,10.0,very_extreme,0.6,low,0.4,100,40
240,48,geometric_only,20308906,easy,1.1361012754577153,0.9852598537732721,-20.927121867935355,21.491954690647106,29.997475662132743,none,0.0,clean,0.0,full,1.0,100,100
241,48,noise_stress,20308907,moderate,-14.309823785339532,1.0768695115719784,48.93888055760351,-36.20578057070893,60.87587844923232,low,0.5,clean,0.0,full,1.0,100,100
242,48,outlier_stress,20308908,difficult,17.517825425946157,0.9715483117117137,117.50698378540744,-109.03821454102226,160.3035354215184,none,0.0,low,0.1,full,1.0,100,100
243,48,overlap_stress,20308909,extreme,-15.56813870408224,1.0219567576801674,-94.78814434100664,176.86897068065298,200.66744902261848,none,0.0,clean,0.0,high,0.8,100,80
244,48,combined_stress,20308910,easy,-0.5191980523893056,1.0093963735648919,-2.601383223028641,24.023245420446074,24.16368173942121,low,0.5,low,0.1,high,0.8,100,80
245,49,geometric_only,20309906,moderate,-8.542985329242484,0.9117004230960591,38.499302649066976,-74.50952912051332,83.86814791221444,none,0.0,clean,0.0,full,1.0,100,100
246,49,noise_stress,20309907,difficult,27.783713082249065,0.7986838422460519,133.90310916450267,149.19469240156616,200.47218980376968,moderate,2.0,clean,0.0,full,1.0,100,100
247,49,outlier_stress,20309908,extreme,29.42398693878087,0.9063880694303327,-75.8938028145918,129.58989481878746,150.17792828776317,none,0.0,moderate,0.2,full,1.0,100,100
248,49,overlap_stress,20309909,easy,-4.543629459802849,1.035581045837926,1.518292085803992,-4.9844788328780965,5.210589227066823,none,0.0,clean,0.0,moderate,0.6,100,60
249,49,combined_stress,20309910,moderate,14.192430134035384,0.9931434703581032,38.90338018989026,32.94252459072973,50.97727843471029,moderate,2.0,moderate,0.2,moderate,0.6,100,60
250,50,geometric_only,20310906,difficult,25.852571183033497,1.1364388406131076,-27.925151285161718,-49.622418493497634,56.940306386978506,none,0.0,clean,0.0,full,1.0,100,100
251,50,noise_stress,20310907,extreme,-26.398119418648847,0.6401838967770861,-13.74806614619257,171.85618936711177,172.40521786345292,high,5.0,clean,0.0,full,1.0,100,100
252,50,outlier_stress,20310908,easy,1.7803154427897638,0.9660642546702033,-9.915542168266423,-11.713288064651673,15.346631349458452,none,0.0,high,0.3,full,1.0,100,100
253,50,overlap_stress,20310909,moderate,-3.0606975630373316,1.0786773309493558,37.24694488276546,-11.484052094859805,38.97715171247409,none,0.0,clean,0.0,low,0.4,100,40
254,50,combined_stress,20310910,difficult,4.613802693703839,0.8690708986604468,55.36789050580708,-52.60550116418359,76.3737000007068,high,5.0,high,0.3,low,0.4,100,40
255,51,geometric_only,20311906,extreme,-35.593305047485146,1.165960189211959,-109.30535458393885,57.087691029144366,123.3153072726969,none,0.0,clean,0.0,full,1.0,100,100
256,51,noise_stress,20311907,easy,-0.7955403954572073,1.0262572057375416,10.658561931681717,13.020367084081933,16.826612893144567,severe,10.0,clean,0.0,full,1.0,100,100
257,51,outlier_stress,20311908,moderate,2.584392989039202,0.9288203835853421,-27.991220202650837,-57.160490409736,63.64613163668951,none,0.0,severe,0.4,full,1.0,100,100
258,51,overlap_stress,20311909,difficult,26.10312210328067,0.9254463624043605,69.59331271953809,77.95363896434247,104.49879905081434,none,0.0,clean,0.0,high,0.8,100,80
259,51,combined_stress,20311910,extreme,33.61548346126716,1.0862329825289134,-51.043778703087185,162.74325181544964,170.5603510659983,severe,10.0,severe,0.4,high,0.8,100,80
260,52,geometric_only,20312906,easy,-3.085296775346592,0.9543396280751512,-10.637948403968178,15.012344823439214,18.399359862324864,none,0.0,clean,0.0,full,1.0,100,100
261,52,noise_stress,20312907,moderate,14.00339248151646,0.9515296070577286,24.00457548868954,-26.12127668765968,35.47591774972802,low,0.5,clean,0.0,full,1.0,100,100
262,52,outlier_stress,20312908,difficult,15.99367599443864,1.0812985747007453,-3.4130729633871795,130.02089807859903,130.06568726693,none,0.0,extreme,0.5,full,1.0,100,100
263,52,overlap_stress,20312909,extreme,21.759404116085364,1.165188153000908,205.15485784746568,-42.164081041382985,209.4428930006415,none,0.0,clean,0.0,moderate,0.6,100,60
264,52,combined_stress,20312910,easy,-4.404536880438718,1.0231841973528792,7.232555234692562,-12.863230713283741,14.757118946665875,low,0.5,extreme,0.5,moderate,0.6,100,60
265,53,geometric_only,20313906,moderate,-13.516530925858664,0.9961470644456916,-0.28790343347336034,69.14152539631206,69.14212480475179,none,0.0,clean,0.0,full,1.0,100,100
266,53,noise_stress,20313907,difficult,4.1912010152485095,0.9397373492542438,64.25442438564221,-145.09128973621267,158.68242943201943,moderate,2.0,clean,0.0,full,1.0,100,100
267,53,outlier_stress,20313908,extreme,3.130395316951578,1.0928826482565142,160.43848798961596,-107.41831786149314,193.07823140009057,none,0.0,very_extreme,0.6,full,1.0,100,100
268,53,overlap_stress,20313909,easy,-1.0500746346951617,1.0277919318637627,-11.588122398087497,-18.667515273663454,21.971816201796234,none,0.0,clean,0.0,low,0.4,100,40
269,53,combined_stress,20313910,moderate,11.855268368928762,1.0509157207389204,3.0424153568721124,4.366699074493397,5.322062759016728,moderate,2.0,very_extreme,0.6,low,0.4,100,40
270,54,geometric_only,20314906,difficult,-7.08425136296961,0.8197195465030943,143.9139418456396,30.786366415089077,147.17004795335995,none,0.0,clean,0.0,full,1.0,100,100
271,54,noise_stress,20314907,extreme,-8.501224702366343,0.6741400575609524,139.54305130706314,198.74564990605967,242.8417108419962,high,5.0,clean,0.0,full,1.0,100,100
272,54,outlier_stress,20314908,easy,-1.9568054954503031,1.0173117681905939,-23.445254972860358,5.317232451049797,24.040651856406274,none,0.0,low,0.1,full,1.0,100,100
273,54,overlap_stress,20314909,moderate,13.369894326209536,1.0657538473899297,-6.23412064282077,73.86636240590852,74.12896704575249,none,0.0,clean,0.0,high,0.8,100,80
274,54,combined_stress,20314910,difficult,-17.825304496934237,1.1289627383880472,-79.37219164198774,-98.42901376254395,126.44451572258677,high,5.0,low,0.1,high,0.8,100,80
275,55,geometric_only,20315906,extreme,-23.590430984327952,0.5185971546320823,-100.43386182233948,-131.7964310667667,165.7023229845791,none,0.0,clean,0.0,full,1.0,100,100
276,55,noise_stress,20315907,easy,-1.6550744540729334,0.9942292628623741,15.79176861148062,-19.182025119654078,24.8461273354538,severe,10.0,clean,0.0,full,1.0,100,100
277,55,outlier_stress,20315908,moderate,2.898452820737077,0.9586155344244042,72.17004239126516,6.397502972488297,72.45304039886805,none,0.0,moderate,0.2,full,1.0,100,100
278,55,overlap_stress,20315909,difficult,-7.834516828492074,0.8250091176810257,-147.20380503559088,42.47749685941491,153.20997995038655,none,0.0,clean,0.0,moderate,0.6,100,60
279,55,combined_stress,20315910,extreme,0.1535279943704566,1.1942708341456756,-193.30436051984617,-203.03125281505652,280.33598665822063,severe,10.0,moderate,0.2,moderate,0.6,100,60
280,56,geometric_only,20316906,easy,-2.507757294855266,0.9777332081121081,-12.876786923745332,20.327487811803593,24.062801213045883,none,0.0,clean,0.0,full,1.0,100,100
281,56,noise_stress,20316907,moderate,9.436889651272864,0.97165923416834,-3.970620568019953,7.698650610139808,8.662277351377588,low,0.5,clean,0.0,full,1.0,100,100
282,56,outlier_stress,20316908,difficult,-26.166136046887118,0.7874539495190745,-112.97013812785065,21.067903021413144,114.91783432672808,none,0.0,high,0.3,full,1.0,100,100
283,56,overlap_stress,20316909,extreme,-41.7674010133159,1.3928219729905142,-248.00809237168352,-106.35287151963746,269.8498604081796,none,0.0,clean,0.0,low,0.4,100,40
284,56,combined_stress,20316910,easy,0.6708344313161687,1.045157161724103,-13.896206420015854,-18.892521524228762,23.452759377334193,low,0.5,high,0.3,low,0.4,100,40
285,57,geometric_only,20317906,moderate,-14.668893953863119,1.1013227451344672,-33.64300640129669,-24.63325582604292,41.69711227781808,none,0.0,clean,0.0,full,1.0,100,100
286,57,noise_stress,20317907,difficult,9.113273510500619,1.1165527744489592,-54.87021159074425,-29.707474407934612,62.396106895471725,moderate,2.0,clean,0.0,full,1.0,100,100
287,57,outlier_stress,20317908,extreme,-39.6777490358639,1.1201004980756424,-245.254505688987,178.21130297579504,303.1650393252493,none,0.0,severe,0.4,full,1.0,100,100
288,57,overlap_stress,20317909,easy,-3.8457873911763683,1.0323346102229072,-17.991031987249094,21.103038645823602,27.73112821457765,none,0.0,clean,0.0,high,0.8,100,80
289,57,combined_stress,20317910,moderate,-1.7647745344097014,1.1445448991029865,-39.08517028644092,-4.197324713316803,39.30989787660487,moderate,2.0,severe,0.4,high,0.8,100,80
290,58,geometric_only,20318906,difficult,-1.9974983828287982,0.7849123833484657,12.334862064876944,23.229115132372215,26.30096218758059,none,0.0,clean,0.0,full,1.0,100,100
291,58,noise_stress,20318907,extreme,37.17646837170068,1.3414572998159398,10.511506849641364,-61.23244575001851,62.128127195168354,high,5.0,clean,0.0,full,1.0,100,100
292,58,outlier_stress,20318908,easy,-2.9730916828730036,0.9628766044603085,-13.795073977392935,6.49808098720176,15.248905618370674,none,0.0,extreme,0.5,full,1.0,100,100
293,58,overlap_stress,20318909,moderate,-14.643566070190971,0.8534281448868052,14.769430914990124,-41.56873452486082,44.114575590738966,none,0.0,clean,0.0,moderate,0.6,100,60
294,58,combined_stress,20318910,difficult,-5.125928328952597,1.0723326372934188,-101.53714466013392,25.64784995442224,104.72632884340747,high,5.0,extreme,0.5,moderate,0.6,100,60
295,59,geometric_only,20319906,extreme,17.616687291187368,0.6347977532338227,-194.22416296390838,-174.09684607501714,260.8308595475218,none,0.0,clean,0.0,full,1.0,100,100
296,59,noise_stress,20319907,easy,-2.6061608277573276,0.9993718278700686,15.296872082394216,-23.382993880864156,27.942059665272744,severe,10.0,clean,0.0,full,1.0,100,100
297,59,outlier_stress,20319908,moderate,-7.082735155327886,1.059447339643913,-31.601007889675138,22.632767761257952,38.86985819601543,none,0.0,very_extreme,0.6,full,1.0,100,100
298,59,overlap_stress,20319909,difficult,-22.28928272131707,0.7601182662407532,122.26865465707954,70.43839173672916,141.1070194643381,none,0.0,clean,0.0,low,0.4,100,40
299,59,combined_stress,20319910,extreme,12.744507816136014,0.5396906887578055,-186.4299484610773,157.5682608529603,244.09810017987948,severe,10.0,very_extreme,0.6,low,0.4,100,40
300,60,geometric_only,20320906,easy,1.3116475883063696,1.0230118955752814,-0.6903080117332578,-23.348497389915558,23.358699782264353,none,0.0,clean,0.0,full,1.0,100,100
301,60,noise_stress,20320907,moderate,11.007282581055467,0.8814743965200976,71.97067034258754,16.513819679362385,73.8409346498533,low,0.5,clean,0.0,full,1.0,100,100
302,60,outlier_stress,20320908,difficult,10.36631309464304,0.9221774334011819,99.1021235074005,98.6972475228751,139.86556957402968,none,0.0,low,0.1,full,1.0,100,100
303,60,overlap_stress,20320909,extreme,-27.988827495487534,0.7054147186381385,9.711137918623592,129.8247652238685,130.187464316297,none,0.0,clean,0.0,high,0.8,100,80
304,60,combined_stress,20320910,easy,3.276470200997519,0.985673265633367,-3.485053365801427,-6.437071921898529,7.319937970377773,low,0.5,low,0.1,high,0.8,100,80
305,61,geometric_only,20321906,moderate,9.893744702467746,0.9648466521859929,-4.062852208872457,-54.521295036046325,54.6724645546435,none,0.0,clean,0.0,full,1.0,100,100
306,61,noise_stress,20321907,difficult,12.193366671953598,0.7319492770754713,14.579163644562016,-143.64104181440283,144.37901823361292,moderate,2.0,clean,0.0,full,1.0,100,100
307,61,outlier_stress,20321908,extreme,-43.74843912064566,1.0430561025413991,-64.51270425652416,7.668657421956652,64.96689400875711,none,0.0,moderate,0.2,full,1.0,100,100
308,61,overlap_stress,20321909,easy,-2.984794509533313,1.0467887832746694,-23.909017946293034,-6.103862444446644,24.675864238094853,none,0.0,clean,0.0,moderate,0.6,100,60
309,61,combined_stress,20321910,moderate,-13.600057579333592,0.8554794143219507,-60.414028345903006,48.093443889764885,77.2193898328492,moderate,2.0,moderate,0.2,moderate,0.6,100,60
310,62,geometric_only,20322906,difficult,19.930577497381734,0.8366774525404921,-24.489921582635034,-88.60051036490614,91.92283011333721,none,0.0,clean,0.0,full,1.0,100,100
311,62,noise_stress,20322907,extreme,16.838060256697382,1.2750339265465707,247.60540746160603,-208.6818878176478,323.8156390716256,high,5.0,clean,0.0,full,1.0,100,100
312,62,outlier_stress,20322908,easy,-3.3984819359453535,0.9872142063282391,7.147140279926198,-8.457479289130077,11.072965732224034,none,0.0,high,0.3,full,1.0,100,100
313,62,overlap_stress,20322909,moderate,-9.476492156217349,1.1350460431166165,-55.5574350059312,71.36185948578051,90.4386177122724,none,0.0,clean,0.0,low,0.4,100,40
314,62,combined_stress,20322910,difficult,-4.861228348170844,1.1931789044234073,16.470390257897407,-88.61446950764781,90.13211392932757,high,5.0,high,0.3,low,0.4,100,40
315,63,geometric_only,20323906,extreme,16.220477437146883,1.310832589354352,106.78027835609657,205.05800775768785,231.1943217108877,none,0.0,clean,0.0,full,1.0,100,100
316,63,noise_stress,20323907,easy,-1.2725798510784503,1.0012607836166008,9.784990352792434,15.618757793632085,18.43072519518383,severe,10.0,clean,0.0,full,1.0,100,100
317,63,outlier_stress,20323908,moderate,9.952435162952412,1.0851018918214763,59.689693125644936,29.378580512026517,66.52789233348136,none,0.0,severe,0.4,full,1.0,100,100
318,63,overlap_stress,20323909,difficult,23.14499089625999,1.260255349301997,-56.990240434321834,44.16458237593736,72.09991568096851,none,0.0,clean,0.0,high,0.8,100,80
319,63,combined_stress,20323910,extreme,-17.965140417901864,1.0012018921585748,38.95364032461305,179.38540171815254,183.56608740211868,severe,10.0,severe,0.4,high,0.8,100,80
320,64,geometric_only,20324906,easy,-4.606036417373267,0.989428224932243,-17.307345415947957,-20.11940853465346,26.53930679447414,none,0.0,clean,0.0,full,1.0,100,100
321,64,noise_stress,20324907,moderate,-6.251499050865773,1.0398344922737917,17.22735137933708,8.301535656364479,19.12320919200117,low,0.5,clean,0.0,full,1.0,100,100
322,64,outlier_stress,20324908,difficult,-26.79530181584627,1.2790790962695202,87.09329380574852,-137.6152836411591,162.85947352724403,none,0.0,extreme,0.5,full,1.0,100,100
323,64,overlap_stress,20324909,extreme,-10.02877210915591,1.285962489041482,-179.43785156404513,-2.512438638233874,179.455439933793,none,0.0,clean,0.0,moderate,0.6,100,60
324,64,combined_stress,20324910,easy,0.5382685367874611,1.043586425814221,-11.217027273205687,4.742983294911323,12.178570991033721,low,0.5,extreme,0.5,moderate,0.6,100,60
325,65,geometric_only,20325906,moderate,12.062610893663326,1.0250973264507917,61.28630468972719,44.43437568083647,75.6995699107187,none,0.0,clean,0.0,full,1.0,100,100
326,65,noise_stress,20325907,difficult,-9.925109697442657,0.7232859880213992,-73.69568299408387,-10.35818497988896,74.42006240283663,moderate,2.0,clean,0.0,full,1.0,100,100
327,65,outlier_stress,20325908,extreme,-21.831155068553322,1.4113794266188848,9.484873212065622,-38.434075031141646,39.58713103204608,none,0.0,very_extreme,0.6,full,1.0,100,100
328,65,overlap_stress,20325909,easy,-0.9004371100839741,1.0146075932729273,8.255974370065893,-22.574886349419497,24.03719215067333,none,0.0,clean,0.0,low,0.4,100,40
329,65,combined_stress,20325910,moderate,-2.684275815297463,0.96334226976016,59.64541041396012,41.31347372977446,72.55603417408167,moderate,2.0,very_extreme,0.6,low,0.4,100,40
330,66,geometric_only,20326906,difficult,25.98565655183075,1.1081958503332276,-122.54098685537957,76.41938245842758,144.41681160729777,none,0.0,clean,0.0,full,1.0,100,100
331,66,noise_stress,20326907,extreme,0.25957714161920364,1.1715584973609723,241.17297771795046,79.21846369796839,253.85029086453568,high,5.0,clean,0.0,full,1.0,100,100
332,66,outlier_stress,20326908,easy,-0.97130545734304,1.042847754794058,15.469011388984391,24.015902692529295,28.566657058353268,none,0.0,low,0.1,full,1.0,100,100
333,66,overlap_stress,20326909,moderate,-14.008543918570034,1.0611088789228669,10.820203237684751,39.36257533023662,40.822654675233416,none,0.0,clean,0.0,high,0.8,100,80
334,66,combined_stress,20326910,difficult,-7.047736958367949,0.9268271445480678,143.5776027492169,28.805891192833258,146.43874958024358,high,5.0,low,0.1,high,0.8,100,80
335,67,geometric_only,20327906,extreme,31.6714569559807,1.4482302706489882,169.89374885181297,72.7328849109141,184.80789606071266,none,0.0,clean,0.0,full,1.0,100,100
336,67,noise_stress,20327907,easy,-1.3900197152984006,0.9733922688429022,10.320020099552764,23.433602558296343,25.60540067476715,severe,10.0,clean,0.0,full,1.0,100,100
337,67,outlier_stress,20327908,moderate,8.891630103638526,0.9636852194018741,-52.89478610388497,-55.28514687354488,76.51343582538411,none,0.0,moderate,0.2,full,1.0,100,100
338,67,overlap_stress,20327909,difficult,26.483825677041246,0.9458103317405849,-82.67367389890342,-26.325030481292288,86.76372275198426,none,0.0,clean,0.0,moderate,0.6,100,60
339,67,combined_stress,20327910,extreme,-38.822243593661376,0.9870219652916161,43.54348760209939,90.83030575792532,100.72824706422912,severe,10.0,moderate,0.2,moderate,0.6,100,60
340,68,geometric_only,20328906,easy,-1.673659100056204,0.9521081274069759,-23.009389650940705,-22.422378068339384,32.127792491056155,none,0.0,clean,0.0,full,1.0,100,100
341,68,noise_stress,20328907,moderate,3.4286647461520623,0.9998052389000414,-27.379003812568953,53.470898393484816,60.07284598531222,low,0.5,clean,0.0,full,1.0,100,100
342,68,outlier_stress,20328908,difficult,-28.737190816481927,1.1391386097100489,-119.27800678484715,30.975501601139257,123.23442945057288,none,0.0,high,0.3,full,1.0,100,100
343,68,overlap_stress,20328909,extreme,33.083600304729856,1.3104526454321306,233.7127737935212,-7.949015145636395,233.84791526983338,none,0.0,clean,0.0,low,0.4,100,40
344,68,combined_stress,20328910,easy,-2.1793923259383483,0.995376042703137,16.751724018551606,16.746055708550756,23.68650753884169,low,0.5,high,0.3,low,0.4,100,40
345,69,geometric_only,20329906,moderate,-7.073006339405068,0.8930116256604304,7.106805681014961,47.40520661640471,47.93495907301609,none,0.0,clean,0.0,full,1.0,100,100
346,69,noise_stress,20329907,difficult,-21.31218346988696,1.0920472184625671,-29.340203546613637,145.08671540974268,148.02365531408952,moderate,2.0,clean,0.0,full,1.0,100,100
347,69,outlier_stress,20329908,extreme,-29.685820300573486,0.6210893056267173,57.80727603285749,83.05990117068268,101.19598976650484,none,0.0,severe,0.4,full,1.0,100,100
348,69,overlap_stress,20329909,easy,1.5753066109072726,1.0060300953129167,-18.286650694069863,4.547162705330649,18.843520962805112,none,0.0,clean,0.0,high,0.8,100,80
349,69,combined_stress,20329910,moderate,1.3109536367478682,1.0449966175648269,71.95246166303258,-43.44108570914843,84.04929902717663,moderate,2.0,severe,0.4,high,0.8,100,80
350,70,geometric_only,20330906,difficult,-20.875071248975907,1.1978005925107496,-136.1704387521086,-106.43012649481206,172.82870194398689,none,0.0,clean,0.0,full,1.0,100,100
351,70,noise_stress,20330907,extreme,3.4195293187320104,0.7754254991519388,-198.97976312258766,233.13556445764266,306.5047104814292,high,5.0,clean,0.0,full,1.0,100,100
352,70,outlier_stress,20330908,easy,-2.0177331476082427,0.9790718458353053,-6.248492687063123,3.51549180893554,7.169542769171142,none,0.0,extreme,0.5,full,1.0,100,100
353,70,overlap_stress,20330909,moderate,6.1659263638591995,1.140738273703982,26.22241183208746,-60.75264039871372,66.17022138172898,none,0.0,clean,0.0,moderate,0.6,100,60
354,70,combined_stress,20330910,difficult,-12.497638631872007,1.2113563476171016,50.721914909213126,2.3898441372213597,50.778184361570744,high,5.0,extreme,0.5,moderate,0.6,100,60
355,71,geometric_only,20331906,extreme,-31.900482159763246,0.765281982563152,-22.38827512216858,69.02120817510706,72.56143632052344,none,0.0,clean,0.0,full,1.0,100,100
356,71,noise_stress,20331907,easy,-1.4371824932159427,0.9689441592455961,20.722899703097077,1.1795611599604072,20.756443255883415,severe,10.0,clean,0.0,full,1.0,100,100
357,71,outlier_stress,20331908,moderate,-3.8126517757355955,1.0293278993036097,9.233098214848852,58.90097124853574,59.6202525713023,none,0.0,very_extreme,0.6,full,1.0,100,100
358,71,overlap_stress,20331909,difficult,-19.848400212904377,1.0552396669503636,-5.414689177089286,137.93435988606058,138.04059727508343,none,0.0,clean,0.0,low,0.4,100,40
359,71,combined_stress,20331910,extreme,-18.433333551409607,0.9864327912520118,227.52745451059104,-197.08850903334817,301.0193066051698,severe,10.0,very_extreme,0.6,low,0.4,100,40
360,72,geometric_only,20332906,easy,-1.2587324032856797,0.958907168721506,6.8232258127844005,-4.142742146114454,7.982400828161935,none,0.0,clean,0.0,full,1.0,100,100
361,72,noise_stress,20332907,moderate,7.434282400979271,0.9304552103052962,-64.97863342200809,-26.845701986924496,70.3058640268539,low,0.5,clean,0.0,full,1.0,100,100
362,72,outlier_stress,20332908,difficult,8.414495775080546,0.7705174926169646,-35.365053890064644,-103.6288288753327,109.49712877843037,none,0.0,low,0.1,full,1.0,100,100
363,72,overlap_stress,20332909,extreme,-9.877334720965116,0.7595254039845364,135.1737839031186,241.03910352346554,276.35448482353775,none,0.0,clean,0.0,high,0.8,100,80
364,72,combined_stress,20332910,easy,3.679773623490144,1.000885523677669,-8.731362689122069,7.595175267029404,11.572527025066226,low,0.5,low,0.1,high,0.8,100,80
365,73,geometric_only,20333906,moderate,-1.6304017350642486,0.855711429106189,58.38901561815021,-48.32572324892058,75.7934870050709,none,0.0,clean,0.0,full,1.0,100,100
366,73,noise_stress,20333907,difficult,10.920154893011507,0.9442255909615233,76.7391396287673,13.210630792942055,77.86794152223926,moderate,2.0,clean,0.0,full,1.0,100,100
367,73,outlier_stress,20333908,extreme,9.408339844119915,1.2861218981714369,49.47859968922438,-123.22469934296947,132.7872672938627,none,0.0,moderate,0.2,full,1.0,100,100
368,73,overlap_stress,20333909,easy,-4.6480527843926245,0.9719529162114037,4.795413156512161,-12.726328937797554,13.599832189210032,none,0.0,clean,0.0,moderate,0.6,100,60
369,73,combined_stress,20333910,moderate,5.384440860723785,0.9731852497778577,66.31669610038063,17.081970438928394,68.48136896811177,moderate,2.0,moderate,0.2,moderate,0.6,100,60
370,74,geometric_only,20334906,difficult,-17.941429148781438,0.8152074202655017,-130.23333543121984,101.21560279506454,164.94035257240387,none,0.0,clean,0.0,full,1.0,100,100
371,74,noise_stress,20334907,extreme,-34.409496326091585,1.1664532630450761,226.8561347363572,69.95124822315591,237.3960467141309,high,5.0,clean,0.0,full,1.0,100,100
372,74,outlier_stress,20334908,easy,0.7358958274216647,1.022336958485022,10.381203963196356,-22.06418738262503,24.384375337110306,none,0.0,high,0.3,full,1.0,100,100
373,74,overlap_stress,20334909,moderate,-13.835283958323624,0.8728323597963333,-12.734623170356357,58.912677734965655,60.27332930239456,none,0.0,clean,0.0,low,0.4,100,40
374,74,combined_stress,20334910,difficult,17.95999567273271,0.9918172433383501,44.05164677060549,147.55563880790703,153.9909546928381,high,5.0,high,0.3,low,0.4,100,40
375,75,geometric_only,20335906,extreme,3.590929431419738,0.5593189110170176,167.7475228233253,73.25068175429237,183.04342050680398,none,0.0,clean,0.0,full,1.0,100,100
376,75,noise_stress,20335907,easy,3.077031203767959,1.0174736442622814,-16.449755352222834,-13.28559638304559,21.144775297959015,severe,10.0,clean,0.0,full,1.0,100,100
377,75,outlier_stress,20335908,moderate,13.843814665587196,0.9477911396171487,28.033973103128943,-9.024345079836223,29.45067829553203,none,0.0,severe,0.4,full,1.0,100,100
378,75,overlap_stress,20335909,difficult,-8.782367675294768,1.2209534292726458,92.07310289495788,133.85866226943858,162.4672205131519,none,0.0,clean,0.0,high,0.8,100,80
379,75,combined_stress,20335910,extreme,38.134550868840634,1.1041199032546625,-72.03946378579573,229.27838250108596,240.3294843019875,severe,10.0,severe,0.4,high,0.8,100,80
380,76,geometric_only,20336906,easy,1.3228494260345531,1.043897301116356,-16.778650262865202,7.9869524192520345,18.582640113582958,none,0.0,clean,0.0,full,1.0,100,100
381,76,noise_stress,20336907,moderate,-1.6733570847494477,0.8844730666624233,54.90878950436391,-51.86350548413022,75.5301156224254,low,0.5,clean,0.0,full,1.0,100,100
382,76,outlier_stress,20336908,difficult,21.42703649057264,1.119211139670652,-79.79315732073586,-55.51298514714033,97.2041124395379,none,0.0,extreme,0.5,full,1.0,100,100
383,76,overlap_stress,20336909,extreme,7.397706235748707,0.5871513017640507,-162.5008953741791,156.43966321811513,225.56575366222415,none,0.0,clean,0.0,moderate,0.6,100,60
384,76,combined_stress,20336910,easy,-1.361490992018778,1.0026692769278298,2.4612709717668224,-7.00790959956748,7.427560282634671,low,0.5,extreme,0.5,moderate,0.6,100,60
385,77,geometric_only,20337906,moderate,4.262565504102476,1.024159126542398,1.2262281438585063,-39.2682190400539,39.28736007978193,none,0.0,clean,0.0,full,1.0,100,100
386,77,noise_stress,20337907,difficult,-10.188676676600362,1.076025050247556,-73.27949461860379,67.22104316847648,99.4412036140762,moderate,2.0,clean,0.0,full,1.0,100,100
387,77,outlier_stress,20337908,extreme,-15.828379329154512,0.6004543281238466,-26.46627197526368,-75.37061466564532,79.88237044145484,none,0.0,very_extreme,0.6,full,1.0,100,100
388,77,overlap_stress,20337909,easy,1.6886039899627203,0.9790592901620983,7.590596495739476,-12.920121434197778,14.984882149538223,none,0.0,clean,0.0,low,0.4,100,40
389,77,combined_stress,20337910,moderate,-6.464101108306862,0.9966286297049624,64.07390291886409,-33.589498751982624,72.34445010963496,moderate,2.0,very_extreme,0.6,low,0.4,100,40
390,78,geometric_only,20338906,difficult,27.67280963221006,0.8898042400219907,-23.355189805082972,19.258441994096813,30.271314455626854,none,0.0,clean,0.0,full,1.0,100,100
391,78,noise_stress,20338907,extreme,-15.484585081860551,1.134056441346094,76.9979865235714,-40.150768341175024,86.83763082368603,high,5.0,clean,0.0,full,1.0,100,100
392,78,outlier_stress,20338908,easy,3.16252519451486,1.0059374443100828,21.704081751981406,-16.992183667995114,27.564496558137463,none,0.0,low,0.1,full,1.0,100,100
393,78,overlap_stress,20338909,moderate,2.9678523445811393,0.9844653430234296,-29.16868532361996,43.33298507891243,52.23561811022829,none,0.0,clean,0.0,high,0.8,100,80
394,78,combined_stress,20338910,difficult,17.451374078749296,0.9532335795737711,29.96613191467077,121.68494157489329,125.32036573523332,high,5.0,low,0.1,high,0.8,100,80
395,79,geometric_only,20339906,extreme,-39.315984503244295,0.961986517893982,-95.74741194807086,-93.38564631706365,133.74769468222354,none,0.0,clean,0.0,full,1.0,100,100
396,79,noise_stress,20339907,easy,-2.2319582829234452,0.9895616918249286,-11.082796630506053,-0.2513300074598881,11.085646031053225,severe,10.0,clean,0.0,full,1.0,100,100
397,79,outlier_stress,20339908,moderate,12.051378278464767,1.0064438321291187,-42.20803965601888,-50.39813869703889,65.73804831092897,none,0.0,moderate,0.2,full,1.0,100,100
398,79,overlap_stress,20339909,difficult,12.200373205235472,1.2697827595309503,138.63419273013767,23.642621113574847,140.6357455523204,none,0.0,clean,0.0,moderate,0.6,100,60
399,79,combined_stress,20339910,extreme,43.681614444688705,1.0949337260323593,111.1784618761011,82.17800235057973,138.25293651661636,severe,10.0,moderate,0.2,moderate,0.6,100,60
400,80,geometric_only,20340906,easy,1.9789085345845372,1.0240729680488099,-0.605624766568706,-8.140094698263972,8.16259291246272,none,0.0,clean,0.0,full,1.0,100,100
401,80,noise_stress,20340907,moderate,8.8282343671431,0.9876351649831137,-64.33648460767398,-61.50684925126459,89.00716688273624,low,0.5,clean,0.0,full,1.0,100,100
402,80,outlier_stress,20340908,difficult,18.1981818239274,1.0161510597325392,-58.57657399227327,73.21151608674654,93.76108525604965,none,0.0,high,0.3,full,1.0,100,100
403,80,overlap_stress,20340909,extreme,-6.200336968968216,0.9743385461860574,128.5981699503763,151.12063452144832,198.43118578678863,none,0.0,clean,0.0,low,0.4,100,40
404,80,combined_stress,20340910,easy,4.445378908698597,0.976768479441566,20.81125316108993,0.24217117452390724,20.812662131806828,low,0.5,high,0.3,low,0.4,100,40
405,81,geometric_only,20341906,moderate,-2.353506737324336,0.8760015461768847,13.13121117597801,-65.23120109118369,66.53974979473979,none,0.0,clean,0.0,full,1.0,100,100
406,81,noise_stress,20341907,difficult,27.64612633829438,0.9292306896791015,28.262636126682537,105.85008322813312,109.55828001676537,moderate,2.0,clean,0.0,full,1.0,100,100
407,81,outlier_stress,20341908,extreme,30.555044818506445,1.3371918223403751,189.7660702120475,129.41547898791475,229.69442223396535,none,0.0,severe,0.4,full,1.0,100,100
408,81,overlap_stress,20341909,easy,-4.125978116180553,1.0155239656146982,9.41340945618024,-2.4896707083750194,9.737080559687495,none,0.0,clean,0.0,high,0.8,100,80
409,81,combined_stress,20341910,moderate,-13.770704799963983,0.8824757912176313,53.73435396179846,35.35175867867622,64.3205071292757,moderate,2.0,severe,0.4,high,0.8,100,80
410,82,geometric_only,20342906,difficult,26.34702381032885,0.7749400259251181,-143.46935212075283,-122.93563273896011,188.93550432588643,none,0.0,clean,0.0,full,1.0,100,100
411,82,noise_stress,20342907,extreme,10.12230393609893,0.7593847640369242,173.6341146081702,240.77146799834514,296.8496345927367,high,5.0,clean,0.0,full,1.0,100,100
412,82,outlier_stress,20342908,easy,1.0194362804953174,1.038753619768462,-10.831341183909615,2.815853296492101,11.191379791143806,none,0.0,extreme,0.5,full,1.0,100,100
413,82,overlap_stress,20342909,moderate,11.905657982217758,0.8709764018724423,69.4481044534011,-64.23109933723286,94.59742773585329,none,0.0,clean,0.0,moderate,0.6,100,60
414,82,combined_stress,20342910,difficult,25.382943493785618,1.09155588523042,89.01186576801967,134.3591266119168,161.16912592497684,high,5.0,extreme,0.5,moderate,0.6,100,60
415,83,geometric_only,20343906,extreme,27.56176353761795,0.9500213119055226,-207.21794965561196,27.36478077839098,209.01700860581929,none,0.0,clean,0.0,full,1.0,100,100
416,83,noise_stress,20343907,easy,3.3068626123732177,1.0073668280370411,-22.51288515997637,-15.791527341791495,27.49913333203126,severe,10.0,clean,0.0,full,1.0,100,100
417,83,outlier_stress,20343908,moderate,7.045371007324562,1.0252440752227086,56.35899764063555,55.76499128976124,79.28474549750608,none,0.0,very_extreme,0.6,full,1.0,100,100
418,83,overlap_stress,20343909,difficult,14.629168948902702,0.9141900520011949,7.20113380968678,96.07609817264517,96.34559132739166,none,0.0,clean,0.0,low,0.4,100,40
419,83,combined_stress,20343910,extreme,-25.044019858207278,1.1623724373831892,-97.03812867868206,-105.06771806794728,143.02315825580874,severe,10.0,very_extreme,0.6,low,0.4,100,40
420,84,geometric_only,20344906,easy,1.2977928909072558,0.9716094521868124,9.341889352609378,-6.104549813686983,11.159588930788725,none,0.0,clean,0.0,full,1.0,100,100
421,84,noise_stress,20344907,moderate,13.182734020584185,1.0450546127700016,51.95540472269467,55.06607884795707,75.7075763684747,low,0.5,clean,0.0,full,1.0,100,100
422,84,outlier_stress,20344908,difficult,17.62716543118904,1.0961417600949726,119.73705653873407,92.7180872819601,151.4384575257724,none,0.0,low,0.1,full,1.0,100,100
423,84,overlap_stress,20344909,extreme,-30.431552456052415,0.6898111800522876,-225.25262762818343,114.87801084055803,252.85510401825871,none,0.0,clean,0.0,high,0.8,100,80
424,84,combined_stress,20344910,easy,4.894304448949114,0.9980840228665736,-23.129119093335316,22.43283053202562,32.22092543227567,low,0.5,low,0.1,high,0.8,100,80
425,85,geometric_only,20345906,moderate,-8.794777723639173,0.9237883833534032,72.45508517654821,2.2678184622965176,72.49056744514274,none,0.0,clean,0.0,full,1.0,100,100
426,85,noise_stress,20345907,difficult,-27.65680363679809,1.202071436866138,-5.515176611606819,-83.91999641685697,84.10102836269306,moderate,2.0,clean,0.0,full,1.0,100,100
427,85,outlier_stress,20345908,extreme,-2.742556915443089,0.6945717109976558,-91.91611489058198,233.07772534121494,250.54699803991565,none,0.0,moderate,0.2,full,1.0,100,100
428,85,overlap_stress,20345909,easy,-4.754742288799008,1.025712279111965,-19.33297646015645,12.6616753756186,23.11021423800545,none,0.0,clean,0.0,moderate,0.6,100,60
429,85,combined_stress,20345910,moderate,-8.695420361758837,1.102679841117297,-32.67061480703691,14.481326745486712,35.73622666397963,moderate,2.0,moderate,0.2,moderate,0.6,100,60
430,86,geometric_only,20346906,difficult,15.006324395562537,1.009530096463283,71.27260856012566,-100.38462993691273,123.11319449407449,none,0.0,clean,0.0,full,1.0,100,100
431,86,noise_stress,20346907,extreme,-4.131210483307235,1.3341919895622647,-77.64832695387025,115.95399042171442,139.5513904389855,high,5.0,clean,0.0,full,1.0,100,100
432,86,outlier_stress,20346908,easy,-4.146407847093666,1.001800250738548,19.461283320118888,6.2291727562609545,20.43389687977507,none,0.0,high,0.3,full,1.0,100,100
433,86,overlap_stress,20346909,moderate,-11.07336139082209,1.142134997551315,30.004938223835197,3.026516369768146,30.157190173367297,none,0.0,clean,0.0,low,0.4,100,40
434,86,combined_stress,20346910,difficult,-12.126809772454415,0.7961153522612929,41.53632582606565,-84.333221721118,94.00722657855798,high,5.0,high,0.3,low,0.4,100,40
435,87,geometric_only,20347906,extreme,-17.84827907676216,0.9974316712604918,-142.3157720753081,160.87529929504126,214.789759776066,none,0.0,clean,0.0,full,1.0,100,100
436,87,noise_stress,20347907,easy,-2.6237052370446747,0.9890631690159692,7.361809677699284,20.259971429866084,21.556035908061965,severe,10.0,clean,0.0,full,1.0,100,100
437,87,outlier_stress,20347908,moderate,7.812262564643362,0.8952033841525466,60.77016751374066,-47.183077922890426,76.93670191739214,none,0.0,severe,0.4,full,1.0,100,100
438,87,overlap_stress,20347909,difficult,2.115138600547475,0.8409623844097291,-75.69695620592,-71.23024895267478,103.9412215855721,none,0.0,clean,0.0,high,0.8,100,80
439,87,combined_stress,20347910,extreme,23.13344119281311,1.3969108022555061,-76.36282735327148,-221.98885319324447,234.75589948590726,severe,10.0,severe,0.4,high,0.8,100,80
440,88,geometric_only,20348906,easy,-3.4116571319121833,0.9543083933302636,14.221306808495605,20.03826919154087,24.571890434682054,none,0.0,clean,0.0,full,1.0,100,100
441,88,noise_stress,20348907,moderate,-9.098029944410182,0.9118946855088932,29.037273989877605,-21.160566849271476,35.92955427145888,low,0.5,clean,0.0,full,1.0,100,100
442,88,outlier_stress,20348908,difficult,-22.216830355585163,1.1248859644849278,-34.39022144241079,33.94546829240758,48.32165299789422,none,0.0,extreme,0.5,full,1.0,100,100
443,88,overlap_stress,20348909,extreme,-38.23238371217668,1.4474301256791788,-118.82753175092202,224.9954710662696,254.4463485734251,none,0.0,clean,0.0,moderate,0.6,100,60
444,88,combined_stress,20348910,easy,-4.685303816209041,1.012200347325314,-4.693344511433679,-19.113247497822694,19.681049581158778,low,0.5,extreme,0.5,moderate,0.6,100,60
445,89,geometric_only,20349906,moderate,7.912890809971248,1.1439067454694378,-23.534045415428487,74.36737639640941,78.0022946181757,none,0.0,clean,0.0,full,1.0,100,100
446,89,noise_stress,20349907,difficult,-4.807628386749613,0.9912332749339327,34.560614209203294,-116.70043476227025,121.71042489540605,moderate,2.0,clean,0.0,full,1.0,100,100
447,89,outlier_stress,20349908,extreme,34.35245642214727,1.4711011164341832,-35.4072365180148,-206.7035415676557,209.7141542539611,none,0.0,very_extreme,0.6,full,1.0,100,100
448,89,overlap_stress,20349909,easy,-3.388247352677344,1.0287321515858534,-3.4426175300634902,6.514952562628629,7.368597040929961,none,0.0,clean,0.0,low,0.4,100,40
449,89,combined_stress,20349910,moderate,8.517307311617728,1.1471626800652246,-48.43703918067165,44.536458350741356,65.8000219378173,moderate,2.0,very_extreme,0.6,low,0.4,100,40
450,90,geometric_only,20350906,difficult,-6.975396753395103,0.9421381034161765,93.54316404186417,-65.16607800966665,114.00412826790559,none,0.0,clean,0.0,full,1.0,100,100
451,90,noise_stress,20350907,extreme,-16.21362327727554,0.7237749948367839,232.49786910544503,115.94818034731969,259.8061578647189,high,5.0,clean,0.0,full,1.0,100,100
452,90,outlier_stress,20350908,easy,0.9907964648363734,1.0190404504874855,-3.126557917730654,18.716066853753695,18.97541891203201,none,0.0,low,0.1,full,1.0,100,100
453,90,overlap_stress,20350909,moderate,3.4154617166191237,1.0686030445859973,-55.828345574612676,-55.360702878750516,78.62322553054962,none,0.0,clean,0.0,high,0.8,100,80
454,90,combined_stress,20350910,difficult,-0.2819815807705801,0.8537281448081101,147.8493641093001,-17.167633344406653,148.84274286028318,high,5.0,low,0.1,high,0.8,100,80
455,91,geometric_only,20351906,extreme,16.642533161786865,0.7126519241853613,-188.59428658793394,-191.8013217779419,268.98987335841724,none,0.0,clean,0.0,full,1.0,100,100
456,91,noise_stress,20351907,easy,1.69764412653287,0.9883079783082989,-7.403670392509177,-14.900180109081829,16.638200099890454,severe,10.0,clean,0.0,full,1.0,100,100
457,91,outlier_stress,20351908,moderate,-7.064527434782427,1.0984815813468778,67.26767092562952,3.611606671282601,67.36455488242193,none,0.0,moderate,0.2,full,1.0,100,100
458,91,overlap_stress,20351909,difficult,21.051913811851932,1.0780728346104473,-132.82767482724324,-123.6723957826901,181.48843676290292,none,0.0,clean,0.0,moderate,0.6,100,60
459,91,combined_stress,20351910,extreme,-29.549441027040835,1.144300069950003,-199.4431015808033,232.3856340792803,306.2362383758653,severe,10.0,moderate,0.2,moderate,0.6,100,60
460,92,geometric_only,20352906,easy,-0.3777895272741203,1.0050556089306133,-12.232850192265603,-8.171759278928608,14.711229504673238,none,0.0,clean,0.0,full,1.0,100,100
461,92,noise_stress,20352907,moderate,-8.780331227702542,1.0444164682440067,-46.97695086019631,8.330314498565656,47.70983181448361,low,0.5,clean,0.0,full,1.0,100,100
462,92,outlier_stress,20352908,difficult,28.096065420009523,1.1746935364344313,-20.65209490560673,-93.83310951851428,96.07893351772637,none,0.0,high,0.3,full,1.0,100,100
463,92,overlap_stress,20352909,extreme,15.696754432539208,1.3384803429518681,-178.06765602234907,-50.11569990104135,184.98560348812248,none,0.0,clean,0.0,low,0.4,100,40
464,92,combined_stress,20352910,easy,-0.5551054814555902,1.04003562398114,-16.214198859287308,-23.65701876230525,28.680215852893724,low,0.5,high,0.3,low,0.4,100,40
465,93,geometric_only,20353906,moderate,1.5632289951627243,1.0778230696340787,-14.928966582442243,41.43644955145578,44.043766808142294,none,0.0,clean,0.0,full,1.0,100,100
466,93,noise_stress,20353907,difficult,3.7261600513944586,1.134837711953116,118.57856240194326,114.33306514985475,164.72074929368335,moderate,2.0,clean,0.0,full,1.0,100,100
467,93,outlier_stress,20353908,extreme,-11.534172477444478,0.6938657291418819,-42.71119825834651,-189.91162118515697,194.6552601853809,none,0.0,severe,0.4,full,1.0,100,100
468,93,overlap_stress,20353909,easy,-3.0873655624657834,0.9908754844869626,-6.2378794664968,5.0909112471056055,8.05161583562261,none,0.0,clean,0.0,high,0.8,100,80
469,93,combined_stress,20353910,moderate,0.7065568260748574,0.9252643297616492,-61.939460201179514,22.292500977657582,65.82896269767863,moderate,2.0,severe,0.4,high,0.8,100,80
470,94,geometric_only,20354906,difficult,-19.757949833181236,0.7783135014401408,6.478372459663319,-87.43722803697199,87.67689636680558,none,0.0,clean,0.0,full,1.0,100,100
471,94,noise_stress,20354907,extreme,16.909342922191897,1.1070920487220652,118.83087111992734,7.841227967895804,119.08929753409956,high,5.0,clean,0.0,full,1.0,100,100
472,94,outlier_stress,20354908,easy,4.054350754430832,1.0422268156868641,7.224999033208931,20.72701530727943,21.950165707303118,none,0.0,extreme,0.5,full,1.0,100,100
473,94,overlap_stress,20354909,moderate,14.257523498829102,0.8640040996295889,12.519845261876952,-59.54619938375943,60.84814201297994,none,0.0,clean,0.0,moderate,0.6,100,60
474,94,combined_stress,20354910,difficult,-28.063061428985286,1.2992921062435068,51.73241110354263,-1.7518697559875136,51.76206532034715,high,5.0,extreme,0.5,moderate,0.6,100,60
475,95,geometric_only,20355906,extreme,5.50091158159384,0.6800340384173518,83.46060180526518,-21.69640830865677,86.23459971028441,none,0.0,clean,0.0,full,1.0,100,100
476,95,noise_stress,20355907,easy,1.093926878717502,1.0053265707933177,6.680957201626729,-23.1397527369574,24.084919469607858,severe,10.0,clean,0.0,full,1.0,100,100
477,95,outlier_stress,20355908,moderate,-2.931475519224051,0.8822479890364697,22.79747255275784,-14.582171535598746,27.062233490371288,none,0.0,very_extreme,0.6,full,1.0,100,100
478,95,overlap_stress,20355909,difficult,-13.855606014076574,1.259029861923116,-31.47330346363107,65.81396153701465,72.95235680983484,none,0.0,clean,0.0,low,0.4,100,40
479,95,combined_stress,20355910,extreme,-39.38666349637558,0.6540452469571106,78.89974785091226,50.630107148899754,93.74741575556418,severe,10.0,very_extreme,0.6,low,0.4,100,40
480,96,geometric_only,20356906,easy,4.3069026546229665,1.036492276211407,-18.843259438099064,14.566134097391426,23.816815252982472,none,0.0,clean,0.0,full,1.0,100,100
481,96,noise_stress,20356907,moderate,4.929016454650519,0.9336884987846104,-28.65920745470177,57.60191601795023,64.33763207385414,low,0.5,clean,0.0,full,1.0,100,100
482,96,outlier_stress,20356908,difficult,-18.099367584864083,1.2467196049777791,55.64564843301366,124.02564665461227,135.93674712021505,none,0.0,low,0.1,full,1.0,100,100
483,96,overlap_stress,20356909,extreme,-40.3376929984486,1.2258863269412332,-141.31600687347571,89.95217603664548,167.5159925869524,none,0.0,clean,0.0,high,0.8,100,80
484,96,combined_stress,20356910,easy,3.62400628278467,1.0466581078857808,-10.795030643305386,-9.63709477684665,14.470877040726567,low,0.5,low,0.1,high,0.8,100,80
485,97,geometric_only,20357906,moderate,-7.356350427308048,0.9333455168786171,62.962653687917765,70.68408145345802,94.66010316043266,none,0.0,clean,0.0,full,1.0,100,100
486,97,noise_stress,20357907,difficult,-12.152746151568373,0.8347801389110112,-143.10758194591423,75.61642287453137,161.85679911188936,moderate,2.0,clean,0.0,full,1.0,100,100
487,97,outlier_stress,20357908,extreme,-40.181707416172515,1.0225361925741776,92.29296837874739,-164.2686277094581,188.42020608657927,none,0.0,moderate,0.2,full,1.0,100,100
488,97,overlap_stress,20357909,easy,-3.149713349044233,1.023612973046654,-5.914434198388861,15.820071043331978,16.889499095684947,none,0.0,clean,0.0,moderate,0.6,100,60
489,97,combined_stress,20357910,moderate,-11.30265133801782,0.9215795508091176,-51.644519739971145,-28.051073193051366,58.770903740322,moderate,2.0,moderate,0.2,moderate,0.6,100,60
490,98,geometric_only,20358906,difficult,-7.4377472190710705,1.150927289469807,-73.67210866039781,102.67233612502343,126.36925338008156,none,0.0,clean,0.0,full,1.0,100,100
491,98,noise_stress,20358907,extreme,-20.526593876997467,1.0034752680257566,206.9211523420517,-125.48290006079132,241.99653198802068,high,5.0,clean,0.0,full,1.0,100,100
492,98,outlier_stress,20358908,easy,-2.8901401371116977,1.0393307355228691,-7.7401555763109755,4.411596728124778,8.909107364775616,none,0.0,high,0.3,full,1.0,100,100
493,98,overlap_stress,20358909,moderate,-3.9204085316058386,0.9735903831557935,9.732466899571776,-39.972524664467116,41.1402921720628,none,0.0,clean,0.0,low,0.4,100,40
494,98,combined_stress,20358910,difficult,11.947775717984513,0.7576905000215969,9.348415004055681,80.71831548785312,81.25785696340165,high,5.0,high,0.3,low,0.4,100,40
495,99,geometric_only,20359906,extreme,39.574522076840225,0.5912549223391234,188.01828648918297,-110.32396744009165,217.9959950229611,none,0.0,clean,0.0,full,1.0,100,100
496,99,noise_stress,20359907,easy,4.931640009734993,0.9935560456745511,-14.09526874251541,-15.695430760141004,21.09557175499428,severe,10.0,clean,0.0,full,1.0,100,100
497,99,outlier_stress,20359908,moderate,-9.502220235761238,0.90878872341054,67.39005914749049,-24.53608209170239,71.71777601343355,none,0.0,severe,0.4,full,1.0,100,100
498,99,overlap_stress,20359909,difficult,0.8203177953192906,1.1115459257763318,137.0544208376255,104.81888318318585,172.54249489012068,none,0.0,clean,0.0,high,0.8,100,80
499,99,combined_stress,20359910,extreme,-32.21195831312758,0.5823639470041159,-156.43983310553438,-138.52979082522637,208.95914511733727,severe,10.0,severe,0.4,high,0.8,100,80
500,100,geometric_only,20360906,easy,-4.2462579602274895,1.0342610073437841,4.974493842607195,-15.051843834064616,15.852557894396913,none,0.0,clean,0.0,full,1.0,100,100
501,100,noise_stress,20360907,moderate,1.857827777962914,0.9473849905313205,4.289766744435724,-42.72719788147253,42.9420020204482,low,0.5,clean,0.0,full,1.0,100,100
502,100,outlier_stress,20360908,difficult,25.317069884173357,0.9255997062368886,23.895922140616875,-120.9855797646419,123.32285111015294,none,0.0,extreme,0.5,full,1.0,100,100
503,100,overlap_stress,20360909,extreme,15.12425414625158,0.7850632216339514,-207.79390548597803,-230.12285097069235,310.0561782903141,none,0.0,clean,0.0,moderate,0.6,100,60
504,100,combined_stress,20360910,easy,4.355192046565161,1.0161173058171182,7.4494381411224495,18.82108440594279,20.241722921580386,low,0.5,extreme,0.5,moderate,0.6,100,60
505,101,geometric_only,20361906,moderate,14.347524647256908,1.0215061979989986,-57.2847410267986,-68.66947494676018,89.42616140688979,none,0.0,clean,0.0,full,1.0,100,100
506,101,noise_stress,20361907,difficult,25.216442750263795,1.17906630315879,131.69467807269206,8.148646503760517,131.94653717515,moderate,2.0,clean,0.0,full,1.0,100,100
507,101,outlier_stress,20361908,extreme,-7.239233708532517,1.3280648084405848,-85.67276626422583,209.33542557623366,226.18829165221513,none,0.0,very_extreme,0.6,full,1.0,100,100
508,101,overlap_stress,20361909,easy,-4.625060066841749,1.0387032679621417,-2.5414530313568378,9.523909006906635,9.857171312421743,none,0.0,clean,0.0,low,0.4,100,40
509,101,combined_stress,20361910,moderate,3.201036187395072,1.0094099820187512,-49.755751187229436,-28.09778017720091,57.14122878528067,moderate,2.0,very_extreme,0.6,low,0.4,100,40
510,102,geometric_only,20362906,difficult,-28.978867056616725,1.0595043985489332,123.99107275732285,35.66393319202922,129.01822450428176,none,0.0,clean,0.0,full,1.0,100,100
511,102,noise_stress,20362907,extreme,40.87958517689336,1.0812801589459242,-31.96825329413926,-178.38829774451096,181.2301133665775,high,5.0,clean,0.0,full,1.0,100,100
512,102,outlier_stress,20362908,easy,-1.0545522466779236,0.9650058481973756,-14.48457618032742,16.67126350718098,22.084699999084723,none,0.0,low,0.1,full,1.0,100,100
513,102,overlap_stress,20362909,moderate,-1.316619012935881,0.9835002455012994,37.39882336917809,52.07045358864555,64.10931388126278,none,0.0,clean,0.0,high,0.8,100,80
514,102,combined_stress,20362910,difficult,-17.667826817419005,0.7275301196876032,-138.92394616998473,6.574711790846607,139.07943649071026,high,5.0,low,0.1,high,0.8,100,80
515,103,geometric_only,20363906,extreme,1.2967524444318812,1.323444553905078,-150.2958191427277,-202.3416339903843,252.0535064181456,none,0.0,clean,0.0,full,1.0,100,100
516,103,noise_stress,20363907,easy,2.4077640862864467,1.0032087593080852,13.377202130637997,-22.106922837166604,25.839225494824415,severe,10.0,clean,0.0,full,1.0,100,100
517,103,outlier_stress,20363908,moderate,-5.332826223938145,0.8549659048310999,46.463559211470894,17.261423210099196,49.56630978634594,none,0.0,moderate,0.2,full,1.0,100,100
518,103,overlap_stress,20363909,difficult,7.399382774629302,0.7786555756489547,-139.67910066332294,3.220186354047229,139.71621510143157,none,0.0,clean,0.0,moderate,0.6,100,60
519,103,combined_stress,20363910,extreme,7.098334308289317,0.5740634184025702,-183.60676918314812,-174.59094463728582,253.36425091005563,severe,10.0,moderate,0.2,moderate,0.6,100,60
520,104,geometric_only,20364906,easy,-3.7794125046801517,0.9716535769333078,-0.6009484447326514,-0.8582254403409912,1.0477069913268122,none,0.0,clean,0.0,full,1.0,100,100
521,104,noise_stress,20364907,moderate,-5.2464040658667415,0.9624464485637665,64.15002252217624,47.95935119945254,80.09572246423743,low,0.5,clean,0.0,full,1.0,100,100
522,104,outlier_stress,20364908,difficult,-21.80888325888951,1.2480741699915616,-102.41208185059693,-132.8767962800843,167.7631589432924,none,0.0,high,0.3,full,1.0,100,100
523,104,overlap_stress,20364909,extreme,-0.8716959121038244,1.337263382467187,-60.84700244663915,211.94687579628106,220.50813106673755,none,0.0,clean,0.0,low,0.4,100,40
524,104,combined_stress,20364910,easy,3.151033357833846,1.0259737429089615,14.980840148389674,-6.437225101898292,16.305319333398945,low,0.5,high,0.3,low,0.4,100,40
525,105,geometric_only,20365906,moderate,2.823242129914643,0.8622332102088142,24.57918213145615,-49.69901327978289,55.444820454532355,none,0.0,clean,0.0,full,1.0,100,100
526,105,noise_stress,20365907,difficult,4.356472419379742,1.0596628601588631,107.19009887082217,112.071667547343,155.07990186603422,moderate,2.0,clean,0.0,full,1.0,100,100
527,105,outlier_stress,20365908,extreme,20.329383556246896,0.5253981916796244,-95.7125846294334,35.70539742308591,102.15563744398524,none,0.0,severe,0.4,full,1.0,100,100
528,105,overlap_stress,20365909,easy,3.8656592725623486,1.015645194829048,-13.341896378902984,21.245730410162288,25.087591746651952,none,0.0,clean,0.0,high,0.8,100,80
529,105,combined_stress,20365910,moderate,-6.203349055708461,1.1073482635450493,-18.098969141404133,4.6659863565285065,18.69074938735227,moderate,2.0,severe,0.4,high,0.8,100,80
530,106,geometric_only,20366906,difficult,-22.934854365302318,0.981476801024762,-18.019098692905146,-142.0463312578868,143.18466447748506,none,0.0,clean,0.0,full,1.0,100,100
531,106,noise_stress,20366907,extreme,25.988620125314114,1.483343135352953,-197.53909228039245,-172.0464397746602,261.9573828280035,high,5.0,clean,0.0,full,1.0,100,100
532,106,outlier_stress,20366908,easy,-2.874565781703252,0.9590230786179784,-16.06483349090329,-1.5439737342966318,16.138857765735647,none,0.0,extreme,0.5,full,1.0,100,100
533,106,overlap_stress,20366909,moderate,-0.41904073909566364,1.0399374063368478,13.51364348178538,-24.476398054669488,27.95912412582749,none,0.0,clean,0.0,moderate,0.6,100,60
534,106,combined_stress,20366910,difficult,21.800341090869367,1.2368178077089773,-10.371789072628047,113.28214244862374,113.75595723441198,high,5.0,extreme,0.5,moderate,0.6,100,60
535,107,geometric_only,20367906,extreme,4.02473408485217,0.6392155000856258,21.59038667668017,97.88882755351233,100.24154506316152,none,0.0,clean,0.0,full,1.0,100,100
536,107,noise_stress,20367907,easy,-0.20768441436737284,0.9603274142516055,-20.09841344507209,13.816756301277053,24.389525983461297,severe,10.0,clean,0.0,full,1.0,100,100
537,107,outlier_stress,20367908,moderate,-0.29210054739503377,1.092475414751545,13.562922496860836,25.7504740981951,29.103947892642854,none,0.0,very_extreme,0.6,full,1.0,100,100
538,107,overlap_stress,20367909,difficult,8.60148593546149,1.2512039859981194,149.07230903452768,26.94574617099522,151.48804097220818,none,0.0,clean,0.0,low,0.4,100,40
539,107,combined_stress,20367910,extreme,-14.648001204578534,1.0765799135893255,114.39309312756268,115.77088389430219,162.75342488856947,severe,10.0,very_extreme,0.6,low,0.4,100,40
540,108,geometric_only,20368906,easy,1.8437229494289902,0.9864271342577211,24.206522696898148,6.705864855870885,25.11820782899627,none,0.0,clean,0.0,full,1.0,100,100
541,108,noise_stress,20368907,moderate,-7.8469411445660455,0.9755081362052442,-39.64141703191712,-62.60298872432706,74.09842199073196,low,0.5,clean,0.0,full,1.0,100,100
542,108,outlier_stress,20368908,difficult,-16.90203636101253,1.155448414071095,-74.23755132974266,-135.5577935354084,154.554616287009,none,0.0,low,0.1,full,1.0,100,100
543,108,overlap_stress,20368909,extreme,-17.583856695768986,0.6794513292654654,-123.57194042437297,0.02800098667870543,123.5719435968377,none,0.0,clean,0.0,high,0.8,100,80
544,108,combined_stress,20368910,easy,0.9636677644006006,1.0454464533034789,-3.6883633427671825,10.88304980127846,11.491074672343567,low,0.5,low,0.1,high,0.8,100,80
545,109,geometric_only,20369906,moderate,-1.6521176749787365,1.0736719011563458,-28.48233114572573,45.767707820864956,53.90664399376798,none,0.0,clean,0.0,full,1.0,100,100
546,109,noise_stress,20369907,difficult,-1.1759695917124624,0.8988801562390059,8.504699159701318,139.7637423757996,140.02226105404065,moderate,2.0,clean,0.0,full,1.0,100,100
547,109,outlier_stress,20369908,extreme,-3.1172404270796648,0.8230563331239694,208.50792915800963,-83.70705044043558,224.68294731732357,none,0.0,moderate,0.2,full,1.0,100,100
548,109,overlap_stress,20369909,easy,-4.814692960174743,1.0033209493936364,-5.378336063964063,-0.5940331396432477,5.4110418763793415,none,0.0,clean,0.0,moderate,0.6,100,60
549,109,combined_stress,20369910,moderate,-5.529358557005807,0.9542099437231311,11.858932672974632,-24.820871250744567,27.508361161439325,moderate,2.0,moderate,0.2,moderate,0.6,100,60
550,110,geometric_only,20370906,difficult,-18.06774703387375,1.0511658478666526,20.348101014733288,-24.270772277346424,31.672000281709355,none,0.0,clean,0.0,full,1.0,100,100
551,110,noise_stress,20370907,extreme,10.972441686547832,1.4574213844451445,5.017976647094855,167.0747326224626,167.1500714044064,high,5.0,clean,0.0,full,1.0,100,100
552,110,outlier_stress,20370908,easy,-1.6223047874684582,0.955626064623695,-2.4891755744099235,8.466247266725432,8.824587119042727,none,0.0,high,0.3,full,1.0,100,100
553,110,overlap_stress,20370909,moderate,-13.868777106008118,1.1285801999776348,9.377586294064272,-62.45150345892815,63.15163821298017,none,0.0,clean,0.0,low,0.4,100,40
554,110,combined_stress,20370910,difficult,26.82255930762144,1.112436548199666,-23.189714352987963,-100.45807147880123,103.0998883462689,high,5.0,high,0.3,low,0.4,100,40
555,111,geometric_only,20371906,extreme,-25.8686290606506,0.6654344805784947,201.80734026910477,65.68540984650645,212.22812173035354,none,0.0,clean,0.0,full,1.0,100,100
556,111,noise_stress,20371907,easy,-3.701217983676014,1.0025325697977616,10.741390564923847,23.85367537908261,26.16056766125091,severe,10.0,clean,0.0,full,1.0,100,100
557,111,outlier_stress,20371908,moderate,2.9262621978189713,0.9700016116956444,16.76114899487922,-58.65786646340922,61.00558510224854,none,0.0,severe,0.4,full,1.0,100,100
558,111,overlap_stress,20371909,difficult,27.535111989711027,1.0222480251904058,-23.229303785689837,-119.2624015281456,121.50358419663385,none,0.0,clean,0.0,high,0.8,100,80
559,111,combined_stress,20371910,extreme,9.691860539783491,1.0709724468634443,-143.44685935528867,-53.15213779100446,152.9776166981624,severe,10.0,severe,0.4,high,0.8,100,80
560,112,geometric_only,20372906,easy,-1.0887825438564924,1.0337113215360525,19.73525226300636,-19.74150989391751,27.914286571147407,none,0.0,clean,0.0,full,1.0,100,100
561,112,noise_stress,20372907,moderate,6.890584687624052,0.9034239447091031,-51.641342128291626,-36.25390404990068,63.096543294151004,low,0.5,clean,0.0,full,1.0,100,100
562,112,outlier_stress,20372908,difficult,-19.80183744456695,0.9560549837400574,-97.11735919667049,69.20879701401131,119.25451371525415,none,0.0,extreme,0.5,full,1.0,100,100
563,112,overlap_stress,20372909,extreme,21.91105344587278,0.6887207161153512,-101.51791103618558,-67.26992176552537,121.78312130788402,none,0.0,clean,0.0,moderate,0.6,100,60
564,112,combined_stress,20372910,easy,-0.8558231276225676,1.024935086501558,-24.893975476415335,-23.47364008795506,34.21581204646792,low,0.5,extreme,0.5,moderate,0.6,100,60
565,113,geometric_only,20373906,moderate,1.1567457762077282,1.1429629782215933,71.99828232042606,6.433098397566411,72.2851119670195,none,0.0,clean,0.0,full,1.0,100,100
566,113,noise_stress,20373907,difficult,14.189688914051018,1.15753992333445,123.08922325315228,-131.1794294683553,179.88607393766637,moderate,2.0,clean,0.0,full,1.0,100,100
567,113,outlier_stress,20373908,extreme,4.839456471990182,0.6387946505700914,198.297125955335,225.5417236572926,300.31786372516797,none,0.0,very_extreme,0.6,full,1.0,100,100
568,113,overlap_stress,20373909,easy,3.617473974604005,0.9705524305350662,14.025786242421702,24.92898658780866,28.603794363917,none,0.0,clean,0.0,low,0.4,100,40
569,113,combined_stress,20373910,moderate,4.787431390211967,0.9586848224307942,54.305454731283504,25.81920635654859,60.13080600202795,moderate,2.0,very_extreme,0.6,low,0.4,100,40
570,114,geometric_only,20374906,difficult,-14.629385048995182,0.8704161401842692,26.04862475371479,107.266286511477,110.38381708168149,none,0.0,clean,0.0,full,1.0,100,100
571,114,noise_stress,20374907,extreme,5.714404950861876,0.7117347925147068,-142.49450750724102,29.41971606309147,145.4998431716134,high,5.0,clean,0.0,full,1.0,100,100
572,114,outlier_stress,20374908,easy,3.6520902529193755,0.9821529688798524,-14.554593213057437,-4.49146084668179,15.23185491444995,none,0.0,low,0.1,full,1.0,100,100
573,114,overlap_stress,20374909,moderate,-1.3091903793486246,1.060020387361793,69.99555170741729,-42.313160889827216,81.79108046305619,none,0.0,clean,0.0,high,0.8,100,80
574,114,combined_stress,20374910,difficult,-12.365933077891547,1.0155334101495423,2.9129397048662327,131.28285675817858,131.3151693305561,high,5.0,low,0.1,high,0.8,100,80
575,115,geometric_only,20375906,extreme,-8.793154728579431,0.802608657774883,-154.96801415754052,-97.29342289777964,182.97840187054283,none,0.0,clean,0.0,full,1.0,100,100
576,115,noise_stress,20375907,easy,-0.8452639917219154,1.024311602874667,6.746149391645872,-24.114062398420995,25.03993883717261,severe,10.0,clean,0.0,full,1.0,100,100
577,115,outlier_stress,20375908,moderate,2.022999901051648,0.9241583897296526,-10.873649976549231,-1.9735769436285437,11.051301722644771,none,0.0,moderate,0.2,full,1.0,100,100
578,115,overlap_stress,20375909,difficult,-22.016198647665597,0.9882603866494819,39.865732259855264,37.891678239884186,55.0005080744658,none,0.0,clean,0.0,moderate,0.6,100,60
579,115,combined_stress,20375910,extreme,18.73837270271001,1.1193618136611243,26.86992067227777,175.74243041306238,177.7846857421206,severe,10.0,moderate,0.2,moderate,0.6,100,60
580,116,geometric_only,20376906,easy,4.046847745017759,0.9712200368365893,13.809475106043564,-9.601240425354234,16.819197971660042,none,0.0,clean,0.0,full,1.0,100,100
581,116,noise_stress,20376907,moderate,9.72882975414026,0.9084545455417123,62.43526834447431,-22.392925194118426,66.32952458744069,low,0.5,clean,0.0,full,1.0,100,100
582,116,outlier_stress,20376908,difficult,-3.517247198952088,1.072606782762805,5.02184014008742,-146.92149011736555,147.00728939987886,none,0.0,high,0.3,full,1.0,100,100
583,116,overlap_stress,20376909,extreme,43.68627143352258,1.2456305094115376,-234.09135433746536,107.40614774938587,257.55551391867283,none,0.0,clean,0.0,low,0.4,100,40
584,116,combined_stress,20376910,easy,1.550549139777404,1.0048882818680218,6.368256534637766,20.172067775921306,21.153416027850426,low,0.5,high,0.3,low,0.4,100,40
585,117,geometric_only,20377906,moderate,-4.293714905516676,0.8797032466357416,52.65265753901333,-19.28736800733281,56.074101959557964,none,0.0,clean,0.0,full,1.0,100,100
586,117,noise_stress,20377907,difficult,-8.612626485879272,1.017652510614544,-52.96682087760858,-52.69673968110973,74.7156642672694,moderate,2.0,clean,0.0,full,1.0,100,100
587,117,outlier_stress,20377908,extreme,-17.91697366992708,0.5161123806032754,137.1011405754653,141.02206277377735,196.68234525768878,none,0.0,severe,0.4,full,1.0,100,100
588,117,overlap_stress,20377909,easy,1.0649132883081283,1.0126815852915472,-22.82938353674932,-24.230993683602748,33.29146748887464,none,0.0,clean,0.0,high,0.8,100,80
589,117,combined_stress,20377910,moderate,14.272667317747079,0.8530984220445362,-16.280758362555062,-27.86568492587466,32.27320079025359,moderate,2.0,severe,0.4,high,0.8,100,80
590,118,geometric_only,20378906,difficult,21.36406762031855,1.189351605393394,-43.766983383403456,-3.5046260159392943,43.90707503346941,none,0.0,clean,0.0,full,1.0,100,100
591,118,noise_stress,20378907,extreme,-11.88669259116761,0.7087682007469488,-195.85925493283662,60.634547005789784,205.03023199870603,high,5.0,clean,0.0,full,1.0,100,100
592,118,outlier_stress,20378908,easy,-4.8863970841094435,1.0125409412759054,-17.412698002116045,2.080239118991674,17.53651751360798,none,0.0,extreme,0.5,full,1.0,100,100
593,118,overlap_stress,20378909,moderate,-12.09575212201075,1.1327013154454408,-64.96212357313547,-40.96853120590866,76.80167998358392,none,0.0,clean,0.0,moderate,0.6,100,60
594,118,combined_stress,20378910,difficult,-17.37010064771083,1.2016699988688768,38.45209696813231,-123.58274234213143,129.4266509110403,high,5.0,extreme,0.5,moderate,0.6,100,60
595,119,geometric_only,20379906,extreme,-44.79071711307954,1.3509512436768922,-28.280668317773205,-45.74855883720352,53.78407604654907,none,0.0,clean,0.0,full,1.0,100,100
596,119,noise_stress,20379907,easy,1.0216097458973747,0.9634504034419579,16.46274086744114,-15.669086991053966,22.727563089819668,severe,10.0,clean,0.0,full,1.0,100,100
597,119,outlier_stress,20379908,moderate,-8.8572601887238,0.8929354378551227,-28.823162591136267,9.990029272455828,30.50533374050514,none,0.0,very_extreme,0.6,full,1.0,100,100
598,119,overlap_stress,20379909,difficult,-23.686824552747975,1.047487766341033,-106.56689055198754,108.88477548740963,152.35615017078533,none,0.0,clean,0.0,low,0.4,100,40
599,119,combined_stress,20379910,extreme,3.0622050105165286,0.7284572616671617,156.74014406096165,-71.05558849658271,172.09407141690474,severe,10.0,very_extreme,0.6,low,0.4,100,40
600,120,geometric_only,20380906,easy,-2.3270706499152194,0.9546432600223947,-15.848320249355229,-19.491333830120734,25.12133255230168,none,0.0,clean,0.0,full,1.0,100,100
601,120,noise_stress,20380907,moderate,-7.60115154092229,0.9100664845174488,36.2077111828047,-60.51873016783057,70.52315258285103,low,0.5,clean,0.0,full,1.0,100,100
602,120,outlier_stress,20380908,difficult,-22.79309488061334,0.9893929634989607,-89.34414345361706,-19.137258498522385,91.37073181440418,none,0.0,low,0.1,full,1.0,100,100
603,120,overlap_stress,20380909,extreme,-32.93254873071853,1.1622095929592902,-8.245731002988208,135.34219962605948,135.59315277473925,none,0.0,clean,0.0,high,0.8,100,80
604,120,combined_stress,20380910,easy,-3.5941950827452693,1.021577948040362,23.899198529476166,3.0319743815670215,24.090756712934414,low,0.5,low,0.1,high,0.8,100,80
605,121,geometric_only,20381906,moderate,9.315448835821588,1.1390477802038714,24.509825145255917,70.67930699240563,74.80839502073106,none,0.0,clean,0.0,full,1.0,100,100
606,121,noise_stress,20381907,difficult,-29.434204893131415,1.2400279096295455,-10.7804179878149,87.50898582527671,88.17051668307543,moderate,2.0,clean,0.0,full,1.0,100,100
607,121,outlier_stress,20381908,extreme,4.370051197557736,1.0523861530316352,-123.47910849132737,-111.8278130138473,166.5909661334401,none,0.0,moderate,0.2,full,1.0,100,100
608,121,overlap_stress,20381909,easy,4.381366035990061,0.9874805633585144,-18.017332243139705,4.737431760783327,18.629748276553826,none,0.0,clean,0.0,moderate,0.6,100,60
609,121,combined_stress,20381910,moderate,-9.547200141039935,0.8659299189829394,-42.25871779793124,-52.327629890549034,67.2605388016441,moderate,2.0,moderate,0.2,moderate,0.6,100,60
610,122,geometric_only,20382906,difficult,-9.730125203486885,1.0079791640535203,-135.3391105892422,7.607917633477541,135.55277668054208,none,0.0,clean,0.0,full,1.0,100,100
611,122,noise_stress,20382907,extreme,-44.25462920766667,1.2391031042239171,-133.61777625464177,18.420879263888253,134.88157370111847,high,5.0,clean,0.0,full,1.0,100,100
612,122,outlier_stress,20382908,easy,1.2962414023886923,1.034796806755746,-15.442634826919777,-21.935021578963827,26.82573656150385,none,0.0,high,0.3,full,1.0,100,100
613,122,overlap_stress,20382909,moderate,9.16055167508122,1.1492468141643948,14.433074100704715,68.23353612772229,69.74330849973792,none,0.0,clean,0.0,low,0.4,100,40
614,122,combined_stress,20382910,difficult,7.529507356001318,1.2698306381579265,86.75994887856751,-66.25119228160075,109.16276475128909,high,5.0,high,0.3,low,0.4,100,40
615,123,geometric_only,20383906,extreme,-29.959297319861076,1.0335481214772568,-89.51687704320886,-94.99738747285053,130.52882785896713,none,0.0,clean,0.0,full,1.0,100,100
616,123,noise_stress,20383907,easy,-2.701378565693556,1.013707361203177,1.7462046722962405,-4.30844812220867,4.648866096083284,severe,10.0,clean,0.0,full,1.0,100,100
617,123,outlier_stress,20383908,moderate,-3.1475773858477023,1.0276140508722948,4.084733410958492,54.685866601374556,54.83820796654403,none,0.0,severe,0.4,full,1.0,100,100
618,123,overlap_stress,20383909,difficult,-27.357956022600657,0.7396436128477153,117.57964977543548,148.85219919653588,189.68909100672937,none,0.0,clean,0.0,high,0.8,100,80
619,123,combined_stress,20383910,extreme,-10.143677646844168,1.2522275030953227,-25.653383958083595,204.20791349199754,205.8129442995654,severe,10.0,severe,0.4,high,0.8,100,80
620,124,geometric_only,20384906,easy,-4.4386574047979295,1.0395146768085854,-18.11461141430796,-7.530557826731698,19.61755458443091,none,0.0,clean,0.0,full,1.0,100,100
621,124,noise_stress,20384907,moderate,-4.790748109348314,0.922851053203328,59.41825353164674,64.3068444325908,87.55512031645256,low,0.5,clean,0.0,full,1.0,100,100
622,124,outlier_stress,20384908,difficult,-12.153779066520627,1.0149250646541388,39.80994789399537,143.42806875066145,148.85040428855777,none,0.0,extreme,0.5,full,1.0,100,100
623,124,overlap_stress,20384909,extreme,-29.88416466953867,0.5146691706530647,-69.67574283389206,-183.6587464230018,196.43127112841054,none,0.0,clean,0.0,moderate,0.6,100,60
624,124,combined_stress,20384910,easy,-2.625328159268495,0.9512028110101308,0.6291286842519561,-19.213495909420587,19.22379327715189,low,0.5,extreme,0.5,moderate,0.6,100,60
625,125,geometric_only,20385906,moderate,-8.58459033259154,1.098148562412518,-19.455018807061144,-47.68917876378586,51.504907804474584,none,0.0,clean,0.0,full,1.0,100,100
626,125,noise_stress,20385907,difficult,-3.7458508517711877,1.1954860344469893,55.06775251693037,54.5313469649991,77.49919463506062,moderate,2.0,clean,0.0,full,1.0,100,100
627,125,outlier_stress,20385908,extreme,-15.992212257586367,0.8708682135308297,242.9435210567981,56.23898898238747,249.3679576554213,none,0.0,very_extreme,0.6,full,1.0,100,100
628,125,overlap_stress,20385909,easy,-2.1421078160615203,1.014137090205171,10.433188334355279,-2.8966203635616132,10.827826575574939,none,0.0,clean,0.0,low,0.4,100,40
629,125,combined_stress,20385910,moderate,12.80836668916701,0.9568047208847908,14.792607770512774,-10.79361665901402,18.311837844246543,moderate,2.0,very_extreme,0.6,low,0.4,100,40
630,126,geometric_only,20386906,difficult,5.111890383771417,0.959230673272815,-51.72294431669329,-65.14145105261213,83.17855260839549,none,0.0,clean,0.0,full,1.0,100,100
631,126,noise_stress,20386907,extreme,18.263557648692526,0.915330120977209,-193.13265856820487,123.5049479188009,229.24592900648972,high,5.0,clean,0.0,full,1.0,100,100
632,126,outlier_stress,20386908,easy,0.7689495737743934,0.9682154859596358,10.241990945208087,-4.5796691660561955,11.219257916290644,none,0.0,low,0.1,full,1.0,100,100
633,126,overlap_stress,20386909,moderate,-6.932076065408861,0.8768412027099377,65.16883628130046,-36.240281012983075,74.56765512042688,none,0.0,clean,0.0,high,0.8,100,80
634,126,combined_stress,20386910,difficult,-14.616019865196478,1.026922964009453,90.97294107490725,34.95635341438364,97.45779933822556,high,5.0,low,0.1,high,0.8,100,80
635,127,geometric_only,20387906,extreme,19.595063239005725,0.5552737766615204,-83.17615213328727,116.72005399226975,143.32425924336087,none,0.0,clean,0.0,full,1.0,100,100
636,127,noise_stress,20387907,easy,-3.605641451397977,0.9667440111986336,8.139581962827577,-21.762933103135843,23.235276021195745,severe,10.0,clean,0.0,full,1.0,100,100
637,127,outlier_stress,20387908,moderate,-12.125926706362565,1.1032431361915334,2.5403336294338175,18.572220798273477,18.745150848383545,none,0.0,moderate,0.2,full,1.0,100,100
638,127,overlap_stress,20387909,difficult,-9.675987130407435,0.9131466150067792,63.83437962801605,-66.90809460495981,92.47443509511113,none,0.0,clean,0.0,moderate,0.6,100,60
639,127,combined_stress,20387910,extreme,-30.51341609945495,1.0690861054000411,-156.62186644208344,36.40423516256186,160.79700676807676,severe,10.0,moderate,0.2,moderate,0.6,100,60
640,128,geometric_only,20388906,easy,1.7849061492817766,1.005918748892685,-10.262734028158116,12.703898232262844,16.331342260463636,none,0.0,clean,0.0,full,1.0,100,100
641,128,noise_stress,20388907,moderate,-6.245896781366504,0.8511758800546564,58.82893577453541,-74.24065020379807,94.72337529378434,low,0.5,clean,0.0,full,1.0,100,100
642,128,outlier_stress,20388908,difficult,-22.678171109164715,0.9502122059218495,-62.411053194121564,148.78598897399092,161.34562304496524,none,0.0,high,0.3,full,1.0,100,100
643,128,overlap_stress,20388909,extreme,26.052076214586407,0.8091937032272807,181.65849860694374,153.43258783209745,237.78429116529813,none,0.0,clean,0.0,low,0.4,100,40
644,128,combined_stress,20388910,easy,3.622841017872098,0.9543641269070113,19.083104486637495,-5.8809085113470445,19.968724590387797,low,0.5,high,0.3,low,0.4,100,40
645,129,geometric_only,20389906,moderate,-12.696868516319928,1.080052997048027,25.978140495983865,-23.102046401641616,34.76446938431074,none,0.0,clean,0.0,full,1.0,100,100
646,129,noise_stress,20389907,difficult,-29.379847577149548,0.846207613074482,-131.13256115461954,42.46574252257122,137.83717888495593,moderate,2.0,clean,0.0,full,1.0,100,100
647,129,outlier_stress,20389908,extreme,-6.2981592839938045,1.253786486729965,-65.0105226976826,133.60462394646862,148.58184142519974,none,0.0,severe,0.4,full,1.0,100,100
648,129,overlap_stress,20389909,easy,-2.4737058891964345,0.9547549975235274,-15.3851879867332,-21.574718971844923,26.498537848364478,none,0.0,clean,0.0,high,0.8,100,80
649,129,combined_stress,20389910,moderate,12.092926621039794,1.1332152914348974,7.966502492066496,-20.27846831898701,21.787185208747402,moderate,2.0,severe,0.4,high,0.8,100,80
650,130,geometric_only,20390906,difficult,26.853308799554497,0.7031426596873122,46.10624601609152,-80.73919140870744,92.97635694642081,none,0.0,clean,0.0,full,1.0,100,100
651,130,noise_stress,20390907,extreme,-22.909525796899953,1.4773908544175125,-122.22294598493855,-142.30477631871224,187.58757391777294,high,5.0,clean,0.0,full,1.0,100,100
652,130,outlier_stress,20390908,easy,-1.4779368468579102,0.9554376323558462,20.630371862247507,20.843151938344725,29.326595879841513,none,0.0,extreme,0.5,full,1.0,100,100
653,130,overlap_stress,20390909,moderate,5.416374695085576,0.9567381750575816,73.80549255727291,62.533992310089445,96.7354688098424,none,0.0,clean,0.0,moderate,0.6,100,60
654,130,combined_stress,20390910,difficult,-9.613994250868856,0.7118820144952452,144.31956455838622,51.61100523191189,153.27045565069167,high,5.0,extreme,0.5,moderate,0.6,100,60
655,131,geometric_only,20391906,extreme,-28.840607313695372,0.7102048358915248,-60.36148192432421,-236.1099641761581,243.70355697725705,none,0.0,clean,0.0,full,1.0,100,100
656,131,noise_stress,20391907,easy,-2.280313751399805,0.9777426269076601,11.309814826848118,11.920538050684463,16.432015665626956,severe,10.0,clean,0.0,full,1.0,100,100
657,131,outlier_stress,20391908,moderate,-7.926670129866665,0.9773172813041797,-35.01228485119009,69.5225658765329,77.84116684992415,none,0.0,very_extreme,0.6,full,1.0,100,100
658,131,overlap_stress,20391909,difficult,4.077423096823537,0.86804625637167,-16.89977123814441,51.96284717294907,54.6419230465114,none,0.0,clean,0.0,low,0.4,100,40
659,131,combined_stress,20391910,extreme,-5.7209900459262855,0.9767746385458469,185.84144917328405,-154.65669964853703,241.77621673151415,severe,10.0,very_extreme,0.6,low,0.4,100,40
660,132,geometric_only,20392906,easy,4.7815413294163935,0.9731147011054629,-23.64533251430656,10.818728335975926,26.002819703250864,none,0.0,clean,0.0,full,1.0,100,100
661,132,noise_stress,20392907,moderate,9.163829253533223,1.0399241593559596,15.06284409782775,64.27013522847201,66.01166226206959,low,0.5,clean,0.0,full,1.0,100,100
662,132,outlier_stress,20392908,difficult,-11.1575032188494,1.0265576850708995,9.394536340367523,-19.31471167855102,21.478254125418136,none,0.0,low,0.1,full,1.0,100,100
663,132,overlap_stress,20392909,extreme,-32.285775124420645,1.4926038239465402,-163.20452636499806,125.8545786836304,206.09486262800792,none,0.0,clean,0.0,high,0.8,100,80
664,132,combined_stress,20392910,easy,2.765145131018169,0.990285346190448,-4.640873788321386,6.737363290919141,8.18106188907976,low,0.5,low,0.1,high,0.8,100,80
665,133,geometric_only,20393906,moderate,-0.3262563213826102,0.9975760383103541,37.512752665038306,-0.14471385055287556,37.51303179705528,none,0.0,clean,0.0,full,1.0,100,100
666,133,noise_stress,20393907,difficult,-2.1470690336377345,1.2523357420734404,-133.69649708244467,-33.13253663476338,137.7407649026608,moderate,2.0,clean,0.0,full,1.0,100,100
667,133,outlier_stress,20393908,extreme,-14.795124230203726,1.498221433947923,47.964301836091806,202.67783001680135,208.27596364185462,none,0.0,moderate,0.2,full,1.0,100,100
668,133,overlap_stress,20393909,easy,4.918568222881532,1.0220334717591755,-11.652978054296293,-13.13623051696432,17.559967247370814,none,0.0,clean,0.0,moderate,0.6,100,60
669,133,combined_stress,20393910,moderate,-10.21721398610336,0.9375209848587027,-71.82981602800693,-21.56662120153969,74.99761076639723,moderate,2.0,moderate,0.2,moderate,0.6,100,60
670,134,geometric_only,20394906,difficult,-20.849715700274558,0.8200667094720013,-31.04718045643105,131.015684829976,134.6441127036819,none,0.0,clean,0.0,full,1.0,100,100
671,134,noise_stress,20394907,extreme,34.12637871510114,0.7178583068969079,-84.20556081941871,-6.3452230660569455,84.44429127342383,high,5.0,clean,0.0,full,1.0,100,100
672,134,outlier_stress,20394908,easy,-3.68662456133242,0.9579684109577631,6.486152111931553,0.9541728702108188,6.555960271795467,none,0.0,high,0.3,full,1.0,100,100
673,134,overlap_stress,20394909,moderate,10.063758130746681,1.1418141161286681,14.904605768626737,52.69444893423736,54.761777012813695,none,0.0,clean,0.0,low,0.4,100,40
674,134,combined_stress,20394910,difficult,-9.658010046501513,1.161017994808507,-8.977864888622037,-82.33576625500334,82.82379164682632,high,5.0,high,0.3,low,0.4,100,40
675,135,geometric_only,20395906,extreme,32.0643707987838,0.7108731156455874,97.97895924536078,-226.01907456047144,246.3422386030784,none,0.0,clean,0.0,full,1.0,100,100
676,135,noise_stress,20395907,easy,1.25862406539298,1.0268711867354823,-18.987841558259323,-10.509875182327772,21.702433121419105,severe,10.0,clean,0.0,full,1.0,100,100
677,135,outlier_stress,20395908,moderate,-12.652284227833064,0.8646209741961128,33.312246131175385,-73.2844307208059,80.50039458522306,none,0.0,severe,0.4,full,1.0,100,100
678,135,overlap_stress,20395909,difficult,9.61461661047072,0.9373384509224888,84.84327536143903,-89.12918362965162,123.0544300240553,none,0.0,clean,0.0,high,0.8,100,80
679,135,combined_stress,20395910,extreme,-34.68239069137848,0.5850215212355275,-155.47139701004298,-148.36986229976333,214.90688990142948,severe,10.0,severe,0.4,high,0.8,100,80
680,136,geometric_only,20396906,easy,4.455074530346106,0.9989265858763136,16.801355747377258,-0.8214174869310682,16.821423294054608,none,0.0,clean,0.0,full,1.0,100,100
681,136,noise_stress,20396907,moderate,-5.293447155512133,0.859829330935322,6.708851541637671,-60.51598307674987,60.88672184272373,low,0.5,clean,0.0,full,1.0,100,100
682,136,outlier_stress,20396908,difficult,10.058246722596465,0.9577177695145482,110.91142998261876,-26.574636472911507,114.0506755984231,none,0.0,extreme,0.5,full,1.0,100,100
683,136,overlap_stress,20396909,extreme,20.219763904600157,1.20533548025044,-124.43006196782908,-89.60147886577502,153.33383624057578,none,0.0,clean,0.0,moderate,0.6,100,60
684,136,combined_stress,20396910,easy,-2.5355365006089894,0.9938504058544839,-5.563813859562707,18.391648200525232,19.21480544256811,low,0.5,extreme,0.5,moderate,0.6,100,60
685,137,geometric_only,20397906,moderate,-11.629214292371444,1.0892685034461247,-30.68731135479353,13.29577714834413,33.44381509583603,none,0.0,clean,0.0,full,1.0,100,100
686,137,noise_stress,20397907,difficult,-1.1379025697932903,1.2850680806245156,-64.09458647753567,-55.40490734929003,84.7220146957667,moderate,2.0,clean,0.0,full,1.0,100,100
687,137,outlier_stress,20397908,extreme,39.847439974647244,1.2559828858952442,-196.4770469462225,203.2318839394129,282.6772516957654,none,0.0,very_extreme,0.6,full,1.0,100,100
688,137,overlap_stress,20397909,easy,3.3235081904314594,0.9669729491496528,18.198425248470443,-3.3263854242817352,18.49993301379874,none,0.0,clean,0.0,low,0.4,100,40
689,137,combined_stress,20397910,moderate,-5.6141463796284405,1.1189547127533088,44.28340183623507,3.7636524403282294,44.443050726531546,moderate,2.0,very_extreme,0.6,low,0.4,100,40
690,138,geometric_only,20398906,difficult,8.652691876294213,0.8442818603241671,46.90181401934993,-31.32707163996446,56.40182245141689,none,0.0,clean,0.0,full,1.0,100,100
691,138,noise_stress,20398907,extreme,18.431151637164653,1.4332330533126982,-131.44572419795531,-225.12836155204113,260.6928414533692,high,5.0,clean,0.0,full,1.0,100,100
692,138,outlier_stress,20398908,easy,1.680318874741225,0.9966562441284026,-22.941080286842443,-14.601202579161694,27.193533817528554,none,0.0,low,0.1,full,1.0,100,100
693,138,overlap_stress,20398909,moderate,-5.881316947262555,0.8556740755256085,10.704144787855839,46.694712058952604,47.9058957739846,none,0.0,clean,0.0,high,0.8,100,80
694,138,combined_stress,20398910,difficult,28.016111472844628,1.1810108550172242,-30.51460492151361,59.056205737874194,66.47387870186445,high,5.0,low,0.1,high,0.8,100,80
695,139,geometric_only,20399906,extreme,44.42754545094654,0.8126247852097243,149.38606558587185,-249.41141647703486,290.72710788694496,none,0.0,clean,0.0,full,1.0,100,100
696,139,noise_stress,20399907,easy,-3.5435777549723593,1.019808267677781,5.5342129352894105,15.221326112235296,16.196181075430736,severe,10.0,clean,0.0,full,1.0,100,100
697,139,outlier_stress,20399908,moderate,-2.3448989871913906,0.960262598661385,60.009730601296184,-55.77504717062939,81.92694095183877,none,0.0,moderate,0.2,full,1.0,100,100
698,139,overlap_stress,20399909,difficult,19.34384135290967,1.0371501203565325,140.1509780423138,-39.183354265522055,145.52536513513556,none,0.0,clean,0.0,moderate,0.6,100,60
699,139,combined_stress,20399910,extreme,-35.29422076936045,1.0222217466027768,-138.99488629332438,85.11569304693398,162.98545830396668,severe,10.0,moderate,0.2,moderate,0.6,100,60
700,140,geometric_only,20400906,easy,-1.2420797737992864,1.0349159900168825,-2.0959334159643284,-13.309711718579031,13.473728619644818,none,0.0,clean,0.0,full,1.0,100,100
701,140,noise_stress,20400907,moderate,-12.593436428842107,1.096427636596175,-22.26179610131809,-65.43746466774934,69.12054215498895,low,0.5,clean,0.0,full,1.0,100,100
702,140,outlier_stress,20400908,difficult,28.281905732093456,0.8733143679536355,7.668115406036208,-107.51657756789443,107.78967689808402,none,0.0,high,0.3,full,1.0,100,100
703,140,overlap_stress,20400909,extreme,-14.363193160115792,1.22836843328301,128.4493423851958,97.4496637037509,161.23172924447408,none,0.0,clean,0.0,low,0.4,100,40
704,140,combined_stress,20400910,easy,3.049311864375907,0.9743225555649251,19.001786591687733,-16.424124951137927,25.116125777807277,low,0.5,high,0.3,low,0.4,100,40
705,141,geometric_only,20401906,moderate,-2.378338431655145,1.077092992230822,-49.665674310641336,-46.01360303313992,67.70473298686055,none,0.0,clean,0.0,full,1.0,100,100
706,141,noise_stress,20401907,difficult,0.06124562990629556,0.9353744790742455,-136.93111607789172,127.19229457377702,186.89036986768346,moderate,2.0,clean,0.0,full,1.0,100,100
707,141,outlier_stress,20401908,extreme,-34.56667592369022,0.6232207351638744,-55.84342725494923,-217.16469656276016,224.22977902315853,none,0.0,severe,0.4,full,1.0,100,100
708,141,overlap_stress,20401909,easy,-4.310813983237195,0.9615908284163357,13.685742333187761,10.530214294978961,17.268032786295805,none,0.0,clean,0.0,high,0.8,100,80
709,141,combined_stress,20401910,moderate,-8.261457153482729,1.0139412940211872,65.12881962153838,-5.295969706296972,65.34378654795648,moderate,2.0,severe,0.4,high,0.8,100,80
710,142,geometric_only,20402906,difficult,-22.420998371681588,0.8637565954259401,135.5990548882549,-51.55512969312706,145.06907004686806,none,0.0,clean,0.0,full,1.0,100,100
711,142,noise_stress,20402907,extreme,-42.36929719700239,0.7777520763762829,-154.28646919491877,155.18866053370596,218.83289271697808,high,5.0,clean,0.0,full,1.0,100,100
712,142,outlier_stress,20402908,easy,0.5801136338438564,1.0144282678285148,-23.866833468969194,-23.306055018143795,33.358626175912185,none,0.0,extreme,0.5,full,1.0,100,100
713,142,overlap_stress,20402909,moderate,-2.2441771990618555,1.1190611387656246,-40.31455271620795,9.562642501461113,41.43316657363591,none,0.0,clean,0.0,moderate,0.6,100,60
714,142,combined_stress,20402910,difficult,-19.82234510902625,1.1157534470596722,-67.14293455121819,142.67474131465508,157.68403682476205,high,5.0,extreme,0.5,moderate,0.6,100,60
715,143,geometric_only,20403906,extreme,-26.280893549322037,0.6389763068033539,106.42979700690506,-201.39005380331,227.783352029579,none,0.0,clean,0.0,full,1.0,100,100
716,143,noise_stress,20403907,easy,-4.0111310361357315,1.0496563820272107,20.02964863998227,-2.2731438265494397,20.15822431409382,severe,10.0,clean,0.0,full,1.0,100,100
717,143,outlier_stress,20403908,moderate,10.03153781978595,0.9147985245154585,30.38074704785123,9.626714076498857,31.869474659871354,none,0.0,very_extreme,0.6,full,1.0,100,100
718,143,overlap_stress,20403909,difficult,-9.52979533894803,0.9279546790017794,-105.78977948313681,-92.71046474853426,140.66523279396344,none,0.0,clean,0.0,low,0.4,100,40
719,143,combined_stress,20403910,extreme,-32.15620032793082,0.8091243494237171,247.2916487494428,-28.700722216053236,248.9515836401545,severe,10.0,very_extreme,0.6,low,0.4,100,40
720,144,geometric_only,20404906,easy,-0.5354682753414055,0.9618222989864809,-1.3915153450109514,-5.428565379204787,5.604073253598829,none,0.0,clean,0.0,full,1.0,100,100
721,144,noise_stress,20404907,moderate,-7.595631901461269,0.8913337212810188,-5.1283975847380106,-27.665630220360086,28.13694292699276,low,0.5,clean,0.0,full,1.0,100,100
722,144,outlier_stress,20404908,difficult,27.730213701617416,1.0055233910987909,-121.22960137822784,139.2344710131576,184.61542234774927,none,0.0,low,0.1,full,1.0,100,100
723,144,overlap_stress,20404909,extreme,-12.656484779477758,0.8782563727941531,-216.31993746861224,-202.25983443802292,296.1475240033601,none,0.0,clean,0.0,high,0.8,100,80
724,144,combined_stress,20404910,easy,3.5200472791225064,1.0291997447042311,20.164773171927827,3.698982773425559,20.501232905203512,low,0.5,low,0.1,high,0.8,100,80
725,145,geometric_only,20405906,moderate,6.536883696860091,1.049300808523251,-13.272897685195112,57.80150684553041,59.305851368777745,none,0.0,clean,0.0,full,1.0,100,100
726,145,noise_stress,20405907,difficult,24.3274975855541,0.9953844871190953,-57.82638598326781,-99.77890667934469,115.32441690297526,moderate,2.0,clean,0.0,full,1.0,100,100
727,145,outlier_stress,20405908,extreme,-4.056366510880984,0.5861729987765365,-108.14601126916358,-248.6660756517771,271.1648519507744,none,0.0,moderate,0.2,full,1.0,100,100
728,145,overlap_stress,20405909,easy,-0.7865375098722183,0.9663156072964248,-23.5959348131964,0.30225309291189006,23.597870595475104,none,0.0,clean,0.0,moderate,0.6,100,60
729,145,combined_stress,20405910,moderate,-0.06604603968574985,0.9692597028082285,-38.26768914603047,-26.901337258483885,46.777109560894324,moderate,2.0,moderate,0.2,moderate,0.6,100,60
730,146,geometric_only,20406906,difficult,25.70919556351192,0.7533217849924174,-147.7473546719411,145.94300938694295,207.67436722300053,none,0.0,clean,0.0,full,1.0,100,100
731,146,noise_stress,20406907,extreme,-1.8672872017682067,0.573513713625352,146.92362476294892,191.79692233231924,241.6042444362961,high,5.0,clean,0.0,full,1.0,100,100
732,146,outlier_stress,20406908,easy,-1.6559167930390348,1.017245370254198,21.15611939729596,-15.95041627547878,26.495229142502254,none,0.0,high,0.3,full,1.0,100,100
733,146,overlap_stress,20406909,moderate,-1.5018803016598543,0.8640912844047702,8.316508805390214,-32.1104422972986,33.16993854739975,none,0.0,clean,0.0,low,0.4,100,40
734,146,combined_stress,20406910,difficult,-16.441676851278125,0.9267957561958704,108.08539581441278,-15.740333200187735,109.22550470293655,high,5.0,high,0.3,low,0.4,100,40
735,147,geometric_only,20407906,extreme,-40.85579117732716,0.7540735551146779,-244.82890315855832,-131.39038174492447,277.8572011607756,none,0.0,clean,0.0,full,1.0,100,100
736,147,noise_stress,20407907,easy,2.5325127899388233,1.0405531088766393,-9.125792068468597,16.09241854269513,18.499892308610942,severe,10.0,clean,0.0,full,1.0,100,100
737,147,outlier_stress,20407908,moderate,13.257298728644667,0.9254513637300559,74.81158607989585,34.58619160372511,82.41952475863502,none,0.0,severe,0.4,full,1.0,100,100
738,147,overlap_stress,20407909,difficult,14.210031927986698,1.0315012030260737,128.5876125967194,-146.68174923832962,195.0648858019818,none,0.0,clean,0.0,high,0.8,100,80
739,147,combined_stress,20407910,extreme,26.82671306510875,1.3281647482069183,-209.00732219455102,31.508603774979974,211.36899688172232,severe,10.0,severe,0.4,high,0.8,100,80
740,148,geometric_only,20408906,easy,2.945698489227974,0.9816145686826416,14.293036848809734,10.56275038775528,17.772523684481538,none,0.0,clean,0.0,full,1.0,100,100
741,148,noise_stress,20408907,moderate,3.017714294164673,0.8983219580854651,-73.16518444608067,-70.86213425997252,101.85571307937211,low,0.5,clean,0.0,full,1.0,100,100
742,148,outlier_stress,20408908,difficult,-25.046236952252652,1.0203588909841934,-9.805982990139341,43.017164663306374,44.120672683821546,none,0.0,extreme,0.5,full,1.0,100,100
743,148,overlap_stress,20408909,extreme,4.1864117593309444,0.6630054193445853,-27.113505415562912,-176.90817736282884,178.97386790746256,none,0.0,clean,0.0,moderate,0.6,100,60
744,148,combined_stress,20408910,easy,-2.5068214071166195,0.9993462986970773,-6.440290556135924,-10.239223183169239,12.096240483811652,low,0.5,extreme,0.5,moderate,0.6,100,60
745,149,geometric_only,20409906,moderate,8.361083852947402,0.9370154697466133,19.225594879552432,69.06682950629022,71.69275023685194,none,0.0,clean,0.0,full,1.0,100,100
746,149,noise_stress,20409907,difficult,15.237128127007672,0.7791555336632313,119.5512864825194,-99.66367228660422,155.64497317060088,moderate,2.0,clean,0.0,full,1.0,100,100
747,149,outlier_stress,20409908,extreme,21.197029889624204,1.1484849601764708,-169.43573364383957,-0.7457558184820812,169.43737482375883,none,0.0,very_extreme,0.6,full,1.0,100,100
748,149,overlap_stress,20409909,easy,-1.8835482103744083,1.0161598115790387,7.519574077708604,-11.755148638627272,13.954480062917709,none,0.0,clean,0.0,low,0.4,100,40
749,149,combined_stress,20409910,moderate,10.977960810758567,0.8864966849131294,43.442587303441954,-38.446551339395725,58.01203066183744,moderate,2.0,very_extreme,0.6,low,0.4,100,40
750,150,geometric_only,20410906,difficult,-14.551291560458672,1.1533824785249005,141.69603195568942,-117.20321518741741,183.88681062614532,none,0.0,clean,0.0,full,1.0,100,100
751,150,noise_stress,20410907,extreme,24.946227887574636,0.9014772606054127,-10.880398717172,-66.81770289840443,67.69777320461938,high,5.0,clean,0.0,full,1.0,100,100
752,150,outlier_stress,20410908,easy,0.27439198621657024,0.9743841288218862,24.296687963649873,-9.22798232361594,25.99008856791252,none,0.0,low,0.1,full,1.0,100,100
753,150,overlap_stress,20410909,moderate,12.462572154483286,0.961692837472971,-0.4921232700373679,6.370004539432756,6.38898608116391,none,0.0,clean,0.0,high,0.8,100,80
754,150,combined_stress,20410910,difficult,19.023688800947063,0.9645360176079011,21.05215024752181,-121.42604840741227,123.23748724265462,high,5.0,low,0.1,high,0.8,100,80
755,151,geometric_only,20411906,extreme,-39.77869796152087,0.8634092481712032,84.77059048892545,-127.63454087419241,153.2208505263138,none,0.0,clean,0.0,full,1.0,100,100
756,151,noise_stress,20411907,easy,2.3411420399628424,1.0217074378261055,-16.56346480682204,-5.194482434794708,17.358888621459123,severe,10.0,clean,0.0,full,1.0,100,100
757,151,outlier_stress,20411908,moderate,11.52199374259228,1.123687044396756,61.04600560787202,58.694113638856805,84.68538112642216,none,0.0,moderate,0.2,full,1.0,100,100
758,151,overlap_stress,20411909,difficult,-9.024202259937738,1.0283552348650489,-70.45301797016624,115.75883621137518,135.51286249694732,none,0.0,clean,0.0,moderate,0.6,100,60
759,151,combined_stress,20411910,extreme,5.007680227269951,0.9675697679020565,-44.283251500099254,124.43443363011,132.07927406019195,severe,10.0,moderate,0.2,moderate,0.6,100,60
760,152,geometric_only,20412906,easy,-4.269529301620879,0.9954209151104825,8.930286987139986,24.97687324935402,26.52535057236715,none,0.0,clean,0.0,full,1.0,100,100
761,152,noise_stress,20412907,moderate,-6.674056611937722,0.8902879398817944,-66.61188711049891,26.186146288194024,71.57414171227308,low,0.5,clean,0.0,full,1.0,100,100
762,152,outlier_stress,20412908,difficult,17.083728171914018,1.049541283593841,82.63901832063999,62.33627091997212,103.5133712194093,none,0.0,high,0.3,full,1.0,100,100
763,152,overlap_stress,20412909,extreme,23.941501740877698,1.3146155755963367,162.5033137249439,246.6722172150573,295.38874338298666,none,0.0,clean,0.0,low,0.4,100,40
764,152,combined_stress,20412910,easy,-4.35590842535626,1.015670406845342,-0.8392330930700922,-14.861921449474929,14.885597782919804,low,0.5,high,0.3,low,0.4,100,40
765,153,geometric_only,20413906,moderate,0.35866146672956667,0.8823274651204773,-22.268724921109076,-22.59561004789326,31.724717540877794,none,0.0,clean,0.0,full,1.0,100,100
766,153,noise_stress,20413907,difficult,5.0620748530825,1.2513447605303303,26.968969157595467,-100.55721461922508,104.11089620880338,moderate,2.0,clean,0.0,full,1.0,100,100
767,153,outlier_stress,20413908,extreme,-8.523386535710728,1.0282847195840192,-5.846862228228673,131.55194199423437,131.68181059041638,none,0.0,severe,0.4,full,1.0,100,100
768,153,overlap_stress,20413909,easy,-2.199340837957039,0.9735682683311566,-4.267302259590256,15.327324654026327,15.91027182749017,none,0.0,clean,0.0,high,0.8,100,80
769,153,combined_stress,20413910,moderate,-14.513114186198557,1.1207670151604066,72.53100663260443,-0.1763709541359617,72.53122106963573,moderate,2.0,severe,0.4,high,0.8,100,80
770,154,geometric_only,20414906,difficult,-27.399281315473928,0.798880878615539,-135.04138997652126,76.70452931699023,155.30538247121993,none,0.0,clean,0.0,full,1.0,100,100
771,154,noise_stress,20414907,extreme,-33.31646202899022,1.4509220501975073,5.235162229465288,16.108379488587275,16.93773341734836,high,5.0,clean,0.0,full,1.0,100,100
772,154,outlier_stress,20414908,easy,1.0816821010524604,0.9905318734106777,13.155903340133342,-12.267682175426847,17.988157733692944,none,0.0,extreme,0.5,full,1.0,100,100
773,154,overlap_stress,20414909,moderate,14.42001917319033,1.0103515204713494,54.20115683913281,-20.08140820621992,57.80162937361809,none,0.0,clean,0.0,moderate,0.6,100,60
774,154,combined_stress,20414910,difficult,24.055867364710515,1.0518640455457478,28.2804255767106,81.49190322928263,86.25956620996092,high,5.0,extreme,0.5,moderate,0.6,100,60
775,155,geometric_only,20415906,extreme,36.65950549747396,1.0256866165732692,156.0587757704754,-224.7020194009134,273.57876200068597,none,0.0,clean,0.0,full,1.0,100,100
776,155,noise_stress,20415907,easy,-2.6400308662923533,0.9533933217644135,14.7085233434628,-24.668109424959617,28.720311306581824,severe,10.0,clean,0.0,full,1.0,100,100
777,155,outlier_stress,20415908,moderate,9.906643684583958,0.8971055290647253,-25.946631668355003,-8.595742174190761,27.333394931081,none,0.0,very_extreme,0.6,full,1.0,100,100
778,155,overlap_stress,20415909,difficult,11.655787721422755,0.9592665537735254,-93.78602031412186,-49.274312005747035,105.94232124132728,none,0.0,clean,0.0,low,0.4,100,40
779,155,combined_stress,20415910,extreme,-25.7068498014628,0.6697339657611501,71.91629892372475,-169.38153589490767,184.01646326621005,severe,10.0,very_extreme,0.6,low,0.4,100,40
780,156,geometric_only,20416906,easy,-0.1312815577531392,0.9700641089833761,5.67540741822889,-9.410531872052196,10.989465841331768,none,0.0,clean,0.0,full,1.0,100,100
781,156,noise_stress,20416907,moderate,-4.012212086378344,1.1169064419703925,69.7445167970321,7.764957747170314,70.1754386667218,low,0.5,clean,0.0,full,1.0,100,100
782,156,outlier_stress,20416908,difficult,10.817630857883948,1.1318975996641076,17.655071903578857,136.46185837471103,137.5992018690524,none,0.0,low,0.1,full,1.0,100,100
783,156,overlap_stress,20416909,extreme,42.407515636437196,0.6804560690554269,-99.19604061391328,-199.54315711479546,222.83923807269016,none,0.0,clean,0.0,high,0.8,100,80
784,156,combined_stress,20416910,easy,2.2472815734558758,0.9873115251482857,-15.816119689737517,-21.685247078035637,26.840260484495225,low,0.5,low,0.1,high,0.8,100,80
785,157,geometric_only,20417906,moderate,2.42082931323014,0.9356736533874247,12.402433386719707,44.2242640435049,45.930446156135474,none,0.0,clean,0.0,full,1.0,100,100
786,157,noise_stress,20417907,difficult,-10.994899531678492,0.96080930937676,129.37955118847844,-104.37374206722959,166.23160439233175,moderate,2.0,clean,0.0,full,1.0,100,100
787,157,outlier_stress,20417908,extreme,-37.82913456803612,1.212133422859088,245.2697088187851,-245.05805985780404,346.7141225351553,none,0.0,moderate,0.2,full,1.0,100,100
788,157,overlap_stress,20417909,easy,-3.8932843460439903,0.9876860798236031,-15.532517156490433,11.931529140641558,19.58623181856705,none,0.0,clean,0.0,moderate,0.6,100,60
789,157,combined_stress,20417910,moderate,-2.6884952504367217,0.9925419686840935,-5.5462643030866445,74.02567919890149,74.23316124602515,moderate,2.0,moderate,0.2,moderate,0.6,100,60
790,158,geometric_only,20418906,difficult,9.520755550678984,1.2286486569412607,-107.54444075679564,37.76056250039636,113.98099323149569,none,0.0,clean,0.0,full,1.0,100,100
791,158,noise_stress,20418907,extreme,33.914672856440646,0.8948632497807557,-138.6144415463267,-123.60432508347446,185.72019972135843,high,5.0,clean,0.0,full,1.0,100,100
792,158,outlier_stress,20418908,easy,-1.7214273632729027,1.0012115631214058,-24.773780661725077,5.081547444202034,25.289569642501622,none,0.0,high,0.3,full,1.0,100,100
793,158,overlap_stress,20418909,moderate,-1.1233252779356722,0.9474718514686485,37.49804852497414,35.819313446356915,51.85679183047945,none,0.0,clean,0.0,low,0.4,100,40
794,158,combined_stress,20418910,difficult,5.856971936496876,0.723534662928061,-112.80787398606164,48.54062486955553,122.80801560151549,high,5.0,high,0.3,low,0.4,100,40
795,159,geometric_only,20419906,extreme,-19.573813976735693,1.4741164359200487,11.27869224548266,177.03245976272746,177.39137720985772,none,0.0,clean,0.0,full,1.0,100,100
796,159,noise_stress,20419907,easy,3.3275187347203588,0.9754117040913195,-23.70155984145706,-4.181175928395692,24.067533547548354,severe,10.0,clean,0.0,full,1.0,100,100
797,159,outlier_stress,20419908,moderate,-2.1551049114806347,0.8706703342980463,55.42376407446514,2.2807438004305283,55.47067167851111,none,0.0,severe,0.4,full,1.0,100,100
798,159,overlap_stress,20419909,difficult,7.471358084850664,1.0989789811635042,19.41634056831188,140.52264751704547,141.857705981256,none,0.0,clean,0.0,high,0.8,100,80
799,159,combined_stress,20419910,extreme,-13.303524419070758,0.9242768695512634,21.79002276790368,74.39982002553865,77.52508182555052,severe,10.0,severe,0.4,high,0.8,100,80
800,160,geometric_only,20420906,easy,4.873524092866726,1.0166422672927222,-10.459793031156405,-21.141412120897424,23.58742412219394,none,0.0,clean,0.0,full,1.0,100,100
801,160,noise_stress,20420907,moderate,12.242142672878348,1.1319705372476911,61.14096438327422,52.0862649748471,80.31934091329927,low,0.5,clean,0.0,full,1.0,100,100
802,160,outlier_stress,20420908,difficult,-2.015214246383138,1.2631429451176102,-18.88715764383585,-142.77995312542288,144.02374713345387,none,0.0,extreme,0.5,full,1.0,100,100
803,160,overlap_stress,20420909,extreme,19.485830258660926,0.8573529580284494,-129.97388066088865,161.27109073776302,207.1269522824075,none,0.0,clean,0.0,moderate,0.6,100,60
804,160,combined_stress,20420910,easy,0.8313707359017819,1.0101670687517659,18.104301485208204,-20.13872556473561,27.08014031793498,low,0.5,extreme,0.5,moderate,0.6,100,60
805,161,geometric_only,20421906,moderate,12.057735358751145,0.9226547557397426,-2.6593138100685962,31.515182772168657,31.62718285120598,none,0.0,clean,0.0,full,1.0,100,100
806,161,noise_stress,20421907,difficult,-14.452731382330226,0.9984590588903184,-134.92683108555798,-21.421154945951287,136.61667404094257,moderate,2.0,clean,0.0,full,1.0,100,100
807,161,outlier_stress,20421908,extreme,10.117888676938989,1.242416587672162,50.03989981909683,42.92798152333552,65.93029024335539,none,0.0,very_extreme,0.6,full,1.0,100,100
808,161,overlap_stress,20421909,easy,-2.071169347745858,0.9985859328116551,18.606035273482966,22.322760414545293,29.060113233146264,none,0.0,clean,0.0,low,0.4,100,40
809,161,combined_stress,20421910,moderate,-5.923300675512902,0.9816957535615642,-11.84514768433717,16.139907722216392,20.020093529886882,moderate,2.0,very_extreme,0.6,low,0.4,100,40
810,162,geometric_only,20422906,difficult,-23.111127777882015,0.9160521279724291,51.715181088725984,-141.32646843705584,150.49129754218302,none,0.0,clean,0.0,full,1.0,100,100
811,162,noise_stress,20422907,extreme,3.3722482081154297,0.7054607790197928,53.70379506186936,-21.921746497260244,58.00569431993212,high,5.0,clean,0.0,full,1.0,100,100
812,162,outlier_stress,20422908,easy,4.467807436975738,1.0096212813642405,-20.64745798779932,21.134842163072562,29.546557745631343,none,0.0,low,0.1,full,1.0,100,100
813,162,overlap_stress,20422909,moderate,-12.157443479502412,1.067081485055508,0.2067605828974166,44.21613451333113,44.216617930814564,none,0.0,clean,0.0,high,0.8,100,80
814,162,combined_stress,20422910,difficult,9.685317637228295,0.8586667574912653,52.44819375148353,131.23456391424378,141.3270101344923,high,5.0,low,0.1,high,0.8,100,80
815,163,geometric_only,20423906,extreme,16.00742358180846,1.1392266387926835,-188.832386697526,133.54217814245123,231.28161104790448,none,0.0,clean,0.0,full,1.0,100,100
816,163,noise_stress,20423907,easy,0.7116398269059276,1.0116889043606407,-13.11615555065142,-3.4769647296865287,13.569186422198207,severe,10.0,clean,0.0,full,1.0,100,100
817,163,outlier_stress,20423908,moderate,-12.710627654865807,1.1054932358084129,-60.87209990907923,-54.40381640972435,81.64060134077845,none,0.0,moderate,0.2,full,1.0,100,100
818,163,overlap_stress,20423909,difficult,20.20981622256393,1.0838878109318693,-5.942963125229426,138.41041635166414,138.53794485753298,none,0.0,clean,0.0,moderate,0.6,100,60
819,163,combined_stress,20423910,extreme,-19.83510661224312,1.3442402211333055,-223.62426771960887,243.63278972952088,330.70341598556286,severe,10.0,moderate,0.2,moderate,0.6,100,60
820,164,geometric_only,20424906,easy,-1.9871989886256989,1.024089843572774,-9.347135184005905,6.097133432606444,11.159927071584669,none,0.0,clean,0.0,full,1.0,100,100
821,164,noise_stress,20424907,moderate,-0.21044899129724826,0.9192952057820576,-6.832457491480625,43.96328724451925,44.491045174473015,low,0.5,clean,0.0,full,1.0,100,100
822,164,outlier_stress,20424908,difficult,-8.530023049746486,0.7005528611054956,73.1597108974882,-115.77222651068313,136.95090992704274,none,0.0,high,0.3,full,1.0,100,100
823,164,overlap_stress,20424909,extreme,-10.475891808998774,1.3214835653377075,-199.3453994995198,-178.6154765891853,267.6603758101018,none,0.0,clean,0.0,low,0.4,100,40
824,164,combined_stress,20424910,easy,-1.8124287000768957,0.9812783924396723,-22.634536913651093,14.674992309680903,26.97550111832267,low,0.5,high,0.3,low,0.4,100,40
825,165,geometric_only,20425906,moderate,1.2635195523928608,0.8699224490311591,32.70492242138063,13.151699018500878,35.25023599441233,none,0.0,clean,0.0,full,1.0,100,100
826,165,noise_stress,20425907,difficult,-8.897809572048526,0.8609191455920654,-118.3075614660048,17.31537815765867,119.56797824156443,moderate,2.0,clean,0.0,full,1.0,100,100
827,165,outlier_stress,20425908,extreme,27.97982505202917,1.0834165096177637,-145.0994025798904,68.43637014066456,160.42871746377315,none,0.0,severe,0.4,full,1.0,100,100
828,165,overlap_stress,20425909,easy,-0.030558217235481244,1.0467229011198897,-12.011431441311144,-21.056338700750622,24.24136722113764,none,0.0,clean,0.0,high,0.8,100,80
829,165,combined_stress,20425910,moderate,4.951825646155196,1.058451393083791,-59.749740968201024,13.207149236633569,61.19199569164116,moderate,2.0,severe,0.4,high,0.8,100,80
830,166,geometric_only,20426906,difficult,0.4709718050534448,0.894093484426945,26.19594687783865,-49.06895810171305,55.623648585958605,none,0.0,clean,0.0,full,1.0,100,100
831,166,noise_stress,20426907,extreme,-6.055125059589464,1.3897745838125628,2.42282962700196,200.87141976761723,200.88603083056762,high,5.0,clean,0.0,full,1.0,100,100
832,166,outlier_stress,20426908,easy,2.140661476679928,1.0059949995536805,-0.1801744791285138,-4.978145502563386,4.981404971252719,none,0.0,extreme,0.5,full,1.0,100,100
833,166,overlap_stress,20426909,moderate,10.113853259843488,1.1244595841734022,-42.2010367603672,-0.007709077290456889,42.20103746449531,none,0.0,clean,0.0,moderate,0.6,100,60
834,166,combined_stress,20426910,difficult,-15.44233044281511,0.9848806664061558,78.6588084041152,-39.90802189360795,88.20350532159136,high,5.0,extreme,0.5,moderate,0.6,100,60
835,167,geometric_only,20427906,extreme,19.597345878552588,0.9143397606008312,-36.361714471440706,244.86586597148892,247.5509373790973,none,0.0,clean,0.0,full,1.0,100,100
836,167,noise_stress,20427907,easy,4.0597963504272645,1.0008497760528665,-9.37176190709717,16.276959929789683,18.782154982836676,severe,10.0,clean,0.0,full,1.0,100,100
837,167,outlier_stress,20427908,moderate,-4.759529974865192,1.144150279910804,57.42924339951318,13.540130844352987,59.003840050650325,none,0.0,very_extreme,0.6,full,1.0,100,100
838,167,overlap_stress,20427909,difficult,28.572080484631847,0.8046071802295471,-144.96763353882812,-102.01460746088478,177.2641952263524,none,0.0,clean,0.0,low,0.4,100,40
839,167,combined_stress,20427910,extreme,11.322713231785386,1.3932260169170076,-50.72520527861457,172.36301519021157,179.67207756359554,severe,10.0,very_extreme,0.6,low,0.4,100,40
840,168,geometric_only,20428906,easy,3.127827120263559,1.0491715750076227,-10.449649442516057,5.844850786793494,11.973197325332805,none,0.0,clean,0.0,full,1.0,100,100
841,168,noise_stress,20428907,moderate,-3.7430511362803074,0.9930015265044256,38.15870089878322,-59.866183335207424,70.99328391761763,low,0.5,clean,0.0,full,1.0,100,100
842,168,outlier_stress,20428908,difficult,9.641714444043728,1.1827777044136705,-42.01378147988699,13.861548627295264,44.24138746226847,none,0.0,low,0.1,full,1.0,100,100
843,168,overlap_stress,20428909,extreme,1.1914104250508615,0.6955535444261167,-90.2504461934152,-172.05463248475982,194.2882899136649,none,0.0,clean,0.0,high,0.8,100,80
844,168,combined_stress,20428910,easy,-0.12755117273673644,1.0333093879669608,10.222226500702277,-18.426733786732353,21.07221945308001,low,0.5,low,0.1,high,0.8,100,80
845,169,geometric_only,20429906,moderate,-1.248338140472681,1.0963725567733729,-65.15008893084445,-35.17987599612481,74.04159481534457,none,0.0,clean,0.0,full,1.0,100,100
846,169,noise_stress,20429907,difficult,10.144637441278114,1.0540664747155164,-20.152978201674387,-30.128949011978563,36.24770474062554,moderate,2.0,clean,0.0,full,1.0,100,100
847,169,outlier_stress,20429908,extreme,37.27509731033918,0.7537150688838007,-175.70561146321623,-46.39014209504356,181.72646252888168,none,0.0,moderate,0.2,full,1.0,100,100
848,169,overlap_stress,20429909,easy,1.426946634275832,0.9812983317076428,-20.965751446770327,-4.673236189221878,21.48026699573367,none,0.0,clean,0.0,moderate,0.6,100,60
849,169,combined_stress,20429910,moderate,-12.343538571539176,1.0376009366716887,53.988507810448,-4.669606308475309,54.19007472475894,moderate,2.0,moderate,0.2,moderate,0.6,100,60
850,170,geometric_only,20430906,difficult,24.771485219306413,1.1414904431494017,70.12977482003845,11.22738502877877,71.02280965220783,none,0.0,clean,0.0,full,1.0,100,100
851,170,noise_stress,20430907,extreme,12.548570396706708,1.0985443033078945,-32.83669645338372,101.13334956706791,106.33063071677144,high,5.0,clean,0.0,full,1.0,100,100
852,170,outlier_stress,20430908,easy,-3.9942506323532556,0.9585564292019102,-13.451589951199455,-3.5645786163605813,13.915871978694877,none,0.0,high,0.3,full,1.0,100,100
853,170,overlap_stress,20430909,moderate,-11.675737413461354,0.8608592458574237,-73.2943629309468,4.898525572427403,73.45787357551997,none,0.0,clean,0.0,low,0.4,100,40
854,170,combined_stress,20430910,difficult,19.3434887742928,0.8289644349977827,-64.43755149085403,-10.960009213563865,65.36298527529071,high,5.0,high,0.3,low,0.4,100,40
855,171,geometric_only,20431906,extreme,12.410947759579912,1.2010853129944474,154.41169480091276,-106.08606286714317,187.34253181256435,none,0.0,clean,0.0,full,1.0,100,100
856,171,noise_stress,20431907,easy,-3.8192662137016287,0.9535271073552984,19.661674699041463,-3.1333744526239435,19.90978371131348,severe,10.0,clean,0.0,full,1.0,100,100
857,171,outlier_stress,20431908,moderate,-10.35625301807986,1.0857684269461567,-40.59242343782189,55.097417044823715,68.4358839028668,none,0.0,severe,0.4,full,1.0,100,100
858,171,overlap_stress,20431909,difficult,-9.923276003995497,0.7142525177426012,-100.82179343068941,-97.74411494388816,140.424164717988,none,0.0,clean,0.0,high,0.8,100,80
859,171,combined_stress,20431910,extreme,19.14529265217132,1.006019732151485,-65.82369416622487,27.30644608940446,71.2628985638548,severe,10.0,severe,0.4,high,0.8,100,80
860,172,geometric_only,20432906,easy,3.747055787194583,0.9854108546947054,24.052661672141994,9.724197172652254,25.943988594029765,none,0.0,clean,0.0,full,1.0,100,100
861,172,noise_stress,20432907,moderate,-8.219290788047529,0.8572786384202251,-38.197017564153654,-6.7643013066076065,38.79133824660908,low,0.5,clean,0.0,full,1.0,100,100
862,172,outlier_stress,20432908,difficult,1.918333758628318,0.8145853605355626,77.59773451710583,-46.9426087234302,90.69187899667921,none,0.0,extreme,0.5,full,1.0,100,100
863,172,overlap_stress,20432909,extreme,31.56242478427947,1.3555679329298607,24.921102079712682,-129.08360192909566,131.46724921385058,none,0.0,clean,0.0,moderate,0.6,100,60
864,172,combined_stress,20432910,easy,-3.4932214072917,1.0408815169655854,22.801344789136927,19.528200103398945,30.020858140158026,low,0.5,extreme,0.5,moderate,0.6,100,60
865,173,geometric_only,20433906,moderate,0.727424249679034,0.9908545530339689,-68.99316163735979,26.03252645181577,73.74109292777904,none,0.0,clean,0.0,full,1.0,100,100
866,173,noise_stress,20433907,difficult,-21.871151888328704,1.2349710892867503,-108.75508661067128,-107.60121640362885,152.9891847002107,moderate,2.0,clean,0.0,full,1.0,100,100
867,173,outlier_stress,20433908,extreme,0.13291519289113296,0.6778768997574023,-73.43887166055612,-47.28149930699942,87.34304807764279,none,0.0,very_extreme,0.6,full,1.0,100,100
868,173,overlap_stress,20433909,easy,1.601946158387805,0.9568217335211595,5.25003463007981,-17.147011062934318,17.932731303664514,none,0.0,clean,0.0,low,0.4,100,40
869,173,combined_stress,20433910,moderate,-5.206783350311547,0.9007911748808224,-26.644157082991057,-6.018523583092218,27.315448610325618,moderate,2.0,very_extreme,0.6,low,0.4,100,40
870,174,geometric_only,20434906,difficult,-13.176562467103167,1.02852699660829,122.56574315670923,-46.78865581397858,131.1927578353141,none,0.0,clean,0.0,full,1.0,100,100
871,174,noise_stress,20434907,extreme,32.92234805043972,1.1323874553660191,-89.80841831897425,233.4911726120513,250.1673033965602,high,5.0,clean,0.0,full,1.0,100,100
872,174,outlier_stress,20434908,easy,2.8245227768692036,1.0394663801713577,-0.5798036956064507,5.190705146480507,5.222986908191339,none,0.0,low,0.1,full,1.0,100,100
873,174,overlap_stress,20434909,moderate,-3.438268237563978,1.0363076428352005,-18.33133552419382,-62.88327293632358,65.50071661657402,none,0.0,clean,0.0,high,0.8,100,80
874,174,combined_stress,20434910,difficult,-12.751757808386625,0.8427219864089195,95.43670316624556,-112.89026660135892,147.825493757227,high,5.0,low,0.1,high,0.8,100,80
875,175,geometric_only,20435906,extreme,31.326577025821948,0.7962483949221018,113.91718467323443,-19.503389574274223,115.57468221354411,none,0.0,clean,0.0,full,1.0,100,100
876,175,noise_stress,20435907,easy,-2.774147033206995,0.9752504296082013,23.4721566580791,-1.6682822695412654,23.531368509125702,severe,10.0,clean,0.0,full,1.0,100,100
877,175,outlier_stress,20435908,moderate,11.330765648218659,0.9719386322794358,29.91284611411554,-19.537286211815754,35.72791506888085,none,0.0,moderate,0.2,full,1.0,100,100
878,175,overlap_stress,20435909,difficult,-7.195567255190852,0.8634476704118277,-143.98880137501877,35.84965071408587,148.38454224661194,none,0.0,clean,0.0,moderate,0.6,100,60
879,175,combined_stress,20435910,extreme,-44.257000229640745,1.221076319661314,14.88925620344736,-7.959254975137043,16.88311849307288,severe,10.0,moderate,0.2,moderate,0.6,100,60
880,176,geometric_only,20436906,easy,2.5919237927875196,1.0405911794058897,-4.132060171231423,0.6887026289307876,4.1890610606403476,none,0.0,clean,0.0,full,1.0,100,100
881,176,noise_stress,20436907,moderate,-3.0489297537127875,1.0392610568324148,23.714649095754496,-35.791482774380235,42.93500693983322,low,0.5,clean,0.0,full,1.0,100,100
882,176,outlier_stress,20436908,difficult,-24.34743260559852,0.7743265834327084,114.03885725036798,54.59987045819332,126.43578139522569,none,0.0,high,0.3,full,1.0,100,100
883,176,overlap_stress,20436909,extreme,-7.949016953009391,0.6890532431808813,-209.64097379289586,135.91397320844004,249.84384324241054,none,0.0,clean,0.0,low,0.4,100,40
884,176,combined_stress,20436910,easy,-1.6015944951177241,1.0151178186740402,15.252374374061823,17.978156280403837,23.576450693205746,low,0.5,high,0.3,low,0.4,100,40
885,177,geometric_only,20437906,moderate,-4.822555037694437,1.010535357221664,18.35561224698614,41.86575934047754,45.71291180964619,none,0.0,clean,0.0,full,1.0,100,100
886,177,noise_stress,20437907,difficult,16.31419730601334,1.1349871493075763,111.91803811472573,77.92220421770816,136.3727141535117,moderate,2.0,clean,0.0,full,1.0,100,100
887,177,outlier_stress,20437908,extreme,32.3562017396234,1.4857624298611538,-46.72007262244077,112.58653811207029,121.89542136563946,none,0.0,severe,0.4,full,1.0,100,100
888,177,overlap_stress,20437909,easy,1.6031005511999652,1.04397990676958,-16.111584970098203,22.458856899157652,27.640250061559424,none,0.0,clean,0.0,high,0.8,100,80
889,177,combined_stress,20437910,moderate,14.522251904663616,1.139979306782412,-35.71498232800565,52.85372599281065,63.78931191048281,moderate,2.0,severe,0.4,high,0.8,100,80
890,178,geometric_only,20438906,difficult,-29.781780311987024,1.0556064268236678,-9.720288621326262,-124.56571325512166,124.94439134926817,none,0.0,clean,0.0,full,1.0,100,100
891,178,noise_stress,20438907,extreme,32.24609330870081,1.2593747593514608,-39.77409900054596,21.299341423688702,45.11807726829782,high,5.0,clean,0.0,full,1.0,100,100
892,178,outlier_stress,20438908,easy,-4.162080319148156,0.9619151420145953,2.272801394505425,22.04805767664012,22.16489281479419,none,0.0,extreme,0.5,full,1.0,100,100
893,178,overlap_stress,20438909,moderate,-8.888074161585862,1.0383023865272312,48.78103199251974,-43.86735125840264,65.6043717192941,none,0.0,clean,0.0,moderate,0.6,100,60
894,178,combined_stress,20438910,difficult,-24.01447365455037,1.2213182999348908,-118.18389732711523,-54.26829293348841,130.04799577594812,high,5.0,extreme,0.5,moderate,0.6,100,60
895,179,geometric_only,20439906,extreme,36.60715126749102,1.084858148695874,-154.35116974931321,175.09916942174738,233.41808570710003,none,0.0,clean,0.0,full,1.0,100,100
896,179,noise_stress,20439907,easy,-2.7309459699310032,0.9590587872924076,-17.52109012132763,0.9599204752817734,17.54736579542781,severe,10.0,clean,0.0,full,1.0,100,100
897,179,outlier_stress,20439908,moderate,10.668496651747557,1.0887565324987172,-61.79880310522613,-16.731317823779676,64.02366016840051,none,0.0,very_extreme,0.6,full,1.0,100,100
898,179,overlap_stress,20439909,difficult,15.204461696186698,0.7769240372122698,103.00608720202777,41.85882560817464,111.18639881733434,none,0.0,clean,0.0,low,0.4,100,40
899,179,combined_stress,20439910,extreme,-10.126599220793047,1.1972852778389367,-220.40591475425546,-45.861083579856086,225.1266449041043,severe,10.0,very_extreme,0.6,low,0.4,100,40
900,180,geometric_only,20440906,easy,0.9321209122588847,1.0416677171266338,-2.5968564644863754,-10.527700443567495,10.843253207715659,none,0.0,clean,0.0,full,1.0,100,100
901,180,noise_stress,20440907,moderate,-7.826485635390402,0.9020405097673648,-21.71550096732583,-3.655222276656744,22.020981634652365,low,0.5,clean,0.0,full,1.0,100,100
902,180,outlier_stress,20440908,difficult,-10.807405371674896,0.8346567647532301,-53.48609257350374,-116.71201647345222,128.38402115559708,none,0.0,low,0.1,full,1.0,100,100
903,180,overlap_stress,20440909,extreme,2.85526350473949,0.7842728071298456,19.268347840174613,-124.56747454687783,126.04889901731399,none,0.0,clean,0.0,high,0.8,100,80
904,180,combined_stress,20440910,easy,0.7963816028037254,0.9670077852982328,-13.385933384391752,3.6900559440815783,13.885234079475413,low,0.5,low,0.1,high,0.8,100,80
905,181,geometric_only,20441906,moderate,11.640261007378658,0.9303751488402233,36.005326704613964,10.589613668389703,37.53030067494442,none,0.0,clean,0.0,full,1.0,100,100
906,181,noise_stress,20441907,difficult,-24.36573281717458,0.8972932978378259,70.46918373943546,-12.076636833452568,71.49651050302678,moderate,2.0,clean,0.0,full,1.0,100,100
907,181,outlier_stress,20441908,extreme,12.335587300823619,1.0189038925386389,150.52960897346298,-247.57178266668856,289.7429045731159,none,0.0,moderate,0.2,full,1.0,100,100
908,181,overlap_stress,20441909,easy,3.849516622534093,1.0358530079328956,-10.665002884960023,-21.720641362187365,24.19769715739434,none,0.0,clean,0.0,moderate,0.6,100,60
909,181,combined_stress,20441910,moderate,-9.92316883456685,0.8909202807838396,54.589382225196545,62.8200035406085,83.22471686086212,moderate,2.0,moderate,0.2,moderate,0.6,100,60
910,182,geometric_only,20442906,difficult,13.684681707735109,0.88925634636156,-52.21519221888282,38.42118612564917,64.82757007444177,none,0.0,clean,0.0,full,1.0,100,100
911,182,noise_stress,20442907,extreme,-38.78445838455582,1.1561231525046272,-19.71797084848103,249.99558770651583,250.77199254922348,high,5.0,clean,0.0,full,1.0,100,100
912,182,outlier_stress,20442908,easy,1.8776281819788885,1.0252037828742115,-14.472144157043237,8.958167847297105,17.02033277238105,none,0.0,high,0.3,full,1.0,100,100
913,182,overlap_stress,20442909,moderate,0.6967933403980613,0.9867148407852364,-26.22735398134043,46.148088412760615,53.08031801915381,none,0.0,clean,0.0,low,0.4,100,40
914,182,combined_stress,20442910,difficult,6.317804824926526,0.9731513178183712,115.09696651715342,59.271056415869054,129.4618470056096,high,5.0,high,0.3,low,0.4,100,40
915,183,geometric_only,20443906,extreme,7.141201069306412,0.748453062950772,118.24139815133844,-151.16198703288669,191.9139769806096,none,0.0,clean,0.0,full,1.0,100,100
916,183,noise_stress,20443907,easy,-4.262928327733661,1.0029313737901997,-2.0245921263200017,9.37146101542001,9.587661594022496,severe,10.0,clean,0.0,full,1.0,100,100
917,183,outlier_stress,20443908,moderate,11.256308416696399,1.0363951360029506,70.90512441692854,-35.198222994265876,79.1609219914358,none,0.0,severe,0.4,full,1.0,100,100
918,183,overlap_stress,20443909,difficult,-25.66328411831256,0.7715474657307022,122.28339450018615,131.30070368103566,179.42436667750366,none,0.0,clean,0.0,high,0.8,100,80
919,183,combined_stress,20443910,extreme,7.947705662780756,1.4085806342099676,221.26265453405955,-137.34242738970516,260.4229341912018,severe,10.0,severe,0.4,high,0.8,100,80
920,184,geometric_only,20444906,easy,-1.175318458872292,1.0324239536250661,18.505869726559027,19.467283695022502,26.85967886626463,none,0.0,clean,0.0,full,1.0,100,100
921,184,noise_stress,20444907,moderate,-8.244491264290518,0.8972774010251798,-32.42220477187273,-69.93377985499103,77.08393429940895,low,0.5,clean,0.0,full,1.0,100,100
922,184,outlier_stress,20444908,difficult,27.109422631890936,0.7218888560588584,-110.20918105302222,-85.65234458378887,139.57932411742772,none,0.0,extreme,0.5,full,1.0,100,100
923,184,overlap_stress,20444909,extreme,-34.211315767208376,0.5078717606381744,-146.4110576330981,-155.634377417532,213.67792874179864,none,0.0,clean,0.0,moderate,0.6,100,60
924,184,combined_stress,20444910,easy,4.849898080920772,0.9511707556698644,-8.81031833784256,22.0483342028881,23.74343594209503,low,0.5,extreme,0.5,moderate,0.6,100,60
925,185,geometric_only,20445906,moderate,5.160152322451186,1.0354529340283958,-73.15785733160597,-19.650141887411053,75.75090867802841,none,0.0,clean,0.0,full,1.0,100,100
926,185,noise_stress,20445907,difficult,29.795890158111604,0.7155723443561317,36.325758908202914,-148.7651791602557,153.13601565549453,moderate,2.0,clean,0.0,full,1.0,100,100
927,185,outlier_stress,20445908,extreme,-1.5456018810232237,0.5103417763421935,142.92911906146645,213.05429909720345,256.5557784176523,none,0.0,very_extreme,0.6,full,1.0,100,100
928,185,overlap_stress,20445909,easy,1.8097592663983955,1.0100754634652218,16.257896081648845,-5.8727669810240855,17.28608044106875,none,0.0,clean,0.0,low,0.4,100,40
929,185,combined_stress,20445910,moderate,-4.169924321525167,1.0238208253627372,42.71721721107423,60.06829164141769,73.70861758964487,moderate,2.0,very_extreme,0.6,low,0.4,100,40
930,186,geometric_only,20446906,difficult,-14.711058420285287,1.2778475685514672,101.73707211315366,131.20759969098907,166.0297143851903,none,0.0,clean,0.0,full,1.0,100,100
931,186,noise_stress,20446907,extreme,-19.611645778976612,1.3197621808870328,-45.58561355327279,-84.95470607621525,96.41239675230801,high,5.0,clean,0.0,full,1.0,100,100
932,186,outlier_stress,20446908,easy,-3.2759901497634747,1.0208146622323524,10.395068803031819,15.774421734581296,18.89152816688465,none,0.0,low,0.1,full,1.0,100,100
933,186,overlap_stress,20446909,moderate,-9.651049929107085,1.033473334432167,-12.70069919390184,-53.591698314073135,55.07610995886155,none,0.0,clean,0.0,high,0.8,100,80
934,186,combined_stress,20446910,difficult,-21.106576522378163,1.2899859416232142,42.90156010118554,32.096873962899394,53.57941001267076,high,5.0,low,0.1,high,0.8,100,80
935,187,geometric_only,20447906,extreme,15.97468374240298,0.9817312386467218,4.005262232768246,-6.5271690861667935,7.658071678474362,none,0.0,clean,0.0,full,1.0,100,100
936,187,noise_stress,20447907,easy,-2.5160447455908965,1.0042370575409216,-8.228232583493373,1.5743381181185079,8.377490791294429,severe,10.0,clean,0.0,full,1.0,100,100
937,187,outlier_stress,20447908,moderate,-13.469655657246554,1.0302158857387977,43.6127523296346,73.63258219323725,85.57937442053365,none,0.0,moderate,0.2,full,1.0,100,100
938,187,overlap_stress,20447909,difficult,-22.673611392141954,1.2453021990761584,-23.96676811864812,17.662852233542395,29.772173637089406,none,0.0,clean,0.0,moderate,0.6,100,60
939,187,combined_stress,20447910,extreme,39.027450107500584,1.0718299785973597,-64.25546176685421,156.2734903184188,168.96795004725777,severe,10.0,moderate,0.2,moderate,0.6,100,60
940,188,geometric_only,20448906,easy,-4.236039094215035,0.9737687174247748,-19.35303093913598,-1.6494838808631904,19.42319756385086,none,0.0,clean,0.0,full,1.0,100,100
941,188,noise_stress,20448907,moderate,-13.02283650480197,0.9678606771411206,-67.20293002653206,-23.690128536419365,71.2562698590309,low,0.5,clean,0.0,full,1.0,100,100
942,188,outlier_stress,20448908,difficult,-23.061797383088162,1.2676834997023065,56.79712826531198,-5.367195435602667,57.05015833483949,none,0.0,high,0.3,full,1.0,100,100
943,188,overlap_stress,20448909,extreme,-44.410899541677395,0.713058727604161,-200.03207087864982,133.15540556281826,240.29813026863067,none,0.0,clean,0.0,low,0.4,100,40
944,188,combined_stress,20448910,easy,-1.2712060126529598,0.9965640076970871,6.623916701462427,-5.840374915482965,8.830982483354585,low,0.5,high,0.3,low,0.4,100,40
945,189,geometric_only,20449906,moderate,-12.619129159785139,1.1051598988662703,71.64528699150415,74.77639113467853,103.55943133882796,none,0.0,clean,0.0,full,1.0,100,100
946,189,noise_stress,20449907,difficult,-11.006952082138316,1.2078224597169156,124.85109717520999,139.0310663980689,186.86207183277716,moderate,2.0,clean,0.0,full,1.0,100,100
947,189,outlier_stress,20449908,extreme,5.133513204662819,0.9179027359071456,169.78932942915173,132.26306207222643,215.22530979585704,none,0.0,severe,0.4,full,1.0,100,100
948,189,overlap_stress,20449909,easy,2.224154968537883,0.9857734694925212,-13.433085232814479,-21.735173657714295,25.551233880246485,none,0.0,clean,0.0,high,0.8,100,80
949,189,combined_stress,20449910,moderate,6.364530327124271,1.1213377294361129,-24.3856781725867,51.37138055441079,56.86545559479029,moderate,2.0,severe,0.4,high,0.8,100,80
950,190,geometric_only,20450906,difficult,19.758918237798355,0.7085869302535579,-79.32405848227371,4.985135901219024,79.48055003617428,none,0.0,clean,0.0,full,1.0,100,100
951,190,noise_stress,20450907,extreme,37.211863427360214,1.296428105402402,-92.9721516626621,0.1732826965855736,92.97231314578539,high,5.0,clean,0.0,full,1.0,100,100
952,190,outlier_stress,20450908,easy,-3.8866788955058307,1.0027913397823525,-23.800585293276498,19.92670379937077,31.040963010357572,none,0.0,extreme,0.5,full,1.0,100,100
953,190,overlap_stress,20450909,moderate,-12.107200873879899,1.0670837775714683,-59.220901027444214,10.430638818111404,60.132464980709344,none,0.0,clean,0.0,moderate,0.6,100,60
954,190,combined_stress,20450910,difficult,-6.473562798539671,0.8145633240820445,85.47264192460301,82.24257142574899,118.61455674701494,high,5.0,extreme,0.5,moderate,0.6,100,60
955,191,geometric_only,20451906,extreme,2.3308080701319938,0.9579555298816271,71.80285846978956,202.57327789353985,214.92227292899625,none,0.0,clean,0.0,full,1.0,100,100
956,191,noise_stress,20451907,easy,0.1358989167853899,0.9687325402559357,1.2324854206081994,-0.28345991481575794,1.264661945074306,severe,10.0,clean,0.0,full,1.0,100,100
957,191,outlier_stress,20451908,moderate,-10.3991839986036,1.0079829821723982,-64.85809055200141,27.284423213856314,70.36342558577174,none,0.0,very_extreme,0.6,full,1.0,100,100
958,191,overlap_stress,20451909,difficult,21.66245431511819,1.1787870337944633,93.36634506397141,131.27835633620845,161.0940136471281,none,0.0,clean,0.0,low,0.4,100,40
959,191,combined_stress,20451910,extreme,18.844786804749752,1.3578137683765248,-51.12035706282063,-77.00879889144801,92.43184523168279,severe,10.0,very_extreme,0.6,low,0.4,100,40
960,192,geometric_only,20452906,easy,2.4296805325467306,0.9759064153926069,7.052509824218291,-11.126030748823041,13.172944053796451,none,0.0,clean,0.0,full,1.0,100,100
961,192,noise_stress,20452907,moderate,-1.4148516004674576,0.916663423064146,-3.1728086234057287,71.57842210367218,71.64870707425378,low,0.5,clean,0.0,full,1.0,100,100
962,192,outlier_stress,20452908,difficult,-17.45532350922248,0.705411536792938,-84.13840126831492,-135.4648845162302,159.46788236188365,none,0.0,low,0.1,full,1.0,100,100
963,192,overlap_stress,20452909,extreme,27.328568543614892,0.65134417667142,179.6033313937142,-218.2074335873182,282.6160659277604,none,0.0,clean,0.0,high,0.8,100,80
964,192,combined_stress,20452910,easy,-4.784235263093749,1.0006059419294602,-12.219523212988692,-10.716481549870348,16.25299124350595,low,0.5,low,0.1,high,0.8,100,80
965,193,geometric_only,20453906,moderate,1.9327995892262742,1.0388368240831818,-71.92091376833018,35.57669977116302,80.23913885305012,none,0.0,clean,0.0,full,1.0,100,100
966,193,noise_stress,20453907,difficult,-5.910166399342021,0.9875629026664223,-17.29360450612012,-23.264235650005432,28.987814977902037,moderate,2.0,clean,0.0,full,1.0,100,100
967,193,outlier_stress,20453908,extreme,7.074751589983052,1.4213635674387137,-138.04290418051391,-77.22199989884527,158.17420985409666,none,0.0,moderate,0.2,full,1.0,100,100
968,193,overlap_stress,20453909,easy,-1.2801938246233924,1.0036608286133586,18.886961267772847,-3.3518616095330636,19.18208232126568,none,0.0,clean,0.0,moderate,0.6,100,60
969,193,combined_stress,20453910,moderate,-14.65359987152724,0.9744356064647031,-7.810531734799241,-24.81481898041799,26.01498889123766,moderate,2.0,moderate,0.2,moderate,0.6,100,60
970,194,geometric_only,20454906,difficult,-18.09349809345271,0.9747771941806782,-67.04717258821661,106.10462292258649,125.51300473504078,none,0.0,clean,0.0,full,1.0,100,100
971,194,noise_stress,20454907,extreme,-13.266653257210432,0.6660711414809435,-197.71948290997733,-70.05711230133775,209.76413636794797,high,5.0,clean,0.0,full,1.0,100,100
972,194,outlier_stress,20454908,easy,1.6925937573173533,0.9651323981599034,16.745237339013755,-24.961566377837507,30.057990112033245,none,0.0,high,0.3,full,1.0,100,100
973,194,overlap_stress,20454909,moderate,7.204865966722846,1.1095244567470184,30.78452524076758,-68.18822281902122,74.8152439380902,none,0.0,clean,0.0,low,0.4,100,40
974,194,combined_stress,20454910,difficult,15.958746271570497,0.995856431901658,-91.92457313467754,105.77314576538205,140.13595367034628,high,5.0,high,0.3,low,0.4,100,40
975,195,geometric_only,20455906,extreme,41.94542912026624,0.9244007922487356,-92.83042561015941,68.45658548364412,115.34206524526434,none,0.0,clean,0.0,full,1.0,100,100
976,195,noise_stress,20455907,easy,-4.05789064677877,1.0487992186833455,-16.579440831861945,-13.28754743165722,21.247041559844313,severe,10.0,clean,0.0,full,1.0,100,100
977,195,outlier_stress,20455908,moderate,-10.03113471722407,0.9417883693080837,68.53088346297687,-55.47318454328756,88.16890717021367,none,0.0,severe,0.4,full,1.0,100,100
978,195,overlap_stress,20455909,difficult,-26.189788823833318,0.8197581157860753,78.68534770905964,129.6225328763059,151.63569821570587,none,0.0,clean,0.0,high,0.8,100,80
979,195,combined_stress,20455910,extreme,-4.830421293722992,1.1211200076794918,-54.055103775030915,-207.62452548825934,214.54579424531772,severe,10.0,severe,0.4,high,0.8,100,80
980,196,geometric_only,20456906,easy,-2.5888057119400063,1.0021725311155956,-23.491485412336377,14.792152277910724,27.760721458400756,none,0.0,clean,0.0,full,1.0,100,100
981,196,noise_stress,20456907,moderate,11.888808749014196,0.8843002050554043,9.656167115246333,-41.86132040604056,42.960583207106865,low,0.5,clean,0.0,full,1.0,100,100
982,196,outlier_stress,20456908,difficult,-3.41009696645283,1.07777923199731,-133.99260413564608,-49.32935976913001,142.7844658857686,none,0.0,extreme,0.5,full,1.0,100,100
983,196,overlap_stress,20456909,extreme,-39.665298772940446,0.6131845554431653,-215.88053102165927,-28.839056336757665,217.79828935184102,none,0.0,clean,0.0,moderate,0.6,100,60
984,196,combined_stress,20456910,easy,2.3524344496565313,1.047210609651764,-16.356048462112327,13.578667130210398,21.257951978683725,low,0.5,extreme,0.5,moderate,0.6,100,60
985,197,geometric_only,20457906,moderate,-0.6443604372450764,1.0737931962013685,-46.07948552804523,-10.459086075697854,47.25157635537874,none,0.0,clean,0.0,full,1.0,100,100
986,197,noise_stress,20457907,difficult,-12.626602260003132,1.074464184070182,25.8397602186121,90.97696497271565,94.5753739818252,moderate,2.0,clean,0.0,full,1.0,100,100
987,197,outlier_stress,20457908,extreme,-29.56297245099584,1.4779861978271893,78.26787423162727,-230.35699598498033,243.2903732907697,none,0.0,very_extreme,0.6,full,1.0,100,100
988,197,overlap_stress,20457909,easy,-0.34681810587187645,0.9648590188144004,-1.6264458602896497,4.518985005498351,4.802764996996237,none,0.0,clean,0.0,low,0.4,100,40
989,197,combined_stress,20457910,moderate,-6.939074556981996,1.0577520536178993,-66.5152930548461,-13.558518791642157,67.88311750351018,moderate,2.0,very_extreme,0.6,low,0.4,100,40
990,198,geometric_only,20458906,difficult,16.595375377527965,1.1746731050712056,-31.883669360908712,79.50726005635619,85.66196806976129,none,0.0,clean,0.0,full,1.0,100,100
991,198,noise_stress,20458907,extreme,-29.041424835875873,1.0824812693047081,189.14019721376656,55.8896724183553,197.22492156188977,high,5.0,clean,0.0,full,1.0,100,100
992,198,outlier_stress,20458908,easy,-0.06645822587339012,0.9893519217274913,6.313334929982506,-7.99462547219121,10.186865777988132,none,0.0,low,0.1,full,1.0,100,100
993,198,overlap_stress,20458909,moderate,-1.2885392708748231,0.977607563375625,-59.72448041348064,-45.703811528053095,75.20539840232237,none,0.0,clean,0.0,high,0.8,100,80
994,198,combined_stress,20458910,difficult,-24.610813850033374,0.9047349262186803,-24.14924783766122,-56.61074939090528,61.5464305847599,high,5.0,low,0.1,high,0.8,100,80
995,199,geometric_only,20459906,extreme,38.219566572189194,0.9641881169692488,-171.97899325238063,-120.3008981670119,209.87872741155104,none,0.0,clean,0.0,full,1.0,100,100
996,199,noise_stress,20459907,easy,-3.782965082798615,1.0191689429128974,10.42683929636199,-23.996192857969607,26.163643656590153,severe,10.0,clean,0.0,full,1.0,100,100
997,199,outlier_stress,20459908,moderate,9.242452539519267,1.0117919777878241,54.292492160234985,-22.672412904983155,58.836323915615466,none,0.0,moderate,0.2,full,1.0,100,100
998,199,overlap_stress,20459909,difficult,11.370086066043875,0.7270657983389133,79.90050430032255,113.12503665553129,138.49680323300305,none,0.0,clean,0.0,moderate,0.6,100,60
999,199,combined_stress,20459910,extreme,-12.062500889295315,1.1613048967536637,-25.126729772115652,-197.30383701965488,198.8973520480337,severe,10.0,moderate,0.2,moderate,0.6,100,60
1000,200,geometric_only,20460906,easy,2.023548574116817,0.9993111337018117,-24.05374270292003,-3.526330095620228,24.310852349548657,none,0.0,clean,0.0,full,1.0,100,100
1001,200,noise_stress,20460907,moderate,-8.436429456616029,0.9380093821433596,36.81458353370161,55.07521652454625,66.24645678061239,low,0.5,clean,0.0,full,1.0,100,100
1002,200,outlier_stress,20460908,difficult,-6.891550562973173,1.0881403361636963,-96.21853427764418,68.2677662804528,117.9766682503821,none,0.0,high,0.3,full,1.0,100,100
1003,200,overlap_stress,20460909,extreme,-6.270564827324108,0.7364040796082502,-126.08201776415179,-165.12507489505967,207.75698679606168,none,0.0,clean,0.0,low,0.4,100,40
1004,200,combined_stress,20460910,easy,1.6863065800525954,0.9668937089381469,-9.381523687361671,10.241311907083137,13.888752869667275,low,0.5,high,0.3,low,0.4,100,40
1005,201,geometric_only,20461906,moderate,-8.212202217978433,0.92711893032177,72.78325419700559,67.08973608441781,98.98704349248322,none,0.0,clean,0.0,full,1.0,100,100
1006,201,noise_stress,20461907,difficult,-18.219242547831765,0.9329423525425127,11.697145862248334,-116.8804588544743,117.46431323323341,moderate,2.0,clean,0.0,full,1.0,100,100
1007,201,outlier_stress,20461908,extreme,36.12776526807683,0.5021173189524638,97.53141935589912,95.91314392218311,136.7907487318264,none,0.0,severe,0.4,full,1.0,100,100
1008,201,overlap_stress,20461909,easy,-0.3867279120810041,0.9870637988854458,3.305377570816127,-1.1113245469026793,3.487199898801726,none,0.0,clean,0.0,high,0.8,100,80
1009,201,combined_stress,20461910,moderate,9.928550432469653,0.958003470379361,49.84189312546242,18.50836854943094,53.16741498974332,moderate,2.0,severe,0.4,high,0.8,100,80
1010,202,geometric_only,20462906,difficult,-15.25771951385191,0.9052021366699838,27.577185190234445,-13.595866963455933,30.746524055646983,none,0.0,clean,0.0,full,1.0,100,100
1011,202,noise_stress,20462907,extreme,11.353097229302037,0.6616446291224405,-89.07143487064019,2.5142738413479435,89.10691377701275,high,5.0,clean,0.0,full,1.0,100,100
1012,202,outlier_stress,20462908,easy,-2.165673554419935,0.9686430586853539,-17.310333861876764,-8.389569599938518,19.236229788652707,none,0.0,extreme,0.5,full,1.0,100,100
1013,202,overlap_stress,20462909,moderate,-12.180865266221904,0.8809870545599215,3.4768098102161247,28.35005275632159,28.562452586264932,none,0.0,clean,0.0,moderate,0.6,100,60
1014,202,combined_stress,20462910,difficult,-14.623888548252957,1.174445535935724,146.96108701713058,-131.6447991266755,197.3015819357751,high,5.0,extreme,0.5,moderate,0.6,100,60
1015,203,geometric_only,20463906,extreme,10.491710001814312,1.1218432512984569,-18.2551629518984,-109.53685621570071,111.047619713434,none,0.0,clean,0.0,full,1.0,100,100
1016,203,noise_stress,20463907,easy,1.4913258420404105,0.9987568235878088,-19.827382397100465,14.6304846939436,24.64094509349362,severe,10.0,clean,0.0,full,1.0,100,100
1017,203,outlier_stress,20463908,moderate,5.942046886472259,0.935142396063732,-68.46435768728439,17.203931275831565,70.59280080061956,none,0.0,very_extreme,0.6,full,1.0,100,100
1018,203,overlap_stress,20463909,difficult,-8.89163954874229,0.8982473137210282,130.52006754702893,8.3702939277305,130.78818697771445,none,0.0,clean,0.0,low,0.4,100,40
1019,203,combined_stress,20463910,extreme,5.910512425683784,0.7681565459539069,-146.92281183566425,-214.31372973323292,259.839734047484,severe,10.0,very_extreme,0.6,low,0.4,100,40
1020,204,geometric_only,20464906,easy,1.8648747459860937,0.9832430467682921,-6.977602505259206,-14.049450026036753,15.68674544816431,none,0.0,clean,0.0,full,1.0,100,100
1021,204,noise_stress,20464907,moderate,-6.67033814800233,0.8694861652633701,64.62963599135571,-44.20730192799013,78.30246095830974,low,0.5,clean,0.0,full,1.0,100,100
1022,204,outlier_stress,20464908,difficult,11.848115758254792,1.001600977568278,-49.665454457919154,138.12382401627184,146.7816341624172,none,0.0,low,0.1,full,1.0,100,100
1023,204,overlap_stress,20464909,extreme,-15.559936264218326,0.6596157328666006,191.49489212002493,-213.9081831231099,287.1010353779483,none,0.0,clean,0.0,high,0.8,100,80
1024,204,combined_stress,20464910,easy,-2.2001238317333014,1.0050956425015225,9.038442485348916,21.33065666649813,23.166578434999444,low,0.5,low,0.1,high,0.8,100,80
1025,205,geometric_only,20465906,moderate,-10.8832230564026,0.8878693068432906,72.2007086397332,-49.62890673142561,87.61261730730446,none,0.0,clean,0.0,full,1.0,100,100
1026,205,noise_stress,20465907,difficult,11.324040456678489,0.7677351032570812,-100.10803330027721,-4.651675314517831,100.21604868722928,moderate,2.0,clean,0.0,full,1.0,100,100
1027,205,outlier_stress,20465908,extreme,23.561340117603095,0.9651264475060959,204.1483626112879,218.2178447857545,298.8236632862423,none,0.0,moderate,0.2,full,1.0,100,100
1028,205,overlap_stress,20465909,easy,2.551496053375142,1.0393360272193808,-8.925090392397543,-12.786388891541506,15.593235052361743,none,0.0,clean,0.0,moderate,0.6,100,60
1029,205,combined_stress,20465910,moderate,6.278124046058199,0.8685077688464579,17.09155635919808,5.930185138785802,18.091113690426035,moderate,2.0,moderate,0.2,moderate,0.6,100,60
1030,206,geometric_only,20466906,difficult,22.81167924765635,0.8774974376925293,-118.43238113640516,-8.807886511159893,118.75945337711946,none,0.0,clean,0.0,full,1.0,100,100
1031,206,noise_stress,20466907,extreme,-9.941839023520558,1.3481061771728107,-222.87994421396206,-115.56528927522507,251.0593667204737,high,5.0,clean,0.0,full,1.0,100,100
1032,206,outlier_stress,20466908,easy,-4.972619981977525,0.9543210784478782,-6.275532616881861,19.32874100847794,20.321971818658863,none,0.0,high,0.3,full,1.0,100,100
1033,206,overlap_stress,20466909,moderate,-12.308369425338483,1.0863695802077435,60.556713717294684,-74.81519408645941,96.25190305876023,none,0.0,clean,0.0,low,0.4,100,40
1034,206,combined_stress,20466910,difficult,-6.356830909418662,0.9588945402244806,119.79392563180937,-36.89477687276478,125.34675575686262,high,5.0,high,0.3,low,0.4,100,40
1035,207,geometric_only,20467906,extreme,-26.182036037700993,0.7713900617014334,-91.25922175583034,182.16885607685356,203.7492028937272,none,0.0,clean,0.0,full,1.0,100,100
1036,207,noise_stress,20467907,easy,-0.7563743793498698,0.9513264519868675,0.6179276398248668,0.9192411848357409,1.1076276106877019,severe,10.0,clean,0.0,full,1.0,100,100
1037,207,outlier_stress,20467908,moderate,-12.694704899854012,0.9766157645813351,-45.340228721509334,53.97215342735416,70.48921680728647,none,0.0,severe,0.4,full,1.0,100,100
1038,207,overlap_stress,20467909,difficult,-23.917267500662984,1.1008079443000574,127.49291137513501,-142.43681328534765,191.16141930262242,none,0.0,clean,0.0,high,0.8,100,80
1039,207,combined_stress,20467910,extreme,17.96736352032798,0.7441486791991766,138.3377739605566,-71.26653733693504,155.61574164704163,severe,10.0,severe,0.4,high,0.8,100,80
1040,208,geometric_only,20468906,easy,-1.9094483232207073,0.9863191962236091,-11.521854159706473,-24.351199759156746,26.939451608893247,none,0.0,clean,0.0,full,1.0,100,100
1041,208,noise_stress,20468907,moderate,11.696493089330442,0.9377194007921813,-62.30499338641505,0.7333811827811445,62.30930948775215,low,0.5,clean,0.0,full,1.0,100,100
1042,208,outlier_stress,20468908,difficult,25.97470370646883,1.240210853026059,-79.3460335435519,-114.94797005441148,139.6740092455441,none,0.0,extreme,0.5,full,1.0,100,100
1043,208,overlap_stress,20468909,extreme,-14.61555171045661,1.1363852158828567,169.55634114239916,34.58543322716923,173.04769577520707,none,0.0,clean,0.0,moderate,0.6,100,60
1044,208,combined_stress,20468910,easy,3.150152010783522,0.9726115977355224,-17.32374448022057,15.946250943000258,23.545594958571535,low,0.5,extreme,0.5,moderate,0.6,100,60
1045,209,geometric_only,20469906,moderate,8.885087762931626,1.0111883987450814,12.33133032190075,-44.964309051841774,46.62457287758644,none,0.0,clean,0.0,full,1.0,100,100
1046,209,noise_stress,20469907,difficult,20.749064581743518,0.7065892755288079,-57.95319577423032,128.36957468829814,140.84502336291766,moderate,2.0,clean,0.0,full,1.0,100,100
1047,209,outlier_stress,20469908,extreme,-38.84724710954893,1.1949989003287782,216.13617421724854,32.536585266078816,218.57144183549147,none,0.0,very_extreme,0.6,full,1.0,100,100
1048,209,overlap_stress,20469909,easy,-1.2062384164747808,0.956286527171808,14.453481127691028,13.424603753679044,19.72620345256061,none,0.0,clean,0.0,low,0.4,100,40
1049,209,combined_stress,20469910,moderate,-6.458804324340083,1.1461662321337913,21.067887271387036,-74.05133184287006,76.98997091688457,moderate,2.0,very_extreme,0.6,low,0.4,100,40
1050,210,geometric_only,20470906,difficult,-20.56915893780457,0.8544070470487906,-118.3436642626463,-119.5746991969306,168.23594015294825,none,0.0,clean,0.0,full,1.0,100,100
1051,210,noise_stress,20470907,extreme,-1.1003604309835637,0.5718195144803246,23.73082410288066,-37.27198565320688,44.18543795341087,high,5.0,clean,0.0,full,1.0,100,100
1052,210,outlier_stress,20470908,easy,2.9973368635464483,1.0444803095625763,-18.180395566924517,-7.625144720688283,19.71470555147322,none,0.0,low,0.1,full,1.0,100,100
1053,210,overlap_stress,20470909,moderate,-1.4038817164737623,1.0607925520157742,-42.40197514404919,-60.401156013929395,73.79855787165224,none,0.0,clean,0.0,high,0.8,100,80
1054,210,combined_stress,20470910,difficult,4.530874550403418,0.7764830210096825,77.5721916526565,130.98558461873017,152.23228401264626,high,5.0,low,0.1,high,0.8,100,80
1055,211,geometric_only,20471906,extreme,-2.412291126218946,1.4199982777663815,-102.42969564092613,124.2472539706074,161.0255342122155,none,0.0,clean,0.0,full,1.0,100,100
1056,211,noise_stress,20471907,easy,0.19358634559104893,1.0326086769494711,-12.30750629904242,-9.409624247169779,15.49244137551904,severe,10.0,clean,0.0,full,1.0,100,100
1057,211,outlier_stress,20471908,moderate,4.864789374492286,0.9209532937856397,-31.740728052200993,28.763313829394335,42.83458929103916,none,0.0,moderate,0.2,full,1.0,100,100
1058,211,overlap_stress,20471909,difficult,13.690013960374934,1.2853731540608955,-30.44545966918176,-137.4852051205172,140.81586431044786,none,0.0,clean,0.0,moderate,0.6,100,60
1059,211,combined_stress,20471910,extreme,13.215218274017033,0.5669073874719465,-61.358102376780124,11.272271031404102,62.38494066267005,severe,10.0,moderate,0.2,moderate,0.6,100,60
1060,212,geometric_only,20472906,easy,2.22128100638309,0.9724865435945774,-19.70174508957306,6.098001499616064,20.623878923806643,none,0.0,clean,0.0,full,1.0,100,100
1061,212,noise_stress,20472907,moderate,-7.1537837313792965,1.094082963883829,-50.104364507880085,37.56645764283574,62.623366905409085,low,0.5,clean,0.0,full,1.0,100,100
1062,212,outlier_stress,20472908,difficult,-26.55535546403203,1.1015514563323165,0.4037858393807312,-52.388449727225506,52.39000580097428,none,0.0,high,0.3,full,1.0,100,100
1063,212,overlap_stress,20472909,extreme,6.7269270401250765,1.1846507588670192,-171.88718905656103,55.70261798304301,180.6875408320418,none,0.0,clean,0.0,low,0.4,100,40
1064,212,combined_stress,20472910,easy,1.247908515146693,0.9761055047638829,-11.494198094712482,-2.529181354805445,11.769169391507099,low,0.5,high,0.3,low,0.4,100,40
1065,213,geometric_only,20473906,moderate,-0.033110203366263136,1.013959605811019,53.99109129375216,-33.48282675290824,63.530603857161225,none,0.0,clean,0.0,full,1.0,100,100
1066,213,noise_stress,20473907,difficult,15.64144221269433,0.8129140541817241,-43.574470912058544,-30.175226637271322,53.00263029205744,moderate,2.0,clean,0.0,full,1.0,100,100
1067,213,outlier_stress,20473908,extreme,31.291927842960376,0.9069042671508739,151.1362367811464,-240.574357883041,284.10945732094916,none,0.0,severe,0.4,full,1.0,100,100
1068,213,overlap_stress,20473909,easy,1.1443878253081197,1.0049913867307658,15.35792356082559,-23.094714547454853,27.73502580003459,none,0.0,clean,0.0,high,0.8,100,80
1069,213,combined_stress,20473910,moderate,1.0482569820430605,1.1487107897746487,-49.60542100174573,3.7024397423735564,49.743400092940405,moderate,2.0,severe,0.4,high,0.8,100,80
1070,214,geometric_only,20474906,difficult,27.475448959196015,1.136280080279154,-94.33810099856053,103.9927919119429,140.40718667381407,none,0.0,clean,0.0,full,1.0,100,100
1071,214,noise_stress,20474907,extreme,12.648880295555166,0.7268376130524121,221.9667141163078,142.2425137640396,263.6326134936717,high,5.0,clean,0.0,full,1.0,100,100
1072,214,outlier_stress,20474908,easy,-4.023008328225472,0.9780873552678131,-16.633727013830384,3.5980806173156417,17.01843290374684,none,0.0,extreme,0.5,full,1.0,100,100
1073,214,overlap_stress,20474909,moderate,0.4232187615226142,0.9875398905053824,-15.130586699894067,-72.1104699675112,73.68076094082053,none,0.0,clean,0.0,moderate,0.6,100,60
1074,214,combined_stress,20474910,difficult,-5.039907008865939,1.2523596100982446,-96.9599772222371,-88.81740322828409,131.49056353652284,high,5.0,extreme,0.5,moderate,0.6,100,60
1075,215,geometric_only,20475906,extreme,2.8045953870556986,1.0146565712428357,47.70882402131156,-213.7136766909728,218.97412517069253,none,0.0,clean,0.0,full,1.0,100,100
1076,215,noise_stress,20475907,easy,3.5547541083813226,1.0093449387902598,5.67544900749478,-5.42376744268126,7.850348699832557,severe,10.0,clean,0.0,full,1.0,100,100
1077,215,outlier_stress,20475908,moderate,8.946809249687327,0.9554760526533156,47.50781548085703,-49.99075106126462,68.96424960392514,none,0.0,very_extreme,0.6,full,1.0,100,100
1078,215,overlap_stress,20475909,difficult,-0.8700311117756385,0.7210992314326049,144.33915009340325,-23.479995745890946,146.2364539022779,none,0.0,clean,0.0,low,0.4,100,40
1079,215,combined_stress,20475910,extreme,8.477930897324306,1.0812900378411743,-173.0599894811613,-49.72206846697847,180.06122306553,severe,10.0,very_extreme,0.6,low,0.4,100,40
1080,216,geometric_only,20476906,easy,2.9455147086005242,1.003797444819151,-23.221533628359754,9.477521273436743,25.08112903243171,none,0.0,clean,0.0,full,1.0,100,100
1081,216,noise_stress,20476907,moderate,-5.264233352621879,1.0153837263312666,64.92950179655912,52.889719444407945,83.7446274483179,low,0.5,clean,0.0,full,1.0,100,100
1082,216,outlier_stress,20476908,difficult,-20.553851307986985,1.0734660376094678,-87.35953340317353,-99.11890235031753,132.122083239525,none,0.0,low,0.1,full,1.0,100,100
1083,216,overlap_stress,20476909,extreme,3.837061493349566,0.7323265817886979,49.16308813394812,60.29517117607003,77.7979235071087,none,0.0,clean,0.0,high,0.8,100,80
1084,216,combined_stress,20476910,easy,-4.227696336578097,0.9624583428455404,-15.941954110027318,-18.58914203225665,24.4888158623815,low,0.5,low,0.1,high,0.8,100,80
1085,217,geometric_only,20477906,moderate,2.6111198711491426,0.9903172908622337,-55.18384800271828,48.633126226944796,73.55567990980072,none,0.0,clean,0.0,full,1.0,100,100
1086,217,noise_stress,20477907,difficult,-11.909575258545587,0.867461862806144,39.32572595146601,105.7711882515373,112.84527896971122,moderate,2.0,clean,0.0,full,1.0,100,100
1087,217,outlier_stress,20477908,extreme,36.37475552643669,0.9961593010640308,-71.25747878408473,-172.59645338836515,186.727512715471,none,0.0,moderate,0.2,full,1.0,100,100
1088,217,overlap_stress,20477909,easy,-2.780380187817715,1.015481314899632,6.1887104573763025,-15.932031237552103,17.091803780747508,none,0.0,clean,0.0,moderate,0.6,100,60
1089,217,combined_stress,20477910,moderate,14.289910899585461,0.8913850322636034,51.248149460692716,-17.165275357513046,54.046456879658116,moderate,2.0,moderate,0.2,moderate,0.6,100,60
1090,218,geometric_only,20478906,difficult,15.06920048499508,1.0650326533148369,-124.66832685415332,-143.49523683403746,190.08701879578865,none,0.0,clean,0.0,full,1.0,100,100
1091,218,noise_stress,20478907,extreme,-44.84304111838657,0.5641347135250355,74.31692874460595,173.43459527879577,188.68641905964117,high,5.0,clean,0.0,full,1.0,100,100
1092,218,outlier_stress,20478908,easy,-4.652057187627236,1.025313688769831,-12.117270351347948,-1.9624878161117252,12.275161880645117,none,0.0,high,0.3,full,1.0,100,100
1093,218,overlap_stress,20478909,moderate,9.461966341078895,0.9605287014611085,-60.00903885977,4.978991165834415,60.21523974794789,none,0.0,clean,0.0,low,0.4,100,40
1094,218,combined_stress,20478910,difficult,-7.9043451861109695,1.2866586333512111,-0.40786889457010034,-1.119569526371123,1.191550653365897,high,5.0,high,0.3,low,0.4,100,40
1095,219,geometric_only,20479906,extreme,8.685685051704588,0.9380748153514652,-20.922165340590766,-128.39627422244087,130.08973916778854,none,0.0,clean,0.0,full,1.0,100,100
1096,219,noise_stress,20479907,easy,4.995097851182276,1.013809070379114,9.952312763591742,16.932549818318094,19.64076812892447,severe,10.0,clean,0.0,full,1.0,100,100
1097,219,outlier_stress,20479908,moderate,11.417068995424785,0.9689606851491085,-8.949078659719035,-19.438552848059047,21.399610876944074,none,0.0,severe,0.4,full,1.0,100,100
1098,219,overlap_stress,20479909,difficult,8.866519713004074,0.9031920152161681,3.1176522392883896,137.16103782279782,137.19646515895414,none,0.0,clean,0.0,high,0.8,100,80
1099,219,combined_stress,20479910,extreme,9.541966374286318,1.4046296435976036,-66.47045881005349,203.95371829323415,214.5121001250394,severe,10.0,severe,0.4,high,0.8,100,80
1100,220,geometric_only,20480906,easy,-2.0661385789922204,1.0077227029707148,6.179726384181279,-6.2576062555349985,8.794694663981062,none,0.0,clean,0.0,full,1.0,100,100
1101,220,noise_stress,20480907,moderate,-7.984411101926307,1.0490630267919638,72.42114881629973,39.005595070853076,82.25727470992453,low,0.5,clean,0.0,full,1.0,100,100
1102,220,outlier_stress,20480908,difficult,26.157491587296185,1.1792148663472437,-103.7559893035577,-65.11966250683867,122.49847248584184,none,0.0,extreme,0.5,full,1.0,100,100
1103,220,overlap_stress,20480909,extreme,37.016443219183074,1.1290369818530994,-124.5875283318334,-37.50866559929128,130.1113070062508,none,0.0,clean,0.0,moderate,0.6,100,60
1104,220,combined_stress,20480910,easy,-4.607900889795699,0.980758106953219,9.102299354781188,-15.805731685719238,18.239325855551765,low,0.5,extreme,0.5,moderate,0.6,100,60
1105,221,geometric_only,20481906,moderate,7.272107697883506,0.8901323013266657,-31.530747332336453,70.06657210371085,76.83431885362266,none,0.0,clean,0.0,full,1.0,100,100
1106,221,noise_stress,20481907,difficult,16.721810057215222,0.7074170680419093,-110.71747246792359,30.951800225016825,114.96248364947049,moderate,2.0,clean,0.0,full,1.0,100,100
1107,221,outlier_stress,20481908,extreme,-5.1601691631320605,1.227429090826587,79.18681389320614,-145.55726188623868,165.70295103701784,none,0.0,very_extreme,0.6,full,1.0,100,100
1108,221,overlap_stress,20481909,easy,-3.0853874414040696,0.9660636846352647,10.160283881749947,18.659858892038727,21.24668685768547,none,0.0,clean,0.0,low,0.4,100,40
1109,221,combined_stress,20481910,moderate,14.510456283989125,1.1118227435159067,21.778769172612854,19.124586069835942,28.983867564845706,moderate,2.0,very_extreme,0.6,low,0.4,100,40
1110,222,geometric_only,20482906,difficult,1.340499048963352,1.0525222625471944,131.7859204820104,133.05268489976805,187.27131599988218,none,0.0,clean,0.0,full,1.0,100,100
1111,222,noise_stress,20482907,extreme,30.95757592799262,1.3163825844441939,-194.20912403983576,-73.57625203910862,207.6791966578327,high,5.0,clean,0.0,full,1.0,100,100
1112,222,outlier_stress,20482908,easy,3.1441085833009215,0.9514340616382867,-0.25056482809304015,23.033630162125263,23.03499297110038,none,0.0,low,0.1,full,1.0,100,100
1113,222,overlap_stress,20482909,moderate,5.876728530549041,0.8973473157690368,47.451453208223725,-13.035915704483436,49.209506295294645,none,0.0,clean,0.0,high,0.8,100,80
1114,222,combined_stress,20482910,difficult,-7.059202419807811,1.0855772275108593,-79.76031064762446,-93.25522190738806,122.71203513755995,high,5.0,low,0.1,high,0.8,100,80
1115,223,geometric_only,20483906,extreme,42.180715975311,0.8144466314681684,-91.74574660157393,-221.6876674029999,239.92228720580195,none,0.0,clean,0.0,full,1.0,100,100
1116,223,noise_stress,20483907,easy,-2.1528635175116717,0.983079879188956,-6.978210836360056,9.65249336754949,11.91075374135826,severe,10.0,clean,0.0,full,1.0,100,100
1117,223,outlier_stress,20483908,moderate,14.766689469440877,0.8877087842659522,-64.01218591924764,49.065096406451104,80.65323075695521,none,0.0,moderate,0.2,full,1.0,100,100
1118,223,overlap_stress,20483909,difficult,-2.192323170588047,0.8410335575740522,120.6958142601705,-19.52416582509261,122.26476447076357,none,0.0,clean,0.0,moderate,0.6,100,60
1119,223,combined_stress,20483910,extreme,-19.608117345775796,1.3699949860965837,68.00502586119006,120.44254339415693,138.3151828312225,severe,10.0,moderate,0.2,moderate,0.6,100,60
1120,224,geometric_only,20484906,easy,3.925311369007403,1.0414518147646556,12.177421210662835,-12.522712268959502,17.467338375180404,none,0.0,clean,0.0,full,1.0,100,100
1121,224,noise_stress,20484907,moderate,10.870904631768493,1.1030468236190836,-62.05934212561624,-42.54438733971832,75.24218789466632,low,0.5,clean,0.0,full,1.0,100,100
1122,224,outlier_stress,20484908,difficult,14.817093981836237,0.984959436215815,4.1041639624988875,-141.0135507113897,141.07326339907485,none,0.0,high,0.3,full,1.0,100,100
1123,224,overlap_stress,20484909,extreme,12.62252152093918,1.3239184381503124,150.8997355150354,229.14543320287913,274.36902109429695,none,0.0,clean,0.0,low,0.4,100,40
1124,224,combined_stress,20484910,easy,-4.104757576320354,1.0485417845305063,6.191454743640584,6.2702604566445395,8.811939516174046,low,0.5,high,0.3,low,0.4,100,40
1125,225,geometric_only,20485906,moderate,2.6095277958183445,1.1080087245187453,-51.71740094389425,59.405777025838745,78.76379818441454,none,0.0,clean,0.0,full,1.0,100,100
1126,225,noise_stress,20485907,difficult,-15.74381413451393,1.2282189595247868,26.81320136503598,126.80858443444765,129.61236381499415,moderate,2.0,clean,0.0,full,1.0,100,100
1127,225,outlier_stress,20485908,extreme,-43.30012720702243,1.4389291175349013,-40.551999079991475,122.44523305034107,128.98565705587566,none,0.0,severe,0.4,full,1.0,100,100
1128,225,overlap_stress,20485909,easy,4.811770053081862,0.9730536576963256,7.467132313457611,18.952244416911405,20.37021436865681,none,0.0,clean,0.0,high,0.8,100,80
1129,225,combined_stress,20485910,moderate,-7.331049696537307,1.1253896692114957,43.12748771707395,-56.60306220432599,71.16099245860165,moderate,2.0,severe,0.4,high,0.8,100,80
1130,226,geometric_only,20486906,difficult,24.46649136002322,1.135670745195505,-4.281946463589691,105.66802291220003,105.75474519703728,none,0.0,clean,0.0,full,1.0,100,100
1131,226,noise_stress,20486907,extreme,6.354932868168284,0.8350068554270723,-234.84022908167307,151.7658853191669,279.61190450666294,high,5.0,clean,0.0,full,1.0,100,100
1132,226,outlier_stress,20486908,easy,2.8828549660831904,0.960229619091065,-5.84806066205002,-1.873130638909089,6.140719167771548,none,0.0,extreme,0.5,full,1.0,100,100
1133,226,overlap_stress,20486909,moderate,-1.0607255267250988,0.9706890029428032,-9.444465839238603,18.78801091978373,21.028249791897984,none,0.0,clean,0.0,moderate,0.6,100,60
1134,226,combined_stress,20486910,difficult,28.35944343587382,0.9222640227253218,108.79240906275953,48.68539271772278,119.18915946409597,high,5.0,extreme,0.5,moderate,0.6,100,60
1135,227,geometric_only,20487906,extreme,-14.927480106357809,0.5568331914724586,182.1783494546267,-20.026208600526616,183.27574864374142,none,0.0,clean,0.0,full,1.0,100,100
1136,227,noise_stress,20487907,easy,-2.216828658767349,0.9687177508996596,-11.741272786225126,22.48872835285713,25.369280430653742,severe,10.0,clean,0.0,full,1.0,100,100
1137,227,outlier_stress,20487908,moderate,-10.217158961790574,0.9324014044319147,-34.490469877691574,7.58346609608283,35.31432387027093,none,0.0,very_extreme,0.6,full,1.0,100,100
1138,227,overlap_stress,20487909,difficult,20.745661044690692,0.8378824931228515,-74.97736920314195,-125.47946310168523,146.17353232685952,none,0.0,clean,0.0,low,0.4,100,40
1139,227,combined_stress,20487910,extreme,-36.872259497902576,1.4529924498040705,-164.2735224849966,30.72346139928004,167.12187549803807,severe,10.0,very_extreme,0.6,low,0.4,100,40
1140,228,geometric_only,20488906,easy,2.9114732656042106,0.982937432482697,-6.866426202334797,4.731107416323393,8.33853621308321,none,0.0,clean,0.0,full,1.0,100,100
1141,228,noise_stress,20488907,moderate,-4.887233451796606,1.1289079368072623,34.647996680903404,-48.5735210057033,59.664651317940276,low,0.5,clean,0.0,full,1.0,100,100
1142,228,outlier_stress,20488908,difficult,7.6155896207140685,1.0718663644032322,62.3630833707231,97.3039327643443,115.57339442497913,none,0.0,low,0.1,full,1.0,100,100
1143,228,overlap_stress,20488909,extreme,31.052141996661774,1.4505923584097622,220.8425212312742,24.378551686781293,222.18400699899814,none,0.0,clean,0.0,high,0.8,100,80
1144,228,combined_stress,20488910,easy,4.791764390943822,1.0315394557009805,13.062189131525756,17.60456841102541,21.92125940374374,low,0.5,low,0.1,high,0.8,100,80
1145,229,geometric_only,20489906,moderate,-5.148921431625803,0.9849660480532831,-4.993036243064353,-37.29180596247955,37.62458242781944,none,0.0,clean,0.0,full,1.0,100,100
1146,229,noise_stress,20489907,difficult,-1.4196609397581206,0.7571982497662004,-101.80281765307328,99.27065642346005,142.19169071661514,moderate,2.0,clean,0.0,full,1.0,100,100
1147,229,outlier_stress,20489908,extreme,5.834361390404119,0.5548920620170075,-127.67319181564768,176.92967443723228,218.18467774997438,none,0.0,moderate,0.2,full,1.0,100,100
1148,229,overlap_stress,20489909,easy,-2.4252336871321303,0.9853756810244481,-17.14857111872942,-16.024029217449133,23.47004481835909,none,0.0,clean,0.0,moderate,0.6,100,60
1149,229,combined_stress,20489910,moderate,8.188750672846918,0.9896451218789157,62.56903520073706,54.10940848259216,82.72068817585532,moderate,2.0,moderate,0.2,moderate,0.6,100,60
1150,230,geometric_only,20490906,difficult,14.841269849691088,0.7858095197276486,20.466561931143502,-139.08763574113868,140.58538534762783,none,0.0,clean,0.0,full,1.0,100,100
1151,230,noise_stress,20490907,extreme,34.499439798931476,0.7917518809068894,190.57602186467489,-120.01734820300885,225.21852494732158,high,5.0,clean,0.0,full,1.0,100,100
1152,230,outlier_stress,20490908,easy,-2.3881923086196464,0.9594257951026528,23.78839430508775,20.16424993597459,31.184686612098293,none,0.0,high,0.3,full,1.0,100,100
1153,230,overlap_stress,20490909,moderate,9.08339520962857,1.0481523202270309,57.92805358483679,-25.577302992067132,63.32343816057155,none,0.0,clean,0.0,low,0.4,100,40
1154,230,combined_stress,20490910,difficult,-2.6768474038517347,1.2334759130291275,47.27985186973899,-37.91441970292756,60.60435309640887,high,5.0,high,0.3,low,0.4,100,40
1155,231,geometric_only,20491906,extreme,-2.736927134935989,0.9877513546640437,-88.98324226060305,148.15387096599267,172.82241430270895,none,0.0,clean,0.0,full,1.0,100,100
1156,231,noise_stress,20491907,easy,1.9444976695584,1.0353561920639667,8.07261798021306,-4.543937402514359,9.263613127307732,severe,10.0,clean,0.0,full,1.0,100,100
1157,231,outlier_stress,20491908,moderate,-1.1267214340601708,0.9728123521423242,63.69528936908159,-50.31067799586464,81.16806150336853,none,0.0,severe,0.4,full,1.0,100,100
1158,231,overlap_stress,20491909,difficult,9.852328036696377,0.8843905502071627,-109.64747149207042,-97.7746859232262,146.9096906673958,none,0.0,clean,0.0,high,0.8,100,80
1159,231,combined_stress,20491910,extreme,3.7263103662161186,1.1006320880092086,88.6930703009283,-77.77906583400008,117.96628247688035,severe,10.0,severe,0.4,high,0.8,100,80
1160,232,geometric_only,20492906,easy,-4.0925391028798375,1.0427994674273329,14.695373452793199,16.123476769738495,21.8156023080124,none,0.0,clean,0.0,full,1.0,100,100
1161,232,noise_stress,20492907,moderate,0.5750196965762964,1.0941587003021584,-40.32249168234795,32.666694260214484,51.89427954373536,low,0.5,clean,0.0,full,1.0,100,100
1162,232,outlier_stress,20492908,difficult,15.995591440025223,1.2968708507829323,80.7199580638734,74.64361209436674,109.94262347391832,none,0.0,extreme,0.5,full,1.0,100,100
1163,232,overlap_stress,20492909,extreme,40.87822201593461,1.3516813726464707,-101.43875341661507,-136.34097028953119,169.93728512073994,none,0.0,clean,0.0,moderate,0.6,100,60
1164,232,combined_stress,20492910,easy,1.600014452321025,1.0405456356342822,-22.998831353873058,8.146945344242944,24.399159044646936,low,0.5,extreme,0.5,moderate,0.6,100,60
1165,233,geometric_only,20493906,moderate,1.5518682972927103,1.0371308093709606,-25.88942491362166,-68.85357227560772,73.56002132592397,none,0.0,clean,0.0,full,1.0,100,100
1166,233,noise_stress,20493907,difficult,-27.751761111269264,1.2444438552463613,1.2455302307988916,-75.93826672629976,75.94848055722036,moderate,2.0,clean,0.0,full,1.0,100,100
1167,233,outlier_stress,20493908,extreme,-16.48003435911019,1.2125047731209158,-200.39356300049803,116.907361498402,232.00196392391297,none,0.0,very_extreme,0.6,full,1.0,100,100
1168,233,overlap_stress,20493909,easy,2.693661175537583,1.031950567883049,6.3546472662966025,15.386449672684407,16.64705305479324,none,0.0,clean,0.0,low,0.4,100,40
1169,233,combined_stress,20493910,moderate,5.462426085336077,1.0046478844820876,-42.91738463140799,62.172395869376686,75.54673197259231,moderate,2.0,very_extreme,0.6,low,0.4,100,40
1170,234,geometric_only,20494906,difficult,9.415221834999805,1.1101707052009588,117.00134725920816,79.07178119108085,141.21494907126507,none,0.0,clean,0.0,full,1.0,100,100
1171,234,noise_stress,20494907,extreme,-24.1189290343474,0.9826333744194279,86.90701620969037,-13.169905290559,87.89923703783599,high,5.0,clean,0.0,full,1.0,100,100
1172,234,outlier_stress,20494908,easy,-4.854340326806195,0.9836335696343366,13.775222805672733,-18.46734933735,23.039091885177413,none,0.0,low,0.1,full,1.0,100,100
1173,234,overlap_stress,20494909,moderate,7.666605225625688,1.1012597796144197,74.47659859476187,-14.210294447187117,75.82015699351355,none,0.0,clean,0.0,high,0.8,100,80
1174,234,combined_stress,20494910,difficult,21.864029086825468,1.0551374553176625,-43.99161834368418,140.0966129627734,146.84115039094968,high,5.0,low,0.1,high,0.8,100,80
1175,235,geometric_only,20495906,extreme,-37.36178918210896,1.265740270775635,-170.49465114853518,-29.56156130684613,173.0384696452183,none,0.0,clean,0.0,full,1.0,100,100
1176,235,noise_stress,20495907,easy,-3.7007878796481597,1.0127679717097082,13.253254343155938,-2.9399560473753077,13.575422359723486,severe,10.0,clean,0.0,full,1.0,100,100
1177,235,outlier_stress,20495908,moderate,-11.077810729975578,1.113070473736412,31.206147631813693,47.512630301949045,56.84429336554583,none,0.0,moderate,0.2,full,1.0,100,100
1178,235,overlap_stress,20495909,difficult,-4.137758439079246,0.7232896768965119,-58.56058632215644,70.59607461638183,91.72321419159104,none,0.0,clean,0.0,moderate,0.6,100,60
1179,235,combined_stress,20495910,extreme,26.692887224573553,0.7697189173964399,-175.2519921379999,68.84247105681072,188.28846637419247,severe,10.0,moderate,0.2,moderate,0.6,100,60
1180,236,geometric_only,20496906,easy,3.5771399611322767,0.9940951443074403,-20.702759770764384,-14.209182385492586,25.10986113442631,none,0.0,clean,0.0,full,1.0,100,100
1181,236,noise_stress,20496907,moderate,-14.648127400607615,0.8625480558745169,-24.92019257177438,-23.668728097652497,34.36894946859627,low,0.5,clean,0.0,full,1.0,100,100
1182,236,outlier_stress,20496908,difficult,26.865825219998342,1.0190965036557487,-122.47439060422272,15.525829514906349,123.45455737234514,none,0.0,high,0.3,full,1.0,100,100
1183,236,overlap_stress,20496909,extreme,27.429712751594934,1.2999038699700378,89.02952839468173,120.08740713976442,149.48994039643932,none,0.0,clean,0.0,low,0.4,100,40
1184,236,combined_stress,20496910,easy,-3.9429536437417823,0.9860490443718853,5.345111051352763,7.722845928193074,9.39215424606633,low,0.5,high,0.3,low,0.4,100,40
1185,237,geometric_only,20497906,moderate,-6.002622608060422,0.9630861071946181,-29.47333213910629,54.067008031020976,61.578556858768316,none,0.0,clean,0.0,full,1.0,100,100
1186,237,noise_stress,20497907,difficult,28.56886672842157,1.0907984638809154,12.193451837231805,106.3218845124772,107.01879925504412,moderate,2.0,clean,0.0,full,1.0,100,100
1187,237,outlier_stress,20497908,extreme,32.98951373773558,0.5196663092987152,40.63090419391085,-239.7809920766256,243.19908416123928,none,0.0,severe,0.4,full,1.0,100,100
1188,237,overlap_stress,20497909,easy,4.933554392064515,0.9919716671672475,2.666532172320629,1.3334044987599647,2.9813355033163047,none,0.0,clean,0.0,high,0.8,100,80
1189,237,combined_stress,20497910,moderate,-12.462357011998467,1.1433000865883232,35.49642254776268,28.804500386981815,45.713184708932175,moderate,2.0,severe,0.4,high,0.8,100,80
1190,238,geometric_only,20498906,difficult,9.544211264490123,1.224027331948418,8.86771331682067,133.44339253383532,133.73771102575583,none,0.0,clean,0.0,full,1.0,100,100
1191,238,noise_stress,20498907,extreme,-1.1033758525859483,1.106671487530583,-243.31541976821825,158.6985311838427,290.4954686340105,high,5.0,clean,0.0,full,1.0,100,100
1192,238,outlier_stress,20498908,easy,-4.938302985369683,1.035685272529705,4.359750664587104,-16.87606884908596,17.430121217491784,none,0.0,extreme,0.5,full,1.0,100,100
1193,238,overlap_stress,20498909,moderate,-10.444877705369247,0.9681802501657161,-55.20789159754614,41.65446946534722,69.15928080226072,none,0.0,clean,0.0,moderate,0.6,100,60
1194,238,combined_stress,20498910,difficult,5.4101938285765385,0.8159968886436031,3.754298456151645,-2.7711014504397724,4.666236186316766,high,5.0,extreme,0.5,moderate,0.6,100,60
1195,239,geometric_only,20499906,extreme,-17.052474847294416,0.7664080465869442,-85.53748198191141,-178.00498847192637,197.49034595315402,none,0.0,clean,0.0,full,1.0,100,100
1196,239,noise_stress,20499907,easy,3.7625109125051637,1.023736732455468,13.497529454532305,6.112129806935901,14.816930591482214,severe,10.0,clean,0.0,full,1.0,100,100
1197,239,outlier_stress,20499908,moderate,13.306055030968729,0.9166586007721125,1.1103982870144762,-3.980084989461261,4.132077065972939,none,0.0,very_extreme,0.6,full,1.0,100,100
1198,239,overlap_stress,20499909,difficult,-26.621629031818,0.9916981786753889,96.45530093558486,145.90694919649292,174.90701215903897,none,0.0,clean,0.0,low,0.4,100,40
1199,239,combined_stress,20499910,extreme,20.01515643893552,1.117889740038363,33.10545081447344,103.21179954096414,108.39117324816483,severe,10.0,very_extreme,0.6,low,0.4,100,40
1200,240,geometric_only,20500906,easy,-4.537907994261109,0.9619767799777856,21.683527202052503,-17.926281485559947,28.134088217350854,none,0.0,clean,0.0,full,1.0,100,100
1201,240,noise_stress,20500907,moderate,-5.768270085148247,0.9755002135473937,-46.271711961809345,37.319849418574705,59.44613098008769,low,0.5,clean,0.0,full,1.0,100,100
1202,240,outlier_stress,20500908,difficult,0.6364659815057649,1.074782545282994,12.788449539678226,-108.72542208985851,109.47493708720178,none,0.0,low,0.1,full,1.0,100,100
1203,240,overlap_stress,20500909,extreme,-18.771331310250826,0.5527382369595523,35.35672258144808,148.61711256739096,152.7649959237064,none,0.0,clean,0.0,high,0.8,100,80
1204,240,combined_stress,20500910,easy,1.2929114062352989,0.9820565020052392,7.905057980722823,-24.266338444131563,25.52146396983776,low,0.5,low,0.1,high,0.8,100,80
1205,241,geometric_only,20501906,moderate,7.684510378074666,0.9110264167608466,-51.17062749765486,67.0601274822703,84.35338651436643,none,0.0,clean,0.0,full,1.0,100,100
1206,241,noise_stress,20501907,difficult,-1.9492237936305372,1.2303397283684985,-135.76397214149668,-63.50026768636404,149.88041942787916,moderate,2.0,clean,0.0,full,1.0,100,100
1207,241,outlier_stress,20501908,extreme,-25.3153214540327,1.157329183573391,227.62123226595224,121.5624913969803,258.04818289015617,none,0.0,moderate,0.2,full,1.0,100,100
1208,241,overlap_stress,20501909,easy,-4.483176261310108,1.0144060038806069,0.25437378459541904,-2.5223141888234117,2.535108457133403,none,0.0,clean,0.0,moderate,0.6,100,60
1209,241,combined_stress,20501910,moderate,4.418775086249855,0.9754915278486443,-9.921123455326622,-2.459954749603952,10.221549196962812,moderate,2.0,moderate,0.2,moderate,0.6,100,60
1210,242,geometric_only,20502906,difficult,22.029249518012307,1.0980877304731602,75.28038104942405,-100.36123107359771,125.45721371668732,none,0.0,clean,0.0,full,1.0,100,100
1211,242,noise_stress,20502907,extreme,33.92071419492149,0.6831715751728109,-78.01050345258852,61.46396619551757,99.31494242766318,high,5.0,clean,0.0,full,1.0,100,100
1212,242,outlier_stress,20502908,easy,-2.2359338442860457,0.9608270084888964,-11.966509176939589,-5.242179647360334,13.064370988952293,none,0.0,high,0.3,full,1.0,100,100
1213,242,overlap_stress,20502909,moderate,-4.086923447119641,1.1458441120675809,-74.86444041795372,28.115786455968134,79.96988112490192,none,0.0,clean,0.0,low,0.4,100,40
1214,242,combined_stress,20502910,difficult,-1.176862697136766,1.046848019148358,-75.16998019803468,91.83780013732934,118.67901017887272,high,5.0,high,0.3,low,0.4,100,40
1215,243,geometric_only,20503906,extreme,-30.385475188772308,0.8968264920284816,-37.189730397379606,196.85451519233243,200.3366571515009,none,0.0,clean,0.0,full,1.0,100,100
1216,243,noise_stress,20503907,easy,-1.8186383724980315,1.0205643494329064,14.576115649272552,-17.162772910149755,22.517191685162217,severe,10.0,clean,0.0,full,1.0,100,100
1217,243,outlier_stress,20503908,moderate,-1.1275313803746183,0.8627074499196926,56.68113555630981,-19.81263912491734,60.044082115117504,none,0.0,severe,0.4,full,1.0,100,100
1218,243,overlap_stress,20503909,difficult,-1.8779318521776744,0.7895467060943884,44.57271417250661,-14.36860717384073,46.831439448517045,none,0.0,clean,0.0,high,0.8,100,80
1219,243,combined_stress,20503910,extreme,-0.45571601810158313,0.7550065131696231,231.9359117552222,-156.5192670131633,279.8080558312504,severe,10.0,severe,0.4,high,0.8,100,80
1220,244,geometric_only,20504906,easy,-4.105246869950173,1.0197196925996657,-21.858051643357634,7.730461817683789,23.184789443908183,none,0.0,clean,0.0,full,1.0,100,100
1221,244,noise_stress,20504907,moderate,-0.08432913331333047,1.1156594998964973,26.751992670443485,-54.342628064247016,60.57054017233584,low,0.5,clean,0.0,full,1.0,100,100
1222,244,outlier_stress,20504908,difficult,8.723951251555448,1.007382922567492,-131.20611790294453,-77.17663862536516,152.2211513708643,none,0.0,extreme,0.5,full,1.0,100,100
1223,244,overlap_stress,20504909,extreme,0.4755035114787276,1.2406981107125765,-48.62845366778413,181.06255120505472,187.47899603689714,none,0.0,clean,0.0,moderate,0.6,100,60
1224,244,combined_stress,20504910,easy,2.03005682343359,0.9932871867477445,-20.807280007806828,-16.773202622200255,26.7260776682375,low,0.5,extreme,0.5,moderate,0.6,100,60
1225,245,geometric_only,20505906,moderate,-9.060237882865923,0.9374586527257467,-9.60236666633385,-50.92370504493484,51.8211267833713,none,0.0,clean,0.0,full,1.0,100,100
1226,245,noise_stress,20505907,difficult,-18.358922816163034,0.7725013093943871,-8.62359379481606,29.956227070509925,31.17277514495528,moderate,2.0,clean,0.0,full,1.0,100,100
1227,245,outlier_stress,20505908,extreme,-19.17667246773961,0.6246222192994327,-183.5257932158612,168.4695094137768,249.12585650154756,none,0.0,very_extreme,0.6,full,1.0,100,100
1228,245,overlap_stress,20505909,easy,-0.8344089993714476,1.0246853253877806,22.350412938509216,-11.692606621710139,25.224155251106826,none,0.0,clean,0.0,low,0.4,100,40
1229,245,combined_stress,20505910,moderate,-8.745546956271088,0.9464889210467899,58.97098203922204,-4.984895944064604,59.1812969631741,moderate,2.0,very_extreme,0.6,low,0.4,100,40
1230,246,geometric_only,20506906,difficult,-29.441496122680192,1.1248184217713364,-98.86219531492884,-136.49692695168858,168.53825894953866,none,0.0,clean,0.0,full,1.0,100,100
1231,246,noise_stress,20506907,extreme,17.537725773656312,0.9487214766443433,55.94211204122712,-149.7030888051505,159.8140628900848,high,5.0,clean,0.0,full,1.0,100,100
1232,246,outlier_stress,20506908,easy,-3.6173903128998033,0.9810517406085717,6.3663967119695855,19.67445625006504,20.678859635625475,none,0.0,low,0.1,full,1.0,100,100
1233,246,overlap_stress,20506909,moderate,-13.050743083402276,0.8867485269859675,27.304615241595172,59.49286288705804,65.45947408885775,none,0.0,clean,0.0,high,0.8,100,80
1234,246,combined_stress,20506910,difficult,-12.705088472902137,1.0618606312815229,-84.02648835842001,-53.1379612327799,99.4187792613856,high,5.0,low,0.1,high,0.8,100,80
1235,247,geometric_only,20507906,extreme,-29.87223622424108,0.561577556823613,-247.4694839750472,76.08582712881628,258.9019092026018,none,0.0,clean,0.0,full,1.0,100,100
1236,247,noise_stress,20507907,easy,2.3128186955170875,1.033851446888125,20.080006553759482,-14.03509825230852,24.49878866701326,severe,10.0,clean,0.0,full,1.0,100,100
1237,247,outlier_stress,20507908,moderate,1.2222235692695165,1.136820350202428,12.989219977772265,7.573358613669157,15.035810464427747,none,0.0,moderate,0.2,full,1.0,100,100
1238,247,overlap_stress,20507909,difficult,0.016737960162469534,1.057280382034484,-67.35219057539362,-149.2558636895964,163.7486806695905,none,0.0,clean,0.0,moderate,0.6,100,60
1239,247,combined_stress,20507910,extreme,14.52767153137394,0.9194908441584964,-127.38664468614269,-51.81085087996945,137.5198949726911,severe,10.0,moderate,0.2,moderate,0.6,100,60
1240,248,geometric_only,20508906,easy,0.5209920803160504,1.0382615152723884,-19.786258706019495,-14.11469426470402,24.30474496405179,none,0.0,clean,0.0,full,1.0,100,100
1241,248,noise_stress,20508907,moderate,12.218620645455474,0.8904836766061606,-2.5614972027392753,-37.75420802047489,37.841002777052985,low,0.5,clean,0.0,full,1.0,100,100
1242,248,outlier_stress,20508908,difficult,-24.62269319935676,1.146365821871108,147.96032092949912,-129.28183651525458,196.4842228330748,none,0.0,high,0.3,full,1.0,100,100
1243,248,overlap_stress,20508909,extreme,-11.110559758418788,1.1066058321375605,23.835049790407595,-18.662987802330235,30.272375397730787,none,0.0,clean,0.0,low,0.4,100,40
1244,248,combined_stress,20508910,easy,-2.2607107631678316,0.9788282649564608,10.407684069520364,-19.40578859816892,22.020547650042015,low,0.5,high,0.3,low,0.4,100,40
1245,249,geometric_only,20509906,moderate,-6.301879637927554,1.0786880493647941,52.19223400543723,-6.462326588475008,52.59078774285882,none,0.0,clean,0.0,full,1.0,100,100
1246,249,noise_stress,20509907,difficult,-19.561628880591865,1.05232603972792,-74.21668059599722,-99.41653310421083,124.06354312669342,moderate,2.0,clean,0.0,full,1.0,100,100
1247,249,outlier_stress,20509908,extreme,23.33446619104653,0.6202926595183753,89.95377312390286,-133.81280305406295,161.2375500943004,none,0.0,severe,0.4,full,1.0,100,100
1248,249,overlap_stress,20509909,easy,0.36477452178202796,0.9780231473161347,19.698174069598856,-0.49645044457848897,19.7044290635415,none,0.0,clean,0.0,high,0.8,100,80
1249,249,combined_stress,20509910,moderate,8.85335645102779,0.9115413930278343,-60.85434931340665,-48.492016948942236,77.8121297622332,moderate,2.0,severe,0.4,high,0.8,100,80
1250,250,geometric_only,20510906,difficult,6.555002176232399,1.2319412045497398,94.90635879632899,-113.19784351504352,147.7192225691491,none,0.0,clean,0.0,full,1.0,100,100
1251,250,noise_stress,20510907,extreme,44.64447194113683,1.1500573391752371,183.91278132536064,-135.36735505039826,228.3598737698252,high,5.0,clean,0.0,full,1.0,100,100
1252,250,outlier_stress,20510908,easy,1.7914021089939025,1.0385023066950534,12.837101060714005,19.697370095763574,23.51122183835765,none,0.0,extreme,0.5,full,1.0,100,100
1253,250,overlap_stress,20510909,moderate,2.011313278861529,1.0799067742399142,-70.81546437965763,-33.88545616855854,78.50512171226703,none,0.0,clean,0.0,moderate,0.6,100,60
1254,250,combined_stress,20510910,difficult,-24.344612548749826,0.9799283892325517,83.22755642670975,101.75430183427886,131.45632008596118,high,5.0,extreme,0.5,moderate,0.6,100,60
1255,251,geometric_only,20511906,extreme,-44.20144520341675,0.5662227916143415,113.05131834118373,-183.70413362687702,215.70305813845374,none,0.0,clean,0.0,full,1.0,100,100
1256,251,noise_stress,20511907,easy,-2.0323892825424785,1.022178543051049,8.618450300632809,9.165499101067383,12.581099290449334,severe,10.0,clean,0.0,full,1.0,100,100
1257,251,outlier_stress,20511908,moderate,-6.5327047424110685,0.9829244868802691,23.596852971547676,4.511544259289423,24.024269016233685,none,0.0,very_extreme,0.6,full,1.0,100,100
1258,251,overlap_stress,20511909,difficult,-11.685671595534263,1.2245795987617938,89.68879545812862,7.341309208780416,89.98874847240047,none,0.0,clean,0.0,low,0.4,100,40
1259,251,combined_stress,20511910,extreme,-14.333700031007936,0.9121977149234404,-237.41340862730803,181.30533328504066,298.72520896910726,severe,10.0,very_extreme,0.6,low,0.4,100,40
1260,252,geometric_only,20512906,easy,0.08416541980561476,0.9867371192092581,20.009992506906592,1.0621620781125998,20.038163299230757,none,0.0,clean,0.0,full,1.0,100,100
1261,252,noise_stress,20512907,moderate,-4.2514833344284995,0.8518319027977806,21.9450868046397,-46.98005091608394,51.85279181433736,low,0.5,clean,0.0,full,1.0,100,100
1262,252,outlier_stress,20512908,difficult,-19.973921682765322,1.2455315670696832,-78.31067568955888,91.09017739693849,120.12486147821771,none,0.0,low,0.1,full,1.0,100,100
1263,252,overlap_stress,20512909,extreme,-25.155199434921585,1.4587726099198997,176.83079715991107,-8.875940708615587,177.05341890986594,none,0.0,clean,0.0,high,0.8,100,80
1264,252,combined_stress,20512910,easy,-4.802142818561265,0.9956602064806269,3.5247622115541226,13.89116808838557,14.331381632898536,low,0.5,low,0.1,high,0.8,100,80
1265,253,geometric_only,20513906,moderate,7.264452036092862,0.9992164930055534,-41.9821222142826,21.20035816264172,47.031412607312255,none,0.0,clean,0.0,full,1.0,100,100
1266,253,noise_stress,20513907,difficult,21.678694392596803,1.0144757880412505,41.54062114467814,-120.20619236745972,127.18157055394627,moderate,2.0,clean,0.0,full,1.0,100,100
1267,253,outlier_stress,20513908,extreme,-30.37930823456449,0.9436637531942773,66.0545748872538,-23.350038914123132,70.06019683691223,none,0.0,moderate,0.2,full,1.0,100,100
1268,253,overlap_stress,20513909,easy,0.4927291984988633,1.0359029979534038,1.8398635346880532,9.666323029893618,9.839862740126335,none,0.0,clean,0.0,moderate,0.6,100,60
1269,253,combined_stress,20513910,moderate,-12.64691491645209,1.0197947568137944,43.988203772975126,-71.60207371552093,84.03462995417827,moderate,2.0,moderate,0.2,moderate,0.6,100,60
1270,254,geometric_only,20514906,difficult,15.436146399008365,1.0064926635135443,-128.1204715905247,-61.83704782428097,142.26269969391433,none,0.0,clean,0.0,full,1.0,100,100
1271,254,noise_stress,20514907,extreme,-32.900663497799556,1.3282784717204752,-200.7716715676388,62.96286603084769,210.41289552421046,high,5.0,clean,0.0,full,1.0,100,100
1272,254,outlier_stress,20514908,easy,0.045752917129001425,1.0031096773943902,19.135125758372325,-2.541103864323695,19.30311494650552,none,0.0,high,0.3,full,1.0,100,100
1273,254,overlap_stress,20514909,moderate,-13.202832942204804,1.1434429882999826,37.2176945014442,44.14586605260335,57.74092373297493,none,0.0,clean,0.0,low,0.4,100,40
1274,254,combined_stress,20514910,difficult,21.746988669268966,0.8357170932784594,74.19632844818418,-69.90443691929816,101.93981291033921,high,5.0,high,0.3,low,0.4,100,40
1275,255,geometric_only,20515906,extreme,-7.7154256437134165,1.2827318416035272,207.4382981091028,-73.19053597562359,219.97159379974508,none,0.0,clean,0.0,full,1.0,100,100
1276,255,noise_stress,20515907,easy,3.659735948021689,0.9531245307395159,-12.569385831508962,-12.69352527154124,17.863791422892128,severe,10.0,clean,0.0,full,1.0,100,100
1277,255,outlier_stress,20515908,moderate,9.04215732322972,1.0782743560680808,39.34800238825569,43.49971521795899,58.65569465951033,none,0.0,severe,0.4,full,1.0,100,100
1278,255,overlap_stress,20515909,difficult,11.35893555442744,1.0164977400739423,67.88948016978242,-69.80318817698839,97.3728226837208,none,0.0,clean,0.0,high,0.8,100,80
1279,255,combined_stress,20515910,extreme,-11.26092332781672,0.6166865763578406,-120.63230791365959,98.1390984031558,155.51024515433147,severe,10.0,severe,0.4,high,0.8,100,80
1280,256,geometric_only,20516906,easy,3.714719023624827,0.9518395944879214,20.724673135587473,4.96498050145167,21.31110292680171,none,0.0,clean,0.0,full,1.0,100,100
1281,256,noise_stress,20516907,moderate,-2.6196676133020134,1.0876473414672505,-65.0708055233519,36.98450561123978,74.84693304849378,low,0.5,clean,0.0,full,1.0,100,100
1282,256,outlier_stress,20516908,difficult,15.946250545186324,0.9982169701750994,147.94319639656004,38.721441482493674,152.92658170021755,none,0.0,extreme,0.5,full,1.0,100,100
1283,256,overlap_stress,20516909,extreme,-4.12024112996486,0.732442513498379,248.5882353056416,19.64848175620665,249.36353696500422,none,0.0,clean,0.0,moderate,0.6,100,60
1284,256,combined_stress,20516910,easy,-4.269092498466324,0.9591078854818118,14.558462785256118,-5.027344837471642,15.402046447941265,low,0.5,extreme,0.5,moderate,0.6,100,60
1285,257,geometric_only,20517906,moderate,10.733200640215447,1.0603667510352588,70.55991143101758,-35.586563538613305,79.02597424670454,none,0.0,clean,0.0,full,1.0,100,100
1286,257,noise_stress,20517907,difficult,-13.976119521699758,0.9888091402462069,-48.04247874037989,-33.1006407566765,58.341513367604776,moderate,2.0,clean,0.0,full,1.0,100,100
1287,257,outlier_stress,20517908,extreme,42.32208437444096,0.8783490772589888,28.609506781363905,-237.07191642698717,238.7919542962813,none,0.0,very_extreme,0.6,full,1.0,100,100
1288,257,overlap_stress,20517909,easy,1.4769122020732084,0.9816876350565064,6.761600348837437,13.433525978778313,15.039243980330607,none,0.0,clean,0.0,low,0.4,100,40
1289,257,combined_stress,20517910,moderate,-6.188319445334109,1.0648334199614715,60.39446098943699,54.8207632714537,81.56474118066821,moderate,2.0,very_extreme,0.6,low,0.4,100,40
1290,258,geometric_only,20518906,difficult,-8.713315047264281,1.088458239893826,73.9560763260344,-146.3119579449211,163.94111828098096,none,0.0,clean,0.0,full,1.0,100,100
1291,258,noise_stress,20518907,extreme,11.205951167305614,1.2729321570456444,93.58334290341134,31.721399170739744,98.8134061467718,high,5.0,clean,0.0,full,1.0,100,100
1292,258,outlier_stress,20518908,easy,-0.8773027732562602,0.9805968609881411,-10.175036066630517,-9.889048033012388,14.188891075642875,none,0.0,low,0.1,full,1.0,100,100
1293,258,overlap_stress,20518909,moderate,-10.44393415894594,0.9800147438740808,54.06485332654526,-49.72538627058565,73.45490048308417,none,0.0,clean,0.0,high,0.8,100,80
1294,258,combined_stress,20518910,difficult,-1.49935601225258,1.0045274166034417,28.25867794145023,-20.113524702969755,34.685829310765804,high,5.0,low,0.1,high,0.8,100,80
1295,259,geometric_only,20519906,extreme,28.542939832829134,0.6673308369644547,-225.12480250880913,71.50274859761015,236.2071543405139,none,0.0,clean,0.0,full,1.0,100,100
1296,259,noise_stress,20519907,easy,-2.8962580491334755,0.975190586218039,17.680064204386383,19.642987416343196,26.427856986707074,severe,10.0,clean,0.0,full,1.0,100,100
1297,259,outlier_stress,20519908,moderate,-0.5839072451754639,0.9109455299826175,26.472904350662617,-15.152523840544355,30.502682562318952,none,0.0,moderate,0.2,full,1.0,100,100
1298,259,overlap_stress,20519909,difficult,-1.14001893510871,1.2734751648927864,130.26812241466138,-148.14571488338785,197.27376043394938,none,0.0,clean,0.0,moderate,0.6,100,60
1299,259,combined_stress,20519910,extreme,39.4212690091462,0.6401470840722333,-98.93973795475296,172.20479372627983,198.60403502664735,severe,10.0,moderate,0.2,moderate,0.6,100,60
1300,260,geometric_only,20520906,easy,-3.2752437674962662,1.0139562735794554,8.815108137655237,24.646905466709832,26.17586828671566,none,0.0,clean,0.0,full,1.0,100,100
1301,260,noise_stress,20520907,moderate,-14.944563168916874,1.1460490522885736,-28.266066179923214,15.866096942491225,32.41455736974251,low,0.5,clean,0.0,full,1.0,100,100
1302,260,outlier_stress,20520908,difficult,20.026022078712877,0.9322482955092055,-47.927203982185404,-58.39441035894369,75.54418602856687,none,0.0,high,0.3,full,1.0,100,100
1303,260,overlap_stress,20520909,extreme,28.293535746240934,0.8425779844279769,166.39666808814718,23.352347913844767,168.02732903883899,none,0.0,clean,0.0,low,0.4,100,40
1304,260,combined_stress,20520910,easy,4.773956060121286,1.0467736802630763,10.115427723029228,15.693809479427614,18.67130241832102,low,0.5,high,0.3,low,0.4,100,40
1305,261,geometric_only,20521906,moderate,-2.241812638163534,1.0126329698514782,17.158281236976833,27.59195073764738,32.491881455464394,none,0.0,clean,0.0,full,1.0,100,100
1306,261,noise_stress,20521907,difficult,12.457748002956457,0.8809732545523268,-19.218608612151087,-135.4195474249969,136.77649191940125,moderate,2.0,clean,0.0,full,1.0,100,100
1307,261,outlier_stress,20521908,extreme,11.97717064864721,0.9844122926494366,-146.84040090622457,-68.0679462388195,161.84977183632847,none,0.0,severe,0.4,full,1.0,100,100
1308,261,overlap_stress,20521909,easy,-1.2103171370253185,1.0237006379935834,2.6645227394060775,11.588823371746152,11.891194581300145,none,0.0,clean,0.0,high,0.8,100,80
1309,261,combined_stress,20521910,moderate,-14.138367970987995,0.9188096573779257,-25.87397416637397,5.611238557397314,26.475432712426247,moderate,2.0,severe,0.4,high,0.8,100,80
1310,262,geometric_only,20522906,difficult,15.246237242182602,0.911553011196782,85.20673139716158,-131.86379092445662,156.99760008470463,none,0.0,clean,0.0,full,1.0,100,100
1311,262,noise_stress,20522907,extreme,-12.438465878190044,0.6056175530607867,-179.40004224926832,-70.63938087106868,192.8063725318413,high,5.0,clean,0.0,full,1.0,100,100
1312,262,outlier_stress,20522908,easy,-4.276837319199518,1.0490309264126103,20.879109337811997,23.209422329080148,31.218816306674924,none,0.0,extreme,0.5,full,1.0,100,100
1313,262,overlap_stress,20522909,moderate,6.895671184345137,0.9684140024267222,62.057930488222155,-47.99427101638627,78.45149320997879,none,0.0,clean,0.0,moderate,0.6,100,60
1314,262,combined_stress,20522910,difficult,-14.646893415960797,1.1052107895280343,-135.53790103357568,-9.645390649384922,135.88066888769202,high,5.0,extreme,0.5,moderate,0.6,100,60
1315,263,geometric_only,20523906,extreme,18.852250110609766,0.7564757883608846,166.758921546336,-226.8083379671756,281.51475998023545,none,0.0,clean,0.0,full,1.0,100,100
1316,263,noise_stress,20523907,easy,-0.6861128551396085,1.0054246055240705,7.456177746060021,-6.571067759272388,9.938486709644971,severe,10.0,clean,0.0,full,1.0,100,100
1317,263,outlier_stress,20523908,moderate,-7.319212599938557,0.9273590448490747,-51.760995473832864,-7.953977883121766,52.368563247499324,none,0.0,very_extreme,0.6,full,1.0,100,100
1318,263,overlap_stress,20523909,difficult,-19.180070047979342,0.7869534423498052,114.10591501817004,-133.15739047198778,175.3597744052018,none,0.0,clean,0.0,low,0.4,100,40
1319,263,combined_stress,20523910,extreme,32.492731836900134,1.4513371270354027,-114.80198495027437,198.3812435800454,229.2043052669132,severe,10.0,very_extreme,0.6,low,0.4,100,40
1320,264,geometric_only,20524906,easy,-2.5957103065674425,1.0120191933812381,10.19909395230571,20.25946948375016,22.681878696681252,none,0.0,clean,0.0,full,1.0,100,100
1321,264,noise_stress,20524907,moderate,2.6220210700623134,1.1026584413736538,-70.58056913403567,18.667609420927207,73.00750907116802,low,0.5,clean,0.0,full,1.0,100,100
1322,264,outlier_stress,20524908,difficult,-23.013845068732913,1.125782737661897,133.1730460592542,10.705076853805707,133.60261549515462,none,0.0,low,0.1,full,1.0,100,100
1323,264,overlap_stress,20524909,extreme,-44.70670035151031,0.6901361095858249,192.73441374306555,211.26804386973578,285.97332148546263,none,0.0,clean,0.0,high,0.8,100,80
1324,264,combined_stress,20524910,easy,-0.6944855231007452,1.0272718102148455,-12.978467673563859,22.097386710892316,25.626843789363964,low,0.5,low,0.1,high,0.8,100,80
1325,265,geometric_only,20525906,moderate,9.55744118114028,0.8725898732914567,34.547602715795264,41.37369584835737,53.90101633142745,none,0.0,clean,0.0,full,1.0,100,100
1326,265,noise_stress,20525907,difficult,-17.601120705219564,0.7450687192373453,-142.3815179276691,116.91701579475904,184.23377874249633,moderate,2.0,clean,0.0,full,1.0,100,100
1327,265,outlier_stress,20525908,extreme,9.625251683670982,0.5342804208759815,-217.8607446701502,72.2895294920848,229.54102060943134,none,0.0,moderate,0.2,full,1.0,100,100
1328,265,overlap_stress,20525909,easy,-2.9527735021802237,0.9652296790224715,-23.530419956148997,4.439927638318018,23.94563886694684,none,0.0,clean,0.0,moderate,0.6,100,60
1329,265,combined_stress,20525910,moderate,6.430943379279533,0.9282121457115445,-72.15128882452885,-65.4266026087136,97.39840249182278,moderate,2.0,moderate,0.2,moderate,0.6,100,60
1330,266,geometric_only,20526906,difficult,-1.5553879428984665,0.8571422255689987,-60.80382437829908,-46.375538713214,76.47088105918388,none,0.0,clean,0.0,full,1.0,100,100
1331,266,noise_stress,20526907,extreme,-36.66037579233272,1.0267040774459266,112.72640311317531,-53.1503110820249,124.62823727771375,high,5.0,clean,0.0,full,1.0,100,100
1332,266,outlier_stress,20526908,easy,-2.0672131172889188,1.0116256521388567,-7.7887305955644806,-17.269273803431616,18.94444884361041,none,0.0,high,0.3,full,1.0,100,100
1333,266,overlap_stress,20526909,moderate,10.877013069181924,1.0421051816030662,31.653921460053553,65.37451910007817,72.63469206491982,none,0.0,clean,0.0,low,0.4,100,40
1334,266,combined_stress,20526910,difficult,18.36485295069113,1.013266519772014,19.89566745789898,-44.35451216912291,48.612347540066125,high,5.0,high,0.3,low,0.4,100,40
1335,267,geometric_only,20527906,extreme,20.44753087079252,0.7008246694228741,44.6891545140773,-178.6699095313228,184.17398595652466,none,0.0,clean,0.0,full,1.0,100,100
1336,267,noise_stress,20527907,easy,4.672727883295456,0.986997181320669,-8.700574474379234,-5.82884576375282,10.472604218714592,severe,10.0,clean,0.0,full,1.0,100,100
1337,267,outlier_stress,20527908,moderate,9.20858570329083,0.9008403673829206,-15.987527773336751,-49.58353421004351,52.097292722959885,none,0.0,severe,0.4,full,1.0,100,100
1338,267,overlap_stress,20527909,difficult,-17.646725271550253,0.9073088868330622,-82.0675423270196,136.85190849522968,159.57294997080135,none,0.0,clean,0.0,high,0.8,100,80
1339,267,combined_stress,20527910,extreme,9.127806726254917,0.590128145966122,210.85026197324743,-72.41363364866882,222.93848324681562,severe,10.0,severe,0.4,high,0.8,100,80
1340,268,geometric_only,20528906,easy,-3.4555802098369606,1.0498555428846528,0.41416637128912726,5.071960255611547,5.088842168667638,none,0.0,clean,0.0,full,1.0,100,100
1341,268,noise_stress,20528907,moderate,14.859515549532183,1.0402651618199337,-67.30006438007585,-16.688264423758554,69.33827828147768,low,0.5,clean,0.0,full,1.0,100,100
1342,268,outlier_stress,20528908,difficult,27.168403489691343,1.145049903068358,29.297399726108637,-141.5776950628666,144.57725052727153,none,0.0,extreme,0.5,full,1.0,100,100
1343,268,overlap_stress,20528909,extreme,38.702601249604385,0.6839632648596365,-2.780177636725398,-151.64607781992152,151.6715606363218,none,0.0,clean,0.0,moderate,0.6,100,60
1344,268,combined_stress,20528910,easy,-1.6187958754637033,1.0019001136891958,3.8893706167608357,-10.122313036948139,10.843819668940128,low,0.5,extreme,0.5,moderate,0.6,100,60
1345,269,geometric_only,20529906,moderate,-8.623572267052365,1.1026855922995806,-50.03288011067386,-24.578454323175592,55.74396388027579,none,0.0,clean,0.0,full,1.0,100,100
1346,269,noise_stress,20529907,difficult,-19.462963091242216,0.7893820094210007,-13.862194456108625,145.16102514624384,145.82141014490088,moderate,2.0,clean,0.0,full,1.0,100,100
1347,269,outlier_stress,20529908,extreme,35.56000761269266,0.9073190665429707,-138.20518103588427,-98.07552985135075,169.46823189254303,none,0.0,very_extreme,0.6,full,1.0,100,100
1348,269,overlap_stress,20529909,easy,-4.705951358324549,0.9888910048208717,-22.939406732682937,4.538123033695108,23.383989007789353,none,0.0,clean,0.0,low,0.4,100,40
1349,269,combined_stress,20529910,moderate,2.211657742628585,1.1182616887624273,40.5454038013208,52.51478672545787,66.34555444212133,moderate,2.0,very_extreme,0.6,low,0.4,100,40
1350,270,geometric_only,20530906,difficult,-21.156208229684708,0.9846360368511142,-101.08394036425722,71.16842807414804,123.6240597703776,none,0.0,clean,0.0,full,1.0,100,100
1351,270,noise_stress,20530907,extreme,-35.06523007619961,1.1341870198125974,198.9965645439949,-157.60557232578736,253.8486736787319,high,5.0,clean,0.0,full,1.0,100,100
1352,270,outlier_stress,20530908,easy,1.0754388217310513,0.9678389952724816,18.378041712016156,15.367432420643034,23.95642703684413,none,0.0,low,0.1,full,1.0,100,100
1353,270,overlap_stress,20530909,moderate,3.1793471446986175,0.9336124509242595,42.221403228370534,57.8270853396148,71.60040984133926,none,0.0,clean,0.0,high,0.8,100,80
1354,270,combined_stress,20530910,difficult,19.566214266641822,0.7443808993742911,72.8727676708547,74.913331252776,104.51051366919269,high,5.0,low,0.1,high,0.8,100,80
1355,271,geometric_only,20531906,extreme,16.881944214966623,0.6718731869983732,-205.9130049128139,-191.79353341880608,281.39816106985353,none,0.0,clean,0.0,full,1.0,100,100
1356,271,noise_stress,20531907,easy,2.7281346026734123,1.0074007021729785,16.43358421821177,22.052730545993057,27.50246561294522,severe,10.0,clean,0.0,full,1.0,100,100
1357,271,outlier_stress,20531908,moderate,13.30067575483329,1.0275419217078343,62.37906966926428,24.39021483718568,66.977838966385,none,0.0,moderate,0.2,full,1.0,100,100
1358,271,overlap_stress,20531909,difficult,-9.238323715817014,0.7171228156517854,48.22478560463412,-69.32555153516206,84.44916839298855,none,0.0,clean,0.0,moderate,0.6,100,60
1359,271,combined_stress,20531910,extreme,-22.32331199660608,0.6017408670496028,223.38336113450111,177.87372677139462,285.5506762508044,severe,10.0,moderate,0.2,moderate,0.6,100,60
1360,272,geometric_only,20532906,easy,-3.8709535242803073,0.9890092009298624,10.547264704797577,-5.5275389354236815,11.907916670673064,none,0.0,clean,0.0,full,1.0,100,100
1361,272,noise_stress,20532907,moderate,-11.76651240234052,1.0576550746060147,-1.3148922334212898,48.71310036972848,48.73084330500296,low,0.5,clean,0.0,full,1.0,100,100
1362,272,outlier_stress,20532908,difficult,-5.897815650077437,0.7600956429072114,58.327851207798005,75.08874145792151,95.08131951258146,none,0.0,high,0.3,full,1.0,100,100
1363,272,overlap_stress,20532909,extreme,-40.497890341686,1.0232598083202682,212.68607713234508,-90.82054991459364,231.26551773391344,none,0.0,clean,0.0,low,0.4,100,40
1364,272,combined_stress,20532910,easy,4.485214583020706,0.9833494008030856,-7.1625118909275685,-22.220058775682606,23.345933020174378,low,0.5,high,0.3,low,0.4,100,40
1365,273,geometric_only,20533906,moderate,5.995111286185342,0.9851133790058723,48.37627609497433,7.2793037095728295,48.92087848059748,none,0.0,clean,0.0,full,1.0,100,100
1366,273,noise_stress,20533907,difficult,24.991936283991905,1.2970411412063094,-34.191468585153444,25.61720704237871,42.723504311580434,moderate,2.0,clean,0.0,full,1.0,100,100
1367,273,outlier_stress,20533908,extreme,-3.730496211995167,0.5454489326962754,182.85027649298672,21.899389389334317,184.1570168882722,none,0.0,severe,0.4,full,1.0,100,100
1368,273,overlap_stress,20533909,easy,4.3720488602386425,1.0301475026111284,-8.470824929545419,-8.82546985155702,12.232897984032649,none,0.0,clean,0.0,high,0.8,100,80
1369,273,combined_stress,20533910,moderate,3.121228410831325,0.9709767189139319,50.87143353920868,-10.063011349707295,51.85717836286953,moderate,2.0,severe,0.4,high,0.8,100,80
1370,274,geometric_only,20534906,difficult,6.429707160035868,1.260144600408109,-54.000238539344295,-92.62661699324413,107.2180765445791,none,0.0,clean,0.0,full,1.0,100,100
1371,274,noise_stress,20534907,extreme,-21.436824790548684,1.4525065818966731,112.07226224118489,-40.1019925900537,119.03092780260783,high,5.0,clean,0.0,full,1.0,100,100
1372,274,outlier_stress,20534908,easy,-0.14478402729633189,0.955470948886271,-19.17580303057411,-17.257229605848075,25.79774012459879,none,0.0,extreme,0.5,full,1.0,100,100
1373,274,overlap_stress,20534909,moderate,-4.459011896664505,1.0839909229070317,33.176457151435784,-53.96036534203841,63.34349482754574,none,0.0,clean,0.0,moderate,0.6,100,60
1374,274,combined_stress,20534910,difficult,-28.437521651654425,1.2098576506694245,31.57211926277475,108.23188789144729,112.74280585159164,high,5.0,extreme,0.5,moderate,0.6,100,60
1375,275,geometric_only,20535906,extreme,3.1611601179582394,1.0168349338047236,182.6412746253411,184.7224934749393,259.76958019053785,none,0.0,clean,0.0,full,1.0,100,100
1376,275,noise_stress,20535907,easy,-3.8291870086474047,0.9588094467318208,7.662217336816816,-3.6386275026703707,8.482286520732803,severe,10.0,clean,0.0,full,1.0,100,100
1377,275,outlier_stress,20535908,moderate,1.5436448883731337,0.9819653147339927,-36.14203450994899,-56.39573158219308,66.98302172348687,none,0.0,very_extreme,0.6,full,1.0,100,100
1378,275,overlap_stress,20535909,difficult,-8.218921247493991,1.0826605534849458,87.6525287165181,43.15488531685406,97.70010192988981,none,0.0,clean,0.0,low,0.4,100,40
1379,275,combined_stress,20535910,extreme,-9.828139610134343,0.7176807186437762,-115.17798982836598,-148.45882577171798,187.8988884757451,severe,10.0,very_extreme,0.6,low,0.4,100,40
1380,276,geometric_only,20536906,easy,-1.2210123225471747,0.9692841780882904,19.60360508297915,5.511939751996149,20.363762228012813,none,0.0,clean,0.0,full,1.0,100,100
1381,276,noise_stress,20536907,moderate,-6.803982126246574,1.0103525414423968,34.516535137341776,43.87985082476821,55.828599358135975,low,0.5,clean,0.0,full,1.0,100,100
1382,276,outlier_stress,20536908,difficult,-5.556189006993343,0.928028359962936,99.6476818499724,-75.00457372574084,124.72107511504787,none,0.0,low,0.1,full,1.0,100,100
1383,276,overlap_stress,20536909,extreme,40.04920643932935,0.8204050779030355,-72.92452319826492,52.03825450797274,89.58775594873902,none,0.0,clean,0.0,high,0.8,100,80
1384,276,combined_stress,20536910,easy,3.1970719028395926,0.9746826174416533,-23.54343063875736,0.5951604401931938,23.550952044270947,low,0.5,low,0.1,high,0.8,100,80
1385,277,geometric_only,20537906,moderate,11.866155207252728,1.065558882787915,61.989757808409024,38.25370615822253,72.84281782018623,none,0.0,clean,0.0,full,1.0,100,100
1386,277,noise_stress,20537907,difficult,-17.47379731459303,0.711363617793622,-138.2727972400225,65.04625952789587,152.80831893306973,moderate,2.0,clean,0.0,full,1.0,100,100
1387,277,outlier_stress,20537908,extreme,1.4586681272283428,1.3000078719108865,129.94862780937706,104.12574615355811,166.5197191973828,none,0.0,moderate,0.2,full,1.0,100,100
1388,277,overlap_stress,20537909,easy,-2.056648111851053,1.0198029421613022,2.7558521281497725,-12.500518603157285,12.80069085245437,none,0.0,clean,0.0,moderate,0.6,100,60
1389,277,combined_stress,20537910,moderate,-8.941779256442118,0.9614845341575958,-10.298783234760776,-28.749434492822978,30.538417113100497,moderate,2.0,moderate,0.2,moderate,0.6,100,60
1390,278,geometric_only,20538906,difficult,-8.530796339202993,1.1308452186225515,-119.95162547241155,-105.23525298514973,159.57083356403876,none,0.0,clean,0.0,full,1.0,100,100
1391,278,noise_stress,20538907,extreme,-16.092317017801196,1.2502624672029867,76.62674290692354,173.53810652234733,189.7027468011081,high,5.0,clean,0.0,full,1.0,100,100
1392,278,outlier_stress,20538908,easy,-4.278354822013352,1.0052360987502986,-17.659062690992506,22.809018266937187,28.846036286219253,none,0.0,high,0.3,full,1.0,100,100
1393,278,overlap_stress,20538909,moderate,2.2519272299118356,1.0616847043576385,-3.743612361975366,-49.06183714946255,49.204456078663426,none,0.0,clean,0.0,low,0.4,100,40
1394,278,combined_stress,20538910,difficult,-29.93233490691084,1.1000430966237402,-71.80388983167178,-131.90778487002265,150.18476055936912,high,5.0,high,0.3,low,0.4,100,40
1395,279,geometric_only,20539906,extreme,-32.562742944095056,0.5980911057429902,21.523629806898953,-140.96554457559506,142.59926857301375,none,0.0,clean,0.0,full,1.0,100,100
1396,279,noise_stress,20539907,easy,3.4918021354549094,1.025832980029763,3.8241381713946545,20.89738073049773,21.244400536360057,severe,10.0,clean,0.0,full,1.0,100,100
1397,279,outlier_stress,20539908,moderate,-5.924834247715902,1.0194517810212136,14.95468099703578,26.856297471654486,30.739277766549723,none,0.0,severe,0.4,full,1.0,100,100
1398,279,overlap_stress,20539909,difficult,10.129385295630946,1.1034544624911775,61.92297778887931,-82.86530483051853,103.44618853731053,none,0.0,clean,0.0,high,0.8,100,80
1399,279,combined_stress,20539910,extreme,18.62120835554809,1.3306141457723688,-20.1384765118668,-110.3067851810845,112.1300365343958,severe,10.0,severe,0.4,high,0.8,100,80
1400,280,geometric_only,20540906,easy,-0.718837771848647,1.0136729078464013,-24.559468806215396,10.330644574932883,26.64375584216792,none,0.0,clean,0.0,full,1.0,100,100
1401,280,noise_stress,20540907,moderate,8.14795980401685,1.1275554272406407,-37.55073852007604,9.70494471426656,38.78458347475312,low,0.5,clean,0.0,full,1.0,100,100
1402,280,outlier_stress,20540908,difficult,1.0833405097738833,0.9861041340408923,100.07615855246334,-4.8482571776484065,100.19352827542505,none,0.0,extreme,0.5,full,1.0,100,100
1403,280,overlap_stress,20540909,extreme,20.70882249359481,0.9044627190116863,130.91611225860004,-98.20023095894098,163.6530287202034,none,0.0,clean,0.0,moderate,0.6,100,60
1404,280,combined_stress,20540910,easy,1.4593118664650664,1.0306142853890952,-13.721353662898872,6.333362756919275,15.11247928544752,low,0.5,extreme,0.5,moderate,0.6,100,60
1405,281,geometric_only,20541906,moderate,8.5869077704217,0.9106826695302987,44.998563256980674,-20.26174401293673,49.349862873550805,none,0.0,clean,0.0,full,1.0,100,100
1406,281,noise_stress,20541907,difficult,-9.494786240674692,1.1037559382340811,-43.12778530968127,2.13656092287502,43.18067575079293,moderate,2.0,clean,0.0,full,1.0,100,100
1407,281,outlier_stress,20541908,extreme,10.193559143042364,1.2002610079271112,102.48755240117345,-233.6047505766119,255.09778103532054,none,0.0,very_extreme,0.6,full,1.0,100,100
1408,281,overlap_stress,20541909,easy,3.8160532913742244,1.0204990581715412,7.803531959716828,21.58592284144507,22.953151765348956,none,0.0,clean,0.0,low,0.4,100,40
1409,281,combined_stress,20541910,moderate,4.914628583407186,0.997939314663096,39.019519738637015,-42.18250045899281,57.462041954727056,moderate,2.0,very_extreme,0.6,low,0.4,100,40
1410,282,geometric_only,20542906,difficult,1.6765635575734485,0.9992867801416594,-13.118685640570448,115.95482663324009,116.694565993798,none,0.0,clean,0.0,full,1.0,100,100
1411,282,noise_stress,20542907,extreme,-14.780339092583127,0.8568968539523764,-75.39882089953443,-179.0163933135264,194.24688226075406,high,5.0,clean,0.0,full,1.0,100,100
1412,282,outlier_stress,20542908,easy,-4.622022418346345,1.0293142615948887,-22.519011228331532,-11.398587471818649,25.239525808826574,none,0.0,low,0.1,full,1.0,100,100
1413,282,overlap_stress,20542909,moderate,-2.1916164852498703,1.1443478591957092,-45.00772995834151,-8.19413528550632,45.7475639688079,none,0.0,clean,0.0,high,0.8,100,80
1414,282,combined_stress,20542910,difficult,22.110852129534948,0.7397226530084132,136.68943062762122,8.146884067600325,136.9319983251329,high,5.0,low,0.1,high,0.8,100,80
1415,283,geometric_only,20543906,extreme,-18.148946198053046,1.4595544257546504,162.0205482663486,-202.63901730288597,259.4479319516876,none,0.0,clean,0.0,full,1.0,100,100
1416,283,noise_stress,20543907,easy,0.6143561976921008,0.9712468802661559,-17.48572007350509,-1.4015714495906835,17.541801760859304,severe,10.0,clean,0.0,full,1.0,100,100
1417,283,outlier_stress,20543908,moderate,-8.279903753834697,0.9063645667525,8.184463259564424,24.521929071040205,25.85170099262883,none,0.0,moderate,0.2,full,1.0,100,100
1418,283,overlap_stress,20543909,difficult,-0.0747157807069847,1.274233249233343,-132.40621466436943,17.29542226541605,133.5310350184036,none,0.0,clean,0.0,moderate,0.6,100,60
1419,283,combined_stress,20543910,extreme,-1.9027554149754309,0.8999478190211083,55.306780677649044,-228.48594250019693,235.08438040229058,severe,10.0,moderate,0.2,moderate,0.6,100,60
1420,284,geometric_only,20544906,easy,-2.9573714445876886,0.974912286366305,3.0081027942422622,-14.806693891327816,15.109164980640479,none,0.0,clean,0.0,full,1.0,100,100
1421,284,noise_stress,20544907,moderate,7.589611177522222,1.1205682650681543,-49.23851747223159,-34.64040141705075,60.20289871092311,low,0.5,clean,0.0,full,1.0,100,100
1422,284,outlier_stress,20544908,difficult,-29.597121862636225,1.2586230360143018,19.75537306652592,-138.56233968005532,139.96355505133704,none,0.0,high,0.3,full,1.0,100,100
1423,284,overlap_stress,20544909,extreme,42.87044064808461,1.2237110642014346,-160.71369456353,67.52547892177074,174.32321108754886,none,0.0,clean,0.0,low,0.4,100,40
1424,284,combined_stress,20544910,easy,-1.2872702454719311,0.9677692380800125,-23.553655675814824,0.28342725957319814,23.555360891022517,low,0.5,high,0.3,low,0.4,100,40
1425,285,geometric_only,20545906,moderate,-2.9636687254744647,1.1017217685287277,-20.225181800269823,-12.561030284419843,23.80834854961759,none,0.0,clean,0.0,full,1.0,100,100
1426,285,noise_stress,20545907,difficult,7.409319638176015,0.8143518880112456,-12.95159913380104,-58.96394658378924,60.36961915449381,moderate,2.0,clean,0.0,full,1.0,100,100
1427,285,outlier_stress,20545908,extreme,3.694371769644981,0.86601470948817,234.81598260792305,42.524962803928645,238.6355341301876,none,0.0,severe,0.4,full,1.0,100,100
1428,285,overlap_stress,20545909,easy,1.5615414062003987,0.9687259078102463,16.74428821781101,15.277137021613662,22.666320907864236,none,0.0,clean,0.0,high,0.8,100,80
1429,285,combined_stress,20545910,moderate,2.8991932930034316,0.8780551861215179,54.90545122983815,70.00760891028287,88.97007294639728,moderate,2.0,severe,0.4,high,0.8,100,80
1430,286,geometric_only,20546906,difficult,-2.599690208102217,0.8697276290312935,-149.3637501169844,94.00870428257528,176.48559808068657,none,0.0,clean,0.0,full,1.0,100,100
1431,286,noise_stress,20546907,extreme,29.389752411396287,1.1280172946244418,121.90001124889244,223.3302088877805,254.4326923654658,high,5.0,clean,0.0,full,1.0,100,100
1432,286,outlier_stress,20546908,easy,-4.880921715552883,0.9705710090675335,1.0211723011003535,-15.015010417420772,15.049695369135845,none,0.0,extreme,0.5,full,1.0,100,100
1433,286,overlap_stress,20546909,moderate,12.405336185924355,0.943819600660805,-33.06794776967128,65.3567393497475,73.24610944021902,none,0.0,clean,0.0,moderate,0.6,100,60
1434,286,combined_stress,20546910,difficult,-5.252678566371593,1.016838292030253,-13.852882107961648,-88.33236603975745,89.41201951012391,high,5.0,extreme,0.5,moderate,0.6,100,60
1435,287,geometric_only,20547906,extreme,-7.323495333682793,1.4958783859365408,-125.40496287767688,-111.6809576537859,167.9257008823195,none,0.0,clean,0.0,full,1.0,100,100
1436,287,noise_stress,20547907,easy,-4.466223770303209,0.9899950987400753,2.674081485164809,-7.824415239704475,8.268747525025836,severe,10.0,clean,0.0,full,1.0,100,100
1437,287,outlier_stress,20547908,moderate,-10.135572023229523,1.1295542527485032,-41.46522874296515,4.553008520438638,41.71444691343289,none,0.0,very_extreme,0.6,full,1.0,100,100
1438,287,overlap_stress,20547909,difficult,15.175768856304686,1.19034836566118,-36.68598774672506,95.81581776214765,102.59889195494243,none,0.0,clean,0.0,low,0.4,100,40
1439,287,combined_stress,20547910,extreme,-23.593349835948246,0.537666421862866,235.61252204539227,10.159770452692442,235.83146838418713,severe,10.0,very_extreme,0.6,low,0.4,100,40
1440,288,geometric_only,20548906,easy,4.014515481542064,1.0302160079259453,-24.087750781754448,24.21733394382921,34.1569758771302,none,0.0,clean,0.0,full,1.0,100,100
1441,288,noise_stress,20548907,moderate,7.184531835850262,1.1216613121946608,30.930872356372035,-52.25497358461283,60.72315150792788,low,0.5,clean,0.0,full,1.0,100,100
1442,288,outlier_stress,20548908,difficult,2.195315110508055,0.9045207028890048,134.55497912027397,-72.49788462246637,152.8430099179868,none,0.0,low,0.1,full,1.0,100,100
1443,288,overlap_stress,20548909,extreme,6.926238317759385,0.9660852304559472,85.60638209997677,224.10260964236522,239.8967117422945,none,0.0,clean,0.0,high,0.8,100,80
1444,288,combined_stress,20548910,easy,-0.9446220354711032,1.0416641578627315,3.967508986765967,4.7148718969383125,6.162073073617952,low,0.5,low,0.1,high,0.8,100,80
1445,289,geometric_only,20549906,moderate,-9.217332896038766,0.9895608502151537,12.240782999431545,-34.219119424597,36.34260451087682,none,0.0,clean,0.0,full,1.0,100,100
1446,289,noise_stress,20549907,difficult,27.24309147866387,0.8453201715504095,-27.84712889421202,-109.59108167946185,113.07372714881798,moderate,2.0,clean,0.0,full,1.0,100,100
1447,289,outlier_stress,20549908,extreme,38.65356533390958,1.234388472202756,-43.03876853091475,-117.84363465489383,125.4569959202505,none,0.0,moderate,0.2,full,1.0,100,100
1448,289,overlap_stress,20549909,easy,-4.424449819010402,0.9982851875857452,-5.71855855553876,4.538194947071549,7.300488020040255,none,0.0,clean,0.0,moderate,0.6,100,60
1449,289,combined_stress,20549910,moderate,-3.6913744897057956,1.0655446509676736,-2.4145359879770325,-40.22501394803281,40.297415936467566,moderate,2.0,moderate,0.2,moderate,0.6,100,60
1450,290,geometric_only,20550906,difficult,-6.248327047539128,1.1316203287571696,-47.9134576700839,-6.211631418888686,48.31442632161792,none,0.0,clean,0.0,full,1.0,100,100
1451,290,noise_stress,20550907,extreme,27.139573134918066,0.8010825225921901,-148.5219503848893,2.226835557686144,148.5386432640762,high,5.0,clean,0.0,full,1.0,100,100
1452,290,outlier_stress,20550908,easy,0.43708325064609,0.9872123979534257,16.618368260059036,-8.56011959396637,18.69346974453765,none,0.0,high,0.3,full,1.0,100,100
1453,290,overlap_stress,20550909,moderate,11.208611513139125,1.0094803117605198,22.926775387010608,-60.484390213568304,64.6838348364847,none,0.0,clean,0.0,low,0.4,100,40
1454,290,combined_stress,20550910,difficult,-18.889970643496863,0.845929075634907,109.02293822821531,-73.46108575429871,131.46304492180943,high,5.0,high,0.3,low,0.4,100,40
1455,291,geometric_only,20551906,extreme,2.8771369002398473,1.0645050025739478,-205.62047455789744,-245.62332815143927,320.32889174972115,none,0.0,clean,0.0,full,1.0,100,100
1456,291,noise_stress,20551907,easy,-1.2951200438764001,1.0493725470426836,-19.14251963435093,0.6116792359606116,19.15228992677419,severe,10.0,clean,0.0,full,1.0,100,100
1457,291,outlier_stress,20551908,moderate,-5.349888260556888,1.1129437814740082,-10.63757437649248,5.039731815071775,11.771018876174486,none,0.0,severe,0.4,full,1.0,100,100
1458,291,overlap_stress,20551909,difficult,-0.9697926368104888,0.918249360903785,64.01403749558162,-134.64314442281233,149.08579186679066,none,0.0,clean,0.0,high,0.8,100,80
1459,291,combined_stress,20551910,extreme,27.584440818103687,0.9100968397540757,-79.68401231523876,-30.705211045837842,85.3952680423486,severe,10.0,severe,0.4,high,0.8,100,80
1460,292,geometric_only,20552906,easy,1.8123411308591741,1.042138716287374,0.8432617059139673,15.947542200943225,15.969821306311665,none,0.0,clean,0.0,full,1.0,100,100
1461,292,noise_stress,20552907,moderate,-8.37827928374779,0.9561131862845208,-22.93764426652678,-9.39100363433566,24.785610215563274,low,0.5,clean,0.0,full,1.0,100,100
1462,292,outlier_stress,20552908,difficult,19.634250368967052,1.2330984381133239,-11.954775945211765,49.32158852031179,50.749736571406615,none,0.0,extreme,0.5,full,1.0,100,100
1463,292,overlap_stress,20552909,extreme,21.3972998949085,1.4334192373830539,-119.35824538526617,78.51380226511424,142.866398735234,none,0.0,clean,0.0,moderate,0.6,100,60
1464,292,combined_stress,20552910,easy,0.09175186429803439,1.0388554728968256,-12.297700736994338,-6.049891835182368,13.705277619737492,low,0.5,extreme,0.5,moderate,0.6,100,60
1465,293,geometric_only,20553906,moderate,13.183085458749115,1.012403059486009,0.6558344389504498,25.207753397553176,25.216283432797294,none,0.0,clean,0.0,full,1.0,100,100
1466,293,noise_stress,20553907,difficult,10.12508877282756,1.0487108009775297,118.31176587480655,-141.8958315190455,184.74875086694465,moderate,2.0,clean,0.0,full,1.0,100,100
1467,293,outlier_stress,20553908,extreme,-39.70928647703384,0.5455757977732705,204.74525509470118,183.63436525730356,275.03127019894856,none,0.0,very_extreme,0.6,full,1.0,100,100
1468,293,overlap_stress,20553909,easy,-0.30766083453661963,1.0278249552833751,4.111655864040344,-3.2954255260589775,5.2693019786399065,none,0.0,clean,0.0,low,0.4,100,40
1469,293,combined_stress,20553910,moderate,5.051269631528282,1.0654496688126094,-15.937221130732766,41.75579239623255,44.69386105503917,moderate,2.0,very_extreme,0.6,low,0.4,100,40
1470,294,geometric_only,20554906,difficult,12.965285841926445,0.8547265833846175,96.92881470060462,-73.6182218833766,121.7162179519813,none,0.0,clean,0.0,full,1.0,100,100
1471,294,noise_stress,20554907,extreme,25.391546228654462,1.424065972883929,-105.82426809776808,165.1678205414201,196.16111913636468,high,5.0,clean,0.0,full,1.0,100,100
1472,294,outlier_stress,20554908,easy,3.012810554334205,1.033848123476786,2.957885563589958,9.66782764719354,10.11019180941359,none,0.0,low,0.1,full,1.0,100,100
1473,294,overlap_stress,20554909,moderate,9.207056580809095,0.9067941415978142,58.76765195695816,-66.73272590736502,88.92071537927299,none,0.0,clean,0.0,high,0.8,100,80
1474,294,combined_stress,20554910,difficult,-10.086676135819548,0.9244421446533068,98.28430977348418,-12.468162274049519,99.07199714420936,high,5.0,low,0.1,high,0.8,100,80
1475,295,geometric_only,20555906,extreme,-32.2214287057369,0.7387801015687714,164.08832365398507,-127.28394189028252,207.66843723277682,none,0.0,clean,0.0,full,1.0,100,100
1476,295,noise_stress,20555907,easy,-0.02918039429164221,1.0383408763020936,24.89949580668945,23.965547078227203,34.55911367766931,severe,10.0,clean,0.0,full,1.0,100,100
1477,295,outlier_stress,20555908,moderate,9.589825021749125,0.9163243964446826,71.40144371905924,45.89323573175807,84.8784734258145,none,0.0,moderate,0.2,full,1.0,100,100
1478,295,overlap_stress,20555909,difficult,28.479241576678362,0.8253892849122149,-19.03943637363713,79.26801396621707,81.52250103851182,none,0.0,clean,0.0,moderate,0.6,100,60
1479,295,combined_stress,20555910,extreme,-3.763940461459484,0.7597639354868823,-205.7594560794626,60.287872783637795,214.40984438894682,severe,10.0,moderate,0.2,moderate,0.6,100,60
1480,296,geometric_only,20556906,easy,-2.211096688910202,1.0450020237246744,4.977352210897756,-24.045360838113076,24.555109709923734,none,0.0,clean,0.0,full,1.0,100,100
1481,296,noise_stress,20556907,moderate,-6.425384515933839,0.8872988196326685,19.040332398955215,-9.838867899921581,21.432162266435252,low,0.5,clean,0.0,full,1.0,100,100
1482,296,outlier_stress,20556908,difficult,19.112936315827525,0.8977625832959535,-86.50783750058167,120.80664715700681,148.58617683467256,none,0.0,high,0.3,full,1.0,100,100
1483,296,overlap_stress,20556909,extreme,42.796291504097596,0.8753489599204267,-127.3748497816411,-144.57785882291702,192.68396305534867,none,0.0,clean,0.0,low,0.4,100,40
1484,296,combined_stress,20556910,easy,3.2368687835257717,1.0022338233770345,-8.686152471089109,-8.273525795362325,11.995852359775574,low,0.5,high,0.3,low,0.4,100,40
1485,297,geometric_only,20557906,moderate,-2.9765321811516046,1.0398161667533068,7.753787659545267,-39.186926573059814,39.946669915171874,none,0.0,clean,0.0,full,1.0,100,100
1486,297,noise_stress,20557907,difficult,17.61404812109525,1.1748084491962099,-33.596035671126984,122.4146521398751,126.94109134296217,moderate,2.0,clean,0.0,full,1.0,100,100
1487,297,outlier_stress,20557908,extreme,25.575960611906865,1.425852701096452,-66.65883695819863,178.5733225436369,190.60910804285686,none,0.0,severe,0.4,full,1.0,100,100
1488,297,overlap_stress,20557909,easy,0.9021481333329131,1.0138095038511736,2.7868892673564183,-4.896212904545365,5.633795576264989,none,0.0,clean,0.0,high,0.8,100,80
1489,297,combined_stress,20557910,moderate,-14.110947365906734,0.973900698659471,70.26824020427395,13.981747115161866,71.64575935669801,moderate,2.0,severe,0.4,high,0.8,100,80
1490,298,geometric_only,20558906,difficult,23.46565780932906,0.7744098111403867,10.51712970322859,-124.62819309988487,125.07116587182163,none,0.0,clean,0.0,full,1.0,100,100
1491,298,noise_stress,20558907,extreme,-16.699124967208476,0.8636770540684136,-33.72356035302937,246.5469831983877,248.84270824581233,high,5.0,clean,0.0,full,1.0,100,100
1492,298,outlier_stress,20558908,easy,4.862948298398029,1.0262698738908786,-11.376294521758318,-4.963909915137567,12.412110162715658,none,0.0,extreme,0.5,full,1.0,100,100
1493,298,overlap_stress,20558909,moderate,13.977614580712757,0.8767230052651045,8.97737641185131,-24.923004822730157,26.490554102054848,none,0.0,clean,0.0,moderate,0.6,100,60
1494,298,combined_stress,20558910,difficult,-5.305906812374545,1.1435005998221055,-69.12926175960217,74.54601898324518,101.66594207342962,high,5.0,extreme,0.5,moderate,0.6,100,60
1495,299,geometric_only,20559906,extreme,31.642885982216654,0.5554280310515063,-5.182818385515816,60.10632083857672,60.3293577884529,none,0.0,clean,0.0,full,1.0,100,100
1496,299,noise_stress,20559907,easy,0.2853844636869365,1.0252506729292719,10.60008719382867,-14.368481398889548,17.85539431732062,severe,10.0,clean,0.0,full,1.0,100,100
1497,299,outlier_stress,20559908,moderate,-1.5572115762751046,1.1448863356306405,63.46223671583496,55.01527169901891,83.98890170191262,none,0.0,very_extreme,0.6,full,1.0,100,100
1498,299,overlap_stress,20559909,difficult,1.0836809967818866,1.2009895892845495,-138.64234383215657,-37.39834035502723,143.59782506912973,none,0.0,clean,0.0,low,0.4,100,40
1499,299,combined_stress,20559910,extreme,8.52463191675627,1.406084890423196,181.50325103771252,-172.69600406712442,250.53410937038322,severe,10.0,very_extreme,0.6,low,0.4,100,40
1500,300,geometric_only,20560906,easy,0.3272321841491195,1.0226066390073836,-15.678575065165301,14.48198809796262,21.343516470899402,none,0.0,clean,0.0,full,1.0,100,100
1501,300,noise_stress,20560907,moderate,2.1754357164657563,1.0889952541497758,30.017933299616118,74.10987223384967,79.95842345930618,low,0.5,clean,0.0,full,1.0,100,100
1502,300,outlier_stress,20560908,difficult,-20.057441023413492,0.731062201785753,64.58219984974528,142.61098430201116,156.55271757788464,none,0.0,low,0.1,full,1.0,100,100
1503,300,overlap_stress,20560909,extreme,-42.60392508177955,1.1423197724890974,-95.04485874409258,46.096555837731444,105.6334115409779,none,0.0,clean,0.0,high,0.8,100,80
1504,300,combined_stress,20560910,easy,3.9398834394294546,1.0437486830294822,15.471513761513414,0.7116819621683987,15.487873620609603,low,0.5,low,0.1,high,0.8,100,80
1505,301,geometric_only,20561906,moderate,6.908268860458119,1.1116477439023489,-18.764584391339895,58.789572650795805,61.711615436989774,none,0.0,clean,0.0,full,1.0,100,100
1506,301,noise_stress,20561907,difficult,5.276550771800309,1.2705477215696335,-51.75875773495913,-4.939240154727287,51.993894791333545,moderate,2.0,clean,0.0,full,1.0,100,100
1507,301,outlier_stress,20561908,extreme,43.6317430074931,0.9615163540431828,123.5548212375931,109.50489316699111,165.09729094860316,none,0.0,moderate,0.2,full,1.0,100,100
1508,301,overlap_stress,20561909,easy,-3.9593712484669643,0.9559107620211288,8.356757353314514,-17.696774180195398,19.570672186897585,none,0.0,clean,0.0,moderate,0.6,100,60
1509,301,combined_stress,20561910,moderate,-8.935866840828805,1.0819957812340908,36.1002330151553,54.089087679863525,65.02965654060056,moderate,2.0,moderate,0.2,moderate,0.6,100,60
1510,302,geometric_only,20562906,difficult,-7.434786789711044,1.0844620461261003,-61.32761167014286,-106.08771519566449,122.53848076665658,none,0.0,clean,0.0,full,1.0,100,100
1511,302,noise_stress,20562907,extreme,13.940803878798633,1.1387164122415525,214.23662277902832,-141.23270128942156,256.60086993864746,high,5.0,clean,0.0,full,1.0,100,100
1512,302,outlier_stress,20562908,easy,2.3491221647341387,0.9985440530702737,-14.824092285330842,16.342362679828277,22.06414580361201,none,0.0,high,0.3,full,1.0,100,100
1513,302,overlap_stress,20562909,moderate,1.6727738806920947,0.9214358112313532,72.4335483948652,-63.02494386092749,96.01438684772371,none,0.0,clean,0.0,low,0.4,100,40
1514,302,combined_stress,20562910,difficult,-12.051082107623984,0.8064150917077052,119.9208284455583,91.42657676245372,150.79729451674478,high,5.0,high,0.3,low,0.4,100,40
1515,303,geometric_only,20563906,extreme,-44.34181848263941,0.9848274420974669,-241.7414656917659,-60.626364145600405,249.22779191799253,none,0.0,clean,0.0,full,1.0,100,100
1516,303,noise_stress,20563907,easy,1.3880121949683328,0.9794210560140538,17.927645555495012,-2.523933112549514,18.10443905565936,severe,10.0,clean,0.0,full,1.0,100,100
1517,303,outlier_stress,20563908,moderate,12.621156550098448,1.0923484517956221,-22.570048415379,64.07508711225492,67.93396701147084,none,0.0,severe,0.4,full,1.0,100,100
1518,303,overlap_stress,20563909,difficult,2.7077123353386483,0.7649041602613564,-145.4231591630777,127.06988645143144,193.11823130856783,none,0.0,clean,0.0,high,0.8,100,80
1519,303,combined_stress,20563910,extreme,15.313497067352529,0.53390566177726,-87.523557967437,-93.99759060428252,128.43644435552397,severe,10.0,severe,0.4,high,0.8,100,80
1520,304,geometric_only,20564906,easy,2.882254218590427,1.0308918255958393,13.201013587153135,-0.7008398304073289,13.219604237498451,none,0.0,clean,0.0,full,1.0,100,100
1521,304,noise_stress,20564907,moderate,12.538943022587159,0.9073109331851482,33.49226578651775,-59.795293048497946,68.53618707128734,low,0.5,clean,0.0,full,1.0,100,100
1522,304,outlier_stress,20564908,difficult,-10.431926541664282,1.2716501289829973,-92.90861161511903,29.039525914945386,97.34117411257076,none,0.0,extreme,0.5,full,1.0,100,100
1523,304,overlap_stress,20564909,extreme,26.78010176258188,1.0161995593458366,-192.9150685359719,163.1020648336082,252.62325154511268,none,0.0,clean,0.0,moderate,0.6,100,60
1524,304,combined_stress,20564910,easy,0.4683477517758181,0.9674625686467185,16.212629602676984,-13.274690891163676,20.953920322687637,low,0.5,extreme,0.5,moderate,0.6,100,60
1525,305,geometric_only,20565906,moderate,12.956071315100854,1.1334379395471634,-74.29699975226708,60.85467685039143,96.03820003911954,none,0.0,clean,0.0,full,1.0,100,100
1526,305,noise_stress,20565907,difficult,9.789226368733786,0.7264452488519524,55.90614603303433,-51.89531328500571,76.27988401417409,moderate,2.0,clean,0.0,full,1.0,100,100
1527,305,outlier_stress,20565908,extreme,36.622078590587904,0.6067544236538109,101.69300578425026,-60.06723928094658,118.10817355403499,none,0.0,very_extreme,0.6,full,1.0,100,100
1528,305,overlap_stress,20565909,easy,3.7984209938149327,0.999150859499152,-20.86455409303692,-16.458526361597784,26.57466288585187,none,0.0,clean,0.0,low,0.4,100,40
1529,305,combined_stress,20565910,moderate,0.9186435761914353,1.1289105258571246,-60.200004058907076,-1.82354947541576,60.22761676657742,moderate,2.0,very_extreme,0.6,low,0.4,100,40
1530,306,geometric_only,20566906,difficult,-4.117840890923997,1.1382099534348002,-102.5904901356391,67.17245141509653,122.62522944069939,none,0.0,clean,0.0,full,1.0,100,100
1531,306,noise_stress,20566907,extreme,39.44688915358553,0.7073853107339229,166.23470363301317,-142.39109647795738,218.88170560407895,high,5.0,clean,0.0,full,1.0,100,100
1532,306,outlier_stress,20566908,easy,2.823867488969192,0.9886451782514097,19.581584394094463,-4.775305459664537,20.15544565659975,none,0.0,low,0.1,full,1.0,100,100
1533,306,overlap_stress,20566909,moderate,0.5350269645903847,1.1406652573910927,-9.374849437230878,-12.252051926614655,15.427267366037642,none,0.0,clean,0.0,high,0.8,100,80
1534,306,combined_stress,20566910,difficult,20.50189533584294,1.076199459769113,-20.47091196636964,140.8876596198685,142.36709897268673,high,5.0,low,0.1,high,0.8,100,80
1535,307,geometric_only,20567906,extreme,3.175363719397666,0.6473542566959064,76.16856975247492,-152.8800007212203,170.80382208445442,none,0.0,clean,0.0,full,1.0,100,100
1536,307,noise_stress,20567907,easy,-3.1405816541346523,1.015383490286585,18.095526823753126,-19.54681014152946,26.636926957480807,severe,10.0,clean,0.0,full,1.0,100,100
1537,307,outlier_stress,20567908,moderate,2.146231189125718,0.8929556235971712,6.157182079917078,63.42792764842213,63.72607705593311,none,0.0,moderate,0.2,full,1.0,100,100
1538,307,overlap_stress,20567909,difficult,-9.392027378327196,1.1721205139091677,146.65493046605678,-72.84260892690308,163.74893680656888,none,0.0,clean,0.0,moderate,0.6,100,60
1539,307,combined_stress,20567910,extreme,-1.1037474330557586,1.3749891631609996,86.50568407978119,205.59914614087506,223.05658984205738,severe,10.0,moderate,0.2,moderate,0.6,100,60
1540,308,geometric_only,20568906,easy,0.9151516001829654,1.0251892881881912,-12.575775235593657,-7.559715357276879,14.673084851496585,none,0.0,clean,0.0,full,1.0,100,100
1541,308,noise_stress,20568907,moderate,-5.995509008061616,0.9402085394613265,11.621266802203735,-6.439175735521857,13.285963504425867,low,0.5,clean,0.0,full,1.0,100,100
1542,308,outlier_stress,20568908,difficult,11.778533866178364,1.0639246342499886,33.983213484475215,-75.60618026335182,82.89241999571414,none,0.0,high,0.3,full,1.0,100,100
1543,308,overlap_stress,20568909,extreme,12.824957506429307,1.1621158262698044,-113.28846803443605,-77.22201212373008,137.10403402535957,none,0.0,clean,0.0,low,0.4,100,40
1544,308,combined_stress,20568910,easy,-1.486667788931916,1.027371920392028,-2.252664699034579,6.859485707071144,7.219905983583849,low,0.5,high,0.3,low,0.4,100,40
1545,309,geometric_only,20569906,moderate,3.408878987503755,0.8513534784286982,-16.63918953319758,36.72812624824732,40.32143209298085,none,0.0,clean,0.0,full,1.0,100,100
1546,309,noise_stress,20569907,difficult,-3.9782633565250975,0.7865721340168368,136.85546937677975,96.32516427462053,167.35577901844718,moderate,2.0,clean,0.0,full,1.0,100,100
1547,309,outlier_stress,20569908,extreme,3.8066170156110815,1.3840548815108147,-48.967968101391875,-26.801374187097593,55.82271543283929,none,0.0,severe,0.4,full,1.0,100,100
1548,309,overlap_stress,20569909,easy,-0.18807639221299155,0.9540365112126739,1.8316692617592238,20.532015606451402,20.613555664854076,none,0.0,clean,0.0,high,0.8,100,80
1549,309,combined_stress,20569910,moderate,-8.527426100382474,0.8677286898558861,32.10791175460621,-60.946839836910684,68.88711986538283,moderate,2.0,severe,0.4,high,0.8,100,80
1550,310,geometric_only,20570906,difficult,28.883010070873404,0.8454465031255842,3.9657879228209936,32.939631867991835,33.177504750170954,none,0.0,clean,0.0,full,1.0,100,100
1551,310,noise_stress,20570907,extreme,-16.05735312492307,1.2288176429178699,-199.97993169412686,-120.50155845831478,233.4793324285263,high,5.0,clean,0.0,full,1.0,100,100
1552,310,outlier_stress,20570908,easy,0.22073738974310508,1.0134209405989596,-5.551557291320471,-9.84059610849457,11.29854504479811,none,0.0,extreme,0.5,full,1.0,100,100
1553,310,overlap_stress,20570909,moderate,-9.999916945526342,1.0555732378058442,-63.532494341124796,21.698469768301564,67.13569413874374,none,0.0,clean,0.0,moderate,0.6,100,60
1554,310,combined_stress,20570910,difficult,1.1294433441366252,1.0964334692701028,81.22591316305832,68.19019721327973,106.05447640320833,high,5.0,extreme,0.5,moderate,0.6,100,60
1555,311,geometric_only,20571906,extreme,-11.22543769225085,1.4466903506567823,-165.69382783536741,22.742689510660284,167.24734529706197,none,0.0,clean,0.0,full,1.0,100,100
1556,311,noise_stress,20571907,easy,-0.3516104749106299,0.9864416155246145,11.811758182914467,2.1667754897478346,12.008852875883642,severe,10.0,clean,0.0,full,1.0,100,100
1557,311,outlier_stress,20571908,moderate,1.9894306216698148,1.0076216436725038,-32.92199742821653,-42.7710554344584,53.97426328946981,none,0.0,very_extreme,0.6,full,1.0,100,100
1558,311,overlap_stress,20571909,difficult,23.22329666621542,0.8757040461888516,110.76281248060252,3.375591799697588,110.81423757176378,none,0.0,clean,0.0,low,0.4,100,40
1559,311,combined_stress,20571910,extreme,-16.86475574443641,0.9204231604472561,211.73456618051472,186.35134831460243,282.06090039975595,severe,10.0,very_extreme,0.6,low,0.4,100,40
1560,312,geometric_only,20572906,easy,-4.272540853002138,0.9501823301929552,-8.47973202814305,21.65642125228058,23.257395312574126,none,0.0,clean,0.0,full,1.0,100,100
1561,312,noise_stress,20572907,moderate,-13.966505987861993,0.9575113399139186,67.55380819056847,57.25273897107144,88.55164098274949,low,0.5,clean,0.0,full,1.0,100,100
1562,312,outlier_stress,20572908,difficult,9.542407053093498,1.14271848986083,-99.63057708572282,-6.116512868098852,99.8181527584025,none,0.0,low,0.1,full,1.0,100,100
1563,312,overlap_stress,20572909,extreme,-23.25993908331174,1.3623629732833353,-179.8003312266243,46.667245150949554,185.75788241467075,none,0.0,clean,0.0,high,0.8,100,80
1564,312,combined_stress,20572910,easy,3.283991237447106,0.9612458365440081,-11.67648910176769,2.962144764399781,12.046356268555261,low,0.5,low,0.1,high,0.8,100,80
1565,313,geometric_only,20573906,moderate,-7.661775349193668,1.1408432179240846,30.17708522920705,-34.17135603358892,45.58879298802635,none,0.0,clean,0.0,full,1.0,100,100
1566,313,noise_stress,20573907,difficult,-7.508265741689346,0.9522951212998414,-76.56114453925586,47.8776511277469,90.29882795845731,moderate,2.0,clean,0.0,full,1.0,100,100
1567,313,outlier_stress,20573908,extreme,32.356333609666336,1.4124740613724263,169.83577680699892,-31.83009075882697,172.79278272356146,none,0.0,moderate,0.2,full,1.0,100,100
1568,313,overlap_stress,20573909,easy,-4.2813196365340875,0.9987415305599147,9.509773036806784,5.268372855665493,10.871593064399086,none,0.0,clean,0.0,moderate,0.6,100,60
1569,313,combined_stress,20573910,moderate,-9.1402160039486,1.0316747864830542,26.107662688697175,11.339957132174291,28.464094554830673,moderate,2.0,moderate,0.2,moderate,0.6,100,60
1570,314,geometric_only,20574906,difficult,-28.328731690276772,1.1444330809732508,-147.0737451705906,140.71184800513316,203.5448616092372,none,0.0,clean,0.0,full,1.0,100,100
1571,314,noise_stress,20574907,extreme,-4.684934882746404,0.8637228804678041,81.84091616770405,182.60190582267893,200.10345216723192,high,5.0,clean,0.0,full,1.0,100,100
1572,314,outlier_stress,20574908,easy,2.1016570352676425,1.0345190939307225,-6.958194731436112,-2.2002061122130314,7.29776547011514,none,0.0,high,0.3,full,1.0,100,100
1573,314,overlap_stress,20574909,moderate,12.474707838273364,1.0043663081823382,-32.41801257141114,-62.36794354942936,70.29002718497823,none,0.0,clean,0.0,low,0.4,100,40
1574,314,combined_stress,20574910,difficult,-13.739307745868036,1.1386126546162332,58.22299503915397,46.55584926721386,74.5477313693776,high,5.0,high,0.3,low,0.4,100,40
1575,315,geometric_only,20575906,extreme,43.766049225268716,1.1912361501269393,190.42297784256158,-131.8629345331696,231.62198512690387,none,0.0,clean,0.0,full,1.0,100,100
1576,315,noise_stress,20575907,easy,1.7219225312488975,0.9942581201443664,8.686308236585013,-16.663891225592742,18.791945656566575,severe,10.0,clean,0.0,full,1.0,100,100
1577,315,outlier_stress,20575908,moderate,-5.854143758154365,0.986395362110775,62.10935447589796,-59.727599934689124,86.16819661203907,none,0.0,severe,0.4,full,1.0,100,100
1578,315,overlap_stress,20575909,difficult,2.887911197059772,1.1370466035026516,-80.05600874975221,79.06382838578179,112.51690315662245,none,0.0,clean,0.0,high,0.8,100,80
1579,315,combined_stress,20575910,extreme,-2.7337765656382444,1.3484662063475064,-92.89792900090345,204.84750302778258,224.92782111018255,severe,10.0,severe,0.4,high,0.8,100,80
1580,316,geometric_only,20576906,easy,-3.945290280148871,0.9899982297589826,-9.686766795358215,-2.1537714279052764,9.923315086769925,none,0.0,clean,0.0,full,1.0,100,100
1581,316,noise_stress,20576907,moderate,5.970542531905085,0.9757164013384716,21.21991016339271,35.616969775112196,41.459053574626054,low,0.5,clean,0.0,full,1.0,100,100
1582,316,outlier_stress,20576908,difficult,26.08117185625759,1.0999777909484125,-126.62423952177186,114.71968660984788,170.8634089860341,none,0.0,extreme,0.5,full,1.0,100,100
1583,316,overlap_stress,20576909,extreme,42.26310088466546,1.3607019946390326,134.5871002541544,214.60079604433616,253.31243399739495,none,0.0,clean,0.0,moderate,0.6,100,60
1584,316,combined_stress,20576910,easy,2.7406998496524952,0.9500957678666256,-7.11714416245287,-1.1460467311544917,7.208825434086115,low,0.5,extreme,0.5,moderate,0.6,100,60
1585,317,geometric_only,20577906,moderate,-13.293918047560567,0.9654543282855443,-40.3508686443907,55.00730346672347,68.22020254321355,none,0.0,clean,0.0,full,1.0,100,100
1586,317,noise_stress,20577907,difficult,7.258287574246374,1.181559858170469,102.21858948293428,-103.69493937910434,145.60659493552058,moderate,2.0,clean,0.0,full,1.0,100,100
1587,317,outlier_stress,20577908,extreme,-13.218709591721623,1.0490830642059483,-123.81390235251376,203.99752226836216,238.63124587402365,none,0.0,very_extreme,0.6,full,1.0,100,100
1588,317,overlap_stress,20577909,easy,0.03461471306683084,1.0371567356068456,-22.752852080817526,-18.664651758359305,29.428922900309953,none,0.0,clean,0.0,low,0.4,100,40
1589,317,combined_stress,20577910,moderate,14.777295359969042,0.8777752203848144,33.57967638643825,43.867383813604434,55.24438459126867,moderate,2.0,very_extreme,0.6,low,0.4,100,40
1590,318,geometric_only,20578906,difficult,-16.412303135430996,1.2961691392361,-34.288839125014874,99.09352495214651,104.85824324287925,none,0.0,clean,0.0,full,1.0,100,100
1591,318,noise_stress,20578907,extreme,6.358612440732742,1.4202081437436265,204.30389791819357,50.22651165958649,210.38722674644066,high,5.0,clean,0.0,full,1.0,100,100
1592,318,outlier_stress,20578908,easy,-0.13172427305305678,1.032462879115387,-24.07709079139489,3.3011931100407956,24.302349205927676,none,0.0,low,0.1,full,1.0,100,100
1593,318,overlap_stress,20578909,moderate,-0.42266927904833906,1.0783295403203514,-41.25870352728142,6.927768307593553,41.83628318189609,none,0.0,clean,0.0,high,0.8,100,80
1594,318,combined_stress,20578910,difficult,-3.1066015200109263,0.8758232587814986,117.02355534562736,71.11113374674082,136.9354075777261,high,5.0,low,0.1,high,0.8,100,80
1595,319,geometric_only,20579906,extreme,-18.16130700116791,0.788080485111937,15.966936624509003,-220.6699249104724,221.24682783073888,none,0.0,clean,0.0,full,1.0,100,100
1596,319,noise_stress,20579907,easy,4.597406928602174,0.9742313974236012,4.152188850458877,8.294330102911275,9.275590768567529,severe,10.0,clean,0.0,full,1.0,100,100
1597,319,outlier_stress,20579908,moderate,-12.69543951869339,1.065657285661063,34.050406040801846,0.6360318648811898,34.05634578278502,none,0.0,moderate,0.2,full,1.0,100,100
1598,319,overlap_stress,20579909,difficult,-7.971130859479139,1.0500593597974974,2.2132251710878563,148.87842807205743,148.89487805450096,none,0.0,clean,0.0,moderate,0.6,100,60
1599,319,combined_stress,20579910,extreme,16.771390792014614,1.3015480236572112,162.07506894072492,-201.33036756946206,258.4613024763967,severe,10.0,moderate,0.2,moderate,0.6,100,60
1600,320,geometric_only,20580906,easy,-4.965677431763376,0.9695849863247016,23.057269220779844,23.677826224162537,33.04961601321808,none,0.0,clean,0.0,full,1.0,100,100
1601,320,noise_stress,20580907,moderate,4.159189647437792,1.0613585900935725,-63.212471502997126,-9.614846876266284,63.93951699826385,low,0.5,clean,0.0,full,1.0,100,100
1602,320,outlier_stress,20580908,difficult,-4.123144077880259,0.9342949809184068,126.26573626058973,27.310586669055056,129.18554213857206,none,0.0,high,0.3,full,1.0,100,100
1603,320,overlap_stress,20580909,extreme,-14.086128951434684,0.8008456672896092,-156.48854303046133,225.27640083139437,274.2956814668135,none,0.0,clean,0.0,low,0.4,100,40
1604,320,combined_stress,20580910,easy,-0.941273612889848,0.9873099000977098,-16.52949752872147,11.28623905559018,20.015081328137,low,0.5,high,0.3,low,0.4,100,40
1605,321,geometric_only,20581906,moderate,11.766334657143489,1.002341606992622,-26.44968414391122,64.78264959002209,69.97412006746679,none,0.0,clean,0.0,full,1.0,100,100
1606,321,noise_stress,20581907,difficult,-2.316370228328047,1.1687395415671609,114.95169534829631,-27.535941122013483,118.20372378619263,moderate,2.0,clean,0.0,full,1.0,100,100
1607,321,outlier_stress,20581908,extreme,0.22458809632529864,1.1822881244394452,92.54822113642916,11.740494871487442,93.28993758892122,none,0.0,severe,0.4,full,1.0,100,100
1608,321,overlap_stress,20581909,easy,1.6695264954531766,0.951281844446515,15.461806076795696,-13.641265451733542,20.619203919673897,none,0.0,clean,0.0,high,0.8,100,80
1609,321,combined_stress,20581910,moderate,1.1656810945640323,0.9694797381099437,33.83976917438086,67.59711798709913,75.59431419053405,moderate,2.0,severe,0.4,high,0.8,100,80
1610,322,geometric_only,20582906,difficult,26.51175395033235,1.1761649072914309,55.96138198452522,-147.71686422082365,157.9618569429063,none,0.0,clean,0.0,full,1.0,100,100
1611,322,noise_stress,20582907,extreme,-36.90555961781332,1.254035648011856,-198.02425708536603,187.10161136353315,272.43461485105325,high,5.0,clean,0.0,full,1.0,100,100
1612,322,outlier_stress,20582908,easy,-2.6542502306461015,1.0418913966982033,-24.97052111148675,8.316110450242178,26.31890228713638,none,0.0,extreme,0.5,full,1.0,100,100
1613,322,overlap_stress,20582909,moderate,-12.326947131155233,1.0799839086576926,4.255553810089424,-35.07413981814061,35.33136032214218,none,0.0,clean,0.0,moderate,0.6,100,60
1614,322,combined_stress,20582910,difficult,-25.857225962409373,1.2632352920129537,-7.134364128849569,-149.8643237076871,150.03404504273502,high,5.0,extreme,0.5,moderate,0.6,100,60
1615,323,geometric_only,20583906,extreme,3.640399013533127,0.6645321470766418,139.76945885251445,45.886755629519485,147.10912945880676,none,0.0,clean,0.0,full,1.0,100,100
1616,323,noise_stress,20583907,easy,3.003187880077702,0.985484066796789,4.150662401286581,3.0888015792585257,5.173847075966205,severe,10.0,clean,0.0,full,1.0,100,100
1617,323,outlier_stress,20583908,moderate,-8.414116000346414,1.0175451082730986,21.850886984398457,-14.261046108498654,26.092885967513798,none,0.0,very_extreme,0.6,full,1.0,100,100
1618,323,overlap_stress,20583909,difficult,0.26385551122747586,1.0990168581347488,103.03695814462102,-40.720221692472094,110.79147619912129,none,0.0,clean,0.0,low,0.4,100,40
1619,323,combined_stress,20583910,extreme,44.04352008253571,1.3123628712846265,-70.14408579139325,38.463967463235065,79.99793475161182,severe,10.0,very_extreme,0.6,low,0.4,100,40
1620,324,geometric_only,20584906,easy,-0.9364144256336271,1.0467529549312802,2.915156015388636,-16.693936013397614,16.946552281023724,none,0.0,clean,0.0,full,1.0,100,100
1621,324,noise_stress,20584907,moderate,-11.510992323894182,0.9453893854083704,-13.325991101626364,-69.38207977847726,70.65023024185844,low,0.5,clean,0.0,full,1.0,100,100
1622,324,outlier_stress,20584908,difficult,11.005068424977011,0.7361806079957336,55.10340248660259,148.372069069536,158.27398979483547,none,0.0,low,0.1,full,1.0,100,100
1623,324,overlap_stress,20584909,extreme,27.994744352345293,0.8518787983884931,-116.97313344299863,-192.1010752764186,224.91228750299484,none,0.0,clean,0.0,high,0.8,100,80
1624,324,combined_stress,20584910,easy,-3.6046234980259095,0.981984740077483,-11.442183779270604,-2.442274382780152,11.699926230510494,low,0.5,low,0.1,high,0.8,100,80
1625,325,geometric_only,20585906,moderate,-4.266122015154853,0.8878200470000115,-59.45588340896208,52.00222705707051,78.98882003698503,none,0.0,clean,0.0,full,1.0,100,100
1626,325,noise_stress,20585907,difficult,-6.189377803327581,1.188415165746229,-16.940570515190217,18.62462018086248,25.176564623902166,moderate,2.0,clean,0.0,full,1.0,100,100
1627,325,outlier_stress,20585908,extreme,-23.474942399909196,0.5941973596789669,-7.69808349151495,242.63105215638393,242.75314201871052,none,0.0,moderate,0.2,full,1.0,100,100
1628,325,overlap_stress,20585909,easy,3.4375414000693176,0.9620010004589589,-7.666965404378967,-15.712649643286724,17.48341263382588,none,0.0,clean,0.0,moderate,0.6,100,60
1629,325,combined_stress,20585910,moderate,-11.993804276675364,1.0681637714430192,56.149014740202574,-23.72758845299022,60.95662646579091,moderate,2.0,moderate,0.2,moderate,0.6,100,60
1630,326,geometric_only,20586906,difficult,20.246569033122263,0.8242425489293618,144.4474708284144,-109.510783901057,181.26688505998447,none,0.0,clean,0.0,full,1.0,100,100
1631,326,noise_stress,20586907,extreme,28.099170795904882,1.4816613274106587,80.83849054512427,-50.01085874817963,95.05760120234741,high,5.0,clean,0.0,full,1.0,100,100
1632,326,outlier_stress,20586908,easy,0.41077113583775393,1.0258354325627936,-18.98605175719575,-17.477128595066137,25.805429375528597,none,0.0,high,0.3,full,1.0,100,100
1633,326,overlap_stress,20586909,moderate,-8.021949308987704,1.1189104617883423,62.5522690343403,-19.415984412709058,65.49631143857683,none,0.0,clean,0.0,low,0.4,100,40
1634,326,combined_stress,20586910,difficult,-14.848853509510365,0.7486070335057461,106.4890054185978,-110.43409505450046,153.41315988385284,high,5.0,high,0.3,low,0.4,100,40
1635,327,geometric_only,20587906,extreme,-38.66987783047129,1.3952237133706162,21.03245413295508,219.5003883207678,220.50574731698654,none,0.0,clean,0.0,full,1.0,100,100
1636,327,noise_stress,20587907,easy,-3.627127958898604,0.9782951188461614,-8.347239356728902,-9.009469744669884,12.281976630764527,severe,10.0,clean,0.0,full,1.0,100,100
1637,327,outlier_stress,20587908,moderate,-14.71880032718391,0.8913943548378194,44.47283020175627,-38.25872117322917,58.664830792947306,none,0.0,severe,0.4,full,1.0,100,100
1638,327,overlap_stress,20587909,difficult,-6.80528345947295,0.854673857699235,-26.99506769596026,103.12013756882146,106.59501138478358,none,0.0,clean,0.0,high,0.8,100,80
1639,327,combined_stress,20587910,extreme,-20.239950876287075,0.8794502013284426,-35.3834898127422,-167.4118798554416,171.11028276541782,severe,10.0,severe,0.4,high,0.8,100,80
1640,328,geometric_only,20588906,easy,3.678087179822189,1.008797423765137,-23.394072713164515,-0.13408399931996584,23.39445696372759,none,0.0,clean,0.0,full,1.0,100,100
1641,328,noise_stress,20588907,moderate,6.285977082241903,1.0560376989631497,35.22778912646518,-18.548018443230468,39.812386450815985,low,0.5,clean,0.0,full,1.0,100,100
1642,328,outlier_stress,20588908,difficult,20.683263962813243,1.2848314008985953,49.35422815235367,-7.520141219112361,49.92386564029244,none,0.0,extreme,0.5,full,1.0,100,100
1643,328,overlap_stress,20588909,extreme,-31.62792578696643,1.4358278924373415,49.07142584771111,-75.36858446309284,89.93569012743367,none,0.0,clean,0.0,moderate,0.6,100,60
1644,328,combined_stress,20588910,easy,-0.6949355306799943,1.0167649769353828,-7.441829383825155,1.1849449394174414,7.535576891480472,low,0.5,extreme,0.5,moderate,0.6,100,60
1645,329,geometric_only,20589906,moderate,12.100079528923555,1.0848873899899747,62.590505371395494,-11.206912915612058,63.585896704731624,none,0.0,clean,0.0,full,1.0,100,100
1646,329,noise_stress,20589907,difficult,-1.4964504633334705,0.9836588001316122,84.15354019395761,140.3461893436388,163.64251034024304,moderate,2.0,clean,0.0,full,1.0,100,100
1647,329,outlier_stress,20589908,extreme,36.14513155490282,0.841525254750447,124.12228042990307,-174.43493219354033,214.08850055172164,none,0.0,very_extreme,0.6,full,1.0,100,100
1648,329,overlap_stress,20589909,easy,2.604579512263342,0.9911311699712975,17.79617286417863,22.292126893870382,28.524422694668985,none,0.0,clean,0.0,low,0.4,100,40
1649,329,combined_stress,20589910,moderate,-12.924391489320117,1.0604821978806662,-19.9481242787027,-63.28261928560392,66.35222351877333,moderate,2.0,very_extreme,0.6,low,0.4,100,40
1650,330,geometric_only,20590906,difficult,20.92758242290313,0.7506900103595797,-37.04002602397176,-59.952842618497954,70.47202896110548,none,0.0,clean,0.0,full,1.0,100,100
1651,330,noise_stress,20590907,extreme,3.0174056759519416,1.385036025259997,146.57651330498135,103.0930796026667,179.2006063455343,high,5.0,clean,0.0,full,1.0,100,100
1652,330,outlier_stress,20590908,easy,0.012366024595671377,0.9892869720950291,-6.665945682893586,-10.508322193303577,12.444262419507398,none,0.0,low,0.1,full,1.0,100,100
1653,330,overlap_stress,20590909,moderate,11.737362762097714,1.0392456268661674,-23.380441465406854,20.99551419568806,31.42382311970736,none,0.0,clean,0.0,high,0.8,100,80
1654,330,combined_stress,20590910,difficult,8.821753870792932,1.0138036549084102,-59.169590522998945,37.550444309086004,70.07907184366196,high,5.0,low,0.1,high,0.8,100,80
1655,331,geometric_only,20591906,extreme,12.677953534847994,1.169397873507774,79.40980998644238,-210.3555663684077,224.84524060841596,none,0.0,clean,0.0,full,1.0,100,100
1656,331,noise_stress,20591907,easy,-2.828206842675799,1.0446081338190092,11.941450997452932,-15.977644840107741,19.947014477389622,severe,10.0,clean,0.0,full,1.0,100,100
1657,331,outlier_stress,20591908,moderate,1.845686866164904,1.0700935554548792,-57.599206802688435,-36.25714833561118,68.06063054166765,none,0.0,moderate,0.2,full,1.0,100,100
1658,331,overlap_stress,20591909,difficult,-16.091279047861445,0.7050182478240988,-8.480935456582785,118.25908007865559,118.56279470081918,none,0.0,clean,0.0,moderate,0.6,100,60
1659,331,combined_stress,20591910,extreme,0.006174548753470788,0.9554882271562184,237.38084470215762,-130.50597234054885,270.89015162619324,severe,10.0,moderate,0.2,moderate,0.6,100,60
1660,332,geometric_only,20592906,easy,4.425227499305221,0.957628714276979,-15.252117435604811,19.078698712450496,24.425884443146384,none,0.0,clean,0.0,full,1.0,100,100
1661,332,noise_stress,20592907,moderate,1.320202495734879,0.9173360074665684,-63.67929708657518,63.894143729381994,90.20817302412918,low,0.5,clean,0.0,full,1.0,100,100
1662,332,outlier_stress,20592908,difficult,-23.743593774719848,0.9745064489186772,148.18701653076664,114.43798484618321,187.23099167591076,none,0.0,high,0.3,full,1.0,100,100
1663,332,overlap_stress,20592909,extreme,36.868363625974,0.6495826870005739,-23.624193964731973,-139.64993820377026,141.6340629255552,none,0.0,clean,0.0,low,0.4,100,40
1664,332,combined_stress,20592910,easy,-1.337509345813952,1.0291218950356062,23.049491705792526,-3.530800827298698,23.318353766452976,low,0.5,high,0.3,low,0.4,100,40
1665,333,geometric_only,20593906,moderate,-14.837718279614025,1.0463684467589756,-39.91007810604978,-70.18358959672659,80.73754134919358,none,0.0,clean,0.0,full,1.0,100,100
1666,333,noise_stress,20593907,difficult,-12.395541608684248,1.0466159493105889,83.27865081101092,78.98081909609988,114.77501237635805,moderate,2.0,clean,0.0,full,1.0,100,100
1667,333,outlier_stress,20593908,extreme,39.764187822446885,0.6046012998040433,-119.25912531241167,109.3095644306178,161.7755230135044,none,0.0,severe,0.4,full,1.0,100,100
1668,333,overlap_stress,20593909,easy,-0.45643873449709904,0.957538591262793,7.14679486379589,-18.207873097489863,19.560248453418847,none,0.0,clean,0.0,high,0.8,100,80
1669,333,combined_stress,20593910,moderate,0.38064389560049605,1.0656834009662164,30.16348446730848,-40.72670042448884,50.68037019079102,moderate,2.0,severe,0.4,high,0.8,100,80
1670,334,geometric_only,20594906,difficult,-10.099287806411311,0.7641374383932905,-40.21920812513919,108.57360634745663,115.78347333495284,none,0.0,clean,0.0,full,1.0,100,100
1671,334,noise_stress,20594907,extreme,-11.028148258596083,0.8087756140426662,-3.724117493216397,-135.6657883950757,135.71689353931123,high,5.0,clean,0.0,full,1.0,100,100
1672,334,outlier_stress,20594908,easy,-1.7296684620937954,0.9880049744110624,-17.431569520870248,-6.226688463694419,18.510301596268974,none,0.0,extreme,0.5,full,1.0,100,100
1673,334,overlap_stress,20594909,moderate,13.884357812243632,1.131830218221289,-7.120114269824171,73.49332678048145,73.83742349566367,none,0.0,clean,0.0,moderate,0.6,100,60
1674,334,combined_stress,20594910,difficult,19.99670562312229,0.8841483593450925,40.53155289535843,38.437836733334734,55.85941346673572,high,5.0,extreme,0.5,moderate,0.6,100,60
1675,335,geometric_only,20595906,extreme,-25.112276530943987,1.24425792476606,133.1121614165521,-70.45932853281906,150.60997475028657,none,0.0,clean,0.0,full,1.0,100,100
1676,335,noise_stress,20595907,easy,-2.6704933177072263,0.9520553265801852,17.609259587777117,22.16851727848674,28.311290708060017,severe,10.0,clean,0.0,full,1.0,100,100
1677,335,outlier_stress,20595908,moderate,7.025371663827745,1.08137815129889,38.748916640919404,-67.38407586968374,77.73089618456882,none,0.0,very_extreme,0.6,full,1.0,100,100
1678,335,overlap_stress,20595909,difficult,25.913887721458778,0.9544979857540793,-26.08764477494657,93.24558678214476,96.82615692182709,none,0.0,clean,0.0,low,0.4,100,40
1679,335,combined_stress,20595910,extreme,-36.75973272457249,1.2079892548034759,-238.55517437952034,-101.3348265372922,259.1858759511915,severe,10.0,very_extreme,0.6,low,0.4,100,40
1680,336,geometric_only,20596906,easy,0.17561261135334316,1.0269143642849594,11.46845003395837,15.920114076204001,19.62078944336207,none,0.0,clean,0.0,full,1.0,100,100
1681,336,noise_stress,20596907,moderate,-10.805168093833842,1.1103386535235251,-1.8771203716066935,46.63117294567198,46.66893904063677,low,0.5,clean,0.0,full,1.0,100,100
1682,336,outlier_stress,20596908,difficult,28.041809923337617,0.7706630207392362,-128.19596028506305,71.98896049470477,147.02589794494583,none,0.0,low,0.1,full,1.0,100,100
1683,336,overlap_stress,20596909,extreme,5.334878663445316,1.0666324542836132,210.9157094072723,232.4275588221002,313.8598518045495,none,0.0,clean,0.0,high,0.8,100,80
1684,336,combined_stress,20596910,easy,-3.9594578577172443,0.9502153510441094,-3.161415082796797,-5.689577396406264,6.508904383644928,low,0.5,low,0.1,high,0.8,100,80
1685,337,geometric_only,20597906,moderate,8.458813743499128,1.1127178671337548,28.56334094316928,-5.772907064747656,29.140880251185685,none,0.0,clean,0.0,full,1.0,100,100
1686,337,noise_stress,20597907,difficult,20.528450538808883,1.209002006082204,64.5587536986256,-68.30912398443478,93.98919671239182,moderate,2.0,clean,0.0,full,1.0,100,100
1687,337,outlier_stress,20597908,extreme,-30.358000606079866,1.0946981349099811,60.81718906200109,83.39714895432223,103.2173189882037,none,0.0,moderate,0.2,full,1.0,100,100
1688,337,overlap_stress,20597909,easy,-0.8978499430293425,1.0222764336401582,20.702417225876978,-13.632481869887048,24.787792175324668,none,0.0,clean,0.0,moderate,0.6,100,60
1689,337,combined_stress,20597910,moderate,-11.195529789306793,1.1465966923330604,52.63696012797823,-41.90111533996808,67.27817653777247,moderate,2.0,moderate,0.2,moderate,0.6,100,60
1690,338,geometric_only,20598906,difficult,8.228335083772585,1.1618315594618391,-109.5676009317807,65.64579346403636,127.72795063520306,none,0.0,clean,0.0,full,1.0,100,100
1691,338,noise_stress,20598907,extreme,-27.94073335158187,0.8087716995108022,-44.981193622040905,131.36616566646876,138.85379815321454,high,5.0,clean,0.0,full,1.0,100,100
1692,338,outlier_stress,20598908,easy,2.2778418376285963,0.9905054940273852,10.939117312450989,1.0145150516263577,10.986060639079932,none,0.0,high,0.3,full,1.0,100,100
1693,338,overlap_stress,20598909,moderate,1.5785350643373128,1.019642800146493,68.45467333633184,26.865961253740025,73.53789618741727,none,0.0,clean,0.0,low,0.4,100,40
1694,338,combined_stress,20598910,difficult,6.562163748597754,0.841218711815094,-16.95155044257831,138.28640504282225,139.32151622084353,high,5.0,high,0.3,low,0.4,100,40
1695,339,geometric_only,20599906,extreme,-20.20896807997237,0.6628883470764022,-142.6413507179018,-213.33844040781878,256.6317304821598,none,0.0,clean,0.0,full,1.0,100,100
1696,339,noise_stress,20599907,easy,0.09228740912906286,1.0176357839314563,-21.020892315474732,-2.168395384025228,21.13243602333263,severe,10.0,clean,0.0,full,1.0,100,100
1697,339,outlier_stress,20599908,moderate,6.844936937282895,0.9889864026500249,-9.09993998241606,38.132728086446704,39.203492943849476,none,0.0,severe,0.4,full,1.0,100,100
1698,339,overlap_stress,20599909,difficult,3.4767525531403294,0.8032618304552592,68.70102392819646,137.81639074245737,153.99087065816698,none,0.0,clean,0.0,high,0.8,100,80
1699,339,combined_stress,20599910,extreme,-33.4585865182454,1.3389888287427691,-225.04351683766927,-182.28391712810765,289.6066486015698,severe,10.0,severe,0.4,high,0.8,100,80
1700,340,geometric_only,20600906,easy,2.0633772325605024,1.0199801579381302,10.6262671583127,-18.410172739656524,21.25681100315443,none,0.0,clean,0.0,full,1.0,100,100
1701,340,noise_stress,20600907,moderate,4.837539523018808,1.023872530120517,-10.522686742979602,51.3055893482303,52.37356618237984,low,0.5,clean,0.0,full,1.0,100,100
1702,340,outlier_stress,20600908,difficult,14.352886398459162,1.0506031937031848,-140.70371516296703,-7.449591276332654,140.9007873322423,none,0.0,extreme,0.5,full,1.0,100,100
1703,340,overlap_stress,20600909,extreme,40.029653296462044,1.2227181377374348,-197.33946793627433,85.02627706511282,214.877484620714,none,0.0,clean,0.0,moderate,0.6,100,60
1704,340,combined_stress,20600910,easy,-1.3533337624450672,1.0148768280420923,13.123371921628248,17.037900041752238,21.506113745307903,low,0.5,extreme,0.5,moderate,0.6,100,60
1705,341,geometric_only,20601906,moderate,9.747554207274124,1.0325788544762122,47.94712822806912,-12.716267732139762,49.604743425950325,none,0.0,clean,0.0,full,1.0,100,100
1706,341,noise_stress,20601907,difficult,-17.23912805905077,0.8518081760569656,49.64476312523007,98.49988501752495,110.30335377596568,moderate,2.0,clean,0.0,full,1.0,100,100
1707,341,outlier_stress,20601908,extreme,-26.82477964336335,1.1132017015683928,-180.04806441395203,59.389599516689316,189.59016332595783,none,0.0,very_extreme,0.6,full,1.0,100,100
1708,341,overlap_stress,20601909,easy,-0.726099647010761,1.032542417369088,17.14477691739799,-4.390161363757787,17.69793469157276,none,0.0,clean,0.0,low,0.4,100,40
1709,341,combined_stress,20601910,moderate,8.158998242851403,1.1188504346774386,58.48493056528082,-39.540696051869865,70.59712279896452,moderate,2.0,very_extreme,0.6,low,0.4,100,40
1710,342,geometric_only,20602906,difficult,-6.094667782136078,1.1473451514975763,14.534844546569644,10.703129761176683,18.050448545050934,none,0.0,clean,0.0,full,1.0,100,100
1711,342,noise_stress,20602907,extreme,25.254282118868616,0.7333703575377223,32.133236320763615,-64.70356814359275,72.24331530985128,high,5.0,clean,0.0,full,1.0,100,100
1712,342,outlier_stress,20602908,easy,1.4311124933950872,1.0057609383918502,-12.050165394336382,16.44089346236577,20.384049251111115,none,0.0,low,0.1,full,1.0,100,100
1713,342,overlap_stress,20602909,moderate,8.050830375879617,0.9524164945240202,29.540862476735427,47.34638679647034,55.806298018685816,none,0.0,clean,0.0,high,0.8,100,80
1714,342,combined_stress,20602910,difficult,-27.883407329608957,0.9769304793778071,-104.99511316913257,29.087705131753296,108.94984341076761,high,5.0,low,0.1,high,0.8,100,80
1715,343,geometric_only,20603906,extreme,41.95299030587557,0.6091276015861055,47.94837424320053,189.35535786034364,195.33176429599163,none,0.0,clean,0.0,full,1.0,100,100
1716,343,noise_stress,20603907,easy,-3.0665939065764745,0.9856252338357158,9.22626988122525,0.9388851087343397,9.273918328765209,severe,10.0,clean,0.0,full,1.0,100,100
1717,343,outlier_stress,20603908,moderate,12.567017642459685,0.9525862114589032,-31.105195989459084,-41.97296680095938,52.24235024974565,none,0.0,moderate,0.2,full,1.0,100,100
1718,343,overlap_stress,20603909,difficult,-2.9564542363523465,1.0216438449360306,49.115018674044876,33.047214894585494,59.19800226055513,none,0.0,clean,0.0,moderate,0.6,100,60
1719,343,combined_stress,20603910,extreme,-8.950204605655657,0.595943452155479,-47.175918521021885,67.6635225021522,82.48587494657103,severe,10.0,moderate,0.2,moderate,0.6,100,60
1720,344,geometric_only,20604906,easy,-1.1444670737135123,1.0140739837917083,-13.50169794911139,4.247448080106032,14.154033442882461,none,0.0,clean,0.0,full,1.0,100,100
1721,344,noise_stress,20604907,moderate,3.6170627012116583,0.9115588656975367,-33.19496299240094,15.633932566080716,36.69230730749467,low,0.5,clean,0.0,full,1.0,100,100
1722,344,outlier_stress,20604908,difficult,16.12789928199213,0.8639073986328192,122.84479621298829,-61.23388591046739,137.26045585057176,none,0.0,high,0.3,full,1.0,100,100
1723,344,overlap_stress,20604909,extreme,-24.44006299135342,1.3905612815693957,130.54927141369672,214.31914296941198,250.94981034021586,none,0.0,clean,0.0,low,0.4,100,40
1724,344,combined_stress,20604910,easy,0.003069073790862298,0.9669421889716108,-23.29084513524833,8.127330604478061,24.668136732809927,low,0.5,high,0.3,low,0.4,100,40
1725,345,geometric_only,20605906,moderate,2.299281257720253,0.9741635619155715,-54.296366721103226,30.797665942501226,62.422685512707844,none,0.0,clean,0.0,full,1.0,100,100
1726,345,noise_stress,20605907,difficult,-28.245866137934406,1.2319601667466873,15.123317968035934,-62.65597922743916,64.455306060181,moderate,2.0,clean,0.0,full,1.0,100,100
1727,345,outlier_stress,20605908,extreme,40.37714867135105,0.5898179698418461,-101.45668117268852,-139.24418270939486,172.28581071284978,none,0.0,severe,0.4,full,1.0,100,100
1728,345,overlap_stress,20605909,easy,0.27971221005098545,1.0223470674122124,10.209732087579603,-11.83468163422034,15.630045383283592,none,0.0,clean,0.0,high,0.8,100,80
1729,345,combined_stress,20605910,moderate,-1.5413095268314656,0.8812979087619215,6.93495365855847,-65.41311125833239,65.77969828709558,moderate,2.0,severe,0.4,high,0.8,100,80
1730,346,geometric_only,20606906,difficult,-11.878021813197897,0.9194033524244862,-120.24539533447134,-123.91103563452131,172.66412438941364,none,0.0,clean,0.0,full,1.0,100,100
1731,346,noise_stress,20606907,extreme,7.526801263982691,0.7846667640499737,134.02565097057374,-161.57480610411733,209.9268755678252,high,5.0,clean,0.0,full,1.0,100,100
1732,346,outlier_stress,20606908,easy,-3.3333109934501124,1.043299578111659,-15.2180904033834,4.234986629049775,15.796372598599348,none,0.0,extreme,0.5,full,1.0,100,100
1733,346,overlap_stress,20606909,moderate,-10.835567194152917,0.8834100078681192,54.93512026122315,-6.516761004979074,55.32030018095587,none,0.0,clean,0.0,moderate,0.6,100,60
1734,346,combined_stress,20606910,difficult,-28.60866732202787,1.0637725658064636,-5.394024881345729,22.241697025733345,22.88642809625592,high,5.0,extreme,0.5,moderate,0.6,100,60
1735,347,geometric_only,20607906,extreme,24.200747558101924,0.6023240593321574,199.65749735598337,-157.46899406640557,254.2825207180788,none,0.0,clean,0.0,full,1.0,100,100
1736,347,noise_stress,20607907,easy,0.3073032955014954,1.0046075955472262,-21.388750367780197,19.632268204660598,29.032819311168264,severe,10.0,clean,0.0,full,1.0,100,100
1737,347,outlier_stress,20607908,moderate,4.448021070369403,1.1232049858392679,73.19315422924976,59.585477360087395,94.3804372645954,none,0.0,very_extreme,0.6,full,1.0,100,100
1738,347,overlap_stress,20607909,difficult,8.717976953558129,1.0370370876864206,62.602843055605234,-15.2104144017662,64.42416212042029,none,0.0,clean,0.0,low,0.4,100,40
1739,347,combined_stress,20607910,extreme,0.42633318095445105,1.1665239622763712,50.51407208885695,-234.47836896018003,239.85782661657,severe,10.0,very_extreme,0.6,low,0.4,100,40
1740,348,geometric_only,20608906,easy,-4.301822355982984,1.0268419224514487,9.839121556153039,5.6560732460013305,11.34898575031652,none,0.0,clean,0.0,full,1.0,100,100
1741,348,noise_stress,20608907,moderate,7.804064268002914,1.1285466287337205,-60.474183440467776,11.222173578210018,61.506617876540915,low,0.5,clean,0.0,full,1.0,100,100
1742,348,outlier_stress,20608908,difficult,9.019708394652142,0.8925337414931994,-95.70341768434915,-42.81942538038632,104.84582655676604,none,0.0,low,0.1,full,1.0,100,100
1743,348,overlap_stress,20608909,extreme,10.914056158954416,1.2145103780995115,136.80175943487671,161.31661990696176,211.51305690827945,none,0.0,clean,0.0,high,0.8,100,80
1744,348,combined_stress,20608910,easy,3.7145212930325258,1.0359165130782546,-21.65933288525555,20.254612899521703,29.65427531982165,low,0.5,low,0.1,high,0.8,100,80
1745,349,geometric_only,20609906,moderate,-5.530519020293687,1.00981527005998,-61.30509669418172,10.347361923504678,62.17220262672833,none,0.0,clean,0.0,full,1.0,100,100
1746,349,noise_stress,20609907,difficult,1.382933119913453,0.7110927997585624,38.719967966905216,-20.896725981006767,43.99896676154395,moderate,2.0,clean,0.0,full,1.0,100,100
1747,349,outlier_stress,20609908,extreme,-38.27604940005262,1.4822011574122196,73.22304739566073,69.20340580903502,100.75081163681591,none,0.0,moderate,0.2,full,1.0,100,100
1748,349,overlap_stress,20609909,easy,4.054467971494207,0.9974876530856306,-7.514789768209557,-19.735578288461397,21.117886154640953,none,0.0,clean,0.0,moderate,0.6,100,60
1749,349,combined_stress,20609910,moderate,-9.692591340719925,1.0090219009534729,61.057119495791966,17.908809074094307,63.6293743767435,moderate,2.0,moderate,0.2,moderate,0.6,100,60
1750,350,geometric_only,20610906,difficult,-23.175500619625687,1.1371214943646597,14.42910979262362,-9.629698755635815,17.347342953083068,none,0.0,clean,0.0,full,1.0,100,100
1751,350,noise_stress,20610907,extreme,29.260513289973076,1.2776960123580798,103.70229511764717,-164.78116851058056,194.69719953913034,high,5.0,clean,0.0,full,1.0,100,100
1752,350,outlier_stress,20610908,easy,1.1394279867569406,0.9719384417992762,-4.664603550980335,-3.829989202914259,6.035506903505135,none,0.0,high,0.3,full,1.0,100,100
1753,350,overlap_stress,20610909,moderate,-3.5667219794073333,0.993785806289378,-29.773885368268573,-0.6368602964397923,29.780695776962276,none,0.0,clean,0.0,low,0.4,100,40
1754,350,combined_stress,20610910,difficult,-0.1978659461310741,1.0195833455335561,-87.03329754348887,-86.97127674726332,123.03982225418945,high,5.0,high,0.3,low,0.4,100,40
1755,351,geometric_only,20611906,extreme,-12.126712590327486,1.3903992900076823,88.42119969620165,242.77186992266763,258.37277213643125,none,0.0,clean,0.0,full,1.0,100,100
1756,351,noise_stress,20611907,easy,3.9792023561073755,0.9594233540722137,-5.8495636301386895,-19.342179322564675,20.207357462302927,severe,10.0,clean,0.0,full,1.0,100,100
1757,351,outlier_stress,20611908,moderate,8.447098668325907,1.0041203507374354,-57.02400380000424,-64.19247808661044,85.86274659177202,none,0.0,severe,0.4,full,1.0,100,100
1758,351,overlap_stress,20611909,difficult,-25.033848117254355,0.9487346254707648,-9.263447565347974,-11.27048764060919,14.588877696830412,none,0.0,clean,0.0,high,0.8,100,80
1759,351,combined_stress,20611910,extreme,42.019626505031184,1.0503865165109394,99.59256920031441,59.05980686031262,115.78748043850356,severe,10.0,severe,0.4,high,0.8,100,80
1760,352,geometric_only,20612906,easy,1.003757238820704,0.9758758824962689,14.879114332211444,-5.500819530292727,15.863387368902957,none,0.0,clean,0.0,full,1.0,100,100
1761,352,noise_stress,20612907,moderate,-3.022558278025709,0.9400470525376052,53.45405825347467,49.487425649535126,72.84464044241093,low,0.5,clean,0.0,full,1.0,100,100
1762,352,outlier_stress,20612908,difficult,10.09395113848224,0.8292951923527196,131.29484037899277,98.99400821778556,164.43280929658832,none,0.0,extreme,0.5,full,1.0,100,100
1763,352,overlap_stress,20612909,extreme,-16.32127893680762,1.2165683973760821,17.589694115948816,-204.5032819175965,205.25834856141807,none,0.0,clean,0.0,moderate,0.6,100,60
1764,352,combined_stress,20612910,easy,0.7987726660623293,1.0300276766364085,15.709914312385784,-6.46089859807082,16.986601143167434,low,0.5,extreme,0.5,moderate,0.6,100,60
1765,353,geometric_only,20613906,moderate,-14.970372934221004,0.9202001576296792,-37.81271681891507,15.092276699411627,40.713368433465014,none,0.0,clean,0.0,full,1.0,100,100
1766,353,noise_stress,20613907,difficult,-12.370739548717761,1.1943868627881185,6.615685072414976,115.6772317363808,115.8662557916226,moderate,2.0,clean,0.0,full,1.0,100,100
1767,353,outlier_stress,20613908,extreme,13.379486412496803,0.8061109846029542,-208.44595206872708,193.27209844081528,284.2601255356689,none,0.0,very_extreme,0.6,full,1.0,100,100
1768,353,overlap_stress,20613909,easy,2.584334608353246,0.9916516862285099,24.1523174480782,21.652066673885585,32.43680670724431,none,0.0,clean,0.0,low,0.4,100,40
1769,353,combined_stress,20613910,moderate,5.716933042122498,1.0851039436859589,-49.824347854667124,50.10310515563786,70.65965458010517,moderate,2.0,very_extreme,0.6,low,0.4,100,40
1770,354,geometric_only,20614906,difficult,26.0522855278462,0.9975348406062937,5.143672392651212,-8.18672773346725,9.668499194024069,none,0.0,clean,0.0,full,1.0,100,100
1771,354,noise_stress,20614907,extreme,-9.36218362579919,1.408788492872887,136.727358447705,191.96836323228234,235.68246228807246,high,5.0,clean,0.0,full,1.0,100,100
1772,354,outlier_stress,20614908,easy,-2.0056254640715823,0.9994475942622596,-13.311572000666583,13.721353979815845,19.1173613286023,none,0.0,low,0.1,full,1.0,100,100
1773,354,overlap_stress,20614909,moderate,-0.3468710557149315,0.9994442362372689,62.273862007186096,-12.843032205295302,63.58441134048744,none,0.0,clean,0.0,high,0.8,100,80
1774,354,combined_stress,20614910,difficult,16.25868279183844,1.2417011557629198,13.693632496783664,95.68511593095644,96.66000714710063,high,5.0,low,0.1,high,0.8,100,80
1775,355,geometric_only,20615906,extreme,37.53004531353773,0.520217253930795,53.7422828668648,213.68334353926394,220.33793199052496,none,0.0,clean,0.0,full,1.0,100,100
1776,355,noise_stress,20615907,easy,-2.4864817426398664,1.0106908364439235,3.247629747601483,-15.582541607602884,15.917371074715232,severe,10.0,clean,0.0,full,1.0,100,100
1777,355,outlier_stress,20615908,moderate,-5.2643941994377315,0.9536431484163207,43.94889484199871,73.06403853465261,85.26346864177097,none,0.0,moderate,0.2,full,1.0,100,100
1778,355,overlap_stress,20615909,difficult,15.952661905765098,1.1456388132698105,94.04859072348216,-7.559682660747626,94.35192747900949,none,0.0,clean,0.0,moderate,0.6,100,60
1779,355,combined_stress,20615910,extreme,37.370095287562776,0.763938725936524,81.42883515996715,27.22682596537311,85.86009112304633,severe,10.0,moderate,0.2,moderate,0.6,100,60
1780,356,geometric_only,20616906,easy,-4.5209186290327255,1.026621925681016,-2.255531102067909,-14.781925046972628,14.95301737599179,none,0.0,clean,0.0,full,1.0,100,100
1781,356,noise_stress,20616907,moderate,5.749369586246747,1.0193893416735031,-69.2540519338983,67.19916495287777,96.49793510550968,low,0.5,clean,0.0,full,1.0,100,100
1782,356,outlier_stress,20616908,difficult,3.8232100202467905,1.0491857488065293,-135.6217993004584,-40.60781871434975,141.5707151434622,none,0.0,high,0.3,full,1.0,100,100
1783,356,overlap_stress,20616909,extreme,-21.337422838231614,1.19822086236612,132.1624154801541,-231.74135790550432,266.77886166155656,none,0.0,clean,0.0,low,0.4,100,40
1784,356,combined_stress,20616910,easy,2.1791216699059435,1.0254077594576287,-4.513168582053893,21.926938076444962,22.386587592982774,low,0.5,high,0.3,low,0.4,100,40
1785,357,geometric_only,20617906,moderate,3.4595354338260798,0.9410404716001682,59.96829040151388,13.835700980300416,61.54366316117841,none,0.0,clean,0.0,full,1.0,100,100
1786,357,noise_stress,20617907,difficult,-4.822309367032926,0.7648531568241574,-74.65494274313119,-104.73605344238291,128.61959946550093,moderate,2.0,clean,0.0,full,1.0,100,100
1787,357,outlier_stress,20617908,extreme,4.673392757180977,0.7905640630412357,92.1404665756695,155.52491619552814,180.7701998074022,none,0.0,severe,0.4,full,1.0,100,100
1788,357,overlap_stress,20617909,easy,-0.015283954312270254,1.0114017026915503,10.521652799376966,16.163517537591886,19.28638060442336,none,0.0,clean,0.0,high,0.8,100,80
1789,357,combined_stress,20617910,moderate,-1.513132602949744,0.9194218374499904,-43.70170582737491,37.240771678041796,57.417019840796804,moderate,2.0,severe,0.4,high,0.8,100,80
1790,358,geometric_only,20618906,difficult,-27.484642761102872,0.7288069732549703,61.422387594861675,-71.38514071975544,94.17296859201532,none,0.0,clean,0.0,full,1.0,100,100
1791,358,noise_stress,20618907,extreme,-18.228994524928332,1.1220685931100784,143.44957245621168,-149.81932501352924,207.4213344508694,high,5.0,clean,0.0,full,1.0,100,100
1792,358,outlier_stress,20618908,easy,1.1925426971193955,0.9836335153165112,-4.746751437924562,1.2262707752059683,4.90259005297844,none,0.0,extreme,0.5,full,1.0,100,100
1793,358,overlap_stress,20618909,moderate,-10.48861655336652,0.9906170365366647,-57.2348640128842,16.94889672129426,59.6916640632714,none,0.0,clean,0.0,moderate,0.6,100,60
1794,358,combined_stress,20618910,difficult,15.498998903686356,1.1526843797219641,63.008708740630254,134.73378869171222,148.73900360155884,high,5.0,extreme,0.5,moderate,0.6,100,60
1795,359,geometric_only,20619906,extreme,18.1105085853524,0.9393792556998747,80.76515838214027,174.88393285431056,192.63281334986314,none,0.0,clean,0.0,full,1.0,100,100
1796,359,noise_stress,20619907,easy,4.528631099998341,1.0346910548153705,12.337792830947564,-24.746393080998075,27.651493675001547,severe,10.0,clean,0.0,full,1.0,100,100
1797,359,outlier_stress,20619908,moderate,8.193286692749965,0.9655566270137323,41.68548961654355,-12.522918407739091,43.525894936438135,none,0.0,very_extreme,0.6,full,1.0,100,100
1798,359,overlap_stress,20619909,difficult,29.71952800167167,1.25622536971764,15.566322718416217,-148.5277553534507,149.34123514056117,none,0.0,clean,0.0,low,0.4,100,40
1799,359,combined_stress,20619910,extreme,20.807413419093052,1.0875259829772999,-164.36738740687295,-102.62491600689384,193.77438279706396,severe,10.0,very_extreme,0.6,low,0.4,100,40
1800,360,geometric_only,20620906,easy,-1.4596573458174813,1.0313418054362413,-8.212363421256324,-0.968983779352385,8.26933144380106,none,0.0,clean,0.0,full,1.0,100,100
1801,360,noise_stress,20620907,moderate,-10.817833794054522,0.8564513675633347,-17.35950305328634,12.16905555394068,21.199958946468556,low,0.5,clean,0.0,full,1.0,100,100
1802,360,outlier_stress,20620908,difficult,11.879750827877146,1.1883142635845383,144.40645781646668,-102.7572836960116,177.23511055003064,none,0.0,low,0.1,full,1.0,100,100
1803,360,overlap_stress,20620909,extreme,-44.098279417309264,1.010120118449624,-36.88482007821969,156.62619243858143,160.91070228549182,none,0.0,clean,0.0,high,0.8,100,80
1804,360,combined_stress,20620910,easy,-0.7230983710100531,1.0454447668349882,-20.66443140236609,-7.460651364406779,21.969980518068706,low,0.5,low,0.1,high,0.8,100,80
1805,361,geometric_only,20621906,moderate,-2.0053963094678053,0.8752242936242293,26.541820016653006,-63.353756651136,68.68891243576186,none,0.0,clean,0.0,full,1.0,100,100
1806,361,noise_stress,20621907,difficult,14.191612344156155,1.264925129123225,-17.671358257957735,85.54311996722498,87.34931182561277,moderate,2.0,clean,0.0,full,1.0,100,100
1807,361,outlier_stress,20621908,extreme,-1.3229827797011566,1.1168456676699412,247.43444700712303,-104.09801634965893,268.4403147324459,none,0.0,moderate,0.2,full,1.0,100,100
1808,361,overlap_stress,20621909,easy,2.977337354243752,0.9851141357094914,12.449634994328044,-8.177877492599528,14.895337920838296,none,0.0,clean,0.0,moderate,0.6,100,60
1809,361,combined_stress,20621910,moderate,11.557963759374175,1.0081416394941143,-32.37168484367173,-34.807061596015316,47.53375134119766,moderate,2.0,moderate,0.2,moderate,0.6,100,60
1810,362,geometric_only,20622906,difficult,18.31756530833023,1.034774150695636,66.47364337888729,-99.84860910128779,119.95203209418862,none,0.0,clean,0.0,full,1.0,100,100
1811,362,noise_stress,20622907,extreme,-30.598227389864753,0.6089559391108169,-164.9954879063513,146.03575089100167,220.34053546216504,high,5.0,clean,0.0,full,1.0,100,100
1812,362,outlier_stress,20622908,easy,4.927544434339644,0.9563282592277094,-13.698171286770028,-0.4400553148787054,13.705237877608832,none,0.0,high,0.3,full,1.0,100,100
1813,362,overlap_stress,20622909,moderate,-1.1017728207405106,1.1427118970979782,-40.43149919320093,-38.402235282361374,55.762333180128394,none,0.0,clean,0.0,low,0.4,100,40
1814,362,combined_stress,20622910,difficult,-8.249654764098771,0.7370373777918894,-97.19663191824316,-87.69175885770258,130.90847882321412,high,5.0,high,0.3,low,0.4,100,40
1815,363,geometric_only,20623906,extreme,16.392177275607395,0.7072530144660558,-61.24051224838473,-44.89533918841897,75.93412817230305,none,0.0,clean,0.0,full,1.0,100,100
1816,363,noise_stress,20623907,easy,-4.929160600723882,1.0041585073407804,-19.685467130287066,-24.072233513513595,31.09646350417905,severe,10.0,clean,0.0,full,1.0,100,100
1817,363,outlier_stress,20623908,moderate,-11.522345857223547,1.0195232567983372,-15.327548850261849,-49.41283535787954,51.73550088538888,none,0.0,severe,0.4,full,1.0,100,100
1818,363,overlap_stress,20623909,difficult,14.258655340478107,0.7631841019881589,6.629091845894152,-64.2416055644264,64.5827279092223,none,0.0,clean,0.0,high,0.8,100,80
1819,363,combined_stress,20623910,extreme,-10.49808428420156,0.8627518450728094,53.20432427886607,56.041686282449405,77.27464476366886,severe,10.0,severe,0.4,high,0.8,100,80
1820,364,geometric_only,20624906,easy,-2.2533662753862513,0.9651248665301779,-12.021354768294994,-18.059176095974628,21.69439586000565,none,0.0,clean,0.0,full,1.0,100,100
1821,364,noise_stress,20624907,moderate,-0.2191544011349702,1.0834798717642506,43.4150644128632,-66.06076459996474,79.0499363535798,low,0.5,clean,0.0,full,1.0,100,100
1822,364,outlier_stress,20624908,difficult,-18.735012525696515,1.016678450121705,-41.35150256817526,-21.925690847437664,46.80472928864366,none,0.0,extreme,0.5,full,1.0,100,100
1823,364,overlap_stress,20624909,extreme,-0.031090586757628103,0.7422789406341445,242.16135820135815,97.66718674878052,261.1149225405313,none,0.0,clean,0.0,moderate,0.6,100,60
1824,364,combined_stress,20624910,easy,-1.7314595239133013,1.0029499834935933,19.25974298611058,20.429480847004413,28.076705425835772,low,0.5,extreme,0.5,moderate,0.6,100,60
1825,365,geometric_only,20625906,moderate,-6.203339568477945,0.8891758159222938,-0.5977569207231852,-37.28568335346276,37.29047460774618,none,0.0,clean,0.0,full,1.0,100,100
1826,365,noise_stress,20625907,difficult,-9.077589088029605,0.7021474266872819,103.84266066633145,7.35715960851806,104.1029585159234,moderate,2.0,clean,0.0,full,1.0,100,100
1827,365,outlier_stress,20625908,extreme,17.794338981813254,0.9851808276397054,-123.62260529025949,-205.08609173344038,239.46367900215768,none,0.0,very_extreme,0.6,full,1.0,100,100
1828,365,overlap_stress,20625909,easy,0.2809837548441916,0.9680826566618665,21.806780953061264,20.23988171578342,29.7521176961187,none,0.0,clean,0.0,low,0.4,100,40
1829,365,combined_stress,20625910,moderate,-0.009250433409409453,1.1486707704646955,-0.8110188054690894,-10.996028789847998,11.025896818399424,moderate,2.0,very_extreme,0.6,low,0.4,100,40
1830,366,geometric_only,20626906,difficult,-3.8620123670561988,1.2082009867997998,116.02164130914525,78.86240607866597,140.28649380672528,none,0.0,clean,0.0,full,1.0,100,100
1831,366,noise_stress,20626907,extreme,21.0754132471549,0.9065567502027702,184.94617142809818,-105.3736060673896,212.85836413342298,high,5.0,clean,0.0,full,1.0,100,100
1832,366,outlier_stress,20626908,easy,1.0423759809747448,1.0261138344427625,9.194662666292878,2.8771001323758867,9.6342891132993,none,0.0,low,0.1,full,1.0,100,100
1833,366,overlap_stress,20626909,moderate,-13.490698988706685,1.106994412911765,59.88010761967203,-30.693272844014103,67.28821803570517,none,0.0,clean,0.0,high,0.8,100,80
1834,366,combined_stress,20626910,difficult,-12.446825993549261,0.9492847512925788,67.05843115231369,136.64969186697817,152.216856740473,high,5.0,low,0.1,high,0.8,100,80
1835,367,geometric_only,20627906,extreme,-5.161012194570681,0.6924590970591895,-86.86600214496815,-158.10522875256987,180.39668979100492,none,0.0,clean,0.0,full,1.0,100,100
1836,367,noise_stress,20627907,easy,4.350858369399784,1.012560113753527,17.325766120434047,22.42024426362189,28.334599423680768,severe,10.0,clean,0.0,full,1.0,100,100
1837,367,outlier_stress,20627908,moderate,-11.623975656136817,1.0046445600397602,-66.14841029307647,-21.65521814380333,69.60287822466032,none,0.0,moderate,0.2,full,1.0,100,100
1838,367,overlap_stress,20627909,difficult,18.993911457407094,1.1678673474517054,-122.54780944268666,-37.08920191855408,128.03739492100078,none,0.0,clean,0.0,moderate,0.6,100,60
1839,367,combined_stress,20627910,extreme,-42.681942140258805,0.7255151330124406,-168.47112182023426,41.91879676367557,173.60790422524704,severe,10.0,moderate,0.2,moderate,0.6,100,60
1840,368,geometric_only,20628906,easy,4.391934796962891,0.9860577650144626,17.056597465277818,24.042678615170303,29.47843130298641,none,0.0,clean,0.0,full,1.0,100,100
1841,368,noise_stress,20628907,moderate,8.633002909577396,1.1313120751023298,9.59285247759351,32.19792163666905,33.5965619725881,low,0.5,clean,0.0,full,1.0,100,100
1842,368,outlier_stress,20628908,difficult,21.768608284050252,0.9826583456852622,51.277454706016954,21.883462294506046,55.75180071641353,none,0.0,high,0.3,full,1.0,100,100
1843,368,overlap_stress,20628909,extreme,-20.045907352050847,0.5094143664179612,-70.43495809323085,154.2464228664855,169.56722056076123,none,0.0,clean,0.0,low,0.4,100,40
1844,368,combined_stress,20628910,easy,3.60731737900924,1.0448838180086941,-23.42634758327468,-3.0011403773207768,23.617802705941646,low,0.5,high,0.3,low,0.4,100,40
1845,369,geometric_only,20629906,moderate,0.19719196289395313,1.1022428957273993,-42.87065197158208,-70.57689049491405,82.57717767276624,none,0.0,clean,0.0,full,1.0,100,100
1846,369,noise_stress,20629907,difficult,-26.702015031254785,0.990509495768685,-16.134422984552003,42.843764911447835,45.78108557943825,moderate,2.0,clean,0.0,full,1.0,100,100
1847,369,outlier_stress,20629908,extreme,26.131295490084682,1.4722389711031887,171.8837541108971,-81.47806962667181,190.21750907144198,none,0.0,severe,0.4,full,1.0,100,100
1848,369,overlap_stress,20629909,easy,-3.658850019092549,0.9956114377105204,2.7139445450572453,13.926427521000107,14.18840648174823,none,0.0,clean,0.0,high,0.8,100,80
1849,369,combined_stress,20629910,moderate,9.91033921630481,1.1229628759990276,60.6561644478553,-49.42038532138514,78.24030144905787,moderate,2.0,severe,0.4,high,0.8,100,80
1850,370,geometric_only,20630906,difficult,22.566354912860767,1.1674465585879599,25.03859910164425,-116.05757724804354,118.7278092178006,none,0.0,clean,0.0,full,1.0,100,100
1851,370,noise_stress,20630907,extreme,4.187925493662178,0.767565688469405,10.287651226725472,-188.28932838666117,188.57016453315904,high,5.0,clean,0.0,full,1.0,100,100
1852,370,outlier_stress,20630908,easy,-0.7589359311434798,0.954164590975338,7.977913413456214,-7.296697744777969,10.81151702635909,none,0.0,extreme,0.5,full,1.0,100,100
1853,370,overlap_stress,20630909,moderate,-2.448416345921812,0.8640086396287983,-20.962358136895325,-4.000600576165908,21.340695012803135,none,0.0,clean,0.0,moderate,0.6,100,60
1854,370,combined_stress,20630910,difficult,-10.109059891404534,0.9089439539712165,-58.37066075051604,8.379260164966354,58.969026084581266,high,5.0,extreme,0.5,moderate,0.6,100,60
1855,371,geometric_only,20631906,extreme,18.204668548788042,1.366485765166255,247.05653053326262,132.04212995943243,280.1286371711335,none,0.0,clean,0.0,full,1.0,100,100
1856,371,noise_stress,20631907,easy,-3.796404504368062,0.9770970113822555,20.036100288462514,19.433105034192586,27.912199591563702,severe,10.0,clean,0.0,full,1.0,100,100
1857,371,outlier_stress,20631908,moderate,-0.8321368300883645,0.9018313171305331,-33.34636306774229,-67.38027126728436,75.18032246471488,none,0.0,very_extreme,0.6,full,1.0,100,100
1858,371,overlap_stress,20631909,difficult,12.02413840124644,1.1984620069416394,-111.62704106191201,-16.192521064469872,112.79536353352957,none,0.0,clean,0.0,low,0.4,100,40
1859,371,combined_stress,20631910,extreme,-30.026429926176256,0.8619895282654209,221.50086133082857,-222.38369730568914,313.874402265695,severe,10.0,very_extreme,0.6,low,0.4,100,40
1860,372,geometric_only,20632906,easy,4.974579745664746,0.9612127335431103,-14.597891289487047,0.24704852906958763,14.59998161215956,none,0.0,clean,0.0,full,1.0,100,100
1861,372,noise_stress,20632907,moderate,1.651423003888027,1.1004919043964154,-71.26061139850152,67.35541454499688,98.05522222409485,low,0.5,clean,0.0,full,1.0,100,100
1862,372,outlier_stress,20632908,difficult,-21.733029108195197,1.080022180745419,-5.746250206920195,128.4802624461101,128.6086981104383,none,0.0,low,0.1,full,1.0,100,100
1863,372,overlap_stress,20632909,extreme,24.567081255236985,1.3712981498047059,57.08942388003652,99.19954016161523,114.45414403694781,none,0.0,clean,0.0,high,0.8,100,80
1864,372,combined_stress,20632910,easy,4.003724179370979,0.986950302817734,3.3856911060847423,13.530850990087757,13.948004616495513,low,0.5,low,0.1,high,0.8,100,80
1865,373,geometric_only,20633906,moderate,-4.937117963164862,0.939929771644162,3.070922095948461,55.63269640720597,55.717389314788726,none,0.0,clean,0.0,full,1.0,100,100
1866,373,noise_stress,20633907,difficult,29.451512835373286,1.1133456883089237,119.32999303900982,50.990742165714494,129.76788133163194,moderate,2.0,clean,0.0,full,1.0,100,100
1867,373,outlier_stress,20633908,extreme,-37.70195485944942,0.5478820145836112,-199.45315325979635,249.79792194467984,319.6569444782268,none,0.0,moderate,0.2,full,1.0,100,100
1868,373,overlap_stress,20633909,easy,-4.275594440691962,1.0318857192374853,-21.233821938452685,18.037374599065323,27.860762310836392,none,0.0,clean,0.0,moderate,0.6,100,60
1869,373,combined_stress,20633910,moderate,-0.3334001399775186,0.8975628825472548,13.089718523279345,-70.94839991548291,72.14579808683231,moderate,2.0,moderate,0.2,moderate,0.6,100,60
1870,374,geometric_only,20634906,difficult,2.1752221437533734,1.073740476404638,-77.93601584630875,-97.71037683151329,124.98536036893448,none,0.0,clean,0.0,full,1.0,100,100
1871,374,noise_stress,20634907,extreme,40.031035309257305,1.3308254328475533,235.50445111201424,-94.27791251757534,253.67434100090355,high,5.0,clean,0.0,full,1.0,100,100
1872,374,outlier_stress,20634908,easy,-1.068309794518342,1.01172122541039,18.10507378840765,14.497376034837231,23.1941287566306,none,0.0,high,0.3,full,1.0,100,100
1873,374,overlap_stress,20634909,moderate,-2.686424898265912,1.1242642157053055,-54.16161662227095,-34.43973464003077,64.18392351059252,none,0.0,clean,0.0,low,0.4,100,40
1874,374,combined_stress,20634910,difficult,1.42436829778865,1.0477256404099198,79.35284789211389,112.76137060992198,137.88401346935453,high,5.0,high,0.3,low,0.4,100,40
1875,375,geometric_only,20635906,extreme,44.65753395301563,1.1679059297579673,226.4934397905575,-142.44128555827618,267.5608306528691,none,0.0,clean,0.0,full,1.0,100,100
1876,375,noise_stress,20635907,easy,-1.1836155741908128,1.0312364714364795,-8.84751898341747,-1.0861551383126269,8.913939933969457,severe,10.0,clean,0.0,full,1.0,100,100
1877,375,outlier_stress,20635908,moderate,-8.9350690142361,1.1314028420275957,59.23566954341803,6.256053100078034,59.56511350319093,none,0.0,severe,0.4,full,1.0,100,100
1878,375,overlap_stress,20635909,difficult,-16.179237001001063,1.0715801076420866,-71.71888813071908,106.13976259453318,128.09858749545393,none,0.0,clean,0.0,high,0.8,100,80
1879,375,combined_stress,20635910,extreme,39.04200127322508,0.9341574291499426,203.15406277793414,243.7468413677791,317.3075730264723,severe,10.0,severe,0.4,high,0.8,100,80
1880,376,geometric_only,20636906,easy,4.634622568680738,0.9879491076822289,-16.855907252473408,21.024577641959667,26.947253558141615,none,0.0,clean,0.0,full,1.0,100,100
1881,376,noise_stress,20636907,moderate,0.24647860579089098,1.1036872250260483,8.904678325246579,68.3145985793617,68.89250812051658,low,0.5,clean,0.0,full,1.0,100,100
1882,376,outlier_stress,20636908,difficult,19.245813659399985,0.9607697218138997,-135.79986334243426,-96.19547350006123,166.41866483578337,none,0.0,extreme,0.5,full,1.0,100,100
1883,376,overlap_stress,20636909,extreme,-14.191892864961037,0.884286393466128,-111.56220625580443,241.67129768027382,266.17877824336443,none,0.0,clean,0.0,moderate,0.6,100,60
1884,376,combined_stress,20636910,easy,-4.375749839234709,0.9620019341750059,15.415713142162858,-20.976650670375697,26.031981965044956,low,0.5,extreme,0.5,moderate,0.6,100,60
1885,377,geometric_only,20637906,moderate,6.054076296441735,1.0932629805844498,0.9868849078279567,-56.753125250797716,56.7617051149279,none,0.0,clean,0.0,full,1.0,100,100
1886,377,noise_stress,20637907,difficult,22.983019217889662,0.990433773107346,-44.452178868678644,116.31979403623006,124.52425743927961,moderate,2.0,clean,0.0,full,1.0,100,100
1887,377,outlier_stress,20637908,extreme,31.06178571374045,1.3393363704470784,108.71969211926347,-116.96085486459447,159.68660878471985,none,0.0,very_extreme,0.6,full,1.0,100,100
1888,377,overlap_stress,20637909,easy,-1.3521766911367794,0.9503273655269577,5.482662256209952,-19.82868187294567,20.572705467053996,none,0.0,clean,0.0,low,0.4,100,40
1889,377,combined_stress,20637910,moderate,-3.407278044488958,0.9189673690124693,62.98384148710423,17.515254720515983,65.37391250642132,moderate,2.0,very_extreme,0.6,low,0.4,100,40
1890,378,geometric_only,20638906,difficult,6.676415212015435,1.2196421223712335,-101.99929735758761,79.7560687263477,129.47929239891403,none,0.0,clean,0.0,full,1.0,100,100
1891,378,noise_stress,20638907,extreme,44.97793766304267,0.6969447126475061,-106.24778125062574,190.4849068643892,218.1125644336333,high,5.0,clean,0.0,full,1.0,100,100
1892,378,outlier_stress,20638908,easy,-2.4378642662585803,0.9826944516118702,3.3329301287259483,-19.62219025830607,19.903235259025873,none,0.0,low,0.1,full,1.0,100,100
1893,378,overlap_stress,20638909,moderate,12.647175579761509,0.960084992223869,63.04980117808722,-5.8461575765145,63.32025731948479,none,0.0,clean,0.0,high,0.8,100,80
1894,378,combined_stress,20638910,difficult,25.583650103544805,1.2836784107466412,2.2631803902702927,45.47250268778825,45.528787444536825,high,5.0,low,0.1,high,0.8,100,80
1895,379,geometric_only,20639906,extreme,9.45624682872836,1.3132084822474472,-114.74355742337184,24.657040698751416,117.36291418583008,none,0.0,clean,0.0,full,1.0,100,100
1896,379,noise_stress,20639907,easy,0.3149845548592598,0.9906393104429813,8.28166417166392,4.639371314360147,9.49261437353955,severe,10.0,clean,0.0,full,1.0,100,100
1897,379,outlier_stress,20639908,moderate,5.968697258211947,0.8642259130668549,27.17970994925406,-24.32313421274101,36.473983753582395,none,0.0,moderate,0.2,full,1.0,100,100
1898,379,overlap_stress,20639909,difficult,-28.084006516917416,0.9665517327166238,20.9587068974611,-78.4816522887899,81.2319957947126,none,0.0,clean,0.0,moderate,0.6,100,60
1899,379,combined_stress,20639910,extreme,-16.6402494707966,0.9130694420441378,113.9672024189693,-128.09531173847517,171.4553356317133,severe,10.0,moderate,0.2,moderate,0.6,100,60
1900,380,geometric_only,20640906,easy,-4.058651836455187,1.0453822845028002,-16.99620970668514,5.309727337667692,17.806300817238647,none,0.0,clean,0.0,full,1.0,100,100
1901,380,noise_stress,20640907,moderate,4.789585017377547,0.9184283844831219,-6.285006623745559,34.55935169915746,35.12620244385355,low,0.5,clean,0.0,full,1.0,100,100
1902,380,outlier_stress,20640908,difficult,16.81266374088584,1.229983347660335,-116.03383722710117,121.29521795114368,167.85821778948107,none,0.0,high,0.3,full,1.0,100,100
1903,380,overlap_stress,20640909,extreme,18.986705589032702,1.0309476237012336,-152.5194496547265,188.97554090296154,242.84550146656522,none,0.0,clean,0.0,low,0.4,100,40
1904,380,combined_stress,20640910,easy,-3.7003131421570092,1.0301376678768248,6.144808597334439,22.65098099279112,23.46967431886646,low,0.5,high,0.3,low,0.4,100,40
1905,381,geometric_only,20641906,moderate,-8.835284775060918,1.0823791738613595,-48.360654354032164,-7.05360547862756,48.87234637091097,none,0.0,clean,0.0,full,1.0,100,100
1906,381,noise_stress,20641907,difficult,-5.430496751715349,1.0142222405965984,80.61634463020596,-5.6300139477817766,80.81269750842596,moderate,2.0,clean,0.0,full,1.0,100,100
1907,381,outlier_stress,20641908,extreme,1.461730352503082,0.6966221420210211,-126.53141407196367,-104.1230883425352,163.86523814719862,none,0.0,severe,0.4,full,1.0,100,100
1908,381,overlap_stress,20641909,easy,1.7431584816017223,1.0269749661258,18.850176020212075,15.557563075877084,24.441090500484474,none,0.0,clean,0.0,high,0.8,100,80
1909,381,combined_stress,20641910,moderate,14.53806124729007,1.059275572320865,-17.48263187382267,-60.41740498291401,62.8959874881144,moderate,2.0,severe,0.4,high,0.8,100,80
1910,382,geometric_only,20642906,difficult,-25.752352588186724,1.0280781522328177,143.06387123180218,32.91694838855588,146.80189625152846,none,0.0,clean,0.0,full,1.0,100,100
1911,382,noise_stress,20642907,extreme,3.0748695924203773,1.113264097928826,51.92933628595159,-246.4703674406878,251.8815157836063,high,5.0,clean,0.0,full,1.0,100,100
1912,382,outlier_stress,20642908,easy,3.7872228334955356,1.0042799604239332,3.868394244123458,-2.2633031457017765,4.481853986612132,none,0.0,extreme,0.5,full,1.0,100,100
1913,382,overlap_stress,20642909,moderate,-6.987301102530116,0.8753003385623059,-54.05481208225962,-39.1754977723752,66.75808816137393,none,0.0,clean,0.0,moderate,0.6,100,60
1914,382,combined_stress,20642910,difficult,25.885778004245488,1.11515616831105,25.950327686454614,55.87316580483943,61.60543940342809,high,5.0,extreme,0.5,moderate,0.6,100,60
1915,383,geometric_only,20643906,extreme,-10.265924008075785,1.2632901568575232,-210.91306067588872,-188.39355651417662,282.80108079661113,none,0.0,clean,0.0,full,1.0,100,100
1916,383,noise_stress,20643907,easy,3.900518407089967,1.0494368347655407,5.135499892370028,-18.10036687235514,18.814798432573863,severe,10.0,clean,0.0,full,1.0,100,100
1917,383,outlier_stress,20643908,moderate,6.181539977339078,1.0309719191415807,-26.723481107356164,14.634124515493951,30.468049540956883,none,0.0,very_extreme,0.6,full,1.0,100,100
1918,383,overlap_stress,20643909,difficult,3.307792048769592,0.7338024362437431,-36.59780438095808,-103.04961272710355,109.35548440161973,none,0.0,clean,0.0,low,0.4,100,40
1919,383,combined_stress,20643910,extreme,-41.84986565541023,0.80744397252143,-63.01998380531066,130.12436492384018,144.58170252716747,severe,10.0,very_extreme,0.6,low,0.4,100,40
1920,384,geometric_only,20644906,easy,3.989538919852059,1.0086938890532149,15.353029336700885,-5.7857490568500864,16.40702294636171,none,0.0,clean,0.0,full,1.0,100,100
1921,384,noise_stress,20644907,moderate,13.826492706317943,0.970338234660751,-49.78621233908093,27.307162963551377,56.78334340447035,low,0.5,clean,0.0,full,1.0,100,100
1922,384,outlier_stress,20644908,difficult,20.854934545801953,0.9601096617170153,-138.46549627837814,124.68177936063245,186.32831176219835,none,0.0,low,0.1,full,1.0,100,100
1923,384,overlap_stress,20644909,extreme,-26.241806949412478,0.8830133703127111,16.75250666418907,73.61609646813639,75.49818632748513,none,0.0,clean,0.0,high,0.8,100,80
1924,384,combined_stress,20644910,easy,-3.4441730301856275,0.9796247748970582,1.7453017664275592,0.7311675943647167,1.8922696179308711,low,0.5,low,0.1,high,0.8,100,80
1925,385,geometric_only,20645906,moderate,-4.304986184000164,1.032560027474942,12.471988699065463,40.9927604043184,42.84806772394143,none,0.0,clean,0.0,full,1.0,100,100
1926,385,noise_stress,20645907,difficult,0.20401555388343695,1.2774054253011717,-101.26000578812788,44.667627748903584,110.67423250660613,moderate,2.0,clean,0.0,full,1.0,100,100
1927,385,outlier_stress,20645908,extreme,24.523342312771774,1.0887788918343784,40.909717422273786,-234.57857427844763,238.1191140796544,none,0.0,moderate,0.2,full,1.0,100,100
1928,385,overlap_stress,20645909,easy,2.3249985388193606,0.9780794731665597,3.46892771916502,-6.370876731972373,7.254069882126751,none,0.0,clean,0.0,moderate,0.6,100,60
1929,385,combined_stress,20645910,moderate,1.4398120972839017,0.8899301437429924,-74.14906132163313,-49.4624060712976,89.13255807639118,moderate,2.0,moderate,0.2,moderate,0.6,100,60
1930,386,geometric_only,20646906,difficult,-20.574207345528173,0.8076913255575946,90.26040215787322,125.89540319914443,154.90833658772578,none,0.0,clean,0.0,full,1.0,100,100
1931,386,noise_stress,20646907,extreme,-24.741285715284356,1.3177461108526787,22.71884409867596,-214.31471884658959,215.51553213509388,high,5.0,clean,0.0,full,1.0,100,100
1932,386,outlier_stress,20646908,easy,0.8056541434596332,1.0141292072206536,-15.019037746043168,15.816329770554859,21.81118479652147,none,0.0,high,0.3,full,1.0,100,100
1933,386,overlap_stress,20646909,moderate,-0.01845143795659432,0.9895904034028287,40.90784819716974,-45.08602650862775,60.87858269095436,none,0.0,clean,0.0,low,0.4,100,40
1934,386,combined_stress,20646910,difficult,9.526496109954081,1.006727801320139,-56.25047281745289,-57.45138081522036,80.40383603885125,high,5.0,high,0.3,low,0.4,100,40
1935,387,geometric_only,20647906,extreme,29.251165934356322,1.084743478276548,-57.520903591671896,-58.159219281188285,81.7994446032475,none,0.0,clean,0.0,full,1.0,100,100
1936,387,noise_stress,20647907,easy,0.2855643629167659,1.0318898397024663,9.707849646688402,-9.787378623545951,13.78532281389712,severe,10.0,clean,0.0,full,1.0,100,100
1937,387,outlier_stress,20647908,moderate,-14.270188120038124,0.9468701468723414,69.8240554249777,-21.386009941245042,73.02574982290417,none,0.0,severe,0.4,full,1.0,100,100
1938,387,overlap_stress,20647909,difficult,-4.506757804565602,1.0388029844474391,-100.42159852608017,-20.000786693222807,102.39398868527891,none,0.0,clean,0.0,high,0.8,100,80
1939,387,combined_stress,20647910,extreme,21.772668140027974,0.9626723618841523,15.239150719703446,202.29261860147056,202.86580602777263,severe,10.0,severe,0.4,high,0.8,100,80
1940,388,geometric_only,20648906,easy,-1.5116503243326318,0.9691568631203111,17.91875612409374,-23.154841822181538,29.27846513813513,none,0.0,clean,0.0,full,1.0,100,100
1941,388,noise_stress,20648907,moderate,4.227764517159528,1.0056894810428232,67.34927708349221,9.17180492549737,67.97092855964517,low,0.5,clean,0.0,full,1.0,100,100
1942,388,outlier_stress,20648908,difficult,-22.360712439692076,1.1215479522828753,-48.90967606390862,-9.197146341572022,49.766895759176776,none,0.0,extreme,0.5,full,1.0,100,100
1943,388,overlap_stress,20648909,extreme,-37.957095253306385,0.9876385183064058,159.12897697108355,-96.35789200082385,186.02923066740362,none,0.0,clean,0.0,moderate,0.6,100,60
1944,388,combined_stress,20648910,easy,-4.533561458175503,0.9692236675168704,-22.05719746122599,-9.636827030488087,24.07048805194984,low,0.5,extreme,0.5,moderate,0.6,100,60
1945,389,geometric_only,20649906,moderate,-4.62570582555097,0.9911755695060407,-35.53411789659866,-55.70583748402008,66.07430562999077,none,0.0,clean,0.0,full,1.0,100,100
1946,389,noise_stress,20649907,difficult,-27.661623897018657,0.7099990125223178,14.100156790693774,47.044638911929695,49.11224360458395,moderate,2.0,clean,0.0,full,1.0,100,100
1947,389,outlier_stress,20649908,extreme,-26.307349018191577,0.5689311003216246,-169.79628198346063,235.5671233395234,290.38362036083424,none,0.0,very_extreme,0.6,full,1.0,100,100
1948,389,overlap_stress,20649909,easy,-4.455310674330002,1.0324490306043566,-1.8552449157472957,-18.59506441402395,18.687384896210222,none,0.0,clean,0.0,low,0.4,100,40
1949,389,combined_stress,20649910,moderate,-10.72939001951677,0.9493972513053119,15.073993437800453,44.49591640758328,46.97990905816538,moderate,2.0,very_extreme,0.6,low,0.4,100,40
1950,390,geometric_only,20650906,difficult,-18.07657049474863,1.1951585297714895,-42.06361197568151,-147.44354055614218,153.32627010454354,none,0.0,clean,0.0,full,1.0,100,100
1951,390,noise_stress,20650907,extreme,7.184361287313898,1.1256954062747968,-170.12882158513915,-173.22109453395785,242.79490012249119,high,5.0,clean,0.0,full,1.0,100,100
1952,390,outlier_stress,20650908,easy,-2.7717758767628773,1.035870532943884,18.916150276819238,-13.888418599980179,23.467187997360995,none,0.0,low,0.1,full,1.0,100,100
1953,390,overlap_stress,20650909,moderate,-2.803297497394567,0.9138919456353116,3.1444334681838484,39.01107033163075,39.13759152343531,none,0.0,clean,0.0,high,0.8,100,80
1954,390,combined_stress,20650910,difficult,-12.590270160553349,1.2082794692351118,-37.20227264875972,67.57372442298697,77.13765178320145,high,5.0,low,0.1,high,0.8,100,80
1955,391,geometric_only,20651906,extreme,-38.78678219735142,1.4778490046583606,-16.59497585304598,180.79402373860933,181.5540477190195,none,0.0,clean,0.0,full,1.0,100,100
1956,391,noise_stress,20651907,easy,4.487742656696238,1.0129408091863543,-8.5914174497222,24.719834638104302,26.170263245344177,severe,10.0,clean,0.0,full,1.0,100,100
1957,391,outlier_stress,20651908,moderate,14.650523010965063,0.8620330622691404,60.335781350709055,23.038116622468877,64.58452855530531,none,0.0,moderate,0.2,full,1.0,100,100
1958,391,overlap_stress,20651909,difficult,-26.546999055999024,1.0445606848552569,-13.06973305071702,-95.74783072463933,96.63573361076735,none,0.0,clean,0.0,moderate,0.6,100,60
1959,391,combined_stress,20651910,extreme,-15.295501731777215,1.3650651793508772,47.031084140077496,-243.87450534851308,248.36806806506544,severe,10.0,moderate,0.2,moderate,0.6,100,60
1960,392,geometric_only,20652906,easy,3.5014291895697305,0.9686439633148431,3.424293202316253,23.243211338965864,23.494098350080613,none,0.0,clean,0.0,full,1.0,100,100
1961,392,noise_stress,20652907,moderate,9.18288414864653,1.0636575947255908,3.1356653739326106,-64.6199544793026,64.69598839375143,low,0.5,clean,0.0,full,1.0,100,100
1962,392,outlier_stress,20652908,difficult,5.404836260827004,0.7313225765115993,29.53079722939478,-120.95397351135678,124.50675360473274,none,0.0,high,0.3,full,1.0,100,100
1963,392,overlap_stress,20652909,extreme,16.78549838443419,0.8834728195986529,-18.89886438729428,9.301904022061308,21.06400943707015,none,0.0,clean,0.0,low,0.4,100,40
1964,392,combined_stress,20652910,easy,2.409998586315898,1.0091460344013325,10.10432696561012,-12.04529827628808,15.72217014259496,low,0.5,high,0.3,low,0.4,100,40
1965,393,geometric_only,20653906,moderate,-9.791857132191623,0.928615366910458,-52.49466860577955,-66.44128212564797,84.67664496501125,none,0.0,clean,0.0,full,1.0,100,100
1966,393,noise_stress,20653907,difficult,4.808273122822733,1.2993653577005662,101.02433019623817,-119.83350658850132,156.73539674526285,moderate,2.0,clean,0.0,full,1.0,100,100
1967,393,outlier_stress,20653908,extreme,3.748080418350085,0.5602176788584671,110.68092089260847,197.87419461837408,226.72552380688424,none,0.0,severe,0.4,full,1.0,100,100
1968,393,overlap_stress,20653909,easy,2.656635112951231,1.0142401917870818,-15.650628948508027,-19.06784012144136,24.66829368604011,none,0.0,clean,0.0,high,0.8,100,80
1969,393,combined_stress,20653910,moderate,-0.6407641026727742,1.0502602758687445,-47.26220794361543,-70.71571992702584,85.05544864676868,moderate,2.0,severe,0.4,high,0.8,100,80
1970,394,geometric_only,20654906,difficult,-23.64077833664753,1.0069497846982647,26.382630967837343,-76.60147341530572,81.01746074878476,none,0.0,clean,0.0,full,1.0,100,100
1971,394,noise_stress,20654907,extreme,15.251853589638515,0.731197278512766,132.76883898924257,248.8046044614244,282.01293553267595,high,5.0,clean,0.0,full,1.0,100,100
1972,394,outlier_stress,20654908,easy,-4.548657373897264,0.958104831929256,22.326908771946655,11.14188535803072,24.952604365923968,none,0.0,extreme,0.5,full,1.0,100,100
1973,394,overlap_stress,20654909,moderate,-4.867092231494528,0.9023556719174317,-39.07195827686309,0.6389707769720445,39.0771826932643,none,0.0,clean,0.0,moderate,0.6,100,60
1974,394,combined_stress,20654910,difficult,0.25682255024321066,1.2058051163562475,41.850391964661355,-55.3956502749284,69.42718039052117,high,5.0,extreme,0.5,moderate,0.6,100,60
1975,395,geometric_only,20655906,extreme,43.849083559800704,0.9873583196483853,-230.10382749383507,192.96416341820407,300.3047448692744,none,0.0,clean,0.0,full,1.0,100,100
1976,395,noise_stress,20655907,easy,-2.4131167668292153,1.0399986503000451,-2.830022356222589,-1.2017551384073997,3.0746124876816987,severe,10.0,clean,0.0,full,1.0,100,100
1977,395,outlier_stress,20655908,moderate,11.011440179149194,0.9830210186162102,10.878581609642808,60.158245445230676,61.13393519876073,none,0.0,very_extreme,0.6,full,1.0,100,100
1978,395,overlap_stress,20655909,difficult,24.43949251033098,0.7024239065421117,86.88128948667477,42.52494206698472,96.73018743219612,none,0.0,clean,0.0,low,0.4,100,40
1979,395,combined_stress,20655910,extreme,40.24200643908179,1.4853196082056115,-190.96905243064666,91.48853338262131,211.75299461108474,severe,10.0,very_extreme,0.6,low,0.4,100,40
1980,396,geometric_only,20656906,easy,3.9383985729346325,1.0127712972901388,-18.73617075050904,6.721579454284328,19.90536924431415,none,0.0,clean,0.0,full,1.0,100,100
1981,396,noise_stress,20656907,moderate,-4.049521903531945,0.9403157647133328,4.499701955564902,-57.70500840658667,57.88018065705353,low,0.5,clean,0.0,full,1.0,100,100
1982,396,outlier_stress,20656908,difficult,-9.956838628470816,1.070458873151503,-85.59269964466002,-131.22464637825752,156.67168873015862,none,0.0,low,0.1,full,1.0,100,100
1983,396,overlap_stress,20656909,extreme,29.72231695673844,0.6105565029176111,-86.43607018802925,-195.92691609750435,214.14609658134893,none,0.0,clean,0.0,high,0.8,100,80
1984,396,combined_stress,20656910,easy,2.4706522768955574,0.9622321018257706,-12.26304883768029,-15.1399200212675,19.483314529250624,low,0.5,low,0.1,high,0.8,100,80
1985,397,geometric_only,20657906,moderate,-10.925435965127795,1.138583995300953,-21.55568760490432,36.28865440151132,42.20798628686937,none,0.0,clean,0.0,full,1.0,100,100
1986,397,noise_stress,20657907,difficult,18.232718621894975,1.000936854798109,129.85886856093975,-136.47831447195213,188.38698486103672,moderate,2.0,clean,0.0,full,1.0,100,100
1987,397,outlier_stress,20657908,extreme,3.0348976333884536,1.095104801918305,-127.49378493219993,68.8499054787946,144.89642742585823,none,0.0,moderate,0.2,full,1.0,100,100
1988,397,overlap_stress,20657909,easy,4.224036295223584,1.0109604966597863,-15.378215951002472,18.305927935199655,23.90808489621011,none,0.0,clean,0.0,moderate,0.6,100,60
1989,397,combined_stress,20657910,moderate,-11.71940113563944,0.9396964869580798,-1.301545623671359,-56.77769974899181,56.79261580344018,moderate,2.0,moderate,0.2,moderate,0.6,100,60
1990,398,geometric_only,20658906,difficult,-29.314744757208715,1.1629916741461717,141.22340086857474,134.89022968904686,195.2931719708858,none,0.0,clean,0.0,full,1.0,100,100
1991,398,noise_stress,20658907,extreme,-19.722801165605524,1.0035431909943164,54.29633075326012,89.97552884653805,105.08894958311089,high,5.0,clean,0.0,full,1.0,100,100
1992,398,outlier_stress,20658908,easy,4.331900544331049,0.9945223721986747,-10.791696642691301,-3.142920834762691,11.240047499964584,none,0.0,high,0.3,full,1.0,100,100
1993,398,overlap_stress,20658909,moderate,7.751709409762757,1.1054318318525052,43.19516256051013,23.00776732766981,48.94057034846536,none,0.0,clean,0.0,low,0.4,100,40
1994,398,combined_stress,20658910,difficult,-9.05273611916514,0.8414075148731274,28.959529676009822,-137.8072158669214,140.81719747263816,high,5.0,high,0.3,low,0.4,100,40
1995,399,geometric_only,20659906,extreme,28.09189292943111,0.5901037662189381,-197.63432923903585,-73.6356889101863,210.906478741269,none,0.0,clean,0.0,full,1.0,100,100
1996,399,noise_stress,20659907,easy,3.9509817528566877,0.976349079199547,19.138297764929355,7.914790207351167,20.710343921950738,severe,10.0,clean,0.0,full,1.0,100,100
1997,399,outlier_stress,20659908,moderate,7.529690486771905,1.021689257393989,35.654357662823315,-73.00530328707453,81.24658471828992,none,0.0,severe,0.4,full,1.0,100,100
1998,399,overlap_stress,20659909,difficult,-0.5838130638935013,1.2842853694866183,-84.00592232386579,65.18128810906211,106.32777297131702,none,0.0,clean,0.0,high,0.8,100,80
1999,399,combined_stress,20659910,extreme,-14.77920535813065,1.3888753008202874,-114.10741377443057,92.82356146253306,147.09423999898078,severe,10.0,severe,0.4,high,0.8,100,80
