case_id,anchor_index,case_type,noise_std,outlier_ratio,overlap_ratio,n_observed_matches,n_true_matches,n_false_matches,observed_true_fraction
0,0,geometric_only,0.0,0.0,1.0,100,100,0,1.0
1,0,noise_stress,0.5,0.0,1.0,100,100,0,1.0
2,0,outlier_stress,0.0,0.1,1.0,111,100,11,0.9009009009009009
3,0,overlap_stress,0.0,0.0,0.8,80,80,0,1.0
4,0,combined_stress,0.5,0.1,0.8,89,80,9,0.898876404494382
5,1,geometric_only,0.0,0.0,1.0,100,100,0,1.0
6,1,noise_stress,2.0,0.0,1.0,100,100,0,1.0
7,1,outlier_stress,0.0,0.2,1.0,125,100,25,0.8
8,1,overlap_stress,0.0,0.0,0.6,60,60,0,1.0
9,1,combined_stress,2.0,0.2,0.6,75,60,15,0.8
10,2,geometric_only,0.0,0.0,1.0,100,100,0,1.0
11,2,noise_stress,5.0,0.0,1.0,100,100,0,1.0
12,2,outlier_stress,0.0,0.3,1.0,143,100,43,0.6993006993006993
13,2,overlap_stress,0.0,0.0,0.4,40,40,0,1.0
14,2,combined_stress,5.0,0.3,0.4,57,40,17,0.7017543859649122
15,3,geometric_only,0.0,0.0,1.0,100,100,0,1.0
16,3,noise_stress,10.0,0.0,1.0,100,100,0,1.0
17,3,outlier_stress,0.0,0.4,1.0,167,100,67,0.5988023952095808
18,3,overlap_stress,0.0,0.0,0.8,80,80,0,1.0
19,3,combined_stress,10.0,0.4,0.8,133,80,53,0.6015037593984962
20,4,geometric_only,0.0,0.0,1.0,100,100,0,1.0
21,4,noise_stress,0.5,0.0,1.0,100,100,0,1.0
22,4,outlier_stress,0.0,0.5,1.0,200,100,100,0.5
23,4,overlap_stress,0.0,0.0,0.6,60,60,0,1.0
24,4,combined_stress,0.5,0.5,0.6,120,60,60,0.5
25,5,geometric_only,0.0,0.0,1.0,100,100,0,1.0
26,5,noise_stress,2.0,0.0,1.0,100,100,0,1.0
27,5,outlier_stress,0.0,0.6,1.0,250,100,150,0.4
28,5,overlap_stress,0.0,0.0,0.4,40,40,0,1.0
29,5,combined_stress,2.0,0.6,0.4,100,40,60,0.4
30,6,geometric_only,0.0,0.0,1.0,100,100,0,1.0
31,6,noise_stress,5.0,0.0,1.0,100,100,0,1.0
32,6,outlier_stress,0.0,0.1,1.0,111,100,11,0.9009009009009009
33,6,overlap_stress,0.0,0.0,0.8,80,80,0,1.0
34,6,combined_stress,5.0,0.1,0.8,89,80,9,0.898876404494382
35,7,geometric_only,0.0,0.0,1.0,100,100,0,1.0
36,7,noise_stress,10.0,0.0,1.0,100,100,0,1.0
37,7,outlier_stress,0.0,0.2,1.0,125,100,25,0.8
38,7,overlap_stress,0.0,0.0,0.6,60,60,0,1.0
39,7,combined_stress,10.0,0.2,0.6,75,60,15,0.8
40,8,geometric_only,0.0,0.0,1.0,100,100,0,1.0
41,8,noise_stress,0.5,0.0,1.0,100,100,0,1.0
42,8,outlier_stress,0.0,0.3,1.0,143,100,43,0.6993006993006993
43,8,overlap_stress,0.0,0.0,0.4,40,40,0,1.0
44,8,combined_stress,0.5,0.3,0.4,57,40,17,0.7017543859649122
45,9,geometric_only,0.0,0.0,1.0,100,100,0,1.0
46,9,noise_stress,2.0,0.0,1.0,100,100,0,1.0
47,9,outlier_stress,0.0,0.4,1.0,167,100,67,0.5988023952095808
48,9,overlap_stress,0.0,0.0,0.8,80,80,0,1.0
49,9,combined_stress,2.0,0.4,0.8,133,80,53,0.6015037593984962
50,10,geometric_only,0.0,0.0,1.0,100,100,0,1.0
51,10,noise_stress,5.0,0.0,1.0,100,100,0,1.0
52,10,outlier_stress,0.0,0.5,1.0,200,100,100,0.5
53,10,overlap_stress,0.0,0.0,0.6,60,60,0,1.0
54,10,combined_stress,5.0,0.5,0.6,120,60,60,0.5
55,11,geometric_only,0.0,0.0,1.0,100,100,0,1.0
56,11,noise_stress,10.0,0.0,1.0,100,100,0,1.0
57,11,outlier_stress,0.0,0.6,1.0,250,100,150,0.4
58,11,overlap_stress,0.0,0.0,0.4,40,40,0,1.0
59,11,combined_stress,10.0,0.6,0.4,100,40,60,0.4
60,12,geometric_only,0.0,0.0,1.0,100,100,0,1.0
61,12,noise_stress,0.5,0.0,1.0,100,100,0,1.0
62,12,outlier_stress,0.0,0.1,1.0,111,100,11,0.9009009009009009
63,12,overlap_stress,0.0,0.0,0.8,80,80,0,1.0
64,12,combined_stress,0.5,0.1,0.8,89,80,9,0.898876404494382
65,13,geometric_only,0.0,0.0,1.0,100,100,0,1.0
66,13,noise_stress,2.0,0.0,1.0,100,100,0,1.0
67,13,outlier_stress,0.0,0.2,1.0,125,100,25,0.8
68,13,overlap_stress,0.0,0.0,0.6,60,60,0,1.0
69,13,combined_stress,2.0,0.2,0.6,75,60,15,0.8
70,14,geometric_only,0.0,0.0,1.0,100,100,0,1.0
71,14,noise_stress,5.0,0.0,1.0,100,100,0,1.0
72,14,outlier_stress,0.0,0.3,1.0,143,100,43,0.6993006993006993
73,14,overlap_stress,0.0,0.0,0.4,40,40,0,1.0
74,14,combined_stress,5.0,0.3,0.4,57,40,17,0.7017543859649122
75,15,geometric_only,0.0,0.0,1.0,100,100,0,1.0
76,15,noise_stress,10.0,0.0,1.0,100,100,0,1.0
77,15,outlier_stress,0.0,0.4,1.0,167,100,67,0.5988023952095808
78,15,overlap_stress,0.0,0.0,0.8,80,80,0,1.0
79,15,combined_stress,10.0,0.4,0.8,133,80,53,0.6015037593984962
80,16,geometric_only,0.0,0.0,1.0,100,100,0,1.0
81,16,noise_stress,0.5,0.0,1.0,100,100,0,1.0
82,16,outlier_stress,0.0,0.5,1.0,200,100,100,0.5
83,16,overlap_stress,0.0,0.0,0.6,60,60,0,1.0
84,16,combined_stress,0.5,0.5,0.6,120,60,60,0.5
85,17,geometric_only,0.0,0.0,1.0,100,100,0,1.0
86,17,noise_stress,2.0,0.0,1.0,100,100,0,1.0
87,17,outlier_stress,0.0,0.6,1.0,250,100,150,0.4
88,17,overlap_stress,0.0,0.0,0.4,40,40,0,1.0
89,17,combined_stress,2.0,0.6,0.4,100,40,60,0.4
90,18,geometric_only,0.0,0.0,1.0,100,100,0,1.0
91,18,noise_stress,5.0,0.0,1.0,100,100,0,1.0
92,18,outlier_stress,0.0,0.1,1.0,111,100,11,0.9009009009009009
93,18,overlap_stress,0.0,0.0,0.8,80,80,0,1.0
94,18,combined_stress,5.0,0.1,0.8,89,80,9,0.898876404494382
95,19,geometric_only,0.0,0.0,1.0,100,100,0,1.0
96,19,noise_stress,10.0,0.0,1.0,100,100,0,1.0
97,19,outlier_stress,0.0,0.2,1.0,125,100,25,0.8
98,19,overlap_stress,0.0,0.0,0.6,60,60,0,1.0
99,19,combined_stress,10.0,0.2,0.6,75,60,15,0.8
100,20,geometric_only,0.0,0.0,1.0,100,100,0,1.0
101,20,noise_stress,0.5,0.0,1.0,100,100,0,1.0
102,20,outlier_stress,0.0,0.3,1.0,143,100,43,0.6993006993006993
103,20,overlap_stress,0.0,0.0,0.4,40,40,0,1.0
104,20,combined_stress,0.5,0.3,0.4,57,40,17,0.7017543859649122
105,21,geometric_only,0.0,0.0,1.0,100,100,0,1.0
106,21,noise_stress,2.0,0.0,1.0,100,100,0,1.0
107,21,outlier_stress,0.0,0.4,1.0,167,100,67,0.5988023952095808
108,21,overlap_stress,0.0,0.0,0.8,80,80,0,1.0
109,21,combined_stress,2.0,0.4,0.8,133,80,53,0.6015037593984962
110,22,geometric_only,0.0,0.0,1.0,100,100,0,1.0
111,22,noise_stress,5.0,0.0,1.0,100,100,0,1.0
112,22,outlier_stress,0.0,0.5,1.0,200,100,100,0.5
113,22,overlap_stress,0.0,0.0,0.6,60,60,0,1.0
114,22,combined_stress,5.0,0.5,0.6,120,60,60,0.5
115,23,geometric_only,0.0,0.0,1.0,100,100,0,1.0
116,23,noise_stress,10.0,0.0,1.0,100,100,0,1.0
117,23,outlier_stress,0.0,0.6,1.0,250,100,150,0.4
118,23,overlap_stress,0.0,0.0,0.4,40,40,0,1.0
119,23,combined_stress,10.0,0.6,0.4,100,40,60,0.4
120,24,geometric_only,0.0,0.0,1.0,100,100,0,1.0
121,24,noise_stress,0.5,0.0,1.0,100,100,0,1.0
122,24,outlier_stress,0.0,0.1,1.0,111,100,11,0.9009009009009009
123,24,overlap_stress,0.0,0.0,0.8,80,80,0,1.0
124,24,combined_stress,0.5,0.1,0.8,89,80,9,0.898876404494382
125,25,geometric_only,0.0,0.0,1.0,100,100,0,1.0
126,25,noise_stress,2.0,0.0,1.0,100,100,0,1.0
127,25,outlier_stress,0.0,0.2,1.0,125,100,25,0.8
128,25,overlap_stress,0.0,0.0,0.6,60,60,0,1.0
129,25,combined_stress,2.0,0.2,0.6,75,60,15,0.8
130,26,geometric_only,0.0,0.0,1.0,100,100,0,1.0
131,26,noise_stress,5.0,0.0,1.0,100,100,0,1.0
132,26,outlier_stress,0.0,0.3,1.0,143,100,43,0.6993006993006993
133,26,overlap_stress,0.0,0.0,0.4,40,40,0,1.0
134,26,combined_stress,5.0,0.3,0.4,57,40,17,0.7017543859649122
135,27,geometric_only,0.0,0.0,1.0,100,100,0,1.0
136,27,noise_stress,10.0,0.0,1.0,100,100,0,1.0
137,27,outlier_stress,0.0,0.4,1.0,167,100,67,0.5988023952095808
138,27,overlap_stress,0.0,0.0,0.8,80,80,0,1.0
139,27,combined_stress,10.0,0.4,0.8,133,80,53,0.6015037593984962
140,28,geometric_only,0.0,0.0,1.0,100,100,0,1.0
141,28,noise_stress,0.5,0.0,1.0,100,100,0,1.0
142,28,outlier_stress,0.0,0.5,1.0,200,100,100,0.5
143,28,overlap_stress,0.0,0.0,0.6,60,60,0,1.0
144,28,combined_stress,0.5,0.5,0.6,120,60,60,0.5
145,29,geometric_only,0.0,0.0,1.0,100,100,0,1.0
146,29,noise_stress,2.0,0.0,1.0,100,100,0,1.0
147,29,outlier_stress,0.0,0.6,1.0,250,100,150,0.4
148,29,overlap_stress,0.0,0.0,0.4,40,40,0,1.0
149,29,combined_stress,2.0,0.6,0.4,100,40,60,0.4
150,30,geometric_only,0.0,0.0,1.0,100,100,0,1.0
151,30,noise_stress,5.0,0.0,1.0,100,100,0,1.0
152,30,outlier_stress,0.0,0.1,1.0,111,100,11,0.9009009009009009
153,30,overlap_stress,0.0,0.0,0.8,80,80,0,1.0
154,30,combined_stress,5.0,0.1,0.8,89,80,9,0.898876404494382
155,31,geometric_only,0.0,0.0,1.0,100,100,0,1.0
156,31,noise_stress,10.0,0.0,1.0,100,100,0,1.0
157,31,outlier_stress,0.0,0.2,1.0,125,100,25,0.8
158,31,overlap_stress,0.0,0.0,0.6,60,60,0,1.0
159,31,combined_stress,10.0,0.2,0.6,75,60,15,0.8
160,32,geometric_only,0.0,0.0,1.0,100,100,0,1.0
161,32,noise_stress,0.5,0.0,1.0,100,100,0,1.0
162,32,outlier_stress,0.0,0.3,1.0,143,100,43,0.6993006993006993
163,32,overlap_stress,0.0,0.0,0.4,40,40,0,1.0
164,32,combined_stress,0.5,0.3,0.4,57,40,17,0.7017543859649122
165,33,geometric_only,0.0,0.0,1.0,100,100,0,1.0
166,33,noise_stress,2.0,0.0,1.0,100,100,0,1.0
167,33,outlier_stress,0.0,0.4,1.0,167,100,67,0.5988023952095808
168,33,overlap_stress,0.0,0.0,0.8,80,80,0,1.0
169,33,combined_stress,2.0,0.4,0.8,133,80,53,0.6015037593984962
170,34,geometric_only,0.0,0.0,1.0,100,100,0,1.0
171,34,noise_stress,5.0,0.0,1.0,100,100,0,1.0
172,34,outlier_stress,0.0,0.5,1.0,200,100,100,0.5
173,34,overlap_stress,0.0,0.0,0.6,60,60,0,1.0
174,34,combined_stress,5.0,0.5,0.6,120,60,60,0.5
175,35,geometric_only,0.0,0.0,1.0,100,100,0,1.0
176,35,noise_stress,10.0,0.0,1.0,100,100,0,1.0
177,35,outlier_stress,0.0,0.6,1.0,250,100,150,0.4
178,35,overlap_stress,0.0,0.0,0.4,40,40,0,1.0
179,35,combined_stress,10.0,0.6,0.4,100,40,60,0.4
180,36,geometric_only,0.0,0.0,1.0,100,100,0,1.0
181,36,noise_stress,0.5,0.0,1.0,100,100,0,1.0
182,36,outlier_stress,0.0,0.1,1.0,111,100,11,0.9009009009009009
183,36,overlap_stress,0.0,0.0,0.8,80,80,0,1.0
184,36,combined_stress,0.5,0.1,0.8,89,80,9,0.898876404494382
185,37,geometric_only,0.0,0.0,1.0,100,100,0,1.0
186,37,noise_stress,2.0,0.0,1.0,100,100,0,1.0
187,37,outlier_stress,0.0,0.2,1.0,125,100,25,0.8
188,37,overlap_stress,0.0,0.0,0.6,60,60,0,1.0
189,37,combined_stress,2.0,0.2,0.6,75,60,15,0.8
190,38,geometric_only,0.0,0.0,1.0,100,100,0,1.0
191,38,noise_stress,5.0,0.0,1.0,100,100,0,1.0
192,38,outlier_stress,0.0,0.3,1.0,143,100,43,0.6993006993006993
193,38,overlap_stress,0.0,0.0,0.4,40,40,0,1.0
194,38,combined_stress,5.0,0.3,0.4,57,40,17,0.7017543859649122
195,39,geometric_only,0.0,0.0,1.0,100,100,0,1.0
196,39,noise_stress,10.0,0.0,1.0,100,100,0,1.0
197,39,outlier_stress,0.0,0.4,1.0,167,100,67,0.5988023952095808
198,39,overlap_stress,0.0,0.0,0.8,80,80,0,1.0
199,39,combined_stress,10.0,0.4,0.8,133,80,53,0.6015037593984962
200,40,geometric_only,0.0,0.0,1.0,100,100,0,1.0
201,40,noise_stress,0.5,0.0,1.0,100,100,0,1.0
202,40,outlier_stress,0.0,0.5,1.0,200,100,100,0.5
203,40,overlap_stress,0.0,0.0,0.6,60,60,0,1.0
204,40,combined_stress,0.5,0.5,0.6,120,60,60,0.5
205,41,geometric_only,0.0,0.0,1.0,100,100,0,1.0
206,41,noise_stress,2.0,0.0,1.0,100,100,0,1.0
207,41,outlier_stress,0.0,0.6,1.0,250,100,150,0.4
208,41,overlap_stress,0.0,0.0,0.4,40,40,0,1.0
209,41,combined_stress,2.0,0.6,0.4,100,40,60,0.4
210,42,geometric_only,0.0,0.0,1.0,100,100,0,1.0
211,42,noise_stress,5.0,0.0,1.0,100,100,0,1.0
212,42,outlier_stress,0.0,0.1,1.0,111,100,11,0.9009009009009009
213,42,overlap_stress,0.0,0.0,0.8,80,80,0,1.0
214,42,combined_stress,5.0,0.1,0.8,89,80,9,0.898876404494382
215,43,geometric_only,0.0,0.0,1.0,100,100,0,1.0
216,43,noise_stress,10.0,0.0,1.0,100,100,0,1.0
217,43,outlier_stress,0.0,0.2,1.0,125,100,25,0.8
218,43,overlap_stress,0.0,0.0,0.6,60,60,0,1.0
219,43,combined_stress,10.0,0.2,0.6,75,60,15,0.8
220,44,geometric_only,0.0,0.0,1.0,100,100,0,1.0
221,44,noise_stress,0.5,0.0,1.0,100,100,0,1.0
222,44,outlier_stress,0.0,0.3,1.0,143,100,43,0.6993006993006993
223,44,overlap_stress,0.0,0.0,0.4,40,40,0,1.0
224,44,combined_stress,0.5,0.3,0.4,57,40,17,0.7017543859649122
225,45,geometric_only,0.0,0.0,1.0,100,100,0,1.0
226,45,noise_stress,2.0,0.0,1.0,100,100,0,1.0
227,45,outlier_stress,0.0,0.4,1.0,167,100,67,0.5988023952095808
228,45,overlap_stress,0.0,0.0,0.8,80,80,0,1.0
229,45,combined_stress,2.0,0.4,0.8,133,80,53,0.6015037593984962
230,46,geometric_only,0.0,0.0,1.0,100,100,0,1.0
231,46,noise_stress,5.0,0.0,1.0,100,100,0,1.0
232,46,outlier_stress,0.0,0.5,1.0,200,100,100,0.5
233,46,overlap_stress,0.0,0.0,0.6,60,60,0,1.0
234,46,combined_stress,5.0,0.5,0.6,120,60,60,0.5
235,47,geometric_only,0.0,0.0,1.0,100,100,0,1.0
236,47,noise_stress,10.0,0.0,1.0,100,100,0,1.0
237,47,outlier_stress,0.0,0.6,1.0,250,100,150,0.4
238,47,overlap_stress,0.0,0.0,0.4,40,40,0,1.0
239,47,combined_stress,10.0,0.6,0.4,100,40,60,0.4
240,48,geometric_only,0.0,0.0,1.0,100,100,0,1.0
241,48,noise_stress,0.5,0.0,1.0,100,100,0,1.0
242,48,outlier_stress,0.0,0.1,1.0,111,100,11,0.9009009009009009
243,48,overlap_stress,0.0,0.0,0.8,80,80,0,1.0
244,48,combined_stress,0.5,0.1,0.8,89,80,9,0.898876404494382
245,49,geometric_only,0.0,0.0,1.0,100,100,0,1.0
246,49,noise_stress,2.0,0.0,1.0,100,100,0,1.0
247,49,outlier_stress,0.0,0.2,1.0,125,100,25,0.8
248,49,overlap_stress,0.0,0.0,0.6,60,60,0,1.0
249,49,combined_stress,2.0,0.2,0.6,75,60,15,0.8
250,50,geometric_only,0.0,0.0,1.0,100,100,0,1.0
251,50,noise_stress,5.0,0.0,1.0,100,100,0,1.0
252,50,outlier_stress,0.0,0.3,1.0,143,100,43,0.6993006993006993
253,50,overlap_stress,0.0,0.0,0.4,40,40,0,1.0
254,50,combined_stress,5.0,0.3,0.4,57,40,17,0.7017543859649122
255,51,geometric_only,0.0,0.0,1.0,100,100,0,1.0
256,51,noise_stress,10.0,0.0,1.0,100,100,0,1.0
257,51,outlier_stress,0.0,0.4,1.0,167,100,67,0.5988023952095808
258,51,overlap_stress,0.0,0.0,0.8,80,80,0,1.0
259,51,combined_stress,10.0,0.4,0.8,133,80,53,0.6015037593984962
260,52,geometric_only,0.0,0.0,1.0,100,100,0,1.0
261,52,noise_stress,0.5,0.0,1.0,100,100,0,1.0
262,52,outlier_stress,0.0,0.5,1.0,200,100,100,0.5
263,52,overlap_stress,0.0,0.0,0.6,60,60,0,1.0
264,52,combined_stress,0.5,0.5,0.6,120,60,60,0.5
265,53,geometric_only,0.0,0.0,1.0,100,100,0,1.0
266,53,noise_stress,2.0,0.0,1.0,100,100,0,1.0
267,53,outlier_stress,0.0,0.6,1.0,250,100,150,0.4
268,53,overlap_stress,0.0,0.0,0.4,40,40,0,1.0
269,53,combined_stress,2.0,0.6,0.4,100,40,60,0.4
270,54,geometric_only,0.0,0.0,1.0,100,100,0,1.0
271,54,noise_stress,5.0,0.0,1.0,100,100,0,1.0
272,54,outlier_stress,0.0,0.1,1.0,111,100,11,0.9009009009009009
273,54,overlap_stress,0.0,0.0,0.8,80,80,0,1.0
274,54,combined_stress,5.0,0.1,0.8,89,80,9,0.898876404494382
275,55,geometric_only,0.0,0.0,1.0,100,100,0,1.0
276,55,noise_stress,10.0,0.0,1.0,100,100,0,1.0
277,55,outlier_stress,0.0,0.2,1.0,125,100,25,0.8
278,55,overlap_stress,0.0,0.0,0.6,60,60,0,1.0
279,55,combined_stress,10.0,0.2,0.6,75,60,15,0.8
280,56,geometric_only,0.0,0.0,1.0,100,100,0,1.0
281,56,noise_stress,0.5,0.0,1.0,100,100,0,1.0
282,56,outlier_stress,0.0,0.3,1.0,143,100,43,0.6993006993006993
283,56,overlap_stress,0.0,0.0,0.4,40,40,0,1.0
284,56,combined_stress,0.5,0.3,0.4,57,40,17,0.7017543859649122
285,57,geometric_only,0.0,0.0,1.0,100,100,0,1.0
286,57,noise_stress,2.0,0.0,1.0,100,100,0,1.0
287,57,outlier_stress,0.0,0.4,1.0,167,100,67,0.5988023952095808
288,57,overlap_stress,0.0,0.0,0.8,80,80,0,1.0
289,57,combined_stress,2.0,0.4,0.8,133,80,53,0.6015037593984962
290,58,geometric_only,0.0,0.0,1.0,100,100,0,1.0
291,58,noise_stress,5.0,0.0,1.0,100,100,0,1.0
292,58,outlier_stress,0.0,0.5,1.0,200,100,100,0.5
293,58,overlap_stress,0.0,0.0,0.6,60,60,0,1.0
294,58,combined_stress,5.0,0.5,0.6,120,60,60,0.5
295,59,geometric_only,0.0,0.0,1.0,100,100,0,1.0
296,59,noise_stress,10.0,0.0,1.0,100,100,0,1.0
297,59,outlier_stress,0.0,0.6,1.0,250,100,150,0.4
298,59,overlap_stress,0.0,0.0,0.4,40,40,0,1.0
299,59,combined_stress,10.0,0.6,0.4,100,40,60,0.4
300,60,geometric_only,0.0,0.0,1.0,100,100,0,1.0
301,60,noise_stress,0.5,0.0,1.0,100,100,0,1.0
302,60,outlier_stress,0.0,0.1,1.0,111,100,11,0.9009009009009009
303,60,overlap_stress,0.0,0.0,0.8,80,80,0,1.0
304,60,combined_stress,0.5,0.1,0.8,89,80,9,0.898876404494382
305,61,geometric_only,0.0,0.0,1.0,100,100,0,1.0
306,61,noise_stress,2.0,0.0,1.0,100,100,0,1.0
307,61,outlier_stress,0.0,0.2,1.0,125,100,25,0.8
308,61,overlap_stress,0.0,0.0,0.6,60,60,0,1.0
309,61,combined_stress,2.0,0.2,0.6,75,60,15,0.8
310,62,geometric_only,0.0,0.0,1.0,100,100,0,1.0
311,62,noise_stress,5.0,0.0,1.0,100,100,0,1.0
312,62,outlier_stress,0.0,0.3,1.0,143,100,43,0.6993006993006993
313,62,overlap_stress,0.0,0.0,0.4,40,40,0,1.0
314,62,combined_stress,5.0,0.3,0.4,57,40,17,0.7017543859649122
315,63,geometric_only,0.0,0.0,1.0,100,100,0,1.0
316,63,noise_stress,10.0,0.0,1.0,100,100,0,1.0
317,63,outlier_stress,0.0,0.4,1.0,167,100,67,0.5988023952095808
318,63,overlap_stress,0.0,0.0,0.8,80,80,0,1.0
319,63,combined_stress,10.0,0.4,0.8,133,80,53,0.6015037593984962
320,64,geometric_only,0.0,0.0,1.0,100,100,0,1.0
321,64,noise_stress,0.5,0.0,1.0,100,100,0,1.0
322,64,outlier_stress,0.0,0.5,1.0,200,100,100,0.5
323,64,overlap_stress,0.0,0.0,0.6,60,60,0,1.0
324,64,combined_stress,0.5,0.5,0.6,120,60,60,0.5
325,65,geometric_only,0.0,0.0,1.0,100,100,0,1.0
326,65,noise_stress,2.0,0.0,1.0,100,100,0,1.0
327,65,outlier_stress,0.0,0.6,1.0,250,100,150,0.4
328,65,overlap_stress,0.0,0.0,0.4,40,40,0,1.0
329,65,combined_stress,2.0,0.6,0.4,100,40,60,0.4
330,66,geometric_only,0.0,0.0,1.0,100,100,0,1.0
331,66,noise_stress,5.0,0.0,1.0,100,100,0,1.0
332,66,outlier_stress,0.0,0.1,1.0,111,100,11,0.9009009009009009
333,66,overlap_stress,0.0,0.0,0.8,80,80,0,1.0
334,66,combined_stress,5.0,0.1,0.8,89,80,9,0.898876404494382
335,67,geometric_only,0.0,0.0,1.0,100,100,0,1.0
336,67,noise_stress,10.0,0.0,1.0,100,100,0,1.0
337,67,outlier_stress,0.0,0.2,1.0,125,100,25,0.8
338,67,overlap_stress,0.0,0.0,0.6,60,60,0,1.0
339,67,combined_stress,10.0,0.2,0.6,75,60,15,0.8
340,68,geometric_only,0.0,0.0,1.0,100,100,0,1.0
341,68,noise_stress,0.5,0.0,1.0,100,100,0,1.0
342,68,outlier_stress,0.0,0.3,1.0,143,100,43,0.6993006993006993
343,68,overlap_stress,0.0,0.0,0.4,40,40,0,1.0
344,68,combined_stress,0.5,0.3,0.4,57,40,17,0.7017543859649122
345,69,geometric_only,0.0,0.0,1.0,100,100,0,1.0
346,69,noise_stress,2.0,0.0,1.0,100,100,0,1.0
347,69,outlier_stress,0.0,0.4,1.0,167,100,67,0.5988023952095808
348,69,overlap_stress,0.0,0.0,0.8,80,80,0,1.0
349,69,combined_stress,2.0,0.4,0.8,133,80,53,0.6015037593984962
350,70,geometric_only,0.0,0.0,1.0,100,100,0,1.0
351,70,noise_stress,5.0,0.0,1.0,100,100,0,1.0
352,70,outlier_stress,0.0,0.5,1.0,200,100,100,0.5
353,70,overlap_stress,0.0,0.0,0.6,60,60,0,1.0
354,70,combined_stress,5.0,0.5,0.6,120,60,60,0.5
355,71,geometric_only,0.0,0.0,1.0,100,100,0,1.0
356,71,noise_stress,10.0,0.0,1.0,100,100,0,1.0
357,71,outlier_stress,0.0,0.6,1.0,250,100,150,0.4
358,71,overlap_stress,0.0,0.0,0.4,40,40,0,1.0
359,71,combined_stress,10.0,0.6,0.4,100,40,60,0.4
360,72,geometric_only,0.0,0.0,1.0,100,100,0,1.0
361,72,noise_stress,0.5,0.0,1.0,100,100,0,1.0
362,72,outlier_stress,0.0,0.1,1.0,111,100,11,0.9009009009009009
363,72,overlap_stress,0.0,0.0,0.8,80,80,0,1.0
364,72,combined_stress,0.5,0.1,0.8,89,80,9,0.898876404494382
365,73,geometric_only,0.0,0.0,1.0,100,100,0,1.0
366,73,noise_stress,2.0,0.0,1.0,100,100,0,1.0
367,73,outlier_stress,0.0,0.2,1.0,125,100,25,0.8
368,73,overlap_stress,0.0,0.0,0.6,60,60,0,1.0
369,73,combined_stress,2.0,0.2,0.6,75,60,15,0.8
370,74,geometric_only,0.0,0.0,1.0,100,100,0,1.0
371,74,noise_stress,5.0,0.0,1.0,100,100,0,1.0
372,74,outlier_stress,0.0,0.3,1.0,143,100,43,0.6993006993006993
373,74,overlap_stress,0.0,0.0,0.4,40,40,0,1.0
374,74,combined_stress,5.0,0.3,0.4,57,40,17,0.7017543859649122
375,75,geometric_only,0.0,0.0,1.0,100,100,0,1.0
376,75,noise_stress,10.0,0.0,1.0,100,100,0,1.0
377,75,outlier_stress,0.0,0.4,1.0,167,100,67,0.5988023952095808
378,75,overlap_stress,0.0,0.0,0.8,80,80,0,1.0
379,75,combined_stress,10.0,0.4,0.8,133,80,53,0.6015037593984962
380,76,geometric_only,0.0,0.0,1.0,100,100,0,1.0
381,76,noise_stress,0.5,0.0,1.0,100,100,0,1.0
382,76,outlier_stress,0.0,0.5,1.0,200,100,100,0.5
383,76,overlap_stress,0.0,0.0,0.6,60,60,0,1.0
384,76,combined_stress,0.5,0.5,0.6,120,60,60,0.5
385,77,geometric_only,0.0,0.0,1.0,100,100,0,1.0
386,77,noise_stress,2.0,0.0,1.0,100,100,0,1.0
387,77,outlier_stress,0.0,0.6,1.0,250,100,150,0.4
388,77,overlap_stress,0.0,0.0,0.4,40,40,0,1.0
389,77,combined_stress,2.0,0.6,0.4,100,40,60,0.4
390,78,geometric_only,0.0,0.0,1.0,100,100,0,1.0
391,78,noise_stress,5.0,0.0,1.0,100,100,0,1.0
392,78,outlier_stress,0.0,0.1,1.0,111,100,11,0.9009009009009009
393,78,overlap_stress,0.0,0.0,0.8,80,80,0,1.0
394,78,combined_stress,5.0,0.1,0.8,89,80,9,0.898876404494382
395,79,geometric_only,0.0,0.0,1.0,100,100,0,1.0
396,79,noise_stress,10.0,0.0,1.0,100,100,0,1.0
397,79,outlier_stress,0.0,0.2,1.0,125,100,25,0.8
398,79,overlap_stress,0.0,0.0,0.6,60,60,0,1.0
399,79,combined_stress,10.0,0.2,0.6,75,60,15,0.8
400,80,geometric_only,0.0,0.0,1.0,100,100,0,1.0
401,80,noise_stress,0.5,0.0,1.0,100,100,0,1.0
402,80,outlier_stress,0.0,0.3,1.0,143,100,43,0.6993006993006993
403,80,overlap_stress,0.0,0.0,0.4,40,40,0,1.0
404,80,combined_stress,0.5,0.3,0.4,57,40,17,0.7017543859649122
405,81,geometric_only,0.0,0.0,1.0,100,100,0,1.0
406,81,noise_stress,2.0,0.0,1.0,100,100,0,1.0
407,81,outlier_stress,0.0,0.4,1.0,167,100,67,0.5988023952095808
408,81,overlap_stress,0.0,0.0,0.8,80,80,0,1.0
409,81,combined_stress,2.0,0.4,0.8,133,80,53,0.6015037593984962
410,82,geometric_only,0.0,0.0,1.0,100,100,0,1.0
411,82,noise_stress,5.0,0.0,1.0,100,100,0,1.0
412,82,outlier_stress,0.0,0.5,1.0,200,100,100,0.5
413,82,overlap_stress,0.0,0.0,0.6,60,60,0,1.0
414,82,combined_stress,5.0,0.5,0.6,120,60,60,0.5
415,83,geometric_only,0.0,0.0,1.0,100,100,0,1.0
416,83,noise_stress,10.0,0.0,1.0,100,100,0,1.0
417,83,outlier_stress,0.0,0.6,1.0,250,100,150,0.4
418,83,overlap_stress,0.0,0.0,0.4,40,40,0,1.0
419,83,combined_stress,10.0,0.6,0.4,100,40,60,0.4
420,84,geometric_only,0.0,0.0,1.0,100,100,0,1.0
421,84,noise_stress,0.5,0.0,1.0,100,100,0,1.0
422,84,outlier_stress,0.0,0.1,1.0,111,100,11,0.9009009009009009
423,84,overlap_stress,0.0,0.0,0.8,80,80,0,1.0
424,84,combined_stress,0.5,0.1,0.8,89,80,9,0.898876404494382
425,85,geometric_only,0.0,0.0,1.0,100,100,0,1.0
426,85,noise_stress,2.0,0.0,1.0,100,100,0,1.0
427,85,outlier_stress,0.0,0.2,1.0,125,100,25,0.8
428,85,overlap_stress,0.0,0.0,0.6,60,60,0,1.0
429,85,combined_stress,2.0,0.2,0.6,75,60,15,0.8
430,86,geometric_only,0.0,0.0,1.0,100,100,0,1.0
431,86,noise_stress,5.0,0.0,1.0,100,100,0,1.0
432,86,outlier_stress,0.0,0.3,1.0,143,100,43,0.6993006993006993
433,86,overlap_stress,0.0,0.0,0.4,40,40,0,1.0
434,86,combined_stress,5.0,0.3,0.4,57,40,17,0.7017543859649122
435,87,geometric_only,0.0,0.0,1.0,100,100,0,1.0
436,87,noise_stress,10.0,0.0,1.0,100,100,0,1.0
437,87,outlier_stress,0.0,0.4,1.0,167,100,67,0.5988023952095808
438,87,overlap_stress,0.0,0.0,0.8,80,80,0,1.0
439,87,combined_stress,10.0,0.4,0.8,133,80,53,0.6015037593984962
440,88,geometric_only,0.0,0.0,1.0,100,100,0,1.0
441,88,noise_stress,0.5,0.0,1.0,100,100,0,1.0
442,88,outlier_stress,0.0,0.5,1.0,200,100,100,0.5
443,88,overlap_stress,0.0,0.0,0.6,60,60,0,1.0
444,88,combined_stress,0.5,0.5,0.6,120,60,60,0.5
445,89,geometric_only,0.0,0.0,1.0,100,100,0,1.0
446,89,noise_stress,2.0,0.0,1.0,100,100,0,1.0
447,89,outlier_stress,0.0,0.6,1.0,250,100,150,0.4
448,89,overlap_stress,0.0,0.0,0.4,40,40,0,1.0
449,89,combined_stress,2.0,0.6,0.4,100,40,60,0.4
450,90,geometric_only,0.0,0.0,1.0,100,100,0,1.0
451,90,noise_stress,5.0,0.0,1.0,100,100,0,1.0
452,90,outlier_stress,0.0,0.1,1.0,111,100,11,0.9009009009009009
453,90,overlap_stress,0.0,0.0,0.8,80,80,0,1.0
454,90,combined_stress,5.0,0.1,0.8,89,80,9,0.898876404494382
455,91,geometric_only,0.0,0.0,1.0,100,100,0,1.0
456,91,noise_stress,10.0,0.0,1.0,100,100,0,1.0
457,91,outlier_stress,0.0,0.2,1.0,125,100,25,0.8
458,91,overlap_stress,0.0,0.0,0.6,60,60,0,1.0
459,91,combined_stress,10.0,0.2,0.6,75,60,15,0.8
460,92,geometric_only,0.0,0.0,1.0,100,100,0,1.0
461,92,noise_stress,0.5,0.0,1.0,100,100,0,1.0
462,92,outlier_stress,0.0,0.3,1.0,143,100,43,0.6993006993006993
463,92,overlap_stress,0.0,0.0,0.4,40,40,0,1.0
464,92,combined_stress,0.5,0.3,0.4,57,40,17,0.7017543859649122
465,93,geometric_only,0.0,0.0,1.0,100,100,0,1.0
466,93,noise_stress,2.0,0.0,1.0,100,100,0,1.0
467,93,outlier_stress,0.0,0.4,1.0,167,100,67,0.5988023952095808
468,93,overlap_stress,0.0,0.0,0.8,80,80,0,1.0
469,93,combined_stress,2.0,0.4,0.8,133,80,53,0.6015037593984962
470,94,geometric_only,0.0,0.0,1.0,100,100,0,1.0
471,94,noise_stress,5.0,0.0,1.0,100,100,0,1.0
472,94,outlier_stress,0.0,0.5,1.0,200,100,100,0.5
473,94,overlap_stress,0.0,0.0,0.6,60,60,0,1.0
474,94,combined_stress,5.0,0.5,0.6,120,60,60,0.5
475,95,geometric_only,0.0,0.0,1.0,100,100,0,1.0
476,95,noise_stress,10.0,0.0,1.0,100,100,0,1.0
477,95,outlier_stress,0.0,0.6,1.0,250,100,150,0.4
478,95,overlap_stress,0.0,0.0,0.4,40,40,0,1.0
479,95,combined_stress,10.0,0.6,0.4,100,40,60,0.4
480,96,geometric_only,0.0,0.0,1.0,100,100,0,1.0
481,96,noise_stress,0.5,0.0,1.0,100,100,0,1.0
482,96,outlier_stress,0.0,0.1,1.0,111,100,11,0.9009009009009009
483,96,overlap_stress,0.0,0.0,0.8,80,80,0,1.0
484,96,combined_stress,0.5,0.1,0.8,89,80,9,0.898876404494382
485,97,geometric_only,0.0,0.0,1.0,100,100,0,1.0
486,97,noise_stress,2.0,0.0,1.0,100,100,0,1.0
487,97,outlier_stress,0.0,0.2,1.0,125,100,25,0.8
488,97,overlap_stress,0.0,0.0,0.6,60,60,0,1.0
489,97,combined_stress,2.0,0.2,0.6,75,60,15,0.8
490,98,geometric_only,0.0,0.0,1.0,100,100,0,1.0
491,98,noise_stress,5.0,0.0,1.0,100,100,0,1.0
492,98,outlier_stress,0.0,0.3,1.0,143,100,43,0.6993006993006993
493,98,overlap_stress,0.0,0.0,0.4,40,40,0,1.0
494,98,combined_stress,5.0,0.3,0.4,57,40,17,0.7017543859649122
495,99,geometric_only,0.0,0.0,1.0,100,100,0,1.0
496,99,noise_stress,10.0,0.0,1.0,100,100,0,1.0
497,99,outlier_stress,0.0,0.4,1.0,167,100,67,0.5988023952095808
498,99,overlap_stress,0.0,0.0,0.8,80,80,0,1.0
499,99,combined_stress,10.0,0.4,0.8,133,80,53,0.6015037593984962
500,100,geometric_only,0.0,0.0,1.0,100,100,0,1.0
501,100,noise_stress,0.5,0.0,1.0,100,100,0,1.0
502,100,outlier_stress,0.0,0.5,1.0,200,100,100,0.5
503,100,overlap_stress,0.0,0.0,0.6,60,60,0,1.0
504,100,combined_stress,0.5,0.5,0.6,120,60,60,0.5
505,101,geometric_only,0.0,0.0,1.0,100,100,0,1.0
506,101,noise_stress,2.0,0.0,1.0,100,100,0,1.0
507,101,outlier_stress,0.0,0.6,1.0,250,100,150,0.4
508,101,overlap_stress,0.0,0.0,0.4,40,40,0,1.0
509,101,combined_stress,2.0,0.6,0.4,100,40,60,0.4
510,102,geometric_only,0.0,0.0,1.0,100,100,0,1.0
511,102,noise_stress,5.0,0.0,1.0,100,100,0,1.0
512,102,outlier_stress,0.0,0.1,1.0,111,100,11,0.9009009009009009
513,102,overlap_stress,0.0,0.0,0.8,80,80,0,1.0
514,102,combined_stress,5.0,0.1,0.8,89,80,9,0.898876404494382
515,103,geometric_only,0.0,0.0,1.0,100,100,0,1.0
516,103,noise_stress,10.0,0.0,1.0,100,100,0,1.0
517,103,outlier_stress,0.0,0.2,1.0,125,100,25,0.8
518,103,overlap_stress,0.0,0.0,0.6,60,60,0,1.0
519,103,combined_stress,10.0,0.2,0.6,75,60,15,0.8
520,104,geometric_only,0.0,0.0,1.0,100,100,0,1.0
521,104,noise_stress,0.5,0.0,1.0,100,100,0,1.0
522,104,outlier_stress,0.0,0.3,1.0,143,100,43,0.6993006993006993
523,104,overlap_stress,0.0,0.0,0.4,40,40,0,1.0
524,104,combined_stress,0.5,0.3,0.4,57,40,17,0.7017543859649122
525,105,geometric_only,0.0,0.0,1.0,100,100,0,1.0
526,105,noise_stress,2.0,0.0,1.0,100,100,0,1.0
527,105,outlier_stress,0.0,0.4,1.0,167,100,67,0.5988023952095808
528,105,overlap_stress,0.0,0.0,0.8,80,80,0,1.0
529,105,combined_stress,2.0,0.4,0.8,133,80,53,0.6015037593984962
530,106,geometric_only,0.0,0.0,1.0,100,100,0,1.0
531,106,noise_stress,5.0,0.0,1.0,100,100,0,1.0
532,106,outlier_stress,0.0,0.5,1.0,200,100,100,0.5
533,106,overlap_stress,0.0,0.0,0.6,60,60,0,1.0
534,106,combined_stress,5.0,0.5,0.6,120,60,60,0.5
535,107,geometric_only,0.0,0.0,1.0,100,100,0,1.0
536,107,noise_stress,10.0,0.0,1.0,100,100,0,1.0
537,107,outlier_stress,0.0,0.6,1.0,250,100,150,0.4
538,107,overlap_stress,0.0,0.0,0.4,40,40,0,1.0
539,107,combined_stress,10.0,0.6,0.4,100,40,60,0.4
540,108,geometric_only,0.0,0.0,1.0,100,100,0,1.0
541,108,noise_stress,0.5,0.0,1.0,100,100,0,1.0
542,108,outlier_stress,0.0,0.1,1.0,111,100,11,0.9009009009009009
543,108,overlap_stress,0.0,0.0,0.8,80,80,0,1.0
544,108,combined_stress,0.5,0.1,0.8,89,80,9,0.898876404494382
545,109,geometric_only,0.0,0.0,1.0,100,100,0,1.0
546,109,noise_stress,2.0,0.0,1.0,100,100,0,1.0
547,109,outlier_stress,0.0,0.2,1.0,125,100,25,0.8
548,109,overlap_stress,0.0,0.0,0.6,60,60,0,1.0
549,109,combined_stress,2.0,0.2,0.6,75,60,15,0.8
550,110,geometric_only,0.0,0.0,1.0,100,100,0,1.0
551,110,noise_stress,5.0,0.0,1.0,100,100,0,1.0
552,110,outlier_stress,0.0,0.3,1.0,143,100,43,0.6993006993006993
553,110,overlap_stress,0.0,0.0,0.4,40,40,0,1.0
554,110,combined_stress,5.0,0.3,0.4,57,40,17,0.7017543859649122
555,111,geometric_only,0.0,0.0,1.0,100,100,0,1.0
556,111,noise_stress,10.0,0.0,1.0,100,100,0,1.0
557,111,outlier_stress,0.0,0.4,1.0,167,100,67,0.5988023952095808
558,111,overlap_stress,0.0,0.0,0.8,80,80,0,1.0
559,111,combined_stress,10.0,0.4,0.8,133,80,53,0.6015037593984962
560,112,geometric_only,0.0,0.0,1.0,100,100,0,1.0
561,112,noise_stress,0.5,0.0,1.0,100,100,0,1.0
562,112,outlier_stress,0.0,0.5,1.0,200,100,100,0.5
563,112,overlap_stress,0.0,0.0,0.6,60,60,0,1.0
564,112,combined_stress,0.5,0.5,0.6,120,60,60,0.5
565,113,geometric_only,0.0,0.0,1.0,100,100,0,1.0
566,113,noise_stress,2.0,0.0,1.0,100,100,0,1.0
567,113,outlier_stress,0.0,0.6,1.0,250,100,150,0.4
568,113,overlap_stress,0.0,0.0,0.4,40,40,0,1.0
569,113,combined_stress,2.0,0.6,0.4,100,40,60,0.4
570,114,geometric_only,0.0,0.0,1.0,100,100,0,1.0
571,114,noise_stress,5.0,0.0,1.0,100,100,0,1.0
572,114,outlier_stress,0.0,0.1,1.0,111,100,11,0.9009009009009009
573,114,overlap_stress,0.0,0.0,0.8,80,80,0,1.0
574,114,combined_stress,5.0,0.1,0.8,89,80,9,0.898876404494382
575,115,geometric_only,0.0,0.0,1.0,100,100,0,1.0
576,115,noise_stress,10.0,0.0,1.0,100,100,0,1.0
577,115,outlier_stress,0.0,0.2,1.0,125,100,25,0.8
578,115,overlap_stress,0.0,0.0,0.6,60,60,0,1.0
579,115,combined_stress,10.0,0.2,0.6,75,60,15,0.8
580,116,geometric_only,0.0,0.0,1.0,100,100,0,1.0
581,116,noise_stress,0.5,0.0,1.0,100,100,0,1.0
582,116,outlier_stress,0.0,0.3,1.0,143,100,43,0.6993006993006993
583,116,overlap_stress,0.0,0.0,0.4,40,40,0,1.0
584,116,combined_stress,0.5,0.3,0.4,57,40,17,0.7017543859649122
585,117,geometric_only,0.0,0.0,1.0,100,100,0,1.0
586,117,noise_stress,2.0,0.0,1.0,100,100,0,1.0
587,117,outlier_stress,0.0,0.4,1.0,167,100,67,0.5988023952095808
588,117,overlap_stress,0.0,0.0,0.8,80,80,0,1.0
589,117,combined_stress,2.0,0.4,0.8,133,80,53,0.6015037593984962
590,118,geometric_only,0.0,0.0,1.0,100,100,0,1.0
591,118,noise_stress,5.0,0.0,1.0,100,100,0,1.0
592,118,outlier_stress,0.0,0.5,1.0,200,100,100,0.5
593,118,overlap_stress,0.0,0.0,0.6,60,60,0,1.0
594,118,combined_stress,5.0,0.5,0.6,120,60,60,0.5
595,119,geometric_only,0.0,0.0,1.0,100,100,0,1.0
596,119,noise_stress,10.0,0.0,1.0,100,100,0,1.0
597,119,outlier_stress,0.0,0.6,1.0,250,100,150,0.4
598,119,overlap_stress,0.0,0.0,0.4,40,40,0,1.0
599,119,combined_stress,10.0,0.6,0.4,100,40,60,0.4
600,120,geometric_only,0.0,0.0,1.0,100,100,0,1.0
601,120,noise_stress,0.5,0.0,1.0,100,100,0,1.0
602,120,outlier_stress,0.0,0.1,1.0,111,100,11,0.9009009009009009
603,120,overlap_stress,0.0,0.0,0.8,80,80,0,1.0
604,120,combined_stress,0.5,0.1,0.8,89,80,9,0.898876404494382
605,121,geometric_only,0.0,0.0,1.0,100,100,0,1.0
606,121,noise_stress,2.0,0.0,1.0,100,100,0,1.0
607,121,outlier_stress,0.0,0.2,1.0,125,100,25,0.8
608,121,overlap_stress,0.0,0.0,0.6,60,60,0,1.0
609,121,combined_stress,2.0,0.2,0.6,75,60,15,0.8
610,122,geometric_only,0.0,0.0,1.0,100,100,0,1.0
611,122,noise_stress,5.0,0.0,1.0,100,100,0,1.0
612,122,outlier_stress,0.0,0.3,1.0,143,100,43,0.6993006993006993
613,122,overlap_stress,0.0,0.0,0.4,40,40,0,1.0
614,122,combined_stress,5.0,0.3,0.4,57,40,17,0.7017543859649122
615,123,geometric_only,0.0,0.0,1.0,100,100,0,1.0
616,123,noise_stress,10.0,0.0,1.0,100,100,0,1.0
617,123,outlier_stress,0.0,0.4,1.0,167,100,67,0.5988023952095808
618,123,overlap_stress,0.0,0.0,0.8,80,80,0,1.0
619,123,combined_stress,10.0,0.4,0.8,133,80,53,0.6015037593984962
620,124,geometric_only,0.0,0.0,1.0,100,100,0,1.0
621,124,noise_stress,0.5,0.0,1.0,100,100,0,1.0
622,124,outlier_stress,0.0,0.5,1.0,200,100,100,0.5
623,124,overlap_stress,0.0,0.0,0.6,60,60,0,1.0
624,124,combined_stress,0.5,0.5,0.6,120,60,60,0.5
625,125,geometric_only,0.0,0.0,1.0,100,100,0,1.0
626,125,noise_stress,2.0,0.0,1.0,100,100,0,1.0
627,125,outlier_stress,0.0,0.6,1.0,250,100,150,0.4
628,125,overlap_stress,0.0,0.0,0.4,40,40,0,1.0
629,125,combined_stress,2.0,0.6,0.4,100,40,60,0.4
630,126,geometric_only,0.0,0.0,1.0,100,100,0,1.0
631,126,noise_stress,5.0,0.0,1.0,100,100,0,1.0
632,126,outlier_stress,0.0,0.1,1.0,111,100,11,0.9009009009009009
633,126,overlap_stress,0.0,0.0,0.8,80,80,0,1.0
634,126,combined_stress,5.0,0.1,0.8,89,80,9,0.898876404494382
635,127,geometric_only,0.0,0.0,1.0,100,100,0,1.0
636,127,noise_stress,10.0,0.0,1.0,100,100,0,1.0
637,127,outlier_stress,0.0,0.2,1.0,125,100,25,0.8
638,127,overlap_stress,0.0,0.0,0.6,60,60,0,1.0
639,127,combined_stress,10.0,0.2,0.6,75,60,15,0.8
640,128,geometric_only,0.0,0.0,1.0,100,100,0,1.0
641,128,noise_stress,0.5,0.0,1.0,100,100,0,1.0
642,128,outlier_stress,0.0,0.3,1.0,143,100,43,0.6993006993006993
643,128,overlap_stress,0.0,0.0,0.4,40,40,0,1.0
644,128,combined_stress,0.5,0.3,0.4,57,40,17,0.7017543859649122
645,129,geometric_only,0.0,0.0,1.0,100,100,0,1.0
646,129,noise_stress,2.0,0.0,1.0,100,100,0,1.0
647,129,outlier_stress,0.0,0.4,1.0,167,100,67,0.5988023952095808
648,129,overlap_stress,0.0,0.0,0.8,80,80,0,1.0
649,129,combined_stress,2.0,0.4,0.8,133,80,53,0.6015037593984962
650,130,geometric_only,0.0,0.0,1.0,100,100,0,1.0
651,130,noise_stress,5.0,0.0,1.0,100,100,0,1.0
652,130,outlier_stress,0.0,0.5,1.0,200,100,100,0.5
653,130,overlap_stress,0.0,0.0,0.6,60,60,0,1.0
654,130,combined_stress,5.0,0.5,0.6,120,60,60,0.5
655,131,geometric_only,0.0,0.0,1.0,100,100,0,1.0
656,131,noise_stress,10.0,0.0,1.0,100,100,0,1.0
657,131,outlier_stress,0.0,0.6,1.0,250,100,150,0.4
658,131,overlap_stress,0.0,0.0,0.4,40,40,0,1.0
659,131,combined_stress,10.0,0.6,0.4,100,40,60,0.4
660,132,geometric_only,0.0,0.0,1.0,100,100,0,1.0
661,132,noise_stress,0.5,0.0,1.0,100,100,0,1.0
662,132,outlier_stress,0.0,0.1,1.0,111,100,11,0.9009009009009009
663,132,overlap_stress,0.0,0.0,0.8,80,80,0,1.0
664,132,combined_stress,0.5,0.1,0.8,89,80,9,0.898876404494382
665,133,geometric_only,0.0,0.0,1.0,100,100,0,1.0
666,133,noise_stress,2.0,0.0,1.0,100,100,0,1.0
667,133,outlier_stress,0.0,0.2,1.0,125,100,25,0.8
668,133,overlap_stress,0.0,0.0,0.6,60,60,0,1.0
669,133,combined_stress,2.0,0.2,0.6,75,60,15,0.8
670,134,geometric_only,0.0,0.0,1.0,100,100,0,1.0
671,134,noise_stress,5.0,0.0,1.0,100,100,0,1.0
672,134,outlier_stress,0.0,0.3,1.0,143,100,43,0.6993006993006993
673,134,overlap_stress,0.0,0.0,0.4,40,40,0,1.0
674,134,combined_stress,5.0,0.3,0.4,57,40,17,0.7017543859649122
675,135,geometric_only,0.0,0.0,1.0,100,100,0,1.0
676,135,noise_stress,10.0,0.0,1.0,100,100,0,1.0
677,135,outlier_stress,0.0,0.4,1.0,167,100,67,0.5988023952095808
678,135,overlap_stress,0.0,0.0,0.8,80,80,0,1.0
679,135,combined_stress,10.0,0.4,0.8,133,80,53,0.6015037593984962
680,136,geometric_only,0.0,0.0,1.0,100,100,0,1.0
681,136,noise_stress,0.5,0.0,1.0,100,100,0,1.0
682,136,outlier_stress,0.0,0.5,1.0,200,100,100,0.5
683,136,overlap_stress,0.0,0.0,0.6,60,60,0,1.0
684,136,combined_stress,0.5,0.5,0.6,120,60,60,0.5
685,137,geometric_only,0.0,0.0,1.0,100,100,0,1.0
686,137,noise_stress,2.0,0.0,1.0,100,100,0,1.0
687,137,outlier_stress,0.0,0.6,1.0,250,100,150,0.4
688,137,overlap_stress,0.0,0.0,0.4,40,40,0,1.0
689,137,combined_stress,2.0,0.6,0.4,100,40,60,0.4
690,138,geometric_only,0.0,0.0,1.0,100,100,0,1.0
691,138,noise_stress,5.0,0.0,1.0,100,100,0,1.0
692,138,outlier_stress,0.0,0.1,1.0,111,100,11,0.9009009009009009
693,138,overlap_stress,0.0,0.0,0.8,80,80,0,1.0
694,138,combined_stress,5.0,0.1,0.8,89,80,9,0.898876404494382
695,139,geometric_only,0.0,0.0,1.0,100,100,0,1.0
696,139,noise_stress,10.0,0.0,1.0,100,100,0,1.0
697,139,outlier_stress,0.0,0.2,1.0,125,100,25,0.8
698,139,overlap_stress,0.0,0.0,0.6,60,60,0,1.0
699,139,combined_stress,10.0,0.2,0.6,75,60,15,0.8
700,140,geometric_only,0.0,0.0,1.0,100,100,0,1.0
701,140,noise_stress,0.5,0.0,1.0,100,100,0,1.0
702,140,outlier_stress,0.0,0.3,1.0,143,100,43,0.6993006993006993
703,140,overlap_stress,0.0,0.0,0.4,40,40,0,1.0
704,140,combined_stress,0.5,0.3,0.4,57,40,17,0.7017543859649122
705,141,geometric_only,0.0,0.0,1.0,100,100,0,1.0
706,141,noise_stress,2.0,0.0,1.0,100,100,0,1.0
707,141,outlier_stress,0.0,0.4,1.0,167,100,67,0.5988023952095808
708,141,overlap_stress,0.0,0.0,0.8,80,80,0,1.0
709,141,combined_stress,2.0,0.4,0.8,133,80,53,0.6015037593984962
710,142,geometric_only,0.0,0.0,1.0,100,100,0,1.0
711,142,noise_stress,5.0,0.0,1.0,100,100,0,1.0
712,142,outlier_stress,0.0,0.5,1.0,200,100,100,0.5
713,142,overlap_stress,0.0,0.0,0.6,60,60,0,1.0
714,142,combined_stress,5.0,0.5,0.6,120,60,60,0.5
715,143,geometric_only,0.0,0.0,1.0,100,100,0,1.0
716,143,noise_stress,10.0,0.0,1.0,100,100,0,1.0
717,143,outlier_stress,0.0,0.6,1.0,250,100,150,0.4
718,143,overlap_stress,0.0,0.0,0.4,40,40,0,1.0
719,143,combined_stress,10.0,0.6,0.4,100,40,60,0.4
720,144,geometric_only,0.0,0.0,1.0,100,100,0,1.0
721,144,noise_stress,0.5,0.0,1.0,100,100,0,1.0
722,144,outlier_stress,0.0,0.1,1.0,111,100,11,0.9009009009009009
723,144,overlap_stress,0.0,0.0,0.8,80,80,0,1.0
724,144,combined_stress,0.5,0.1,0.8,89,80,9,0.898876404494382
725,145,geometric_only,0.0,0.0,1.0,100,100,0,1.0
726,145,noise_stress,2.0,0.0,1.0,100,100,0,1.0
727,145,outlier_stress,0.0,0.2,1.0,125,100,25,0.8
728,145,overlap_stress,0.0,0.0,0.6,60,60,0,1.0
729,145,combined_stress,2.0,0.2,0.6,75,60,15,0.8
730,146,geometric_only,0.0,0.0,1.0,100,100,0,1.0
731,146,noise_stress,5.0,0.0,1.0,100,100,0,1.0
732,146,outlier_stress,0.0,0.3,1.0,143,100,43,0.6993006993006993
733,146,overlap_stress,0.0,0.0,0.4,40,40,0,1.0
734,146,combined_stress,5.0,0.3,0.4,57,40,17,0.7017543859649122
735,147,geometric_only,0.0,0.0,1.0,100,100,0,1.0
736,147,noise_stress,10.0,0.0,1.0,100,100,0,1.0
737,147,outlier_stress,0.0,0.4,1.0,167,100,67,0.5988023952095808
738,147,overlap_stress,0.0,0.0,0.8,80,80,0,1.0
739,147,combined_stress,10.0,0.4,0.8,133,80,53,0.6015037593984962
740,148,geometric_only,0.0,0.0,1.0,100,100,0,1.0
741,148,noise_stress,0.5,0.0,1.0,100,100,0,1.0
742,148,outlier_stress,0.0,0.5,1.0,200,100,100,0.5
743,148,overlap_stress,0.0,0.0,0.6,60,60,0,1.0
744,148,combined_stress,0.5,0.5,0.6,120,60,60,0.5
745,149,geometric_only,0.0,0.0,1.0,100,100,0,1.0
746,149,noise_stress,2.0,0.0,1.0,100,100,0,1.0
747,149,outlier_stress,0.0,0.6,1.0,250,100,150,0.4
748,149,overlap_stress,0.0,0.0,0.4,40,40,0,1.0
749,149,combined_stress,2.0,0.6,0.4,100,40,60,0.4
750,150,geometric_only,0.0,0.0,1.0,100,100,0,1.0
751,150,noise_stress,5.0,0.0,1.0,100,100,0,1.0
752,150,outlier_stress,0.0,0.1,1.0,111,100,11,0.9009009009009009
753,150,overlap_stress,0.0,0.0,0.8,80,80,0,1.0
754,150,combined_stress,5.0,0.1,0.8,89,80,9,0.898876404494382
755,151,geometric_only,0.0,0.0,1.0,100,100,0,1.0
756,151,noise_stress,10.0,0.0,1.0,100,100,0,1.0
757,151,outlier_stress,0.0,0.2,1.0,125,100,25,0.8
758,151,overlap_stress,0.0,0.0,0.6,60,60,0,1.0
759,151,combined_stress,10.0,0.2,0.6,75,60,15,0.8
760,152,geometric_only,0.0,0.0,1.0,100,100,0,1.0
761,152,noise_stress,0.5,0.0,1.0,100,100,0,1.0
762,152,outlier_stress,0.0,0.3,1.0,143,100,43,0.6993006993006993
763,152,overlap_stress,0.0,0.0,0.4,40,40,0,1.0
764,152,combined_stress,0.5,0.3,0.4,57,40,17,0.7017543859649122
765,153,geometric_only,0.0,0.0,1.0,100,100,0,1.0
766,153,noise_stress,2.0,0.0,1.0,100,100,0,1.0
767,153,outlier_stress,0.0,0.4,1.0,167,100,67,0.5988023952095808
768,153,overlap_stress,0.0,0.0,0.8,80,80,0,1.0
769,153,combined_stress,2.0,0.4,0.8,133,80,53,0.6015037593984962
770,154,geometric_only,0.0,0.0,1.0,100,100,0,1.0
771,154,noise_stress,5.0,0.0,1.0,100,100,0,1.0
772,154,outlier_stress,0.0,0.5,1.0,200,100,100,0.5
773,154,overlap_stress,0.0,0.0,0.6,60,60,0,1.0
774,154,combined_stress,5.0,0.5,0.6,120,60,60,0.5
775,155,geometric_only,0.0,0.0,1.0,100,100,0,1.0
776,155,noise_stress,10.0,0.0,1.0,100,100,0,1.0
777,155,outlier_stress,0.0,0.6,1.0,250,100,150,0.4
778,155,overlap_stress,0.0,0.0,0.4,40,40,0,1.0
779,155,combined_stress,10.0,0.6,0.4,100,40,60,0.4
780,156,geometric_only,0.0,0.0,1.0,100,100,0,1.0
781,156,noise_stress,0.5,0.0,1.0,100,100,0,1.0
782,156,outlier_stress,0.0,0.1,1.0,111,100,11,0.9009009009009009
783,156,overlap_stress,0.0,0.0,0.8,80,80,0,1.0
784,156,combined_stress,0.5,0.1,0.8,89,80,9,0.898876404494382
785,157,geometric_only,0.0,0.0,1.0,100,100,0,1.0
786,157,noise_stress,2.0,0.0,1.0,100,100,0,1.0
787,157,outlier_stress,0.0,0.2,1.0,125,100,25,0.8
788,157,overlap_stress,0.0,0.0,0.6,60,60,0,1.0
789,157,combined_stress,2.0,0.2,0.6,75,60,15,0.8
790,158,geometric_only,0.0,0.0,1.0,100,100,0,1.0
791,158,noise_stress,5.0,0.0,1.0,100,100,0,1.0
792,158,outlier_stress,0.0,0.3,1.0,143,100,43,0.6993006993006993
793,158,overlap_stress,0.0,0.0,0.4,40,40,0,1.0
794,158,combined_stress,5.0,0.3,0.4,57,40,17,0.7017543859649122
795,159,geometric_only,0.0,0.0,1.0,100,100,0,1.0
796,159,noise_stress,10.0,0.0,1.0,100,100,0,1.0
797,159,outlier_stress,0.0,0.4,1.0,167,100,67,0.5988023952095808
798,159,overlap_stress,0.0,0.0,0.8,80,80,0,1.0
799,159,combined_stress,10.0,0.4,0.8,133,80,53,0.6015037593984962
800,160,geometric_only,0.0,0.0,1.0,100,100,0,1.0
801,160,noise_stress,0.5,0.0,1.0,100,100,0,1.0
802,160,outlier_stress,0.0,0.5,1.0,200,100,100,0.5
803,160,overlap_stress,0.0,0.0,0.6,60,60,0,1.0
804,160,combined_stress,0.5,0.5,0.6,120,60,60,0.5
805,161,geometric_only,0.0,0.0,1.0,100,100,0,1.0
806,161,noise_stress,2.0,0.0,1.0,100,100,0,1.0
807,161,outlier_stress,0.0,0.6,1.0,250,100,150,0.4
808,161,overlap_stress,0.0,0.0,0.4,40,40,0,1.0
809,161,combined_stress,2.0,0.6,0.4,100,40,60,0.4
810,162,geometric_only,0.0,0.0,1.0,100,100,0,1.0
811,162,noise_stress,5.0,0.0,1.0,100,100,0,1.0
812,162,outlier_stress,0.0,0.1,1.0,111,100,11,0.9009009009009009
813,162,overlap_stress,0.0,0.0,0.8,80,80,0,1.0
814,162,combined_stress,5.0,0.1,0.8,89,80,9,0.898876404494382
815,163,geometric_only,0.0,0.0,1.0,100,100,0,1.0
816,163,noise_stress,10.0,0.0,1.0,100,100,0,1.0
817,163,outlier_stress,0.0,0.2,1.0,125,100,25,0.8
818,163,overlap_stress,0.0,0.0,0.6,60,60,0,1.0
819,163,combined_stress,10.0,0.2,0.6,75,60,15,0.8
820,164,geometric_only,0.0,0.0,1.0,100,100,0,1.0
821,164,noise_stress,0.5,0.0,1.0,100,100,0,1.0
822,164,outlier_stress,0.0,0.3,1.0,143,100,43,0.6993006993006993
823,164,overlap_stress,0.0,0.0,0.4,40,40,0,1.0
824,164,combined_stress,0.5,0.3,0.4,57,40,17,0.7017543859649122
825,165,geometric_only,0.0,0.0,1.0,100,100,0,1.0
826,165,noise_stress,2.0,0.0,1.0,100,100,0,1.0
827,165,outlier_stress,0.0,0.4,1.0,167,100,67,0.5988023952095808
828,165,overlap_stress,0.0,0.0,0.8,80,80,0,1.0
829,165,combined_stress,2.0,0.4,0.8,133,80,53,0.6015037593984962
830,166,geometric_only,0.0,0.0,1.0,100,100,0,1.0
831,166,noise_stress,5.0,0.0,1.0,100,100,0,1.0
832,166,outlier_stress,0.0,0.5,1.0,200,100,100,0.5
833,166,overlap_stress,0.0,0.0,0.6,60,60,0,1.0
834,166,combined_stress,5.0,0.5,0.6,120,60,60,0.5
835,167,geometric_only,0.0,0.0,1.0,100,100,0,1.0
836,167,noise_stress,10.0,0.0,1.0,100,100,0,1.0
837,167,outlier_stress,0.0,0.6,1.0,250,100,150,0.4
838,167,overlap_stress,0.0,0.0,0.4,40,40,0,1.0
839,167,combined_stress,10.0,0.6,0.4,100,40,60,0.4
840,168,geometric_only,0.0,0.0,1.0,100,100,0,1.0
841,168,noise_stress,0.5,0.0,1.0,100,100,0,1.0
842,168,outlier_stress,0.0,0.1,1.0,111,100,11,0.9009009009009009
843,168,overlap_stress,0.0,0.0,0.8,80,80,0,1.0
844,168,combined_stress,0.5,0.1,0.8,89,80,9,0.898876404494382
845,169,geometric_only,0.0,0.0,1.0,100,100,0,1.0
846,169,noise_stress,2.0,0.0,1.0,100,100,0,1.0
847,169,outlier_stress,0.0,0.2,1.0,125,100,25,0.8
848,169,overlap_stress,0.0,0.0,0.6,60,60,0,1.0
849,169,combined_stress,2.0,0.2,0.6,75,60,15,0.8
850,170,geometric_only,0.0,0.0,1.0,100,100,0,1.0
851,170,noise_stress,5.0,0.0,1.0,100,100,0,1.0
852,170,outlier_stress,0.0,0.3,1.0,143,100,43,0.6993006993006993
853,170,overlap_stress,0.0,0.0,0.4,40,40,0,1.0
854,170,combined_stress,5.0,0.3,0.4,57,40,17,0.7017543859649122
855,171,geometric_only,0.0,0.0,1.0,100,100,0,1.0
856,171,noise_stress,10.0,0.0,1.0,100,100,0,1.0
857,171,outlier_stress,0.0,0.4,1.0,167,100,67,0.5988023952095808
858,171,overlap_stress,0.0,0.0,0.8,80,80,0,1.0
859,171,combined_stress,10.0,0.4,0.8,133,80,53,0.6015037593984962
860,172,geometric_only,0.0,0.0,1.0,100,100,0,1.0
861,172,noise_stress,0.5,0.0,1.0,100,100,0,1.0
862,172,outlier_stress,0.0,0.5,1.0,200,100,100,0.5
863,172,overlap_stress,0.0,0.0,0.6,60,60,0,1.0
864,172,combined_stress,0.5,0.5,0.6,120,60,60,0.5
865,173,geometric_only,0.0,0.0,1.0,100,100,0,1.0
866,173,noise_stress,2.0,0.0,1.0,100,100,0,1.0
867,173,outlier_stress,0.0,0.6,1.0,250,100,150,0.4
868,173,overlap_stress,0.0,0.0,0.4,40,40,0,1.0
869,173,combined_stress,2.0,0.6,0.4,100,40,60,0.4
870,174,geometric_only,0.0,0.0,1.0,100,100,0,1.0
871,174,noise_stress,5.0,0.0,1.0,100,100,0,1.0
872,174,outlier_stress,0.0,0.1,1.0,111,100,11,0.9009009009009009
873,174,overlap_stress,0.0,0.0,0.8,80,80,0,1.0
874,174,combined_stress,5.0,0.1,0.8,89,80,9,0.898876404494382
875,175,geometric_only,0.0,0.0,1.0,100,100,0,1.0
876,175,noise_stress,10.0,0.0,1.0,100,100,0,1.0
877,175,outlier_stress,0.0,0.2,1.0,125,100,25,0.8
878,175,overlap_stress,0.0,0.0,0.6,60,60,0,1.0
879,175,combined_stress,10.0,0.2,0.6,75,60,15,0.8
880,176,geometric_only,0.0,0.0,1.0,100,100,0,1.0
881,176,noise_stress,0.5,0.0,1.0,100,100,0,1.0
882,176,outlier_stress,0.0,0.3,1.0,143,100,43,0.6993006993006993
883,176,overlap_stress,0.0,0.0,0.4,40,40,0,1.0
884,176,combined_stress,0.5,0.3,0.4,57,40,17,0.7017543859649122
885,177,geometric_only,0.0,0.0,1.0,100,100,0,1.0
886,177,noise_stress,2.0,0.0,1.0,100,100,0,1.0
887,177,outlier_stress,0.0,0.4,1.0,167,100,67,0.5988023952095808
888,177,overlap_stress,0.0,0.0,0.8,80,80,0,1.0
889,177,combined_stress,2.0,0.4,0.8,133,80,53,0.6015037593984962
890,178,geometric_only,0.0,0.0,1.0,100,100,0,1.0
891,178,noise_stress,5.0,0.0,1.0,100,100,0,1.0
892,178,outlier_stress,0.0,0.5,1.0,200,100,100,0.5
893,178,overlap_stress,0.0,0.0,0.6,60,60,0,1.0
894,178,combined_stress,5.0,0.5,0.6,120,60,60,0.5
895,179,geometric_only,0.0,0.0,1.0,100,100,0,1.0
896,179,noise_stress,10.0,0.0,1.0,100,100,0,1.0
897,179,outlier_stress,0.0,0.6,1.0,250,100,150,0.4
898,179,overlap_stress,0.0,0.0,0.4,40,40,0,1.0
899,179,combined_stress,10.0,0.6,0.4,100,40,60,0.4
900,180,geometric_only,0.0,0.0,1.0,100,100,0,1.0
901,180,noise_stress,0.5,0.0,1.0,100,100,0,1.0
902,180,outlier_stress,0.0,0.1,1.0,111,100,11,0.9009009009009009
903,180,overlap_stress,0.0,0.0,0.8,80,80,0,1.0
904,180,combined_stress,0.5,0.1,0.8,89,80,9,0.898876404494382
905,181,geometric_only,0.0,0.0,1.0,100,100,0,1.0
906,181,noise_stress,2.0,0.0,1.0,100,100,0,1.0
907,181,outlier_stress,0.0,0.2,1.0,125,100,25,0.8
908,181,overlap_stress,0.0,0.0,0.6,60,60,0,1.0
909,181,combined_stress,2.0,0.2,0.6,75,60,15,0.8
910,182,geometric_only,0.0,0.0,1.0,100,100,0,1.0
911,182,noise_stress,5.0,0.0,1.0,100,100,0,1.0
912,182,outlier_stress,0.0,0.3,1.0,143,100,43,0.6993006993006993
913,182,overlap_stress,0.0,0.0,0.4,40,40,0,1.0
914,182,combined_stress,5.0,0.3,0.4,57,40,17,0.7017543859649122
915,183,geometric_only,0.0,0.0,1.0,100,100,0,1.0
916,183,noise_stress,10.0,0.0,1.0,100,100,0,1.0
917,183,outlier_stress,0.0,0.4,1.0,167,100,67,0.5988023952095808
918,183,overlap_stress,0.0,0.0,0.8,80,80,0,1.0
919,183,combined_stress,10.0,0.4,0.8,133,80,53,0.6015037593984962
920,184,geometric_only,0.0,0.0,1.0,100,100,0,1.0
921,184,noise_stress,0.5,0.0,1.0,100,100,0,1.0
922,184,outlier_stress,0.0,0.5,1.0,200,100,100,0.5
923,184,overlap_stress,0.0,0.0,0.6,60,60,0,1.0
924,184,combined_stress,0.5,0.5,0.6,120,60,60,0.5
925,185,geometric_only,0.0,0.0,1.0,100,100,0,1.0
926,185,noise_stress,2.0,0.0,1.0,100,100,0,1.0
927,185,outlier_stress,0.0,0.6,1.0,250,100,150,0.4
928,185,overlap_stress,0.0,0.0,0.4,40,40,0,1.0
929,185,combined_stress,2.0,0.6,0.4,100,40,60,0.4
930,186,geometric_only,0.0,0.0,1.0,100,100,0,1.0
931,186,noise_stress,5.0,0.0,1.0,100,100,0,1.0
932,186,outlier_stress,0.0,0.1,1.0,111,100,11,0.9009009009009009
933,186,overlap_stress,0.0,0.0,0.8,80,80,0,1.0
934,186,combined_stress,5.0,0.1,0.8,89,80,9,0.898876404494382
935,187,geometric_only,0.0,0.0,1.0,100,100,0,1.0
936,187,noise_stress,10.0,0.0,1.0,100,100,0,1.0
937,187,outlier_stress,0.0,0.2,1.0,125,100,25,0.8
938,187,overlap_stress,0.0,0.0,0.6,60,60,0,1.0
939,187,combined_stress,10.0,0.2,0.6,75,60,15,0.8
940,188,geometric_only,0.0,0.0,1.0,100,100,0,1.0
941,188,noise_stress,0.5,0.0,1.0,100,100,0,1.0
942,188,outlier_stress,0.0,0.3,1.0,143,100,43,0.6993006993006993
943,188,overlap_stress,0.0,0.0,0.4,40,40,0,1.0
944,188,combined_stress,0.5,0.3,0.4,57,40,17,0.7017543859649122
945,189,geometric_only,0.0,0.0,1.0,100,100,0,1.0
946,189,noise_stress,2.0,0.0,1.0,100,100,0,1.0
947,189,outlier_stress,0.0,0.4,1.0,167,100,67,0.5988023952095808
948,189,overlap_stress,0.0,0.0,0.8,80,80,0,1.0
949,189,combined_stress,2.0,0.4,0.8,133,80,53,0.6015037593984962
950,190,geometric_only,0.0,0.0,1.0,100,100,0,1.0
951,190,noise_stress,5.0,0.0,1.0,100,100,0,1.0
952,190,outlier_stress,0.0,0.5,1.0,200,100,100,0.5
953,190,overlap_stress,0.0,0.0,0.6,60,60,0,1.0
954,190,combined_stress,5.0,0.5,0.6,120,60,60,0.5
955,191,geometric_only,0.0,0.0,1.0,100,100,0,1.0
956,191,noise_stress,10.0,0.0,1.0,100,100,0,1.0
957,191,outlier_stress,0.0,0.6,1.0,250,100,150,0.4
958,191,overlap_stress,0.0,0.0,0.4,40,40,0,1.0
959,191,combined_stress,10.0,0.6,0.4,100,40,60,0.4
960,192,geometric_only,0.0,0.0,1.0,100,100,0,1.0
961,192,noise_stress,0.5,0.0,1.0,100,100,0,1.0
962,192,outlier_stress,0.0,0.1,1.0,111,100,11,0.9009009009009009
963,192,overlap_stress,0.0,0.0,0.8,80,80,0,1.0
964,192,combined_stress,0.5,0.1,0.8,89,80,9,0.898876404494382
965,193,geometric_only,0.0,0.0,1.0,100,100,0,1.0
966,193,noise_stress,2.0,0.0,1.0,100,100,0,1.0
967,193,outlier_stress,0.0,0.2,1.0,125,100,25,0.8
968,193,overlap_stress,0.0,0.0,0.6,60,60,0,1.0
969,193,combined_stress,2.0,0.2,0.6,75,60,15,0.8
970,194,geometric_only,0.0,0.0,1.0,100,100,0,1.0
971,194,noise_stress,5.0,0.0,1.0,100,100,0,1.0
972,194,outlier_stress,0.0,0.3,1.0,143,100,43,0.6993006993006993
973,194,overlap_stress,0.0,0.0,0.4,40,40,0,1.0
974,194,combined_stress,5.0,0.3,0.4,57,40,17,0.7017543859649122
975,195,geometric_only,0.0,0.0,1.0,100,100,0,1.0
976,195,noise_stress,10.0,0.0,1.0,100,100,0,1.0
977,195,outlier_stress,0.0,0.4,1.0,167,100,67,0.5988023952095808
978,195,overlap_stress,0.0,0.0,0.8,80,80,0,1.0
979,195,combined_stress,10.0,0.4,0.8,133,80,53,0.6015037593984962
980,196,geometric_only,0.0,0.0,1.0,100,100,0,1.0
981,196,noise_stress,0.5,0.0,1.0,100,100,0,1.0
982,196,outlier_stress,0.0,0.5,1.0,200,100,100,0.5
983,196,overlap_stress,0.0,0.0,0.6,60,60,0,1.0
984,196,combined_stress,0.5,0.5,0.6,120,60,60,0.5
985,197,geometric_only,0.0,0.0,1.0,100,100,0,1.0
986,197,noise_stress,2.0,0.0,1.0,100,100,0,1.0
987,197,outlier_stress,0.0,0.6,1.0,250,100,150,0.4
988,197,overlap_stress,0.0,0.0,0.4,40,40,0,1.0
989,197,combined_stress,2.0,0.6,0.4,100,40,60,0.4
990,198,geometric_only,0.0,0.0,1.0,100,100,0,1.0
991,198,noise_stress,5.0,0.0,1.0,100,100,0,1.0
992,198,outlier_stress,0.0,0.1,1.0,111,100,11,0.9009009009009009
993,198,overlap_stress,0.0,0.0,0.8,80,80,0,1.0
994,198,combined_stress,5.0,0.1,0.8,89,80,9,0.898876404494382
995,199,geometric_only,0.0,0.0,1.0,100,100,0,1.0
996,199,noise_stress,10.0,0.0,1.0,100,100,0,1.0
997,199,outlier_stress,0.0,0.2,1.0,125,100,25,0.8
998,199,overlap_stress,0.0,0.0,0.6,60,60,0,1.0
999,199,combined_stress,10.0,0.2,0.6,75,60,15,0.8
1000,200,geometric_only,0.0,0.0,1.0,100,100,0,1.0
1001,200,noise_stress,0.5,0.0,1.0,100,100,0,1.0
1002,200,outlier_stress,0.0,0.3,1.0,143,100,43,0.6993006993006993
1003,200,overlap_stress,0.0,0.0,0.4,40,40,0,1.0
1004,200,combined_stress,0.5,0.3,0.4,57,40,17,0.7017543859649122
1005,201,geometric_only,0.0,0.0,1.0,100,100,0,1.0
1006,201,noise_stress,2.0,0.0,1.0,100,100,0,1.0
1007,201,outlier_stress,0.0,0.4,1.0,167,100,67,0.5988023952095808
1008,201,overlap_stress,0.0,0.0,0.8,80,80,0,1.0
1009,201,combined_stress,2.0,0.4,0.8,133,80,53,0.6015037593984962
1010,202,geometric_only,0.0,0.0,1.0,100,100,0,1.0
1011,202,noise_stress,5.0,0.0,1.0,100,100,0,1.0
1012,202,outlier_stress,0.0,0.5,1.0,200,100,100,0.5
1013,202,overlap_stress,0.0,0.0,0.6,60,60,0,1.0
1014,202,combined_stress,5.0,0.5,0.6,120,60,60,0.5
1015,203,geometric_only,0.0,0.0,1.0,100,100,0,1.0
1016,203,noise_stress,10.0,0.0,1.0,100,100,0,1.0
1017,203,outlier_stress,0.0,0.6,1.0,250,100,150,0.4
1018,203,overlap_stress,0.0,0.0,0.4,40,40,0,1.0
1019,203,combined_stress,10.0,0.6,0.4,100,40,60,0.4
1020,204,geometric_only,0.0,0.0,1.0,100,100,0,1.0
1021,204,noise_stress,0.5,0.0,1.0,100,100,0,1.0
1022,204,outlier_stress,0.0,0.1,1.0,111,100,11,0.9009009009009009
1023,204,overlap_stress,0.0,0.0,0.8,80,80,0,1.0
1024,204,combined_stress,0.5,0.1,0.8,89,80,9,0.898876404494382
1025,205,geometric_only,0.0,0.0,1.0,100,100,0,1.0
1026,205,noise_stress,2.0,0.0,1.0,100,100,0,1.0
1027,205,outlier_stress,0.0,0.2,1.0,125,100,25,0.8
1028,205,overlap_stress,0.0,0.0,0.6,60,60,0,1.0
1029,205,combined_stress,2.0,0.2,0.6,75,60,15,0.8
1030,206,geometric_only,0.0,0.0,1.0,100,100,0,1.0
1031,206,noise_stress,5.0,0.0,1.0,100,100,0,1.0
1032,206,outlier_stress,0.0,0.3,1.0,143,100,43,0.6993006993006993
1033,206,overlap_stress,0.0,0.0,0.4,40,40,0,1.0
1034,206,combined_stress,5.0,0.3,0.4,57,40,17,0.7017543859649122
1035,207,geometric_only,0.0,0.0,1.0,100,100,0,1.0
1036,207,noise_stress,10.0,0.0,1.0,100,100,0,1.0
1037,207,outlier_stress,0.0,0.4,1.0,167,100,67,0.5988023952095808
1038,207,overlap_stress,0.0,0.0,0.8,80,80,0,1.0
1039,207,combined_stress,10.0,0.4,0.8,133,80,53,0.6015037593984962
1040,208,geometric_only,0.0,0.0,1.0,100,100,0,1.0
1041,208,noise_stress,0.5,0.0,1.0,100,100,0,1.0
1042,208,outlier_stress,0.0,0.5,1.0,200,100,100,0.5
1043,208,overlap_stress,0.0,0.0,0.6,60,60,0,1.0
1044,208,combined_stress,0.5,0.5,0.6,120,60,60,0.5
1045,209,geometric_only,0.0,0.0,1.0,100,100,0,1.0
1046,209,noise_stress,2.0,0.0,1.0,100,100,0,1.0
1047,209,outlier_stress,0.0,0.6,1.0,250,100,150,0.4
1048,209,overlap_stress,0.0,0.0,0.4,40,40,0,1.0
1049,209,combined_stress,2.0,0.6,0.4,100,40,60,0.4
1050,210,geometric_only,0.0,0.0,1.0,100,100,0,1.0
1051,210,noise_stress,5.0,0.0,1.0,100,100,0,1.0
1052,210,outlier_stress,0.0,0.1,1.0,111,100,11,0.9009009009009009
1053,210,overlap_stress,0.0,0.0,0.8,80,80,0,1.0
1054,210,combined_stress,5.0,0.1,0.8,89,80,9,0.898876404494382
1055,211,geometric_only,0.0,0.0,1.0,100,100,0,1.0
1056,211,noise_stress,10.0,0.0,1.0,100,100,0,1.0
1057,211,outlier_stress,0.0,0.2,1.0,125,100,25,0.8
1058,211,overlap_stress,0.0,0.0,0.6,60,60,0,1.0
1059,211,combined_stress,10.0,0.2,0.6,75,60,15,0.8
1060,212,geometric_only,0.0,0.0,1.0,100,100,0,1.0
1061,212,noise_stress,0.5,0.0,1.0,100,100,0,1.0
1062,212,outlier_stress,0.0,0.3,1.0,143,100,43,0.6993006993006993
1063,212,overlap_stress,0.0,0.0,0.4,40,40,0,1.0
1064,212,combined_stress,0.5,0.3,0.4,57,40,17,0.7017543859649122
1065,213,geometric_only,0.0,0.0,1.0,100,100,0,1.0
1066,213,noise_stress,2.0,0.0,1.0,100,100,0,1.0
1067,213,outlier_stress,0.0,0.4,1.0,167,100,67,0.5988023952095808
1068,213,overlap_stress,0.0,0.0,0.8,80,80,0,1.0
1069,213,combined_stress,2.0,0.4,0.8,133,80,53,0.6015037593984962
1070,214,geometric_only,0.0,0.0,1.0,100,100,0,1.0
1071,214,noise_stress,5.0,0.0,1.0,100,100,0,1.0
1072,214,outlier_stress,0.0,0.5,1.0,200,100,100,0.5
1073,214,overlap_stress,0.0,0.0,0.6,60,60,0,1.0
1074,214,combined_stress,5.0,0.5,0.6,120,60,60,0.5
1075,215,geometric_only,0.0,0.0,1.0,100,100,0,1.0
1076,215,noise_stress,10.0,0.0,1.0,100,100,0,1.0
1077,215,outlier_stress,0.0,0.6,1.0,250,100,150,0.4
1078,215,overlap_stress,0.0,0.0,0.4,40,40,0,1.0
1079,215,combined_stress,10.0,0.6,0.4,100,40,60,0.4
1080,216,geometric_only,0.0,0.0,1.0,100,100,0,1.0
1081,216,noise_stress,0.5,0.0,1.0,100,100,0,1.0
1082,216,outlier_stress,0.0,0.1,1.0,111,100,11,0.9009009009009009
1083,216,overlap_stress,0.0,0.0,0.8,80,80,0,1.0
1084,216,combined_stress,0.5,0.1,0.8,89,80,9,0.898876404494382
1085,217,geometric_only,0.0,0.0,1.0,100,100,0,1.0
1086,217,noise_stress,2.0,0.0,1.0,100,100,0,1.0
1087,217,outlier_stress,0.0,0.2,1.0,125,100,25,0.8
1088,217,overlap_stress,0.0,0.0,0.6,60,60,0,1.0
1089,217,combined_stress,2.0,0.2,0.6,75,60,15,0.8
1090,218,geometric_only,0.0,0.0,1.0,100,100,0,1.0
1091,218,noise_stress,5.0,0.0,1.0,100,100,0,1.0
1092,218,outlier_stress,0.0,0.3,1.0,143,100,43,0.6993006993006993
1093,218,overlap_stress,0.0,0.0,0.4,40,40,0,1.0
1094,218,combined_stress,5.0,0.3,0.4,57,40,17,0.7017543859649122
1095,219,geometric_only,0.0,0.0,1.0,100,100,0,1.0
1096,219,noise_stress,10.0,0.0,1.0,100,100,0,1.0
1097,219,outlier_stress,0.0,0.4,1.0,167,100,67,0.5988023952095808
1098,219,overlap_stress,0.0,0.0,0.8,80,80,0,1.0
1099,219,combined_stress,10.0,0.4,0.8,133,80,53,0.6015037593984962
1100,220,geometric_only,0.0,0.0,1.0,100,100,0,1.0
1101,220,noise_stress,0.5,0.0,1.0,100,100,0,1.0
1102,220,outlier_stress,0.0,0.5,1.0,200,100,100,0.5
1103,220,overlap_stress,0.0,0.0,0.6,60,60,0,1.0
1104,220,combined_stress,0.5,0.5,0.6,120,60,60,0.5
1105,221,geometric_only,0.0,0.0,1.0,100,100,0,1.0
1106,221,noise_stress,2.0,0.0,1.0,100,100,0,1.0
1107,221,outlier_stress,0.0,0.6,1.0,250,100,150,0.4
1108,221,overlap_stress,0.0,0.0,0.4,40,40,0,1.0
1109,221,combined_stress,2.0,0.6,0.4,100,40,60,0.4
1110,222,geometric_only,0.0,0.0,1.0,100,100,0,1.0
1111,222,noise_stress,5.0,0.0,1.0,100,100,0,1.0
1112,222,outlier_stress,0.0,0.1,1.0,111,100,11,0.9009009009009009
1113,222,overlap_stress,0.0,0.0,0.8,80,80,0,1.0
1114,222,combined_stress,5.0,0.1,0.8,89,80,9,0.898876404494382
1115,223,geometric_only,0.0,0.0,1.0,100,100,0,1.0
1116,223,noise_stress,10.0,0.0,1.0,100,100,0,1.0
1117,223,outlier_stress,0.0,0.2,1.0,125,100,25,0.8
1118,223,overlap_stress,0.0,0.0,0.6,60,60,0,1.0
1119,223,combined_stress,10.0,0.2,0.6,75,60,15,0.8
1120,224,geometric_only,0.0,0.0,1.0,100,100,0,1.0
1121,224,noise_stress,0.5,0.0,1.0,100,100,0,1.0
1122,224,outlier_stress,0.0,0.3,1.0,143,100,43,0.6993006993006993
1123,224,overlap_stress,0.0,0.0,0.4,40,40,0,1.0
1124,224,combined_stress,0.5,0.3,0.4,57,40,17,0.7017543859649122
1125,225,geometric_only,0.0,0.0,1.0,100,100,0,1.0
1126,225,noise_stress,2.0,0.0,1.0,100,100,0,1.0
1127,225,outlier_stress,0.0,0.4,1.0,167,100,67,0.5988023952095808
1128,225,overlap_stress,0.0,0.0,0.8,80,80,0,1.0
1129,225,combined_stress,2.0,0.4,0.8,133,80,53,0.6015037593984962
1130,226,geometric_only,0.0,0.0,1.0,100,100,0,1.0
1131,226,noise_stress,5.0,0.0,1.0,100,100,0,1.0
1132,226,outlier_stress,0.0,0.5,1.0,200,100,100,0.5
1133,226,overlap_stress,0.0,0.0,0.6,60,60,0,1.0
1134,226,combined_stress,5.0,0.5,0.6,120,60,60,0.5
1135,227,geometric_only,0.0,0.0,1.0,100,100,0,1.0
1136,227,noise_stress,10.0,0.0,1.0,100,100,0,1.0
1137,227,outlier_stress,0.0,0.6,1.0,250,100,150,0.4
1138,227,overlap_stress,0.0,0.0,0.4,40,40,0,1.0
1139,227,combined_stress,10.0,0.6,0.4,100,40,60,0.4
1140,228,geometric_only,0.0,0.0,1.0,100,100,0,1.0
1141,228,noise_stress,0.5,0.0,1.0,100,100,0,1.0
1142,228,outlier_stress,0.0,0.1,1.0,111,100,11,0.9009009009009009
1143,228,overlap_stress,0.0,0.0,0.8,80,80,0,1.0
1144,228,combined_stress,0.5,0.1,0.8,89,80,9,0.898876404494382
1145,229,geometric_only,0.0,0.0,1.0,100,100,0,1.0
1146,229,noise_stress,2.0,0.0,1.0,100,100,0,1.0
1147,229,outlier_stress,0.0,0.2,1.0,125,100,25,0.8
1148,229,overlap_stress,0.0,0.0,0.6,60,60,0,1.0
1149,229,combined_stress,2.0,0.2,0.6,75,60,15,0.8
1150,230,geometric_only,0.0,0.0,1.0,100,100,0,1.0
1151,230,noise_stress,5.0,0.0,1.0,100,100,0,1.0
1152,230,outlier_stress,0.0,0.3,1.0,143,100,43,0.6993006993006993
1153,230,overlap_stress,0.0,0.0,0.4,40,40,0,1.0
1154,230,combined_stress,5.0,0.3,0.4,57,40,17,0.7017543859649122
1155,231,geometric_only,0.0,0.0,1.0,100,100,0,1.0
1156,231,noise_stress,10.0,0.0,1.0,100,100,0,1.0
1157,231,outlier_stress,0.0,0.4,1.0,167,100,67,0.5988023952095808
1158,231,overlap_stress,0.0,0.0,0.8,80,80,0,1.0
1159,231,combined_stress,10.0,0.4,0.8,133,80,53,0.6015037593984962
1160,232,geometric_only,0.0,0.0,1.0,100,100,0,1.0
1161,232,noise_stress,0.5,0.0,1.0,100,100,0,1.0
1162,232,outlier_stress,0.0,0.5,1.0,200,100,100,0.5
1163,232,overlap_stress,0.0,0.0,0.6,60,60,0,1.0
1164,232,combined_stress,0.5,0.5,0.6,120,60,60,0.5
1165,233,geometric_only,0.0,0.0,1.0,100,100,0,1.0
1166,233,noise_stress,2.0,0.0,1.0,100,100,0,1.0
1167,233,outlier_stress,0.0,0.6,1.0,250,100,150,0.4
1168,233,overlap_stress,0.0,0.0,0.4,40,40,0,1.0
1169,233,combined_stress,2.0,0.6,0.4,100,40,60,0.4
1170,234,geometric_only,0.0,0.0,1.0,100,100,0,1.0
1171,234,noise_stress,5.0,0.0,1.0,100,100,0,1.0
1172,234,outlier_stress,0.0,0.1,1.0,111,100,11,0.9009009009009009
1173,234,overlap_stress,0.0,0.0,0.8,80,80,0,1.0
1174,234,combined_stress,5.0,0.1,0.8,89,80,9,0.898876404494382
1175,235,geometric_only,0.0,0.0,1.0,100,100,0,1.0
1176,235,noise_stress,10.0,0.0,1.0,100,100,0,1.0
1177,235,outlier_stress,0.0,0.2,1.0,125,100,25,0.8
1178,235,overlap_stress,0.0,0.0,0.6,60,60,0,1.0
1179,235,combined_stress,10.0,0.2,0.6,75,60,15,0.8
1180,236,geometric_only,0.0,0.0,1.0,100,100,0,1.0
1181,236,noise_stress,0.5,0.0,1.0,100,100,0,1.0
1182,236,outlier_stress,0.0,0.3,1.0,143,100,43,0.6993006993006993
1183,236,overlap_stress,0.0,0.0,0.4,40,40,0,1.0
1184,236,combined_stress,0.5,0.3,0.4,57,40,17,0.7017543859649122
1185,237,geometric_only,0.0,0.0,1.0,100,100,0,1.0
1186,237,noise_stress,2.0,0.0,1.0,100,100,0,1.0
1187,237,outlier_stress,0.0,0.4,1.0,167,100,67,0.5988023952095808
1188,237,overlap_stress,0.0,0.0,0.8,80,80,0,1.0
1189,237,combined_stress,2.0,0.4,0.8,133,80,53,0.6015037593984962
1190,238,geometric_only,0.0,0.0,1.0,100,100,0,1.0
1191,238,noise_stress,5.0,0.0,1.0,100,100,0,1.0
1192,238,outlier_stress,0.0,0.5,1.0,200,100,100,0.5
1193,238,overlap_stress,0.0,0.0,0.6,60,60,0,1.0
1194,238,combined_stress,5.0,0.5,0.6,120,60,60,0.5
1195,239,geometric_only,0.0,0.0,1.0,100,100,0,1.0
1196,239,noise_stress,10.0,0.0,1.0,100,100,0,1.0
1197,239,outlier_stress,0.0,0.6,1.0,250,100,150,0.4
1198,239,overlap_stress,0.0,0.0,0.4,40,40,0,1.0
1199,239,combined_stress,10.0,0.6,0.4,100,40,60,0.4
1200,240,geometric_only,0.0,0.0,1.0,100,100,0,1.0
1201,240,noise_stress,0.5,0.0,1.0,100,100,0,1.0
1202,240,outlier_stress,0.0,0.1,1.0,111,100,11,0.9009009009009009
1203,240,overlap_stress,0.0,0.0,0.8,80,80,0,1.0
1204,240,combined_stress,0.5,0.1,0.8,89,80,9,0.898876404494382
1205,241,geometric_only,0.0,0.0,1.0,100,100,0,1.0
1206,241,noise_stress,2.0,0.0,1.0,100,100,0,1.0
1207,241,outlier_stress,0.0,0.2,1.0,125,100,25,0.8
1208,241,overlap_stress,0.0,0.0,0.6,60,60,0,1.0
1209,241,combined_stress,2.0,0.2,0.6,75,60,15,0.8
1210,242,geometric_only,0.0,0.0,1.0,100,100,0,1.0
1211,242,noise_stress,5.0,0.0,1.0,100,100,0,1.0
1212,242,outlier_stress,0.0,0.3,1.0,143,100,43,0.6993006993006993
1213,242,overlap_stress,0.0,0.0,0.4,40,40,0,1.0
1214,242,combined_stress,5.0,0.3,0.4,57,40,17,0.7017543859649122
1215,243,geometric_only,0.0,0.0,1.0,100,100,0,1.0
1216,243,noise_stress,10.0,0.0,1.0,100,100,0,1.0
1217,243,outlier_stress,0.0,0.4,1.0,167,100,67,0.5988023952095808
1218,243,overlap_stress,0.0,0.0,0.8,80,80,0,1.0
1219,243,combined_stress,10.0,0.4,0.8,133,80,53,0.6015037593984962
1220,244,geometric_only,0.0,0.0,1.0,100,100,0,1.0
1221,244,noise_stress,0.5,0.0,1.0,100,100,0,1.0
1222,244,outlier_stress,0.0,0.5,1.0,200,100,100,0.5
1223,244,overlap_stress,0.0,0.0,0.6,60,60,0,1.0
1224,244,combined_stress,0.5,0.5,0.6,120,60,60,0.5
1225,245,geometric_only,0.0,0.0,1.0,100,100,0,1.0
1226,245,noise_stress,2.0,0.0,1.0,100,100,0,1.0
1227,245,outlier_stress,0.0,0.6,1.0,250,100,150,0.4
1228,245,overlap_stress,0.0,0.0,0.4,40,40,0,1.0
1229,245,combined_stress,2.0,0.6,0.4,100,40,60,0.4
1230,246,geometric_only,0.0,0.0,1.0,100,100,0,1.0
1231,246,noise_stress,5.0,0.0,1.0,100,100,0,1.0
1232,246,outlier_stress,0.0,0.1,1.0,111,100,11,0.9009009009009009
1233,246,overlap_stress,0.0,0.0,0.8,80,80,0,1.0
1234,246,combined_stress,5.0,0.1,0.8,89,80,9,0.898876404494382
1235,247,geometric_only,0.0,0.0,1.0,100,100,0,1.0
1236,247,noise_stress,10.0,0.0,1.0,100,100,0,1.0
1237,247,outlier_stress,0.0,0.2,1.0,125,100,25,0.8
1238,247,overlap_stress,0.0,0.0,0.6,60,60,0,1.0
1239,247,combined_stress,10.0,0.2,0.6,75,60,15,0.8
1240,248,geometric_only,0.0,0.0,1.0,100,100,0,1.0
1241,248,noise_stress,0.5,0.0,1.0,100,100,0,1.0
1242,248,outlier_stress,0.0,0.3,1.0,143,100,43,0.6993006993006993
1243,248,overlap_stress,0.0,0.0,0.4,40,40,0,1.0
1244,248,combined_stress,0.5,0.3,0.4,57,40,17,0.7017543859649122
1245,249,geometric_only,0.0,0.0,1.0,100,100,0,1.0
1246,249,noise_stress,2.0,0.0,1.0,100,100,0,1.0
1247,249,outlier_stress,0.0,0.4,1.0,167,100,67,0.5988023952095808
1248,249,overlap_stress,0.0,0.0,0.8,80,80,0,1.0
1249,249,combined_stress,2.0,0.4,0.8,133,80,53,0.6015037593984962
1250,250,geometric_only,0.0,0.0,1.0,100,100,0,1.0
1251,250,noise_stress,5.0,0.0,1.0,100,100,0,1.0
1252,250,outlier_stress,0.0,0.5,1.0,200,100,100,0.5
1253,250,overlap_stress,0.0,0.0,0.6,60,60,0,1.0
1254,250,combined_stress,5.0,0.5,0.6,120,60,60,0.5
1255,251,geometric_only,0.0,0.0,1.0,100,100,0,1.0
1256,251,noise_stress,10.0,0.0,1.0,100,100,0,1.0
1257,251,outlier_stress,0.0,0.6,1.0,250,100,150,0.4
1258,251,overlap_stress,0.0,0.0,0.4,40,40,0,1.0
1259,251,combined_stress,10.0,0.6,0.4,100,40,60,0.4
1260,252,geometric_only,0.0,0.0,1.0,100,100,0,1.0
1261,252,noise_stress,0.5,0.0,1.0,100,100,0,1.0
1262,252,outlier_stress,0.0,0.1,1.0,111,100,11,0.9009009009009009
1263,252,overlap_stress,0.0,0.0,0.8,80,80,0,1.0
1264,252,combined_stress,0.5,0.1,0.8,89,80,9,0.898876404494382
1265,253,geometric_only,0.0,0.0,1.0,100,100,0,1.0
1266,253,noise_stress,2.0,0.0,1.0,100,100,0,1.0
1267,253,outlier_stress,0.0,0.2,1.0,125,100,25,0.8
1268,253,overlap_stress,0.0,0.0,0.6,60,60,0,1.0
1269,253,combined_stress,2.0,0.2,0.6,75,60,15,0.8
1270,254,geometric_only,0.0,0.0,1.0,100,100,0,1.0
1271,254,noise_stress,5.0,0.0,1.0,100,100,0,1.0
1272,254,outlier_stress,0.0,0.3,1.0,143,100,43,0.6993006993006993
1273,254,overlap_stress,0.0,0.0,0.4,40,40,0,1.0
1274,254,combined_stress,5.0,0.3,0.4,57,40,17,0.7017543859649122
1275,255,geometric_only,0.0,0.0,1.0,100,100,0,1.0
1276,255,noise_stress,10.0,0.0,1.0,100,100,0,1.0
1277,255,outlier_stress,0.0,0.4,1.0,167,100,67,0.5988023952095808
1278,255,overlap_stress,0.0,0.0,0.8,80,80,0,1.0
1279,255,combined_stress,10.0,0.4,0.8,133,80,53,0.6015037593984962
1280,256,geometric_only,0.0,0.0,1.0,100,100,0,1.0
1281,256,noise_stress,0.5,0.0,1.0,100,100,0,1.0
1282,256,outlier_stress,0.0,0.5,1.0,200,100,100,0.5
1283,256,overlap_stress,0.0,0.0,0.6,60,60,0,1.0
1284,256,combined_stress,0.5,0.5,0.6,120,60,60,0.5
1285,257,geometric_only,0.0,0.0,1.0,100,100,0,1.0
1286,257,noise_stress,2.0,0.0,1.0,100,100,0,1.0
1287,257,outlier_stress,0.0,0.6,1.0,250,100,150,0.4
1288,257,overlap_stress,0.0,0.0,0.4,40,40,0,1.0
1289,257,combined_stress,2.0,0.6,0.4,100,40,60,0.4
1290,258,geometric_only,0.0,0.0,1.0,100,100,0,1.0
1291,258,noise_stress,5.0,0.0,1.0,100,100,0,1.0
1292,258,outlier_stress,0.0,0.1,1.0,111,100,11,0.9009009009009009
1293,258,overlap_stress,0.0,0.0,0.8,80,80,0,1.0
1294,258,combined_stress,5.0,0.1,0.8,89,80,9,0.898876404494382
1295,259,geometric_only,0.0,0.0,1.0,100,100,0,1.0
1296,259,noise_stress,10.0,0.0,1.0,100,100,0,1.0
1297,259,outlier_stress,0.0,0.2,1.0,125,100,25,0.8
1298,259,overlap_stress,0.0,0.0,0.6,60,60,0,1.0
1299,259,combined_stress,10.0,0.2,0.6,75,60,15,0.8
1300,260,geometric_only,0.0,0.0,1.0,100,100,0,1.0
1301,260,noise_stress,0.5,0.0,1.0,100,100,0,1.0
1302,260,outlier_stress,0.0,0.3,1.0,143,100,43,0.6993006993006993
1303,260,overlap_stress,0.0,0.0,0.4,40,40,0,1.0
1304,260,combined_stress,0.5,0.3,0.4,57,40,17,0.7017543859649122
1305,261,geometric_only,0.0,0.0,1.0,100,100,0,1.0
1306,261,noise_stress,2.0,0.0,1.0,100,100,0,1.0
1307,261,outlier_stress,0.0,0.4,1.0,167,100,67,0.5988023952095808
1308,261,overlap_stress,0.0,0.0,0.8,80,80,0,1.0
1309,261,combined_stress,2.0,0.4,0.8,133,80,53,0.6015037593984962
1310,262,geometric_only,0.0,0.0,1.0,100,100,0,1.0
1311,262,noise_stress,5.0,0.0,1.0,100,100,0,1.0
1312,262,outlier_stress,0.0,0.5,1.0,200,100,100,0.5
1313,262,overlap_stress,0.0,0.0,0.6,60,60,0,1.0
1314,262,combined_stress,5.0,0.5,0.6,120,60,60,0.5
1315,263,geometric_only,0.0,0.0,1.0,100,100,0,1.0
1316,263,noise_stress,10.0,0.0,1.0,100,100,0,1.0
1317,263,outlier_stress,0.0,0.6,1.0,250,100,150,0.4
1318,263,overlap_stress,0.0,0.0,0.4,40,40,0,1.0
1319,263,combined_stress,10.0,0.6,0.4,100,40,60,0.4
1320,264,geometric_only,0.0,0.0,1.0,100,100,0,1.0
1321,264,noise_stress,0.5,0.0,1.0,100,100,0,1.0
1322,264,outlier_stress,0.0,0.1,1.0,111,100,11,0.9009009009009009
1323,264,overlap_stress,0.0,0.0,0.8,80,80,0,1.0
1324,264,combined_stress,0.5,0.1,0.8,89,80,9,0.898876404494382
1325,265,geometric_only,0.0,0.0,1.0,100,100,0,1.0
1326,265,noise_stress,2.0,0.0,1.0,100,100,0,1.0
1327,265,outlier_stress,0.0,0.2,1.0,125,100,25,0.8
1328,265,overlap_stress,0.0,0.0,0.6,60,60,0,1.0
1329,265,combined_stress,2.0,0.2,0.6,75,60,15,0.8
1330,266,geometric_only,0.0,0.0,1.0,100,100,0,1.0
1331,266,noise_stress,5.0,0.0,1.0,100,100,0,1.0
1332,266,outlier_stress,0.0,0.3,1.0,143,100,43,0.6993006993006993
1333,266,overlap_stress,0.0,0.0,0.4,40,40,0,1.0
1334,266,combined_stress,5.0,0.3,0.4,57,40,17,0.7017543859649122
1335,267,geometric_only,0.0,0.0,1.0,100,100,0,1.0
1336,267,noise_stress,10.0,0.0,1.0,100,100,0,1.0
1337,267,outlier_stress,0.0,0.4,1.0,167,100,67,0.5988023952095808
1338,267,overlap_stress,0.0,0.0,0.8,80,80,0,1.0
1339,267,combined_stress,10.0,0.4,0.8,133,80,53,0.6015037593984962
1340,268,geometric_only,0.0,0.0,1.0,100,100,0,1.0
1341,268,noise_stress,0.5,0.0,1.0,100,100,0,1.0
1342,268,outlier_stress,0.0,0.5,1.0,200,100,100,0.5
1343,268,overlap_stress,0.0,0.0,0.6,60,60,0,1.0
1344,268,combined_stress,0.5,0.5,0.6,120,60,60,0.5
1345,269,geometric_only,0.0,0.0,1.0,100,100,0,1.0
1346,269,noise_stress,2.0,0.0,1.0,100,100,0,1.0
1347,269,outlier_stress,0.0,0.6,1.0,250,100,150,0.4
1348,269,overlap_stress,0.0,0.0,0.4,40,40,0,1.0
1349,269,combined_stress,2.0,0.6,0.4,100,40,60,0.4
1350,270,geometric_only,0.0,0.0,1.0,100,100,0,1.0
1351,270,noise_stress,5.0,0.0,1.0,100,100,0,1.0
1352,270,outlier_stress,0.0,0.1,1.0,111,100,11,0.9009009009009009
1353,270,overlap_stress,0.0,0.0,0.8,80,80,0,1.0
1354,270,combined_stress,5.0,0.1,0.8,89,80,9,0.898876404494382
1355,271,geometric_only,0.0,0.0,1.0,100,100,0,1.0
1356,271,noise_stress,10.0,0.0,1.0,100,100,0,1.0
1357,271,outlier_stress,0.0,0.2,1.0,125,100,25,0.8
1358,271,overlap_stress,0.0,0.0,0.6,60,60,0,1.0
1359,271,combined_stress,10.0,0.2,0.6,75,60,15,0.8
1360,272,geometric_only,0.0,0.0,1.0,100,100,0,1.0
1361,272,noise_stress,0.5,0.0,1.0,100,100,0,1.0
1362,272,outlier_stress,0.0,0.3,1.0,143,100,43,0.6993006993006993
1363,272,overlap_stress,0.0,0.0,0.4,40,40,0,1.0
1364,272,combined_stress,0.5,0.3,0.4,57,40,17,0.7017543859649122
1365,273,geometric_only,0.0,0.0,1.0,100,100,0,1.0
1366,273,noise_stress,2.0,0.0,1.0,100,100,0,1.0
1367,273,outlier_stress,0.0,0.4,1.0,167,100,67,0.5988023952095808
1368,273,overlap_stress,0.0,0.0,0.8,80,80,0,1.0
1369,273,combined_stress,2.0,0.4,0.8,133,80,53,0.6015037593984962
1370,274,geometric_only,0.0,0.0,1.0,100,100,0,1.0
1371,274,noise_stress,5.0,0.0,1.0,100,100,0,1.0
1372,274,outlier_stress,0.0,0.5,1.0,200,100,100,0.5
1373,274,overlap_stress,0.0,0.0,0.6,60,60,0,1.0
1374,274,combined_stress,5.0,0.5,0.6,120,60,60,0.5
1375,275,geometric_only,0.0,0.0,1.0,100,100,0,1.0
1376,275,noise_stress,10.0,0.0,1.0,100,100,0,1.0
1377,275,outlier_stress,0.0,0.6,1.0,250,100,150,0.4
1378,275,overlap_stress,0.0,0.0,0.4,40,40,0,1.0
1379,275,combined_stress,10.0,0.6,0.4,100,40,60,0.4
1380,276,geometric_only,0.0,0.0,1.0,100,100,0,1.0
1381,276,noise_stress,0.5,0.0,1.0,100,100,0,1.0
1382,276,outlier_stress,0.0,0.1,1.0,111,100,11,0.9009009009009009
1383,276,overlap_stress,0.0,0.0,0.8,80,80,0,1.0
1384,276,combined_stress,0.5,0.1,0.8,89,80,9,0.898876404494382
1385,277,geometric_only,0.0,0.0,1.0,100,100,0,1.0
1386,277,noise_stress,2.0,0.0,1.0,100,100,0,1.0
1387,277,outlier_stress,0.0,0.2,1.0,125,100,25,0.8
1388,277,overlap_stress,0.0,0.0,0.6,60,60,0,1.0
1389,277,combined_stress,2.0,0.2,0.6,75,60,15,0.8
1390,278,geometric_only,0.0,0.0,1.0,100,100,0,1.0
1391,278,noise_stress,5.0,0.0,1.0,100,100,0,1.0
1392,278,outlier_stress,0.0,0.3,1.0,143,100,43,0.6993006993006993
1393,278,overlap_stress,0.0,0.0,0.4,40,40,0,1.0
1394,278,combined_stress,5.0,0.3,0.4,57,40,17,0.7017543859649122
1395,279,geometric_only,0.0,0.0,1.0,100,100,0,1.0
1396,279,noise_stress,10.0,0.0,1.0,100,100,0,1.0
1397,279,outlier_stress,0.0,0.4,1.0,167,100,67,0.5988023952095808
1398,279,overlap_stress,0.0,0.0,0.8,80,80,0,1.0
1399,279,combined_stress,10.0,0.4,0.8,133,80,53,0.6015037593984962
1400,280,geometric_only,0.0,0.0,1.0,100,100,0,1.0
1401,280,noise_stress,0.5,0.0,1.0,100,100,0,1.0
1402,280,outlier_stress,0.0,0.5,1.0,200,100,100,0.5
1403,280,overlap_stress,0.0,0.0,0.6,60,60,0,1.0
1404,280,combined_stress,0.5,0.5,0.6,120,60,60,0.5
1405,281,geometric_only,0.0,0.0,1.0,100,100,0,1.0
1406,281,noise_stress,2.0,0.0,1.0,100,100,0,1.0
1407,281,outlier_stress,0.0,0.6,1.0,250,100,150,0.4
1408,281,overlap_stress,0.0,0.0,0.4,40,40,0,1.0
1409,281,combined_stress,2.0,0.6,0.4,100,40,60,0.4
1410,282,geometric_only,0.0,0.0,1.0,100,100,0,1.0
1411,282,noise_stress,5.0,0.0,1.0,100,100,0,1.0
1412,282,outlier_stress,0.0,0.1,1.0,111,100,11,0.9009009009009009
1413,282,overlap_stress,0.0,0.0,0.8,80,80,0,1.0
1414,282,combined_stress,5.0,0.1,0.8,89,80,9,0.898876404494382
1415,283,geometric_only,0.0,0.0,1.0,100,100,0,1.0
1416,283,noise_stress,10.0,0.0,1.0,100,100,0,1.0
1417,283,outlier_stress,0.0,0.2,1.0,125,100,25,0.8
1418,283,overlap_stress,0.0,0.0,0.6,60,60,0,1.0
1419,283,combined_stress,10.0,0.2,0.6,75,60,15,0.8
1420,284,geometric_only,0.0,0.0,1.0,100,100,0,1.0
1421,284,noise_stress,0.5,0.0,1.0,100,100,0,1.0
1422,284,outlier_stress,0.0,0.3,1.0,143,100,43,0.6993006993006993
1423,284,overlap_stress,0.0,0.0,0.4,40,40,0,1.0
1424,284,combined_stress,0.5,0.3,0.4,57,40,17,0.7017543859649122
1425,285,geometric_only,0.0,0.0,1.0,100,100,0,1.0
1426,285,noise_stress,2.0,0.0,1.0,100,100,0,1.0
1427,285,outlier_stress,0.0,0.4,1.0,167,100,67,0.5988023952095808
1428,285,overlap_stress,0.0,0.0,0.8,80,80,0,1.0
1429,285,combined_stress,2.0,0.4,0.8,133,80,53,0.6015037593984962
1430,286,geometric_only,0.0,0.0,1.0,100,100,0,1.0
1431,286,noise_stress,5.0,0.0,1.0,100,100,0,1.0
1432,286,outlier_stress,0.0,0.5,1.0,200,100,100,0.5
1433,286,overlap_stress,0.0,0.0,0.6,60,60,0,1.0
1434,286,combined_stress,5.0,0.5,0.6,120,60,60,0.5
1435,287,geometric_only,0.0,0.0,1.0,100,100,0,1.0
1436,287,noise_stress,10.0,0.0,1.0,100,100,0,1.0
1437,287,outlier_stress,0.0,0.6,1.0,250,100,150,0.4
1438,287,overlap_stress,0.0,0.0,0.4,40,40,0,1.0
1439,287,combined_stress,10.0,0.6,0.4,100,40,60,0.4
1440,288,geometric_only,0.0,0.0,1.0,100,100,0,1.0
1441,288,noise_stress,0.5,0.0,1.0,100,100,0,1.0
1442,288,outlier_stress,0.0,0.1,1.0,111,100,11,0.9009009009009009
1443,288,overlap_stress,0.0,0.0,0.8,80,80,0,1.0
1444,288,combined_stress,0.5,0.1,0.8,89,80,9,0.898876404494382
1445,289,geometric_only,0.0,0.0,1.0,100,100,0,1.0
1446,289,noise_stress,2.0,0.0,1.0,100,100,0,1.0
1447,289,outlier_stress,0.0,0.2,1.0,125,100,25,0.8
1448,289,overlap_stress,0.0,0.0,0.6,60,60,0,1.0
1449,289,combined_stress,2.0,0.2,0.6,75,60,15,0.8
1450,290,geometric_only,0.0,0.0,1.0,100,100,0,1.0
1451,290,noise_stress,5.0,0.0,1.0,100,100,0,1.0
1452,290,outlier_stress,0.0,0.3,1.0,143,100,43,0.6993006993006993
1453,290,overlap_stress,0.0,0.0,0.4,40,40,0,1.0
1454,290,combined_stress,5.0,0.3,0.4,57,40,17,0.7017543859649122
1455,291,geometric_only,0.0,0.0,1.0,100,100,0,1.0
1456,291,noise_stress,10.0,0.0,1.0,100,100,0,1.0
1457,291,outlier_stress,0.0,0.4,1.0,167,100,67,0.5988023952095808
1458,291,overlap_stress,0.0,0.0,0.8,80,80,0,1.0
1459,291,combined_stress,10.0,0.4,0.8,133,80,53,0.6015037593984962
1460,292,geometric_only,0.0,0.0,1.0,100,100,0,1.0
1461,292,noise_stress,0.5,0.0,1.0,100,100,0,1.0
1462,292,outlier_stress,0.0,0.5,1.0,200,100,100,0.5
1463,292,overlap_stress,0.0,0.0,0.6,60,60,0,1.0
1464,292,combined_stress,0.5,0.5,0.6,120,60,60,0.5
1465,293,geometric_only,0.0,0.0,1.0,100,100,0,1.0
1466,293,noise_stress,2.0,0.0,1.0,100,100,0,1.0
1467,293,outlier_stress,0.0,0.6,1.0,250,100,150,0.4
1468,293,overlap_stress,0.0,0.0,0.4,40,40,0,1.0
1469,293,combined_stress,2.0,0.6,0.4,100,40,60,0.4
1470,294,geometric_only,0.0,0.0,1.0,100,100,0,1.0
1471,294,noise_stress,5.0,0.0,1.0,100,100,0,1.0
1472,294,outlier_stress,0.0,0.1,1.0,111,100,11,0.9009009009009009
1473,294,overlap_stress,0.0,0.0,0.8,80,80,0,1.0
1474,294,combined_stress,5.0,0.1,0.8,89,80,9,0.898876404494382
1475,295,geometric_only,0.0,0.0,1.0,100,100,0,1.0
1476,295,noise_stress,10.0,0.0,1.0,100,100,0,1.0
1477,295,outlier_stress,0.0,0.2,1.0,125,100,25,0.8
1478,295,overlap_stress,0.0,0.0,0.6,60,60,0,1.0
1479,295,combined_stress,10.0,0.2,0.6,75,60,15,0.8
1480,296,geometric_only,0.0,0.0,1.0,100,100,0,1.0
1481,296,noise_stress,0.5,0.0,1.0,100,100,0,1.0
1482,296,outlier_stress,0.0,0.3,1.0,143,100,43,0.6993006993006993
1483,296,overlap_stress,0.0,0.0,0.4,40,40,0,1.0
1484,296,combined_stress,0.5,0.3,0.4,57,40,17,0.7017543859649122
1485,297,geometric_only,0.0,0.0,1.0,100,100,0,1.0
1486,297,noise_stress,2.0,0.0,1.0,100,100,0,1.0
1487,297,outlier_stress,0.0,0.4,1.0,167,100,67,0.5988023952095808
1488,297,overlap_stress,0.0,0.0,0.8,80,80,0,1.0
1489,297,combined_stress,2.0,0.4,0.8,133,80,53,0.6015037593984962
1490,298,geometric_only,0.0,0.0,1.0,100,100,0,1.0
1491,298,noise_stress,5.0,0.0,1.0,100,100,0,1.0
1492,298,outlier_stress,0.0,0.5,1.0,200,100,100,0.5
1493,298,overlap_stress,0.0,0.0,0.6,60,60,0,1.0
1494,298,combined_stress,5.0,0.5,0.6,120,60,60,0.5
1495,299,geometric_only,0.0,0.0,1.0,100,100,0,1.0
1496,299,noise_stress,10.0,0.0,1.0,100,100,0,1.0
1497,299,outlier_stress,0.0,0.6,1.0,250,100,150,0.4
1498,299,overlap_stress,0.0,0.0,0.4,40,40,0,1.0
1499,299,combined_stress,10.0,0.6,0.4,100,40,60,0.4
1500,300,geometric_only,0.0,0.0,1.0,100,100,0,1.0
1501,300,noise_stress,0.5,0.0,1.0,100,100,0,1.0
1502,300,outlier_stress,0.0,0.1,1.0,111,100,11,0.9009009009009009
1503,300,overlap_stress,0.0,0.0,0.8,80,80,0,1.0
1504,300,combined_stress,0.5,0.1,0.8,89,80,9,0.898876404494382
1505,301,geometric_only,0.0,0.0,1.0,100,100,0,1.0
1506,301,noise_stress,2.0,0.0,1.0,100,100,0,1.0
1507,301,outlier_stress,0.0,0.2,1.0,125,100,25,0.8
1508,301,overlap_stress,0.0,0.0,0.6,60,60,0,1.0
1509,301,combined_stress,2.0,0.2,0.6,75,60,15,0.8
1510,302,geometric_only,0.0,0.0,1.0,100,100,0,1.0
1511,302,noise_stress,5.0,0.0,1.0,100,100,0,1.0
1512,302,outlier_stress,0.0,0.3,1.0,143,100,43,0.6993006993006993
1513,302,overlap_stress,0.0,0.0,0.4,40,40,0,1.0
1514,302,combined_stress,5.0,0.3,0.4,57,40,17,0.7017543859649122
1515,303,geometric_only,0.0,0.0,1.0,100,100,0,1.0
1516,303,noise_stress,10.0,0.0,1.0,100,100,0,1.0
1517,303,outlier_stress,0.0,0.4,1.0,167,100,67,0.5988023952095808
1518,303,overlap_stress,0.0,0.0,0.8,80,80,0,1.0
1519,303,combined_stress,10.0,0.4,0.8,133,80,53,0.6015037593984962
1520,304,geometric_only,0.0,0.0,1.0,100,100,0,1.0
1521,304,noise_stress,0.5,0.0,1.0,100,100,0,1.0
1522,304,outlier_stress,0.0,0.5,1.0,200,100,100,0.5
1523,304,overlap_stress,0.0,0.0,0.6,60,60,0,1.0
1524,304,combined_stress,0.5,0.5,0.6,120,60,60,0.5
1525,305,geometric_only,0.0,0.0,1.0,100,100,0,1.0
1526,305,noise_stress,2.0,0.0,1.0,100,100,0,1.0
1527,305,outlier_stress,0.0,0.6,1.0,250,100,150,0.4
1528,305,overlap_stress,0.0,0.0,0.4,40,40,0,1.0
1529,305,combined_stress,2.0,0.6,0.4,100,40,60,0.4
1530,306,geometric_only,0.0,0.0,1.0,100,100,0,1.0
1531,306,noise_stress,5.0,0.0,1.0,100,100,0,1.0
1532,306,outlier_stress,0.0,0.1,1.0,111,100,11,0.9009009009009009
1533,306,overlap_stress,0.0,0.0,0.8,80,80,0,1.0
1534,306,combined_stress,5.0,0.1,0.8,89,80,9,0.898876404494382
1535,307,geometric_only,0.0,0.0,1.0,100,100,0,1.0
1536,307,noise_stress,10.0,0.0,1.0,100,100,0,1.0
1537,307,outlier_stress,0.0,0.2,1.0,125,100,25,0.8
1538,307,overlap_stress,0.0,0.0,0.6,60,60,0,1.0
1539,307,combined_stress,10.0,0.2,0.6,75,60,15,0.8
1540,308,geometric_only,0.0,0.0,1.0,100,100,0,1.0
1541,308,noise_stress,0.5,0.0,1.0,100,100,0,1.0
1542,308,outlier_stress,0.0,0.3,1.0,143,100,43,0.6993006993006993
1543,308,overlap_stress,0.0,0.0,0.4,40,40,0,1.0
1544,308,combined_stress,0.5,0.3,0.4,57,40,17,0.7017543859649122
1545,309,geometric_only,0.0,0.0,1.0,100,100,0,1.0
1546,309,noise_stress,2.0,0.0,1.0,100,100,0,1.0
1547,309,outlier_stress,0.0,0.4,1.0,167,100,67,0.5988023952095808
1548,309,overlap_stress,0.0,0.0,0.8,80,80,0,1.0
1549,309,combined_stress,2.0,0.4,0.8,133,80,53,0.6015037593984962
1550,310,geometric_only,0.0,0.0,1.0,100,100,0,1.0
1551,310,noise_stress,5.0,0.0,1.0,100,100,0,1.0
1552,310,outlier_stress,0.0,0.5,1.0,200,100,100,0.5
1553,310,overlap_stress,0.0,0.0,0.6,60,60,0,1.0
1554,310,combined_stress,5.0,0.5,0.6,120,60,60,0.5
1555,311,geometric_only,0.0,0.0,1.0,100,100,0,1.0
1556,311,noise_stress,10.0,0.0,1.0,100,100,0,1.0
1557,311,outlier_stress,0.0,0.6,1.0,250,100,150,0.4
1558,311,overlap_stress,0.0,0.0,0.4,40,40,0,1.0
1559,311,combined_stress,10.0,0.6,0.4,100,40,60,0.4
1560,312,geometric_only,0.0,0.0,1.0,100,100,0,1.0
1561,312,noise_stress,0.5,0.0,1.0,100,100,0,1.0
1562,312,outlier_stress,0.0,0.1,1.0,111,100,11,0.9009009009009009
1563,312,overlap_stress,0.0,0.0,0.8,80,80,0,1.0
1564,312,combined_stress,0.5,0.1,0.8,89,80,9,0.898876404494382
1565,313,geometric_only,0.0,0.0,1.0,100,100,0,1.0
1566,313,noise_stress,2.0,0.0,1.0,100,100,0,1.0
1567,313,outlier_stress,0.0,0.2,1.0,125,100,25,0.8
1568,313,overlap_stress,0.0,0.0,0.6,60,60,0,1.0
1569,313,combined_stress,2.0,0.2,0.6,75,60,15,0.8
1570,314,geometric_only,0.0,0.0,1.0,100,100,0,1.0
1571,314,noise_stress,5.0,0.0,1.0,100,100,0,1.0
1572,314,outlier_stress,0.0,0.3,1.0,143,100,43,0.6993006993006993
1573,314,overlap_stress,0.0,0.0,0.4,40,40,0,1.0
1574,314,combined_stress,5.0,0.3,0.4,57,40,17,0.7017543859649122
1575,315,geometric_only,0.0,0.0,1.0,100,100,0,1.0
1576,315,noise_stress,10.0,0.0,1.0,100,100,0,1.0
1577,315,outlier_stress,0.0,0.4,1.0,167,100,67,0.5988023952095808
1578,315,overlap_stress,0.0,0.0,0.8,80,80,0,1.0
1579,315,combined_stress,10.0,0.4,0.8,133,80,53,0.6015037593984962
1580,316,geometric_only,0.0,0.0,1.0,100,100,0,1.0
1581,316,noise_stress,0.5,0.0,1.0,100,100,0,1.0
1582,316,outlier_stress,0.0,0.5,1.0,200,100,100,0.5
1583,316,overlap_stress,0.0,0.0,0.6,60,60,0,1.0
1584,316,combined_stress,0.5,0.5,0.6,120,60,60,0.5
1585,317,geometric_only,0.0,0.0,1.0,100,100,0,1.0
1586,317,noise_stress,2.0,0.0,1.0,100,100,0,1.0
1587,317,outlier_stress,0.0,0.6,1.0,250,100,150,0.4
1588,317,overlap_stress,0.0,0.0,0.4,40,40,0,1.0
1589,317,combined_stress,2.0,0.6,0.4,100,40,60,0.4
1590,318,geometric_only,0.0,0.0,1.0,100,100,0,1.0
1591,318,noise_stress,5.0,0.0,1.0,100,100,0,1.0
1592,318,outlier_stress,0.0,0.1,1.0,111,100,11,0.9009009009009009
1593,318,overlap_stress,0.0,0.0,0.8,80,80,0,1.0
1594,318,combined_stress,5.0,0.1,0.8,89,80,9,0.898876404494382
1595,319,geometric_only,0.0,0.0,1.0,100,100,0,1.0
1596,319,noise_stress,10.0,0.0,1.0,100,100,0,1.0
1597,319,outlier_stress,0.0,0.2,1.0,125,100,25,0.8
1598,319,overlap_stress,0.0,0.0,0.6,60,60,0,1.0
1599,319,combined_stress,10.0,0.2,0.6,75,60,15,0.8
1600,320,geometric_only,0.0,0.0,1.0,100,100,0,1.0
1601,320,noise_stress,0.5,0.0,1.0,100,100,0,1.0
1602,320,outlier_stress,0.0,0.3,1.0,143,100,43,0.6993006993006993
1603,320,overlap_stress,0.0,0.0,0.4,40,40,0,1.0
1604,320,combined_stress,0.5,0.3,0.4,57,40,17,0.7017543859649122
1605,321,geometric_only,0.0,0.0,1.0,100,100,0,1.0
1606,321,noise_stress,2.0,0.0,1.0,100,100,0,1.0
1607,321,outlier_stress,0.0,0.4,1.0,167,100,67,0.5988023952095808
1608,321,overlap_stress,0.0,0.0,0.8,80,80,0,1.0
1609,321,combined_stress,2.0,0.4,0.8,133,80,53,0.6015037593984962
1610,322,geometric_only,0.0,0.0,1.0,100,100,0,1.0
1611,322,noise_stress,5.0,0.0,1.0,100,100,0,1.0
1612,322,outlier_stress,0.0,0.5,1.0,200,100,100,0.5
1613,322,overlap_stress,0.0,0.0,0.6,60,60,0,1.0
1614,322,combined_stress,5.0,0.5,0.6,120,60,60,0.5
1615,323,geometric_only,0.0,0.0,1.0,100,100,0,1.0
1616,323,noise_stress,10.0,0.0,1.0,100,100,0,1.0
1617,323,outlier_stress,0.0,0.6,1.0,250,100,150,0.4
1618,323,overlap_stress,0.0,0.0,0.4,40,40,0,1.0
1619,323,combined_stress,10.0,0.6,0.4,100,40,60,0.4
1620,324,geometric_only,0.0,0.0,1.0,100,100,0,1.0
1621,324,noise_stress,0.5,0.0,1.0,100,100,0,1.0
1622,324,outlier_stress,0.0,0.1,1.0,111,100,11,0.9009009009009009
1623,324,overlap_stress,0.0,0.0,0.8,80,80,0,1.0
1624,324,combined_stress,0.5,0.1,0.8,89,80,9,0.898876404494382
1625,325,geometric_only,0.0,0.0,1.0,100,100,0,1.0
1626,325,noise_stress,2.0,0.0,1.0,100,100,0,1.0
1627,325,outlier_stress,0.0,0.2,1.0,125,100,25,0.8
1628,325,overlap_stress,0.0,0.0,0.6,60,60,0,1.0
1629,325,combined_stress,2.0,0.2,0.6,75,60,15,0.8
1630,326,geometric_only,0.0,0.0,1.0,100,100,0,1.0
1631,326,noise_stress,5.0,0.0,1.0,100,100,0,1.0
1632,326,outlier_stress,0.0,0.3,1.0,143,100,43,0.6993006993006993
1633,326,overlap_stress,0.0,0.0,0.4,40,40,0,1.0
1634,326,combined_stress,5.0,0.3,0.4,57,40,17,0.7017543859649122
1635,327,geometric_only,0.0,0.0,1.0,100,100,0,1.0
1636,327,noise_stress,10.0,0.0,1.0,100,100,0,1.0
1637,327,outlier_stress,0.0,0.4,1.0,167,100,67,0.5988023952095808
1638,327,overlap_stress,0.0,0.0,0.8,80,80,0,1.0
1639,327,combined_stress,10.0,0.4,0.8,133,80,53,0.6015037593984962
1640,328,geometric_only,0.0,0.0,1.0,100,100,0,1.0
1641,328,noise_stress,0.5,0.0,1.0,100,100,0,1.0
1642,328,outlier_stress,0.0,0.5,1.0,200,100,100,0.5
1643,328,overlap_stress,0.0,0.0,0.6,60,60,0,1.0
1644,328,combined_stress,0.5,0.5,0.6,120,60,60,0.5
1645,329,geometric_only,0.0,0.0,1.0,100,100,0,1.0
1646,329,noise_stress,2.0,0.0,1.0,100,100,0,1.0
1647,329,outlier_stress,0.0,0.6,1.0,250,100,150,0.4
1648,329,overlap_stress,0.0,0.0,0.4,40,40,0,1.0
1649,329,combined_stress,2.0,0.6,0.4,100,40,60,0.4
1650,330,geometric_only,0.0,0.0,1.0,100,100,0,1.0
1651,330,noise_stress,5.0,0.0,1.0,100,100,0,1.0
1652,330,outlier_stress,0.0,0.1,1.0,111,100,11,0.9009009009009009
1653,330,overlap_stress,0.0,0.0,0.8,80,80,0,1.0
1654,330,combined_stress,5.0,0.1,0.8,89,80,9,0.898876404494382
1655,331,geometric_only,0.0,0.0,1.0,100,100,0,1.0
1656,331,noise_stress,10.0,0.0,1.0,100,100,0,1.0
1657,331,outlier_stress,0.0,0.2,1.0,125,100,25,0.8
1658,331,overlap_stress,0.0,0.0,0.6,60,60,0,1.0
1659,331,combined_stress,10.0,0.2,0.6,75,60,15,0.8
1660,332,geometric_only,0.0,0.0,1.0,100,100,0,1.0
1661,332,noise_stress,0.5,0.0,1.0,100,100,0,1.0
1662,332,outlier_stress,0.0,0.3,1.0,143,100,43,0.6993006993006993
1663,332,overlap_stress,0.0,0.0,0.4,40,40,0,1.0
1664,332,combined_stress,0.5,0.3,0.4,57,40,17,0.7017543859649122
1665,333,geometric_only,0.0,0.0,1.0,100,100,0,1.0
1666,333,noise_stress,2.0,0.0,1.0,100,100,0,1.0
1667,333,outlier_stress,0.0,0.4,1.0,167,100,67,0.5988023952095808
1668,333,overlap_stress,0.0,0.0,0.8,80,80,0,1.0
1669,333,combined_stress,2.0,0.4,0.8,133,80,53,0.6015037593984962
1670,334,geometric_only,0.0,0.0,1.0,100,100,0,1.0
1671,334,noise_stress,5.0,0.0,1.0,100,100,0,1.0
1672,334,outlier_stress,0.0,0.5,1.0,200,100,100,0.5
1673,334,overlap_stress,0.0,0.0,0.6,60,60,0,1.0
1674,334,combined_stress,5.0,0.5,0.6,120,60,60,0.5
1675,335,geometric_only,0.0,0.0,1.0,100,100,0,1.0
1676,335,noise_stress,10.0,0.0,1.0,100,100,0,1.0
1677,335,outlier_stress,0.0,0.6,1.0,250,100,150,0.4
1678,335,overlap_stress,0.0,0.0,0.4,40,40,0,1.0
1679,335,combined_stress,10.0,0.6,0.4,100,40,60,0.4
1680,336,geometric_only,0.0,0.0,1.0,100,100,0,1.0
1681,336,noise_stress,0.5,0.0,1.0,100,100,0,1.0
1682,336,outlier_stress,0.0,0.1,1.0,111,100,11,0.9009009009009009
1683,336,overlap_stress,0.0,0.0,0.8,80,80,0,1.0
1684,336,combined_stress,0.5,0.1,0.8,89,80,9,0.898876404494382
1685,337,geometric_only,0.0,0.0,1.0,100,100,0,1.0
1686,337,noise_stress,2.0,0.0,1.0,100,100,0,1.0
1687,337,outlier_stress,0.0,0.2,1.0,125,100,25,0.8
1688,337,overlap_stress,0.0,0.0,0.6,60,60,0,1.0
1689,337,combined_stress,2.0,0.2,0.6,75,60,15,0.8
1690,338,geometric_only,0.0,0.0,1.0,100,100,0,1.0
1691,338,noise_stress,5.0,0.0,1.0,100,100,0,1.0
1692,338,outlier_stress,0.0,0.3,1.0,143,100,43,0.6993006993006993
1693,338,overlap_stress,0.0,0.0,0.4,40,40,0,1.0
1694,338,combined_stress,5.0,0.3,0.4,57,40,17,0.7017543859649122
1695,339,geometric_only,0.0,0.0,1.0,100,100,0,1.0
1696,339,noise_stress,10.0,0.0,1.0,100,100,0,1.0
1697,339,outlier_stress,0.0,0.4,1.0,167,100,67,0.5988023952095808
1698,339,overlap_stress,0.0,0.0,0.8,80,80,0,1.0
1699,339,combined_stress,10.0,0.4,0.8,133,80,53,0.6015037593984962
1700,340,geometric_only,0.0,0.0,1.0,100,100,0,1.0
1701,340,noise_stress,0.5,0.0,1.0,100,100,0,1.0
1702,340,outlier_stress,0.0,0.5,1.0,200,100,100,0.5
1703,340,overlap_stress,0.0,0.0,0.6,60,60,0,1.0
1704,340,combined_stress,0.5,0.5,0.6,120,60,60,0.5
1705,341,geometric_only,0.0,0.0,1.0,100,100,0,1.0
1706,341,noise_stress,2.0,0.0,1.0,100,100,0,1.0
1707,341,outlier_stress,0.0,0.6,1.0,250,100,150,0.4
1708,341,overlap_stress,0.0,0.0,0.4,40,40,0,1.0
1709,341,combined_stress,2.0,0.6,0.4,100,40,60,0.4
1710,342,geometric_only,0.0,0.0,1.0,100,100,0,1.0
1711,342,noise_stress,5.0,0.0,1.0,100,100,0,1.0
1712,342,outlier_stress,0.0,0.1,1.0,111,100,11,0.9009009009009009
1713,342,overlap_stress,0.0,0.0,0.8,80,80,0,1.0
1714,342,combined_stress,5.0,0.1,0.8,89,80,9,0.898876404494382
1715,343,geometric_only,0.0,0.0,1.0,100,100,0,1.0
1716,343,noise_stress,10.0,0.0,1.0,100,100,0,1.0
1717,343,outlier_stress,0.0,0.2,1.0,125,100,25,0.8
1718,343,overlap_stress,0.0,0.0,0.6,60,60,0,1.0
1719,343,combined_stress,10.0,0.2,0.6,75,60,15,0.8
1720,344,geometric_only,0.0,0.0,1.0,100,100,0,1.0
1721,344,noise_stress,0.5,0.0,1.0,100,100,0,1.0
1722,344,outlier_stress,0.0,0.3,1.0,143,100,43,0.6993006993006993
1723,344,overlap_stress,0.0,0.0,0.4,40,40,0,1.0
1724,344,combined_stress,0.5,0.3,0.4,57,40,17,0.7017543859649122
1725,345,geometric_only,0.0,0.0,1.0,100,100,0,1.0
1726,345,noise_stress,2.0,0.0,1.0,100,100,0,1.0
1727,345,outlier_stress,0.0,0.4,1.0,167,100,67,0.5988023952095808
1728,345,overlap_stress,0.0,0.0,0.8,80,80,0,1.0
1729,345,combined_stress,2.0,0.4,0.8,133,80,53,0.6015037593984962
1730,346,geometric_only,0.0,0.0,1.0,100,100,0,1.0
1731,346,noise_stress,5.0,0.0,1.0,100,100,0,1.0
1732,346,outlier_stress,0.0,0.5,1.0,200,100,100,0.5
1733,346,overlap_stress,0.0,0.0,0.6,60,60,0,1.0
1734,346,combined_stress,5.0,0.5,0.6,120,60,60,0.5
1735,347,geometric_only,0.0,0.0,1.0,100,100,0,1.0
1736,347,noise_stress,10.0,0.0,1.0,100,100,0,1.0
1737,347,outlier_stress,0.0,0.6,1.0,250,100,150,0.4
1738,347,overlap_stress,0.0,0.0,0.4,40,40,0,1.0
1739,347,combined_stress,10.0,0.6,0.4,100,40,60,0.4
1740,348,geometric_only,0.0,0.0,1.0,100,100,0,1.0
1741,348,noise_stress,0.5,0.0,1.0,100,100,0,1.0
1742,348,outlier_stress,0.0,0.1,1.0,111,100,11,0.9009009009009009
1743,348,overlap_stress,0.0,0.0,0.8,80,80,0,1.0
1744,348,combined_stress,0.5,0.1,0.8,89,80,9,0.898876404494382
1745,349,geometric_only,0.0,0.0,1.0,100,100,0,1.0
1746,349,noise_stress,2.0,0.0,1.0,100,100,0,1.0
1747,349,outlier_stress,0.0,0.2,1.0,125,100,25,0.8
1748,349,overlap_stress,0.0,0.0,0.6,60,60,0,1.0
1749,349,combined_stress,2.0,0.2,0.6,75,60,15,0.8
1750,350,geometric_only,0.0,0.0,1.0,100,100,0,1.0
1751,350,noise_stress,5.0,0.0,1.0,100,100,0,1.0
1752,350,outlier_stress,0.0,0.3,1.0,143,100,43,0.6993006993006993
1753,350,overlap_stress,0.0,0.0,0.4,40,40,0,1.0
1754,350,combined_stress,5.0,0.3,0.4,57,40,17,0.7017543859649122
1755,351,geometric_only,0.0,0.0,1.0,100,100,0,1.0
1756,351,noise_stress,10.0,0.0,1.0,100,100,0,1.0
1757,351,outlier_stress,0.0,0.4,1.0,167,100,67,0.5988023952095808
1758,351,overlap_stress,0.0,0.0,0.8,80,80,0,1.0
1759,351,combined_stress,10.0,0.4,0.8,133,80,53,0.6015037593984962
1760,352,geometric_only,0.0,0.0,1.0,100,100,0,1.0
1761,352,noise_stress,0.5,0.0,1.0,100,100,0,1.0
1762,352,outlier_stress,0.0,0.5,1.0,200,100,100,0.5
1763,352,overlap_stress,0.0,0.0,0.6,60,60,0,1.0
1764,352,combined_stress,0.5,0.5,0.6,120,60,60,0.5
1765,353,geometric_only,0.0,0.0,1.0,100,100,0,1.0
1766,353,noise_stress,2.0,0.0,1.0,100,100,0,1.0
1767,353,outlier_stress,0.0,0.6,1.0,250,100,150,0.4
1768,353,overlap_stress,0.0,0.0,0.4,40,40,0,1.0
1769,353,combined_stress,2.0,0.6,0.4,100,40,60,0.4
1770,354,geometric_only,0.0,0.0,1.0,100,100,0,1.0
1771,354,noise_stress,5.0,0.0,1.0,100,100,0,1.0
1772,354,outlier_stress,0.0,0.1,1.0,111,100,11,0.9009009009009009
1773,354,overlap_stress,0.0,0.0,0.8,80,80,0,1.0
1774,354,combined_stress,5.0,0.1,0.8,89,80,9,0.898876404494382
1775,355,geometric_only,0.0,0.0,1.0,100,100,0,1.0
1776,355,noise_stress,10.0,0.0,1.0,100,100,0,1.0
1777,355,outlier_stress,0.0,0.2,1.0,125,100,25,0.8
1778,355,overlap_stress,0.0,0.0,0.6,60,60,0,1.0
1779,355,combined_stress,10.0,0.2,0.6,75,60,15,0.8
1780,356,geometric_only,0.0,0.0,1.0,100,100,0,1.0
1781,356,noise_stress,0.5,0.0,1.0,100,100,0,1.0
1782,356,outlier_stress,0.0,0.3,1.0,143,100,43,0.6993006993006993
1783,356,overlap_stress,0.0,0.0,0.4,40,40,0,1.0
1784,356,combined_stress,0.5,0.3,0.4,57,40,17,0.7017543859649122
1785,357,geometric_only,0.0,0.0,1.0,100,100,0,1.0
1786,357,noise_stress,2.0,0.0,1.0,100,100,0,1.0
1787,357,outlier_stress,0.0,0.4,1.0,167,100,67,0.5988023952095808
1788,357,overlap_stress,0.0,0.0,0.8,80,80,0,1.0
1789,357,combined_stress,2.0,0.4,0.8,133,80,53,0.6015037593984962
1790,358,geometric_only,0.0,0.0,1.0,100,100,0,1.0
1791,358,noise_stress,5.0,0.0,1.0,100,100,0,1.0
1792,358,outlier_stress,0.0,0.5,1.0,200,100,100,0.5
1793,358,overlap_stress,0.0,0.0,0.6,60,60,0,1.0
1794,358,combined_stress,5.0,0.5,0.6,120,60,60,0.5
1795,359,geometric_only,0.0,0.0,1.0,100,100,0,1.0
1796,359,noise_stress,10.0,0.0,1.0,100,100,0,1.0
1797,359,outlier_stress,0.0,0.6,1.0,250,100,150,0.4
1798,359,overlap_stress,0.0,0.0,0.4,40,40,0,1.0
1799,359,combined_stress,10.0,0.6,0.4,100,40,60,0.4
1800,360,geometric_only,0.0,0.0,1.0,100,100,0,1.0
1801,360,noise_stress,0.5,0.0,1.0,100,100,0,1.0
1802,360,outlier_stress,0.0,0.1,1.0,111,100,11,0.9009009009009009
1803,360,overlap_stress,0.0,0.0,0.8,80,80,0,1.0
1804,360,combined_stress,0.5,0.1,0.8,89,80,9,0.898876404494382
1805,361,geometric_only,0.0,0.0,1.0,100,100,0,1.0
1806,361,noise_stress,2.0,0.0,1.0,100,100,0,1.0
1807,361,outlier_stress,0.0,0.2,1.0,125,100,25,0.8
1808,361,overlap_stress,0.0,0.0,0.6,60,60,0,1.0
1809,361,combined_stress,2.0,0.2,0.6,75,60,15,0.8
1810,362,geometric_only,0.0,0.0,1.0,100,100,0,1.0
1811,362,noise_stress,5.0,0.0,1.0,100,100,0,1.0
1812,362,outlier_stress,0.0,0.3,1.0,143,100,43,0.6993006993006993
1813,362,overlap_stress,0.0,0.0,0.4,40,40,0,1.0
1814,362,combined_stress,5.0,0.3,0.4,57,40,17,0.7017543859649122
1815,363,geometric_only,0.0,0.0,1.0,100,100,0,1.0
1816,363,noise_stress,10.0,0.0,1.0,100,100,0,1.0
1817,363,outlier_stress,0.0,0.4,1.0,167,100,67,0.5988023952095808
1818,363,overlap_stress,0.0,0.0,0.8,80,80,0,1.0
1819,363,combined_stress,10.0,0.4,0.8,133,80,53,0.6015037593984962
1820,364,geometric_only,0.0,0.0,1.0,100,100,0,1.0
1821,364,noise_stress,0.5,0.0,1.0,100,100,0,1.0
1822,364,outlier_stress,0.0,0.5,1.0,200,100,100,0.5
1823,364,overlap_stress,0.0,0.0,0.6,60,60,0,1.0
1824,364,combined_stress,0.5,0.5,0.6,120,60,60,0.5
1825,365,geometric_only,0.0,0.0,1.0,100,100,0,1.0
1826,365,noise_stress,2.0,0.0,1.0,100,100,0,1.0
1827,365,outlier_stress,0.0,0.6,1.0,250,100,150,0.4
1828,365,overlap_stress,0.0,0.0,0.4,40,40,0,1.0
1829,365,combined_stress,2.0,0.6,0.4,100,40,60,0.4
1830,366,geometric_only,0.0,0.0,1.0,100,100,0,1.0
1831,366,noise_stress,5.0,0.0,1.0,100,100,0,1.0
1832,366,outlier_stress,0.0,0.1,1.0,111,100,11,0.9009009009009009
1833,366,overlap_stress,0.0,0.0,0.8,80,80,0,1.0
1834,366,combined_stress,5.0,0.1,0.8,89,80,9,0.898876404494382
1835,367,geometric_only,0.0,0.0,1.0,100,100,0,1.0
1836,367,noise_stress,10.0,0.0,1.0,100,100,0,1.0
1837,367,outlier_stress,0.0,0.2,1.0,125,100,25,0.8
1838,367,overlap_stress,0.0,0.0,0.6,60,60,0,1.0
1839,367,combined_stress,10.0,0.2,0.6,75,60,15,0.8
1840,368,geometric_only,0.0,0.0,1.0,100,100,0,1.0
1841,368,noise_stress,0.5,0.0,1.0,100,100,0,1.0
1842,368,outlier_stress,0.0,0.3,1.0,143,100,43,0.6993006993006993
1843,368,overlap_stress,0.0,0.0,0.4,40,40,0,1.0
1844,368,combined_stress,0.5,0.3,0.4,57,40,17,0.7017543859649122
1845,369,geometric_only,0.0,0.0,1.0,100,100,0,1.0
1846,369,noise_stress,2.0,0.0,1.0,100,100,0,1.0
1847,369,outlier_stress,0.0,0.4,1.0,167,100,67,0.5988023952095808
1848,369,overlap_stress,0.0,0.0,0.8,80,80,0,1.0
1849,369,combined_stress,2.0,0.4,0.8,133,80,53,0.6015037593984962
1850,370,geometric_only,0.0,0.0,1.0,100,100,0,1.0
1851,370,noise_stress,5.0,0.0,1.0,100,100,0,1.0
1852,370,outlier_stress,0.0,0.5,1.0,200,100,100,0.5
1853,370,overlap_stress,0.0,0.0,0.6,60,60,0,1.0
1854,370,combined_stress,5.0,0.5,0.6,120,60,60,0.5
1855,371,geometric_only,0.0,0.0,1.0,100,100,0,1.0
1856,371,noise_stress,10.0,0.0,1.0,100,100,0,1.0
1857,371,outlier_stress,0.0,0.6,1.0,250,100,150,0.4
1858,371,overlap_stress,0.0,0.0,0.4,40,40,0,1.0
1859,371,combined_stress,10.0,0.6,0.4,100,40,60,0.4
1860,372,geometric_only,0.0,0.0,1.0,100,100,0,1.0
1861,372,noise_stress,0.5,0.0,1.0,100,100,0,1.0
1862,372,outlier_stress,0.0,0.1,1.0,111,100,11,0.9009009009009009
1863,372,overlap_stress,0.0,0.0,0.8,80,80,0,1.0
1864,372,combined_stress,0.5,0.1,0.8,89,80,9,0.898876404494382
1865,373,geometric_only,0.0,0.0,1.0,100,100,0,1.0
1866,373,noise_stress,2.0,0.0,1.0,100,100,0,1.0
1867,373,outlier_stress,0.0,0.2,1.0,125,100,25,0.8
1868,373,overlap_stress,0.0,0.0,0.6,60,60,0,1.0
1869,373,combined_stress,2.0,0.2,0.6,75,60,15,0.8
1870,374,geometric_only,0.0,0.0,1.0,100,100,0,1.0
1871,374,noise_stress,5.0,0.0,1.0,100,100,0,1.0
1872,374,outlier_stress,0.0,0.3,1.0,143,100,43,0.6993006993006993
1873,374,overlap_stress,0.0,0.0,0.4,40,40,0,1.0
1874,374,combined_stress,5.0,0.3,0.4,57,40,17,0.7017543859649122
1875,375,geometric_only,0.0,0.0,1.0,100,100,0,1.0
1876,375,noise_stress,10.0,0.0,1.0,100,100,0,1.0
1877,375,outlier_stress,0.0,0.4,1.0,167,100,67,0.5988023952095808
1878,375,overlap_stress,0.0,0.0,0.8,80,80,0,1.0
1879,375,combined_stress,10.0,0.4,0.8,133,80,53,0.6015037593984962
1880,376,geometric_only,0.0,0.0,1.0,100,100,0,1.0
1881,376,noise_stress,0.5,0.0,1.0,100,100,0,1.0
1882,376,outlier_stress,0.0,0.5,1.0,200,100,100,0.5
1883,376,overlap_stress,0.0,0.0,0.6,60,60,0,1.0
1884,376,combined_stress,0.5,0.5,0.6,120,60,60,0.5
1885,377,geometric_only,0.0,0.0,1.0,100,100,0,1.0
1886,377,noise_stress,2.0,0.0,1.0,100,100,0,1.0
1887,377,outlier_stress,0.0,0.6,1.0,250,100,150,0.4
1888,377,overlap_stress,0.0,0.0,0.4,40,40,0,1.0
1889,377,combined_stress,2.0,0.6,0.4,100,40,60,0.4
1890,378,geometric_only,0.0,0.0,1.0,100,100,0,1.0
1891,378,noise_stress,5.0,0.0,1.0,100,100,0,1.0
1892,378,outlier_stress,0.0,0.1,1.0,111,100,11,0.9009009009009009
1893,378,overlap_stress,0.0,0.0,0.8,80,80,0,1.0
1894,378,combined_stress,5.0,0.1,0.8,89,80,9,0.898876404494382
1895,379,geometric_only,0.0,0.0,1.0,100,100,0,1.0
1896,379,noise_stress,10.0,0.0,1.0,100,100,0,1.0
1897,379,outlier_stress,0.0,0.2,1.0,125,100,25,0.8
1898,379,overlap_stress,0.0,0.0,0.6,60,60,0,1.0
1899,379,combined_stress,10.0,0.2,0.6,75,60,15,0.8
1900,380,geometric_only,0.0,0.0,1.0,100,100,0,1.0
1901,380,noise_stress,0.5,0.0,1.0,100,100,0,1.0
1902,380,outlier_stress,0.0,0.3,1.0,143,100,43,0.6993006993006993
1903,380,overlap_stress,0.0,0.0,0.4,40,40,0,1.0
1904,380,combined_stress,0.5,0.3,0.4,57,40,17,0.7017543859649122
1905,381,geometric_only,0.0,0.0,1.0,100,100,0,1.0
1906,381,noise_stress,2.0,0.0,1.0,100,100,0,1.0
1907,381,outlier_stress,0.0,0.4,1.0,167,100,67,0.5988023952095808
1908,381,overlap_stress,0.0,0.0,0.8,80,80,0,1.0
1909,381,combined_stress,2.0,0.4,0.8,133,80,53,0.6015037593984962
1910,382,geometric_only,0.0,0.0,1.0,100,100,0,1.0
1911,382,noise_stress,5.0,0.0,1.0,100,100,0,1.0
1912,382,outlier_stress,0.0,0.5,1.0,200,100,100,0.5
1913,382,overlap_stress,0.0,0.0,0.6,60,60,0,1.0
1914,382,combined_stress,5.0,0.5,0.6,120,60,60,0.5
1915,383,geometric_only,0.0,0.0,1.0,100,100,0,1.0
1916,383,noise_stress,10.0,0.0,1.0,100,100,0,1.0
1917,383,outlier_stress,0.0,0.6,1.0,250,100,150,0.4
1918,383,overlap_stress,0.0,0.0,0.4,40,40,0,1.0
1919,383,combined_stress,10.0,0.6,0.4,100,40,60,0.4
1920,384,geometric_only,0.0,0.0,1.0,100,100,0,1.0
1921,384,noise_stress,0.5,0.0,1.0,100,100,0,1.0
1922,384,outlier_stress,0.0,0.1,1.0,111,100,11,0.9009009009009009
1923,384,overlap_stress,0.0,0.0,0.8,80,80,0,1.0
1924,384,combined_stress,0.5,0.1,0.8,89,80,9,0.898876404494382
1925,385,geometric_only,0.0,0.0,1.0,100,100,0,1.0
1926,385,noise_stress,2.0,0.0,1.0,100,100,0,1.0
1927,385,outlier_stress,0.0,0.2,1.0,125,100,25,0.8
1928,385,overlap_stress,0.0,0.0,0.6,60,60,0,1.0
1929,385,combined_stress,2.0,0.2,0.6,75,60,15,0.8
1930,386,geometric_only,0.0,0.0,1.0,100,100,0,1.0
1931,386,noise_stress,5.0,0.0,1.0,100,100,0,1.0
1932,386,outlier_stress,0.0,0.3,1.0,143,100,43,0.6993006993006993
1933,386,overlap_stress,0.0,0.0,0.4,40,40,0,1.0
1934,386,combined_stress,5.0,0.3,0.4,57,40,17,0.7017543859649122
1935,387,geometric_only,0.0,0.0,1.0,100,100,0,1.0
1936,387,noise_stress,10.0,0.0,1.0,100,100,0,1.0
1937,387,outlier_stress,0.0,0.4,1.0,167,100,67,0.5988023952095808
1938,387,overlap_stress,0.0,0.0,0.8,80,80,0,1.0
1939,387,combined_stress,10.0,0.4,0.8,133,80,53,0.6015037593984962
1940,388,geometric_only,0.0,0.0,1.0,100,100,0,1.0
1941,388,noise_stress,0.5,0.0,1.0,100,100,0,1.0
1942,388,outlier_stress,0.0,0.5,1.0,200,100,100,0.5
1943,388,overlap_stress,0.0,0.0,0.6,60,60,0,1.0
1944,388,combined_stress,0.5,0.5,0.6,120,60,60,0.5
1945,389,geometric_only,0.0,0.0,1.0,100,100,0,1.0
1946,389,noise_stress,2.0,0.0,1.0,100,100,0,1.0
1947,389,outlier_stress,0.0,0.6,1.0,250,100,150,0.4
1948,389,overlap_stress,0.0,0.0,0.4,40,40,0,1.0
1949,389,combined_stress,2.0,0.6,0.4,100,40,60,0.4
1950,390,geometric_only,0.0,0.0,1.0,100,100,0,1.0
1951,390,noise_stress,5.0,0.0,1.0,100,100,0,1.0
1952,390,outlier_stress,0.0,0.1,1.0,111,100,11,0.9009009009009009
1953,390,overlap_stress,0.0,0.0,0.8,80,80,0,1.0
1954,390,combined_stress,5.0,0.1,0.8,89,80,9,0.898876404494382
1955,391,geometric_only,0.0,0.0,1.0,100,100,0,1.0
1956,391,noise_stress,10.0,0.0,1.0,100,100,0,1.0
1957,391,outlier_stress,0.0,0.2,1.0,125,100,25,0.8
1958,391,overlap_stress,0.0,0.0,0.6,60,60,0,1.0
1959,391,combined_stress,10.0,0.2,0.6,75,60,15,0.8
1960,392,geometric_only,0.0,0.0,1.0,100,100,0,1.0
1961,392,noise_stress,0.5,0.0,1.0,100,100,0,1.0
1962,392,outlier_stress,0.0,0.3,1.0,143,100,43,0.6993006993006993
1963,392,overlap_stress,0.0,0.0,0.4,40,40,0,1.0
1964,392,combined_stress,0.5,0.3,0.4,57,40,17,0.7017543859649122
1965,393,geometric_only,0.0,0.0,1.0,100,100,0,1.0
1966,393,noise_stress,2.0,0.0,1.0,100,100,0,1.0
1967,393,outlier_stress,0.0,0.4,1.0,167,100,67,0.5988023952095808
1968,393,overlap_stress,0.0,0.0,0.8,80,80,0,1.0
1969,393,combined_stress,2.0,0.4,0.8,133,80,53,0.6015037593984962
1970,394,geometric_only,0.0,0.0,1.0,100,100,0,1.0
1971,394,noise_stress,5.0,0.0,1.0,100,100,0,1.0
1972,394,outlier_stress,0.0,0.5,1.0,200,100,100,0.5
1973,394,overlap_stress,0.0,0.0,0.6,60,60,0,1.0
1974,394,combined_stress,5.0,0.5,0.6,120,60,60,0.5
1975,395,geometric_only,0.0,0.0,1.0,100,100,0,1.0
1976,395,noise_stress,10.0,0.0,1.0,100,100,0,1.0
1977,395,outlier_stress,0.0,0.6,1.0,250,100,150,0.4
1978,395,overlap_stress,0.0,0.0,0.4,40,40,0,1.0
1979,395,combined_stress,10.0,0.6,0.4,100,40,60,0.4
1980,396,geometric_only,0.0,0.0,1.0,100,100,0,1.0
1981,396,noise_stress,0.5,0.0,1.0,100,100,0,1.0
1982,396,outlier_stress,0.0,0.1,1.0,111,100,11,0.9009009009009009
1983,396,overlap_stress,0.0,0.0,0.8,80,80,0,1.0
1984,396,combined_stress,0.5,0.1,0.8,89,80,9,0.898876404494382
1985,397,geometric_only,0.0,0.0,1.0,100,100,0,1.0
1986,397,noise_stress,2.0,0.0,1.0,100,100,0,1.0
1987,397,outlier_stress,0.0,0.2,1.0,125,100,25,0.8
1988,397,overlap_stress,0.0,0.0,0.6,60,60,0,1.0
1989,397,combined_stress,2.0,0.2,0.6,75,60,15,0.8
1990,398,geometric_only,0.0,0.0,1.0,100,100,0,1.0
1991,398,noise_stress,5.0,0.0,1.0,100,100,0,1.0
1992,398,outlier_stress,0.0,0.3,1.0,143,100,43,0.6993006993006993
1993,398,overlap_stress,0.0,0.0,0.4,40,40,0,1.0
1994,398,combined_stress,5.0,0.3,0.4,57,40,17,0.7017543859649122
1995,399,geometric_only,0.0,0.0,1.0,100,100,0,1.0
1996,399,noise_stress,10.0,0.0,1.0,100,100,0,1.0
1997,399,outlier_stress,0.0,0.4,1.0,167,100,67,0.5988023952095808
1998,399,overlap_stress,0.0,0.0,0.8,80,80,0,1.0
1999,399,combined_stress,10.0,0.4,0.8,133,80,53,0.6015037593984962
