anchor_id,view_id,source_modality,target_modality,sample_type,correspondence_type,ground_truth_available,real_geographic_correspondence,split
0,0,OHRC,TMC-2,controlled_synthetic,synthetic_fixed_global_transformation,True,False,train
0,1,OHRC,TMC-2,controlled_synthetic,synthetic_fixed_global_transformation,True,False,train
0,2,OHRC,TMC-2,controlled_synthetic,synthetic_fixed_global_transformation,True,False,train
0,3,OHRC,TMC-2,controlled_synthetic,synthetic_fixed_global_transformation,True,False,train
0,4,OHRC,TMC-2,controlled_synthetic,synthetic_fixed_global_transformation,True,False,train
1,0,OHRC,TMC-2,controlled_synthetic,synthetic_fixed_global_transformation,True,False,validation
1,1,OHRC,TMC-2,controlled_synthetic,synthetic_fixed_global_transformation,True,False,validation
1,2,OHRC,TMC-2,controlled_synthetic,synthetic_fixed_global_transformation,True,False,validation
1,3,OHRC,TMC-2,controlled_synthetic,synthetic_fixed_global_transformation,True,False,validation
1,4,OHRC,TMC-2,controlled_synthetic,synthetic_fixed_global_transformation,True,False,validation
2,0,OHRC,TMC-2,controlled_synthetic,synthetic_fixed_global_transformation,True,False,train
2,1,OHRC,TMC-2,controlled_synthetic,synthetic_fixed_global_transformation,True,False,train
2,2,OHRC,TMC-2,controlled_synthetic,synthetic_fixed_global_transformation,True,False,train
2,3,OHRC,TMC-2,controlled_synthetic,synthetic_fixed_global_transformation,True,False,train
2,4,OHRC,TMC-2,controlled_synthetic,synthetic_fixed_global_transformation,True,False,train
3,0,OHRC,TMC-2,controlled_synthetic,synthetic_fixed_global_transformation,True,False,train
3,1,OHRC,TMC-2,controlled_synthetic,synthetic_fixed_global_transformation,True,False,train
3,2,OHRC,TMC-2,controlled_synthetic,synthetic_fixed_global_transformation,True,False,train
3,3,OHRC,TMC-2,controlled_synthetic,synthetic_fixed_global_transformation,True,False,train
3,4,OHRC,TMC-2,controlled_synthetic,synthetic_fixed_global_transformation,True,False,train
4,0,OHRC,TMC-2,controlled_synthetic,synthetic_fixed_global_transformation,True,False,train
4,1,OHRC,TMC-2,controlled_synthetic,synthetic_fixed_global_transformation,True,False,train
4,2,OHRC,TMC-2,controlled_synthetic,synthetic_fixed_global_transformation,True,False,train
4,3,OHRC,TMC-2,controlled_synthetic,synthetic_fixed_global_transformation,True,False,train
4,4,OHRC,TMC-2,controlled_synthetic,synthetic_fixed_global_transformation,True,False,train
5,0,OHRC,TMC-2,controlled_synthetic,synthetic_fixed_global_transformation,True,False,validation
5,1,OHRC,TMC-2,controlled_synthetic,synthetic_fixed_global_transformation,True,False,validation
5,2,OHRC,TMC-2,controlled_synthetic,synthetic_fixed_global_transformation,True,False,validation
5,3,OHRC,TMC-2,controlled_synthetic,synthetic_fixed_global_transformation,True,False,validation
5,4,OHRC,TMC-2,controlled_synthetic,synthetic_fixed_global_transformation,True,False,validation
6,0,OHRC,TMC-2,controlled_synthetic,synthetic_fixed_global_transformation,True,False,test
6,1,OHRC,TMC-2,controlled_synthetic,synthetic_fixed_global_transformation,True,False,test
6,2,OHRC,TMC-2,controlled_synthetic,synthetic_fixed_global_transformation,True,False,test
6,3,OHRC,TMC-2,controlled_synthetic,synthetic_fixed_global_transformation,True,False,test
6,4,OHRC,TMC-2,controlled_synthetic,synthetic_fixed_global_transformation,True,False,test
7,0,OHRC,TMC-2,controlled_synthetic,synthetic_fixed_global_transformation,True,False,train
7,1,OHRC,TMC-2,controlled_synthetic,synthetic_fixed_global_transformation,True,False,train
7,2,OHRC,TMC-2,controlled_synthetic,synthetic_fixed_global_transformation,True,False,train
7,3,OHRC,TMC-2,controlled_synthetic,synthetic_fixed_global_transformation,True,False,train
7,4,OHRC,TMC-2,controlled_synthetic,synthetic_fixed_global_transformation,True,False,train
8,0,OHRC,TMC-2,controlled_synthetic,synthetic_fixed_global_transformation,True,False,train
8,1,OHRC,TMC-2,controlled_synthetic,synthetic_fixed_global_transformation,True,False,train
8,2,OHRC,TMC-2,controlled_synthetic,synthetic_fixed_global_transformation,True,False,train
8,3,OHRC,TMC-2,controlled_synthetic,synthetic_fixed_global_transformation,True,False,train
8,4,OHRC,TMC-2,controlled_synthetic,synthetic_fixed_global_transformation,True,False,train
9,0,OHRC,TMC-2,controlled_synthetic,synthetic_fixed_global_transformation,True,False,train
9,1,OHRC,TMC-2,controlled_synthetic,synthetic_fixed_global_transformation,True,False,train
9,2,OHRC,TMC-2,controlled_synthetic,synthetic_fixed_global_transformation,True,False,train
9,3,OHRC,TMC-2,controlled_synthetic,synthetic_fixed_global_transformation,True,False,train
9,4,OHRC,TMC-2,controlled_synthetic,synthetic_fixed_global_transformation,True,False,train
10,0,OHRC,TMC-2,controlled_synthetic,synthetic_fixed_global_transformation,True,False,validation
10,1,OHRC,TMC-2,controlled_synthetic,synthetic_fixed_global_transformation,True,False,validation
10,2,OHRC,TMC-2,controlled_synthetic,synthetic_fixed_global_transformation,True,False,validation
10,3,OHRC,TMC-2,controlled_synthetic,synthetic_fixed_global_transformation,True,False,validation
10,4,OHRC,TMC-2,controlled_synthetic,synthetic_fixed_global_transformation,True,False,validation
11,0,OHRC,TMC-2,controlled_synthetic,synthetic_fixed_global_transformation,True,False,train
11,1,OHRC,TMC-2,controlled_synthetic,synthetic_fixed_global_transformation,True,False,train
11,2,OHRC,TMC-2,controlled_synthetic,synthetic_fixed_global_transformation,True,False,train
11,3,OHRC,TMC-2,controlled_synthetic,synthetic_fixed_global_transformation,True,False,train
11,4,OHRC,TMC-2,controlled_synthetic,synthetic_fixed_global_transformation,True,False,train
12,0,OHRC,TMC-2,controlled_synthetic,synthetic_fixed_global_transformation,True,False,train
12,1,OHRC,TMC-2,controlled_synthetic,synthetic_fixed_global_transformation,True,False,train
12,2,OHRC,TMC-2,controlled_synthetic,synthetic_fixed_global_transformation,True,False,train
12,3,OHRC,TMC-2,controlled_synthetic,synthetic_fixed_global_transformation,True,False,train
12,4,OHRC,TMC-2,controlled_synthetic,synthetic_fixed_global_transformation,True,False,train
13,0,OHRC,TMC-2,controlled_synthetic,synthetic_fixed_global_transformation,True,False,validation
13,1,OHRC,TMC-2,controlled_synthetic,synthetic_fixed_global_transformation,True,False,validation
13,2,OHRC,TMC-2,controlled_synthetic,synthetic_fixed_global_transformation,True,False,validation
13,3,OHRC,TMC-2,controlled_synthetic,synthetic_fixed_global_transformation,True,False,validation
13,4,OHRC,TMC-2,controlled_synthetic,synthetic_fixed_global_transformation,True,False,validation
14,0,OHRC,TMC-2,controlled_synthetic,synthetic_fixed_global_transformation,True,False,test
14,1,OHRC,TMC-2,controlled_synthetic,synthetic_fixed_global_transformation,True,False,test
14,2,OHRC,TMC-2,controlled_synthetic,synthetic_fixed_global_transformation,True,False,test
14,3,OHRC,TMC-2,controlled_synthetic,synthetic_fixed_global_transformation,True,False,test
14,4,OHRC,TMC-2,controlled_synthetic,synthetic_fixed_global_transformation,True,False,test
15,0,OHRC,TMC-2,controlled_synthetic,synthetic_fixed_global_transformation,True,False,test
15,1,OHRC,TMC-2,controlled_synthetic,synthetic_fixed_global_transformation,True,False,test
15,2,OHRC,TMC-2,controlled_synthetic,synthetic_fixed_global_transformation,True,False,test
15,3,OHRC,TMC-2,controlled_synthetic,synthetic_fixed_global_transformation,True,False,test
15,4,OHRC,TMC-2,controlled_synthetic,synthetic_fixed_global_transformation,True,False,test
16,0,OHRC,TMC-2,controlled_synthetic,synthetic_fixed_global_transformation,True,False,test
16,1,OHRC,TMC-2,controlled_synthetic,synthetic_fixed_global_transformation,True,False,test
16,2,OHRC,TMC-2,controlled_synthetic,synthetic_fixed_global_transformation,True,False,test
16,3,OHRC,TMC-2,controlled_synthetic,synthetic_fixed_global_transformation,True,False,test
16,4,OHRC,TMC-2,controlled_synthetic,synthetic_fixed_global_transformation,True,False,test
17,0,OHRC,TMC-2,controlled_synthetic,synthetic_fixed_global_transformation,True,False,validation
17,1,OHRC,TMC-2,controlled_synthetic,synthetic_fixed_global_transformation,True,False,validation
17,2,OHRC,TMC-2,controlled_synthetic,synthetic_fixed_global_transformation,True,False,validation
17,3,OHRC,TMC-2,controlled_synthetic,synthetic_fixed_global_transformation,True,False,validation
17,4,OHRC,TMC-2,controlled_synthetic,synthetic_fixed_global_transformation,True,False,validation
18,0,OHRC,TMC-2,controlled_synthetic,synthetic_fixed_global_transformation,True,False,train
18,1,OHRC,TMC-2,controlled_synthetic,synthetic_fixed_global_transformation,True,False,train
18,2,OHRC,TMC-2,controlled_synthetic,synthetic_fixed_global_transformation,True,False,train
18,3,OHRC,TMC-2,controlled_synthetic,synthetic_fixed_global_transformation,True,False,train
18,4,OHRC,TMC-2,controlled_synthetic,synthetic_fixed_global_transformation,True,False,train
19,0,OHRC,TMC-2,controlled_synthetic,synthetic_fixed_global_transformation,True,False,train
19,1,OHRC,TMC-2,controlled_synthetic,synthetic_fixed_global_transformation,True,False,train
19,2,OHRC,TMC-2,controlled_synthetic,synthetic_fixed_global_transformation,True,False,train
19,3,OHRC,TMC-2,controlled_synthetic,synthetic_fixed_global_transformation,True,False,train
19,4,OHRC,TMC-2,controlled_synthetic,synthetic_fixed_global_transformation,True,False,train
20,0,OHRC,TMC-2,controlled_synthetic,synthetic_fixed_global_transformation,True,False,train
20,1,OHRC,TMC-2,controlled_synthetic,synthetic_fixed_global_transformation,True,False,train
20,2,OHRC,TMC-2,controlled_synthetic,synthetic_fixed_global_transformation,True,False,train
20,3,OHRC,TMC-2,controlled_synthetic,synthetic_fixed_global_transformation,True,False,train
20,4,OHRC,TMC-2,controlled_synthetic,synthetic_fixed_global_transformation,True,False,train
21,0,OHRC,TMC-2,controlled_synthetic,synthetic_fixed_global_transformation,True,False,validation
21,1,OHRC,TMC-2,controlled_synthetic,synthetic_fixed_global_transformation,True,False,validation
21,2,OHRC,TMC-2,controlled_synthetic,synthetic_fixed_global_transformation,True,False,validation
21,3,OHRC,TMC-2,controlled_synthetic,synthetic_fixed_global_transformation,True,False,validation
21,4,OHRC,TMC-2,controlled_synthetic,synthetic_fixed_global_transformation,True,False,validation
22,0,OHRC,TMC-2,controlled_synthetic,synthetic_fixed_global_transformation,True,False,test
22,1,OHRC,TMC-2,controlled_synthetic,synthetic_fixed_global_transformation,True,False,test
22,2,OHRC,TMC-2,controlled_synthetic,synthetic_fixed_global_transformation,True,False,test
22,3,OHRC,TMC-2,controlled_synthetic,synthetic_fixed_global_transformation,True,False,test
22,4,OHRC,TMC-2,controlled_synthetic,synthetic_fixed_global_transformation,True,False,test
23,0,OHRC,TMC-2,controlled_synthetic,synthetic_fixed_global_transformation,True,False,test
23,1,OHRC,TMC-2,controlled_synthetic,synthetic_fixed_global_transformation,True,False,test
23,2,OHRC,TMC-2,controlled_synthetic,synthetic_fixed_global_transformation,True,False,test
23,3,OHRC,TMC-2,controlled_synthetic,synthetic_fixed_global_transformation,True,False,test
23,4,OHRC,TMC-2,controlled_synthetic,synthetic_fixed_global_transformation,True,False,test
24,0,OHRC,TMC-2,controlled_synthetic,synthetic_fixed_global_transformation,True,False,train
24,1,OHRC,TMC-2,controlled_synthetic,synthetic_fixed_global_transformation,True,False,train
24,2,OHRC,TMC-2,controlled_synthetic,synthetic_fixed_global_transformation,True,False,train
24,3,OHRC,TMC-2,controlled_synthetic,synthetic_fixed_global_transformation,True,False,train
24,4,OHRC,TMC-2,controlled_synthetic,synthetic_fixed_global_transformation,True,False,train
25,0,OHRC,TMC-2,controlled_synthetic,synthetic_fixed_global_transformation,True,False,train
25,1,OHRC,TMC-2,controlled_synthetic,synthetic_fixed_global_transformation,True,False,train
25,2,OHRC,TMC-2,controlled_synthetic,synthetic_fixed_global_transformation,True,False,train
25,3,OHRC,TMC-2,controlled_synthetic,synthetic_fixed_global_transformation,True,False,train
25,4,OHRC,TMC-2,controlled_synthetic,synthetic_fixed_global_transformation,True,False,train
26,0,OHRC,TMC-2,controlled_synthetic,synthetic_fixed_global_transformation,True,False,train
26,1,OHRC,TMC-2,controlled_synthetic,synthetic_fixed_global_transformation,True,False,train
26,2,OHRC,TMC-2,controlled_synthetic,synthetic_fixed_global_transformation,True,False,train
26,3,OHRC,TMC-2,controlled_synthetic,synthetic_fixed_global_transformation,True,False,train
26,4,OHRC,TMC-2,controlled_synthetic,synthetic_fixed_global_transformation,True,False,train
27,0,OHRC,TMC-2,controlled_synthetic,synthetic_fixed_global_transformation,True,False,train
27,1,OHRC,TMC-2,controlled_synthetic,synthetic_fixed_global_transformation,True,False,train
27,2,OHRC,TMC-2,controlled_synthetic,synthetic_fixed_global_transformation,True,False,train
27,3,OHRC,TMC-2,controlled_synthetic,synthetic_fixed_global_transformation,True,False,train
27,4,OHRC,TMC-2,controlled_synthetic,synthetic_fixed_global_transformation,True,False,train
28,0,OHRC,TMC-2,controlled_synthetic,synthetic_fixed_global_transformation,True,False,train
28,1,OHRC,TMC-2,controlled_synthetic,synthetic_fixed_global_transformation,True,False,train
28,2,OHRC,TMC-2,controlled_synthetic,synthetic_fixed_global_transformation,True,False,train
28,3,OHRC,TMC-2,controlled_synthetic,synthetic_fixed_global_transformation,True,False,train
28,4,OHRC,TMC-2,controlled_synthetic,synthetic_fixed_global_transformation,True,False,train
29,0,OHRC,TMC-2,controlled_synthetic,synthetic_fixed_global_transformation,True,False,train
29,1,OHRC,TMC-2,controlled_synthetic,synthetic_fixed_global_transformation,True,False,train
29,2,OHRC,TMC-2,controlled_synthetic,synthetic_fixed_global_transformation,True,False,train
29,3,OHRC,TMC-2,controlled_synthetic,synthetic_fixed_global_transformation,True,False,train
29,4,OHRC,TMC-2,controlled_synthetic,synthetic_fixed_global_transformation,True,False,train
30,0,OHRC,TMC-2,controlled_synthetic,synthetic_fixed_global_transformation,True,False,train
30,1,OHRC,TMC-2,controlled_synthetic,synthetic_fixed_global_transformation,True,False,train
30,2,OHRC,TMC-2,controlled_synthetic,synthetic_fixed_global_transformation,True,False,train
30,3,OHRC,TMC-2,controlled_synthetic,synthetic_fixed_global_transformation,True,False,train
30,4,OHRC,TMC-2,controlled_synthetic,synthetic_fixed_global_transformation,True,False,train
31,0,OHRC,TMC-2,controlled_synthetic,synthetic_fixed_global_transformation,True,False,test
31,1,OHRC,TMC-2,controlled_synthetic,synthetic_fixed_global_transformation,True,False,test
31,2,OHRC,TMC-2,controlled_synthetic,synthetic_fixed_global_transformation,True,False,test
31,3,OHRC,TMC-2,controlled_synthetic,synthetic_fixed_global_transformation,True,False,test
31,4,OHRC,TMC-2,controlled_synthetic,synthetic_fixed_global_transformation,True,False,test
32,0,OHRC,TMC-2,controlled_synthetic,synthetic_fixed_global_transformation,True,False,train
32,1,OHRC,TMC-2,controlled_synthetic,synthetic_fixed_global_transformation,True,False,train
32,2,OHRC,TMC-2,controlled_synthetic,synthetic_fixed_global_transformation,True,False,train
32,3,OHRC,TMC-2,controlled_synthetic,synthetic_fixed_global_transformation,True,False,train
32,4,OHRC,TMC-2,controlled_synthetic,synthetic_fixed_global_transformation,True,False,train
33,0,OHRC,TMC-2,controlled_synthetic,synthetic_fixed_global_transformation,True,False,train
33,1,OHRC,TMC-2,controlled_synthetic,synthetic_fixed_global_transformation,True,False,train
33,2,OHRC,TMC-2,controlled_synthetic,synthetic_fixed_global_transformation,True,False,train
33,3,OHRC,TMC-2,controlled_synthetic,synthetic_fixed_global_transformation,True,False,train
33,4,OHRC,TMC-2,controlled_synthetic,synthetic_fixed_global_transformation,True,False,train
34,0,OHRC,TMC-2,controlled_synthetic,synthetic_fixed_global_transformation,True,False,test
34,1,OHRC,TMC-2,controlled_synthetic,synthetic_fixed_global_transformation,True,False,test
34,2,OHRC,TMC-2,controlled_synthetic,synthetic_fixed_global_transformation,True,False,test
34,3,OHRC,TMC-2,controlled_synthetic,synthetic_fixed_global_transformation,True,False,test
34,4,OHRC,TMC-2,controlled_synthetic,synthetic_fixed_global_transformation,True,False,test
35,0,OHRC,TMC-2,controlled_synthetic,synthetic_fixed_global_transformation,True,False,test
35,1,OHRC,TMC-2,controlled_synthetic,synthetic_fixed_global_transformation,True,False,test
35,2,OHRC,TMC-2,controlled_synthetic,synthetic_fixed_global_transformation,True,False,test
35,3,OHRC,TMC-2,controlled_synthetic,synthetic_fixed_global_transformation,True,False,test
35,4,OHRC,TMC-2,controlled_synthetic,synthetic_fixed_global_transformation,True,False,test
36,0,OHRC,TMC-2,controlled_synthetic,synthetic_fixed_global_transformation,True,False,test
36,1,OHRC,TMC-2,controlled_synthetic,synthetic_fixed_global_transformation,True,False,test
36,2,OHRC,TMC-2,controlled_synthetic,synthetic_fixed_global_transformation,True,False,test
36,3,OHRC,TMC-2,controlled_synthetic,synthetic_fixed_global_transformation,True,False,test
36,4,OHRC,TMC-2,controlled_synthetic,synthetic_fixed_global_transformation,True,False,test
37,0,OHRC,TMC-2,controlled_synthetic,synthetic_fixed_global_transformation,True,False,train
37,1,OHRC,TMC-2,controlled_synthetic,synthetic_fixed_global_transformation,True,False,train
37,2,OHRC,TMC-2,controlled_synthetic,synthetic_fixed_global_transformation,True,False,train
37,3,OHRC,TMC-2,controlled_synthetic,synthetic_fixed_global_transformation,True,False,train
37,4,OHRC,TMC-2,controlled_synthetic,synthetic_fixed_global_transformation,True,False,train
38,0,OHRC,TMC-2,controlled_synthetic,synthetic_fixed_global_transformation,True,False,train
38,1,OHRC,TMC-2,controlled_synthetic,synthetic_fixed_global_transformation,True,False,train
38,2,OHRC,TMC-2,controlled_synthetic,synthetic_fixed_global_transformation,True,False,train
38,3,OHRC,TMC-2,controlled_synthetic,synthetic_fixed_global_transformation,True,False,train
38,4,OHRC,TMC-2,controlled_synthetic,synthetic_fixed_global_transformation,True,False,train
39,0,OHRC,TMC-2,controlled_synthetic,synthetic_fixed_global_transformation,True,False,validation
39,1,OHRC,TMC-2,controlled_synthetic,synthetic_fixed_global_transformation,True,False,validation
39,2,OHRC,TMC-2,controlled_synthetic,synthetic_fixed_global_transformation,True,False,validation
39,3,OHRC,TMC-2,controlled_synthetic,synthetic_fixed_global_transformation,True,False,validation
39,4,OHRC,TMC-2,controlled_synthetic,synthetic_fixed_global_transformation,True,False,validation
40,0,OHRC,TMC-2,controlled_synthetic,synthetic_fixed_global_transformation,True,False,train
40,1,OHRC,TMC-2,controlled_synthetic,synthetic_fixed_global_transformation,True,False,train
40,2,OHRC,TMC-2,controlled_synthetic,synthetic_fixed_global_transformation,True,False,train
40,3,OHRC,TMC-2,controlled_synthetic,synthetic_fixed_global_transformation,True,False,train
40,4,OHRC,TMC-2,controlled_synthetic,synthetic_fixed_global_transformation,True,False,train
41,0,OHRC,TMC-2,controlled_synthetic,synthetic_fixed_global_transformation,True,False,test
41,1,OHRC,TMC-2,controlled_synthetic,synthetic_fixed_global_transformation,True,False,test
41,2,OHRC,TMC-2,controlled_synthetic,synthetic_fixed_global_transformation,True,False,test
41,3,OHRC,TMC-2,controlled_synthetic,synthetic_fixed_global_transformation,True,False,test
41,4,OHRC,TMC-2,controlled_synthetic,synthetic_fixed_global_transformation,True,False,test
42,0,OHRC,TMC-2,controlled_synthetic,synthetic_fixed_global_transformation,True,False,validation
42,1,OHRC,TMC-2,controlled_synthetic,synthetic_fixed_global_transformation,True,False,validation
42,2,OHRC,TMC-2,controlled_synthetic,synthetic_fixed_global_transformation,True,False,validation
42,3,OHRC,TMC-2,controlled_synthetic,synthetic_fixed_global_transformation,True,False,validation
42,4,OHRC,TMC-2,controlled_synthetic,synthetic_fixed_global_transformation,True,False,validation
43,0,OHRC,TMC-2,controlled_synthetic,synthetic_fixed_global_transformation,True,False,test
43,1,OHRC,TMC-2,controlled_synthetic,synthetic_fixed_global_transformation,True,False,test
43,2,OHRC,TMC-2,controlled_synthetic,synthetic_fixed_global_transformation,True,False,test
43,3,OHRC,TMC-2,controlled_synthetic,synthetic_fixed_global_transformation,True,False,test
43,4,OHRC,TMC-2,controlled_synthetic,synthetic_fixed_global_transformation,True,False,test
44,0,OHRC,TMC-2,controlled_synthetic,synthetic_fixed_global_transformation,True,False,train
44,1,OHRC,TMC-2,controlled_synthetic,synthetic_fixed_global_transformation,True,False,train
44,2,OHRC,TMC-2,controlled_synthetic,synthetic_fixed_global_transformation,True,False,train
44,3,OHRC,TMC-2,controlled_synthetic,synthetic_fixed_global_transformation,True,False,train
44,4,OHRC,TMC-2,controlled_synthetic,synthetic_fixed_global_transformation,True,False,train
45,0,OHRC,TMC-2,controlled_synthetic,synthetic_fixed_global_transformation,True,False,train
45,1,OHRC,TMC-2,controlled_synthetic,synthetic_fixed_global_transformation,True,False,train
45,2,OHRC,TMC-2,controlled_synthetic,synthetic_fixed_global_transformation,True,False,train
45,3,OHRC,TMC-2,controlled_synthetic,synthetic_fixed_global_transformation,True,False,train
45,4,OHRC,TMC-2,controlled_synthetic,synthetic_fixed_global_transformation,True,False,train
46,0,OHRC,TMC-2,controlled_synthetic,synthetic_fixed_global_transformation,True,False,train
46,1,OHRC,TMC-2,controlled_synthetic,synthetic_fixed_global_transformation,True,False,train
46,2,OHRC,TMC-2,controlled_synthetic,synthetic_fixed_global_transformation,True,False,train
46,3,OHRC,TMC-2,controlled_synthetic,synthetic_fixed_global_transformation,True,False,train
46,4,OHRC,TMC-2,controlled_synthetic,synthetic_fixed_global_transformation,True,False,train
47,0,OHRC,TMC-2,controlled_synthetic,synthetic_fixed_global_transformation,True,False,train
47,1,OHRC,TMC-2,controlled_synthetic,synthetic_fixed_global_transformation,True,False,train
47,2,OHRC,TMC-2,controlled_synthetic,synthetic_fixed_global_transformation,True,False,train
47,3,OHRC,TMC-2,controlled_synthetic,synthetic_fixed_global_transformation,True,False,train
47,4,OHRC,TMC-2,controlled_synthetic,synthetic_fixed_global_transformation,True,False,train
48,0,OHRC,TMC-2,controlled_synthetic,synthetic_fixed_global_transformation,True,False,train
48,1,OHRC,TMC-2,controlled_synthetic,synthetic_fixed_global_transformation,True,False,train
48,2,OHRC,TMC-2,controlled_synthetic,synthetic_fixed_global_transformation,True,False,train
48,3,OHRC,TMC-2,controlled_synthetic,synthetic_fixed_global_transformation,True,False,train
48,4,OHRC,TMC-2,controlled_synthetic,synthetic_fixed_global_transformation,True,False,train
49,0,OHRC,TMC-2,controlled_synthetic,synthetic_fixed_global_transformation,True,False,test
49,1,OHRC,TMC-2,controlled_synthetic,synthetic_fixed_global_transformation,True,False,test
49,2,OHRC,TMC-2,controlled_synthetic,synthetic_fixed_global_transformation,True,False,test
49,3,OHRC,TMC-2,controlled_synthetic,synthetic_fixed_global_transformation,True,False,test
49,4,OHRC,TMC-2,controlled_synthetic,synthetic_fixed_global_transformation,True,False,test
50,0,OHRC,TMC-2,controlled_synthetic,synthetic_fixed_global_transformation,True,False,train
50,1,OHRC,TMC-2,controlled_synthetic,synthetic_fixed_global_transformation,True,False,train
50,2,OHRC,TMC-2,controlled_synthetic,synthetic_fixed_global_transformation,True,False,train
50,3,OHRC,TMC-2,controlled_synthetic,synthetic_fixed_global_transformation,True,False,train
50,4,OHRC,TMC-2,controlled_synthetic,synthetic_fixed_global_transformation,True,False,train
51,0,OHRC,TMC-2,controlled_synthetic,synthetic_fixed_global_transformation,True,False,train
51,1,OHRC,TMC-2,controlled_synthetic,synthetic_fixed_global_transformation,True,False,train
51,2,OHRC,TMC-2,controlled_synthetic,synthetic_fixed_global_transformation,True,False,train
51,3,OHRC,TMC-2,controlled_synthetic,synthetic_fixed_global_transformation,True,False,train
51,4,OHRC,TMC-2,controlled_synthetic,synthetic_fixed_global_transformation,True,False,train
52,0,OHRC,TMC-2,controlled_synthetic,synthetic_fixed_global_transformation,True,False,train
52,1,OHRC,TMC-2,controlled_synthetic,synthetic_fixed_global_transformation,True,False,train
52,2,OHRC,TMC-2,controlled_synthetic,synthetic_fixed_global_transformation,True,False,train
52,3,OHRC,TMC-2,controlled_synthetic,synthetic_fixed_global_transformation,True,False,train
52,4,OHRC,TMC-2,controlled_synthetic,synthetic_fixed_global_transformation,True,False,train
53,0,OHRC,TMC-2,controlled_synthetic,synthetic_fixed_global_transformation,True,False,train
53,1,OHRC,TMC-2,controlled_synthetic,synthetic_fixed_global_transformation,True,False,train
53,2,OHRC,TMC-2,controlled_synthetic,synthetic_fixed_global_transformation,True,False,train
53,3,OHRC,TMC-2,controlled_synthetic,synthetic_fixed_global_transformation,True,False,train
53,4,OHRC,TMC-2,controlled_synthetic,synthetic_fixed_global_transformation,True,False,train
54,0,OHRC,TMC-2,controlled_synthetic,synthetic_fixed_global_transformation,True,False,train
54,1,OHRC,TMC-2,controlled_synthetic,synthetic_fixed_global_transformation,True,False,train
54,2,OHRC,TMC-2,controlled_synthetic,synthetic_fixed_global_transformation,True,False,train
54,3,OHRC,TMC-2,controlled_synthetic,synthetic_fixed_global_transformation,True,False,train
54,4,OHRC,TMC-2,controlled_synthetic,synthetic_fixed_global_transformation,True,False,train
55,0,OHRC,TMC-2,controlled_synthetic,synthetic_fixed_global_transformation,True,False,train
55,1,OHRC,TMC-2,controlled_synthetic,synthetic_fixed_global_transformation,True,False,train
55,2,OHRC,TMC-2,controlled_synthetic,synthetic_fixed_global_transformation,True,False,train
55,3,OHRC,TMC-2,controlled_synthetic,synthetic_fixed_global_transformation,True,False,train
55,4,OHRC,TMC-2,controlled_synthetic,synthetic_fixed_global_transformation,True,False,train
56,0,OHRC,TMC-2,controlled_synthetic,synthetic_fixed_global_transformation,True,False,train
56,1,OHRC,TMC-2,controlled_synthetic,synthetic_fixed_global_transformation,True,False,train
56,2,OHRC,TMC-2,controlled_synthetic,synthetic_fixed_global_transformation,True,False,train
56,3,OHRC,TMC-2,controlled_synthetic,synthetic_fixed_global_transformation,True,False,train
56,4,OHRC,TMC-2,controlled_synthetic,synthetic_fixed_global_transformation,True,False,train
57,0,OHRC,TMC-2,controlled_synthetic,synthetic_fixed_global_transformation,True,False,test
57,1,OHRC,TMC-2,controlled_synthetic,synthetic_fixed_global_transformation,True,False,test
57,2,OHRC,TMC-2,controlled_synthetic,synthetic_fixed_global_transformation,True,False,test
57,3,OHRC,TMC-2,controlled_synthetic,synthetic_fixed_global_transformation,True,False,test
57,4,OHRC,TMC-2,controlled_synthetic,synthetic_fixed_global_transformation,True,False,test
58,0,OHRC,TMC-2,controlled_synthetic,synthetic_fixed_global_transformation,True,False,train
58,1,OHRC,TMC-2,controlled_synthetic,synthetic_fixed_global_transformation,True,False,train
58,2,OHRC,TMC-2,controlled_synthetic,synthetic_fixed_global_transformation,True,False,train
58,3,OHRC,TMC-2,controlled_synthetic,synthetic_fixed_global_transformation,True,False,train
58,4,OHRC,TMC-2,controlled_synthetic,synthetic_fixed_global_transformation,True,False,train
59,0,OHRC,TMC-2,controlled_synthetic,synthetic_fixed_global_transformation,True,False,train
59,1,OHRC,TMC-2,controlled_synthetic,synthetic_fixed_global_transformation,True,False,train
59,2,OHRC,TMC-2,controlled_synthetic,synthetic_fixed_global_transformation,True,False,train
59,3,OHRC,TMC-2,controlled_synthetic,synthetic_fixed_global_transformation,True,False,train
59,4,OHRC,TMC-2,controlled_synthetic,synthetic_fixed_global_transformation,True,False,train
60,0,OHRC,TMC-2,controlled_synthetic,synthetic_fixed_global_transformation,True,False,train
60,1,OHRC,TMC-2,controlled_synthetic,synthetic_fixed_global_transformation,True,False,train
60,2,OHRC,TMC-2,controlled_synthetic,synthetic_fixed_global_transformation,True,False,train
60,3,OHRC,TMC-2,controlled_synthetic,synthetic_fixed_global_transformation,True,False,train
60,4,OHRC,TMC-2,controlled_synthetic,synthetic_fixed_global_transformation,True,False,train
61,0,OHRC,TMC-2,controlled_synthetic,synthetic_fixed_global_transformation,True,False,train
61,1,OHRC,TMC-2,controlled_synthetic,synthetic_fixed_global_transformation,True,False,train
61,2,OHRC,TMC-2,controlled_synthetic,synthetic_fixed_global_transformation,True,False,train
61,3,OHRC,TMC-2,controlled_synthetic,synthetic_fixed_global_transformation,True,False,train
61,4,OHRC,TMC-2,controlled_synthetic,synthetic_fixed_global_transformation,True,False,train
62,0,OHRC,TMC-2,controlled_synthetic,synthetic_fixed_global_transformation,True,False,train
62,1,OHRC,TMC-2,controlled_synthetic,synthetic_fixed_global_transformation,True,False,train
62,2,OHRC,TMC-2,controlled_synthetic,synthetic_fixed_global_transformation,True,False,train
62,3,OHRC,TMC-2,controlled_synthetic,synthetic_fixed_global_transformation,True,False,train
62,4,OHRC,TMC-2,controlled_synthetic,synthetic_fixed_global_transformation,True,False,train
63,0,OHRC,TMC-2,controlled_synthetic,synthetic_fixed_global_transformation,True,False,validation
63,1,OHRC,TMC-2,controlled_synthetic,synthetic_fixed_global_transformation,True,False,validation
63,2,OHRC,TMC-2,controlled_synthetic,synthetic_fixed_global_transformation,True,False,validation
63,3,OHRC,TMC-2,controlled_synthetic,synthetic_fixed_global_transformation,True,False,validation
63,4,OHRC,TMC-2,controlled_synthetic,synthetic_fixed_global_transformation,True,False,validation
64,0,OHRC,TMC-2,controlled_synthetic,synthetic_fixed_global_transformation,True,False,train
64,1,OHRC,TMC-2,controlled_synthetic,synthetic_fixed_global_transformation,True,False,train
64,2,OHRC,TMC-2,controlled_synthetic,synthetic_fixed_global_transformation,True,False,train
64,3,OHRC,TMC-2,controlled_synthetic,synthetic_fixed_global_transformation,True,False,train
64,4,OHRC,TMC-2,controlled_synthetic,synthetic_fixed_global_transformation,True,False,train
65,0,OHRC,TMC-2,controlled_synthetic,synthetic_fixed_global_transformation,True,False,validation
65,1,OHRC,TMC-2,controlled_synthetic,synthetic_fixed_global_transformation,True,False,validation
65,2,OHRC,TMC-2,controlled_synthetic,synthetic_fixed_global_transformation,True,False,validation
65,3,OHRC,TMC-2,controlled_synthetic,synthetic_fixed_global_transformation,True,False,validation
65,4,OHRC,TMC-2,controlled_synthetic,synthetic_fixed_global_transformation,True,False,validation
66,0,OHRC,TMC-2,controlled_synthetic,synthetic_fixed_global_transformation,True,False,train
66,1,OHRC,TMC-2,controlled_synthetic,synthetic_fixed_global_transformation,True,False,train
66,2,OHRC,TMC-2,controlled_synthetic,synthetic_fixed_global_transformation,True,False,train
66,3,OHRC,TMC-2,controlled_synthetic,synthetic_fixed_global_transformation,True,False,train
66,4,OHRC,TMC-2,controlled_synthetic,synthetic_fixed_global_transformation,True,False,train
67,0,OHRC,TMC-2,controlled_synthetic,synthetic_fixed_global_transformation,True,False,train
67,1,OHRC,TMC-2,controlled_synthetic,synthetic_fixed_global_transformation,True,False,train
67,2,OHRC,TMC-2,controlled_synthetic,synthetic_fixed_global_transformation,True,False,train
67,3,OHRC,TMC-2,controlled_synthetic,synthetic_fixed_global_transformation,True,False,train
67,4,OHRC,TMC-2,controlled_synthetic,synthetic_fixed_global_transformation,True,False,train
68,0,OHRC,TMC-2,controlled_synthetic,synthetic_fixed_global_transformation,True,False,train
68,1,OHRC,TMC-2,controlled_synthetic,synthetic_fixed_global_transformation,True,False,train
68,2,OHRC,TMC-2,controlled_synthetic,synthetic_fixed_global_transformation,True,False,train
68,3,OHRC,TMC-2,controlled_synthetic,synthetic_fixed_global_transformation,True,False,train
68,4,OHRC,TMC-2,controlled_synthetic,synthetic_fixed_global_transformation,True,False,train
69,0,OHRC,TMC-2,controlled_synthetic,synthetic_fixed_global_transformation,True,False,validation
69,1,OHRC,TMC-2,controlled_synthetic,synthetic_fixed_global_transformation,True,False,validation
69,2,OHRC,TMC-2,controlled_synthetic,synthetic_fixed_global_transformation,True,False,validation
69,3,OHRC,TMC-2,controlled_synthetic,synthetic_fixed_global_transformation,True,False,validation
69,4,OHRC,TMC-2,controlled_synthetic,synthetic_fixed_global_transformation,True,False,validation
70,0,OHRC,TMC-2,controlled_synthetic,synthetic_fixed_global_transformation,True,False,train
70,1,OHRC,TMC-2,controlled_synthetic,synthetic_fixed_global_transformation,True,False,train
70,2,OHRC,TMC-2,controlled_synthetic,synthetic_fixed_global_transformation,True,False,train
70,3,OHRC,TMC-2,controlled_synthetic,synthetic_fixed_global_transformation,True,False,train
70,4,OHRC,TMC-2,controlled_synthetic,synthetic_fixed_global_transformation,True,False,train
71,0,OHRC,TMC-2,controlled_synthetic,synthetic_fixed_global_transformation,True,False,validation
71,1,OHRC,TMC-2,controlled_synthetic,synthetic_fixed_global_transformation,True,False,validation
71,2,OHRC,TMC-2,controlled_synthetic,synthetic_fixed_global_transformation,True,False,validation
71,3,OHRC,TMC-2,controlled_synthetic,synthetic_fixed_global_transformation,True,False,validation
71,4,OHRC,TMC-2,controlled_synthetic,synthetic_fixed_global_transformation,True,False,validation
72,0,OHRC,TMC-2,controlled_synthetic,synthetic_fixed_global_transformation,True,False,train
72,1,OHRC,TMC-2,controlled_synthetic,synthetic_fixed_global_transformation,True,False,train
72,2,OHRC,TMC-2,controlled_synthetic,synthetic_fixed_global_transformation,True,False,train
72,3,OHRC,TMC-2,controlled_synthetic,synthetic_fixed_global_transformation,True,False,train
72,4,OHRC,TMC-2,controlled_synthetic,synthetic_fixed_global_transformation,True,False,train
73,0,OHRC,TMC-2,controlled_synthetic,synthetic_fixed_global_transformation,True,False,train
73,1,OHRC,TMC-2,controlled_synthetic,synthetic_fixed_global_transformation,True,False,train
73,2,OHRC,TMC-2,controlled_synthetic,synthetic_fixed_global_transformation,True,False,train
73,3,OHRC,TMC-2,controlled_synthetic,synthetic_fixed_global_transformation,True,False,train
73,4,OHRC,TMC-2,controlled_synthetic,synthetic_fixed_global_transformation,True,False,train
74,0,OHRC,TMC-2,controlled_synthetic,synthetic_fixed_global_transformation,True,False,validation
74,1,OHRC,TMC-2,controlled_synthetic,synthetic_fixed_global_transformation,True,False,validation
74,2,OHRC,TMC-2,controlled_synthetic,synthetic_fixed_global_transformation,True,False,validation
74,3,OHRC,TMC-2,controlled_synthetic,synthetic_fixed_global_transformation,True,False,validation
74,4,OHRC,TMC-2,controlled_synthetic,synthetic_fixed_global_transformation,True,False,validation
75,0,OHRC,TMC-2,controlled_synthetic,synthetic_fixed_global_transformation,True,False,train
75,1,OHRC,TMC-2,controlled_synthetic,synthetic_fixed_global_transformation,True,False,train
75,2,OHRC,TMC-2,controlled_synthetic,synthetic_fixed_global_transformation,True,False,train
75,3,OHRC,TMC-2,controlled_synthetic,synthetic_fixed_global_transformation,True,False,train
75,4,OHRC,TMC-2,controlled_synthetic,synthetic_fixed_global_transformation,True,False,train
76,0,OHRC,TMC-2,controlled_synthetic,synthetic_fixed_global_transformation,True,False,test
76,1,OHRC,TMC-2,controlled_synthetic,synthetic_fixed_global_transformation,True,False,test
76,2,OHRC,TMC-2,controlled_synthetic,synthetic_fixed_global_transformation,True,False,test
76,3,OHRC,TMC-2,controlled_synthetic,synthetic_fixed_global_transformation,True,False,test
76,4,OHRC,TMC-2,controlled_synthetic,synthetic_fixed_global_transformation,True,False,test
77,0,OHRC,TMC-2,controlled_synthetic,synthetic_fixed_global_transformation,True,False,train
77,1,OHRC,TMC-2,controlled_synthetic,synthetic_fixed_global_transformation,True,False,train
77,2,OHRC,TMC-2,controlled_synthetic,synthetic_fixed_global_transformation,True,False,train
77,3,OHRC,TMC-2,controlled_synthetic,synthetic_fixed_global_transformation,True,False,train
77,4,OHRC,TMC-2,controlled_synthetic,synthetic_fixed_global_transformation,True,False,train
78,0,OHRC,TMC-2,controlled_synthetic,synthetic_fixed_global_transformation,True,False,validation
78,1,OHRC,TMC-2,controlled_synthetic,synthetic_fixed_global_transformation,True,False,validation
78,2,OHRC,TMC-2,controlled_synthetic,synthetic_fixed_global_transformation,True,False,validation
78,3,OHRC,TMC-2,controlled_synthetic,synthetic_fixed_global_transformation,True,False,validation
78,4,OHRC,TMC-2,controlled_synthetic,synthetic_fixed_global_transformation,True,False,validation
79,0,OHRC,TMC-2,controlled_synthetic,synthetic_fixed_global_transformation,True,False,train
79,1,OHRC,TMC-2,controlled_synthetic,synthetic_fixed_global_transformation,True,False,train
79,2,OHRC,TMC-2,controlled_synthetic,synthetic_fixed_global_transformation,True,False,train
79,3,OHRC,TMC-2,controlled_synthetic,synthetic_fixed_global_transformation,True,False,train
79,4,OHRC,TMC-2,controlled_synthetic,synthetic_fixed_global_transformation,True,False,train
80,0,OHRC,TMC-2,controlled_synthetic,synthetic_fixed_global_transformation,True,False,train
80,1,OHRC,TMC-2,controlled_synthetic,synthetic_fixed_global_transformation,True,False,train
80,2,OHRC,TMC-2,controlled_synthetic,synthetic_fixed_global_transformation,True,False,train
80,3,OHRC,TMC-2,controlled_synthetic,synthetic_fixed_global_transformation,True,False,train
80,4,OHRC,TMC-2,controlled_synthetic,synthetic_fixed_global_transformation,True,False,train
81,0,OHRC,TMC-2,controlled_synthetic,synthetic_fixed_global_transformation,True,False,train
81,1,OHRC,TMC-2,controlled_synthetic,synthetic_fixed_global_transformation,True,False,train
81,2,OHRC,TMC-2,controlled_synthetic,synthetic_fixed_global_transformation,True,False,train
81,3,OHRC,TMC-2,controlled_synthetic,synthetic_fixed_global_transformation,True,False,train
81,4,OHRC,TMC-2,controlled_synthetic,synthetic_fixed_global_transformation,True,False,train
82,0,OHRC,TMC-2,controlled_synthetic,synthetic_fixed_global_transformation,True,False,train
82,1,OHRC,TMC-2,controlled_synthetic,synthetic_fixed_global_transformation,True,False,train
82,2,OHRC,TMC-2,controlled_synthetic,synthetic_fixed_global_transformation,True,False,train
82,3,OHRC,TMC-2,controlled_synthetic,synthetic_fixed_global_transformation,True,False,train
82,4,OHRC,TMC-2,controlled_synthetic,synthetic_fixed_global_transformation,True,False,train
83,0,OHRC,TMC-2,controlled_synthetic,synthetic_fixed_global_transformation,True,False,train
83,1,OHRC,TMC-2,controlled_synthetic,synthetic_fixed_global_transformation,True,False,train
83,2,OHRC,TMC-2,controlled_synthetic,synthetic_fixed_global_transformation,True,False,train
83,3,OHRC,TMC-2,controlled_synthetic,synthetic_fixed_global_transformation,True,False,train
83,4,OHRC,TMC-2,controlled_synthetic,synthetic_fixed_global_transformation,True,False,train
84,0,OHRC,TMC-2,controlled_synthetic,synthetic_fixed_global_transformation,True,False,train
84,1,OHRC,TMC-2,controlled_synthetic,synthetic_fixed_global_transformation,True,False,train
84,2,OHRC,TMC-2,controlled_synthetic,synthetic_fixed_global_transformation,True,False,train
84,3,OHRC,TMC-2,controlled_synthetic,synthetic_fixed_global_transformation,True,False,train
84,4,OHRC,TMC-2,controlled_synthetic,synthetic_fixed_global_transformation,True,False,train
85,0,OHRC,TMC-2,controlled_synthetic,synthetic_fixed_global_transformation,True,False,validation
85,1,OHRC,TMC-2,controlled_synthetic,synthetic_fixed_global_transformation,True,False,validation
85,2,OHRC,TMC-2,controlled_synthetic,synthetic_fixed_global_transformation,True,False,validation
85,3,OHRC,TMC-2,controlled_synthetic,synthetic_fixed_global_transformation,True,False,validation
85,4,OHRC,TMC-2,controlled_synthetic,synthetic_fixed_global_transformation,True,False,validation
86,0,OHRC,TMC-2,controlled_synthetic,synthetic_fixed_global_transformation,True,False,train
86,1,OHRC,TMC-2,controlled_synthetic,synthetic_fixed_global_transformation,True,False,train
86,2,OHRC,TMC-2,controlled_synthetic,synthetic_fixed_global_transformation,True,False,train
86,3,OHRC,TMC-2,controlled_synthetic,synthetic_fixed_global_transformation,True,False,train
86,4,OHRC,TMC-2,controlled_synthetic,synthetic_fixed_global_transformation,True,False,train
87,0,OHRC,TMC-2,controlled_synthetic,synthetic_fixed_global_transformation,True,False,validation
87,1,OHRC,TMC-2,controlled_synthetic,synthetic_fixed_global_transformation,True,False,validation
87,2,OHRC,TMC-2,controlled_synthetic,synthetic_fixed_global_transformation,True,False,validation
87,3,OHRC,TMC-2,controlled_synthetic,synthetic_fixed_global_transformation,True,False,validation
87,4,OHRC,TMC-2,controlled_synthetic,synthetic_fixed_global_transformation,True,False,validation
88,0,OHRC,TMC-2,controlled_synthetic,synthetic_fixed_global_transformation,True,False,train
88,1,OHRC,TMC-2,controlled_synthetic,synthetic_fixed_global_transformation,True,False,train
88,2,OHRC,TMC-2,controlled_synthetic,synthetic_fixed_global_transformation,True,False,train
88,3,OHRC,TMC-2,controlled_synthetic,synthetic_fixed_global_transformation,True,False,train
88,4,OHRC,TMC-2,controlled_synthetic,synthetic_fixed_global_transformation,True,False,train
89,0,OHRC,TMC-2,controlled_synthetic,synthetic_fixed_global_transformation,True,False,train
89,1,OHRC,TMC-2,controlled_synthetic,synthetic_fixed_global_transformation,True,False,train
89,2,OHRC,TMC-2,controlled_synthetic,synthetic_fixed_global_transformation,True,False,train
89,3,OHRC,TMC-2,controlled_synthetic,synthetic_fixed_global_transformation,True,False,train
89,4,OHRC,TMC-2,controlled_synthetic,synthetic_fixed_global_transformation,True,False,train
90,0,OHRC,TMC-2,controlled_synthetic,synthetic_fixed_global_transformation,True,False,validation
90,1,OHRC,TMC-2,controlled_synthetic,synthetic_fixed_global_transformation,True,False,validation
90,2,OHRC,TMC-2,controlled_synthetic,synthetic_fixed_global_transformation,True,False,validation
90,3,OHRC,TMC-2,controlled_synthetic,synthetic_fixed_global_transformation,True,False,validation
90,4,OHRC,TMC-2,controlled_synthetic,synthetic_fixed_global_transformation,True,False,validation
91,0,OHRC,TMC-2,controlled_synthetic,synthetic_fixed_global_transformation,True,False,train
91,1,OHRC,TMC-2,controlled_synthetic,synthetic_fixed_global_transformation,True,False,train
91,2,OHRC,TMC-2,controlled_synthetic,synthetic_fixed_global_transformation,True,False,train
91,3,OHRC,TMC-2,controlled_synthetic,synthetic_fixed_global_transformation,True,False,train
91,4,OHRC,TMC-2,controlled_synthetic,synthetic_fixed_global_transformation,True,False,train
92,0,OHRC,TMC-2,controlled_synthetic,synthetic_fixed_global_transformation,True,False,train
92,1,OHRC,TMC-2,controlled_synthetic,synthetic_fixed_global_transformation,True,False,train
92,2,OHRC,TMC-2,controlled_synthetic,synthetic_fixed_global_transformation,True,False,train
92,3,OHRC,TMC-2,controlled_synthetic,synthetic_fixed_global_transformation,True,False,train
92,4,OHRC,TMC-2,controlled_synthetic,synthetic_fixed_global_transformation,True,False,train
93,0,OHRC,TMC-2,controlled_synthetic,synthetic_fixed_global_transformation,True,False,train
93,1,OHRC,TMC-2,controlled_synthetic,synthetic_fixed_global_transformation,True,False,train
93,2,OHRC,TMC-2,controlled_synthetic,synthetic_fixed_global_transformation,True,False,train
93,3,OHRC,TMC-2,controlled_synthetic,synthetic_fixed_global_transformation,True,False,train
93,4,OHRC,TMC-2,controlled_synthetic,synthetic_fixed_global_transformation,True,False,train
94,0,OHRC,TMC-2,controlled_synthetic,synthetic_fixed_global_transformation,True,False,train
94,1,OHRC,TMC-2,controlled_synthetic,synthetic_fixed_global_transformation,True,False,train
94,2,OHRC,TMC-2,controlled_synthetic,synthetic_fixed_global_transformation,True,False,train
94,3,OHRC,TMC-2,controlled_synthetic,synthetic_fixed_global_transformation,True,False,train
94,4,OHRC,TMC-2,controlled_synthetic,synthetic_fixed_global_transformation,True,False,train
95,0,OHRC,TMC-2,controlled_synthetic,synthetic_fixed_global_transformation,True,False,train
95,1,OHRC,TMC-2,controlled_synthetic,synthetic_fixed_global_transformation,True,False,train
95,2,OHRC,TMC-2,controlled_synthetic,synthetic_fixed_global_transformation,True,False,train
95,3,OHRC,TMC-2,controlled_synthetic,synthetic_fixed_global_transformation,True,False,train
95,4,OHRC,TMC-2,controlled_synthetic,synthetic_fixed_global_transformation,True,False,train
96,0,OHRC,TMC-2,controlled_synthetic,synthetic_fixed_global_transformation,True,False,train
96,1,OHRC,TMC-2,controlled_synthetic,synthetic_fixed_global_transformation,True,False,train
96,2,OHRC,TMC-2,controlled_synthetic,synthetic_fixed_global_transformation,True,False,train
96,3,OHRC,TMC-2,controlled_synthetic,synthetic_fixed_global_transformation,True,False,train
96,4,OHRC,TMC-2,controlled_synthetic,synthetic_fixed_global_transformation,True,False,train
97,0,OHRC,TMC-2,controlled_synthetic,synthetic_fixed_global_transformation,True,False,test
97,1,OHRC,TMC-2,controlled_synthetic,synthetic_fixed_global_transformation,True,False,test
97,2,OHRC,TMC-2,controlled_synthetic,synthetic_fixed_global_transformation,True,False,test
97,3,OHRC,TMC-2,controlled_synthetic,synthetic_fixed_global_transformation,True,False,test
97,4,OHRC,TMC-2,controlled_synthetic,synthetic_fixed_global_transformation,True,False,test
98,0,OHRC,TMC-2,controlled_synthetic,synthetic_fixed_global_transformation,True,False,train
98,1,OHRC,TMC-2,controlled_synthetic,synthetic_fixed_global_transformation,True,False,train
98,2,OHRC,TMC-2,controlled_synthetic,synthetic_fixed_global_transformation,True,False,train
98,3,OHRC,TMC-2,controlled_synthetic,synthetic_fixed_global_transformation,True,False,train
98,4,OHRC,TMC-2,controlled_synthetic,synthetic_fixed_global_transformation,True,False,train
99,0,OHRC,TMC-2,controlled_synthetic,synthetic_fixed_global_transformation,True,False,validation
99,1,OHRC,TMC-2,controlled_synthetic,synthetic_fixed_global_transformation,True,False,validation
99,2,OHRC,TMC-2,controlled_synthetic,synthetic_fixed_global_transformation,True,False,validation
99,3,OHRC,TMC-2,controlled_synthetic,synthetic_fixed_global_transformation,True,False,validation
99,4,OHRC,TMC-2,controlled_synthetic,synthetic_fixed_global_transformation,True,False,validation
100,0,OHRC,TMC-2,controlled_synthetic,synthetic_fixed_global_transformation,True,False,train
100,1,OHRC,TMC-2,controlled_synthetic,synthetic_fixed_global_transformation,True,False,train
100,2,OHRC,TMC-2,controlled_synthetic,synthetic_fixed_global_transformation,True,False,train
100,3,OHRC,TMC-2,controlled_synthetic,synthetic_fixed_global_transformation,True,False,train
100,4,OHRC,TMC-2,controlled_synthetic,synthetic_fixed_global_transformation,True,False,train
101,0,OHRC,TMC-2,controlled_synthetic,synthetic_fixed_global_transformation,True,False,train
101,1,OHRC,TMC-2,controlled_synthetic,synthetic_fixed_global_transformation,True,False,train
101,2,OHRC,TMC-2,controlled_synthetic,synthetic_fixed_global_transformation,True,False,train
101,3,OHRC,TMC-2,controlled_synthetic,synthetic_fixed_global_transformation,True,False,train
101,4,OHRC,TMC-2,controlled_synthetic,synthetic_fixed_global_transformation,True,False,train
102,0,OHRC,TMC-2,controlled_synthetic,synthetic_fixed_global_transformation,True,False,test
102,1,OHRC,TMC-2,controlled_synthetic,synthetic_fixed_global_transformation,True,False,test
102,2,OHRC,TMC-2,controlled_synthetic,synthetic_fixed_global_transformation,True,False,test
102,3,OHRC,TMC-2,controlled_synthetic,synthetic_fixed_global_transformation,True,False,test
102,4,OHRC,TMC-2,controlled_synthetic,synthetic_fixed_global_transformation,True,False,test
103,0,OHRC,TMC-2,controlled_synthetic,synthetic_fixed_global_transformation,True,False,validation
103,1,OHRC,TMC-2,controlled_synthetic,synthetic_fixed_global_transformation,True,False,validation
103,2,OHRC,TMC-2,controlled_synthetic,synthetic_fixed_global_transformation,True,False,validation
103,3,OHRC,TMC-2,controlled_synthetic,synthetic_fixed_global_transformation,True,False,validation
103,4,OHRC,TMC-2,controlled_synthetic,synthetic_fixed_global_transformation,True,False,validation
104,0,OHRC,TMC-2,controlled_synthetic,synthetic_fixed_global_transformation,True,False,train
104,1,OHRC,TMC-2,controlled_synthetic,synthetic_fixed_global_transformation,True,False,train
104,2,OHRC,TMC-2,controlled_synthetic,synthetic_fixed_global_transformation,True,False,train
104,3,OHRC,TMC-2,controlled_synthetic,synthetic_fixed_global_transformation,True,False,train
104,4,OHRC,TMC-2,controlled_synthetic,synthetic_fixed_global_transformation,True,False,train
105,0,OHRC,TMC-2,controlled_synthetic,synthetic_fixed_global_transformation,True,False,test
105,1,OHRC,TMC-2,controlled_synthetic,synthetic_fixed_global_transformation,True,False,test
105,2,OHRC,TMC-2,controlled_synthetic,synthetic_fixed_global_transformation,True,False,test
105,3,OHRC,TMC-2,controlled_synthetic,synthetic_fixed_global_transformation,True,False,test
105,4,OHRC,TMC-2,controlled_synthetic,synthetic_fixed_global_transformation,True,False,test
106,0,OHRC,TMC-2,controlled_synthetic,synthetic_fixed_global_transformation,True,False,train
106,1,OHRC,TMC-2,controlled_synthetic,synthetic_fixed_global_transformation,True,False,train
106,2,OHRC,TMC-2,controlled_synthetic,synthetic_fixed_global_transformation,True,False,train
106,3,OHRC,TMC-2,controlled_synthetic,synthetic_fixed_global_transformation,True,False,train
106,4,OHRC,TMC-2,controlled_synthetic,synthetic_fixed_global_transformation,True,False,train
107,0,OHRC,TMC-2,controlled_synthetic,synthetic_fixed_global_transformation,True,False,train
107,1,OHRC,TMC-2,controlled_synthetic,synthetic_fixed_global_transformation,True,False,train
107,2,OHRC,TMC-2,controlled_synthetic,synthetic_fixed_global_transformation,True,False,train
107,3,OHRC,TMC-2,controlled_synthetic,synthetic_fixed_global_transformation,True,False,train
107,4,OHRC,TMC-2,controlled_synthetic,synthetic_fixed_global_transformation,True,False,train
108,0,OHRC,TMC-2,controlled_synthetic,synthetic_fixed_global_transformation,True,False,train
108,1,OHRC,TMC-2,controlled_synthetic,synthetic_fixed_global_transformation,True,False,train
108,2,OHRC,TMC-2,controlled_synthetic,synthetic_fixed_global_transformation,True,False,train
108,3,OHRC,TMC-2,controlled_synthetic,synthetic_fixed_global_transformation,True,False,train
108,4,OHRC,TMC-2,controlled_synthetic,synthetic_fixed_global_transformation,True,False,train
109,0,OHRC,TMC-2,controlled_synthetic,synthetic_fixed_global_transformation,True,False,test
109,1,OHRC,TMC-2,controlled_synthetic,synthetic_fixed_global_transformation,True,False,test
109,2,OHRC,TMC-2,controlled_synthetic,synthetic_fixed_global_transformation,True,False,test
109,3,OHRC,TMC-2,controlled_synthetic,synthetic_fixed_global_transformation,True,False,test
109,4,OHRC,TMC-2,controlled_synthetic,synthetic_fixed_global_transformation,True,False,test
110,0,OHRC,TMC-2,controlled_synthetic,synthetic_fixed_global_transformation,True,False,test
110,1,OHRC,TMC-2,controlled_synthetic,synthetic_fixed_global_transformation,True,False,test
110,2,OHRC,TMC-2,controlled_synthetic,synthetic_fixed_global_transformation,True,False,test
110,3,OHRC,TMC-2,controlled_synthetic,synthetic_fixed_global_transformation,True,False,test
110,4,OHRC,TMC-2,controlled_synthetic,synthetic_fixed_global_transformation,True,False,test
111,0,OHRC,TMC-2,controlled_synthetic,synthetic_fixed_global_transformation,True,False,validation
111,1,OHRC,TMC-2,controlled_synthetic,synthetic_fixed_global_transformation,True,False,validation
111,2,OHRC,TMC-2,controlled_synthetic,synthetic_fixed_global_transformation,True,False,validation
111,3,OHRC,TMC-2,controlled_synthetic,synthetic_fixed_global_transformation,True,False,validation
111,4,OHRC,TMC-2,controlled_synthetic,synthetic_fixed_global_transformation,True,False,validation
112,0,OHRC,TMC-2,controlled_synthetic,synthetic_fixed_global_transformation,True,False,train
112,1,OHRC,TMC-2,controlled_synthetic,synthetic_fixed_global_transformation,True,False,train
112,2,OHRC,TMC-2,controlled_synthetic,synthetic_fixed_global_transformation,True,False,train
112,3,OHRC,TMC-2,controlled_synthetic,synthetic_fixed_global_transformation,True,False,train
112,4,OHRC,TMC-2,controlled_synthetic,synthetic_fixed_global_transformation,True,False,train
113,0,OHRC,TMC-2,controlled_synthetic,synthetic_fixed_global_transformation,True,False,test
113,1,OHRC,TMC-2,controlled_synthetic,synthetic_fixed_global_transformation,True,False,test
113,2,OHRC,TMC-2,controlled_synthetic,synthetic_fixed_global_transformation,True,False,test
113,3,OHRC,TMC-2,controlled_synthetic,synthetic_fixed_global_transformation,True,False,test
113,4,OHRC,TMC-2,controlled_synthetic,synthetic_fixed_global_transformation,True,False,test
114,0,OHRC,TMC-2,controlled_synthetic,synthetic_fixed_global_transformation,True,False,validation
114,1,OHRC,TMC-2,controlled_synthetic,synthetic_fixed_global_transformation,True,False,validation
114,2,OHRC,TMC-2,controlled_synthetic,synthetic_fixed_global_transformation,True,False,validation
114,3,OHRC,TMC-2,controlled_synthetic,synthetic_fixed_global_transformation,True,False,validation
114,4,OHRC,TMC-2,controlled_synthetic,synthetic_fixed_global_transformation,True,False,validation
115,0,OHRC,TMC-2,controlled_synthetic,synthetic_fixed_global_transformation,True,False,train
115,1,OHRC,TMC-2,controlled_synthetic,synthetic_fixed_global_transformation,True,False,train
115,2,OHRC,TMC-2,controlled_synthetic,synthetic_fixed_global_transformation,True,False,train
115,3,OHRC,TMC-2,controlled_synthetic,synthetic_fixed_global_transformation,True,False,train
115,4,OHRC,TMC-2,controlled_synthetic,synthetic_fixed_global_transformation,True,False,train
116,0,OHRC,TMC-2,controlled_synthetic,synthetic_fixed_global_transformation,True,False,validation
116,1,OHRC,TMC-2,controlled_synthetic,synthetic_fixed_global_transformation,True,False,validation
116,2,OHRC,TMC-2,controlled_synthetic,synthetic_fixed_global_transformation,True,False,validation
116,3,OHRC,TMC-2,controlled_synthetic,synthetic_fixed_global_transformation,True,False,validation
116,4,OHRC,TMC-2,controlled_synthetic,synthetic_fixed_global_transformation,True,False,validation
117,0,OHRC,TMC-2,controlled_synthetic,synthetic_fixed_global_transformation,True,False,validation
117,1,OHRC,TMC-2,controlled_synthetic,synthetic_fixed_global_transformation,True,False,validation
117,2,OHRC,TMC-2,controlled_synthetic,synthetic_fixed_global_transformation,True,False,validation
117,3,OHRC,TMC-2,controlled_synthetic,synthetic_fixed_global_transformation,True,False,validation
117,4,OHRC,TMC-2,controlled_synthetic,synthetic_fixed_global_transformation,True,False,validation
118,0,OHRC,TMC-2,controlled_synthetic,synthetic_fixed_global_transformation,True,False,train
118,1,OHRC,TMC-2,controlled_synthetic,synthetic_fixed_global_transformation,True,False,train
118,2,OHRC,TMC-2,controlled_synthetic,synthetic_fixed_global_transformation,True,False,train
118,3,OHRC,TMC-2,controlled_synthetic,synthetic_fixed_global_transformation,True,False,train
118,4,OHRC,TMC-2,controlled_synthetic,synthetic_fixed_global_transformation,True,False,train
119,0,OHRC,TMC-2,controlled_synthetic,synthetic_fixed_global_transformation,True,False,train
119,1,OHRC,TMC-2,controlled_synthetic,synthetic_fixed_global_transformation,True,False,train
119,2,OHRC,TMC-2,controlled_synthetic,synthetic_fixed_global_transformation,True,False,train
119,3,OHRC,TMC-2,controlled_synthetic,synthetic_fixed_global_transformation,True,False,train
119,4,OHRC,TMC-2,controlled_synthetic,synthetic_fixed_global_transformation,True,False,train
120,0,OHRC,TMC-2,controlled_synthetic,synthetic_fixed_global_transformation,True,False,train
120,1,OHRC,TMC-2,controlled_synthetic,synthetic_fixed_global_transformation,True,False,train
120,2,OHRC,TMC-2,controlled_synthetic,synthetic_fixed_global_transformation,True,False,train
120,3,OHRC,TMC-2,controlled_synthetic,synthetic_fixed_global_transformation,True,False,train
120,4,OHRC,TMC-2,controlled_synthetic,synthetic_fixed_global_transformation,True,False,train
121,0,OHRC,TMC-2,controlled_synthetic,synthetic_fixed_global_transformation,True,False,train
121,1,OHRC,TMC-2,controlled_synthetic,synthetic_fixed_global_transformation,True,False,train
121,2,OHRC,TMC-2,controlled_synthetic,synthetic_fixed_global_transformation,True,False,train
121,3,OHRC,TMC-2,controlled_synthetic,synthetic_fixed_global_transformation,True,False,train
121,4,OHRC,TMC-2,controlled_synthetic,synthetic_fixed_global_transformation,True,False,train
122,0,OHRC,TMC-2,controlled_synthetic,synthetic_fixed_global_transformation,True,False,validation
122,1,OHRC,TMC-2,controlled_synthetic,synthetic_fixed_global_transformation,True,False,validation
122,2,OHRC,TMC-2,controlled_synthetic,synthetic_fixed_global_transformation,True,False,validation
122,3,OHRC,TMC-2,controlled_synthetic,synthetic_fixed_global_transformation,True,False,validation
122,4,OHRC,TMC-2,controlled_synthetic,synthetic_fixed_global_transformation,True,False,validation
123,0,OHRC,TMC-2,controlled_synthetic,synthetic_fixed_global_transformation,True,False,validation
123,1,OHRC,TMC-2,controlled_synthetic,synthetic_fixed_global_transformation,True,False,validation
123,2,OHRC,TMC-2,controlled_synthetic,synthetic_fixed_global_transformation,True,False,validation
123,3,OHRC,TMC-2,controlled_synthetic,synthetic_fixed_global_transformation,True,False,validation
123,4,OHRC,TMC-2,controlled_synthetic,synthetic_fixed_global_transformation,True,False,validation
124,0,OHRC,TMC-2,controlled_synthetic,synthetic_fixed_global_transformation,True,False,train
124,1,OHRC,TMC-2,controlled_synthetic,synthetic_fixed_global_transformation,True,False,train
124,2,OHRC,TMC-2,controlled_synthetic,synthetic_fixed_global_transformation,True,False,train
124,3,OHRC,TMC-2,controlled_synthetic,synthetic_fixed_global_transformation,True,False,train
124,4,OHRC,TMC-2,controlled_synthetic,synthetic_fixed_global_transformation,True,False,train
125,0,OHRC,TMC-2,controlled_synthetic,synthetic_fixed_global_transformation,True,False,validation
125,1,OHRC,TMC-2,controlled_synthetic,synthetic_fixed_global_transformation,True,False,validation
125,2,OHRC,TMC-2,controlled_synthetic,synthetic_fixed_global_transformation,True,False,validation
125,3,OHRC,TMC-2,controlled_synthetic,synthetic_fixed_global_transformation,True,False,validation
125,4,OHRC,TMC-2,controlled_synthetic,synthetic_fixed_global_transformation,True,False,validation
126,0,OHRC,TMC-2,controlled_synthetic,synthetic_fixed_global_transformation,True,False,train
126,1,OHRC,TMC-2,controlled_synthetic,synthetic_fixed_global_transformation,True,False,train
126,2,OHRC,TMC-2,controlled_synthetic,synthetic_fixed_global_transformation,True,False,train
126,3,OHRC,TMC-2,controlled_synthetic,synthetic_fixed_global_transformation,True,False,train
126,4,OHRC,TMC-2,controlled_synthetic,synthetic_fixed_global_transformation,True,False,train
127,0,OHRC,TMC-2,controlled_synthetic,synthetic_fixed_global_transformation,True,False,train
127,1,OHRC,TMC-2,controlled_synthetic,synthetic_fixed_global_transformation,True,False,train
127,2,OHRC,TMC-2,controlled_synthetic,synthetic_fixed_global_transformation,True,False,train
127,3,OHRC,TMC-2,controlled_synthetic,synthetic_fixed_global_transformation,True,False,train
127,4,OHRC,TMC-2,controlled_synthetic,synthetic_fixed_global_transformation,True,False,train
128,0,OHRC,TMC-2,controlled_synthetic,synthetic_fixed_global_transformation,True,False,train
128,1,OHRC,TMC-2,controlled_synthetic,synthetic_fixed_global_transformation,True,False,train
128,2,OHRC,TMC-2,controlled_synthetic,synthetic_fixed_global_transformation,True,False,train
128,3,OHRC,TMC-2,controlled_synthetic,synthetic_fixed_global_transformation,True,False,train
128,4,OHRC,TMC-2,controlled_synthetic,synthetic_fixed_global_transformation,True,False,train
129,0,OHRC,TMC-2,controlled_synthetic,synthetic_fixed_global_transformation,True,False,test
129,1,OHRC,TMC-2,controlled_synthetic,synthetic_fixed_global_transformation,True,False,test
129,2,OHRC,TMC-2,controlled_synthetic,synthetic_fixed_global_transformation,True,False,test
129,3,OHRC,TMC-2,controlled_synthetic,synthetic_fixed_global_transformation,True,False,test
129,4,OHRC,TMC-2,controlled_synthetic,synthetic_fixed_global_transformation,True,False,test
130,0,OHRC,TMC-2,controlled_synthetic,synthetic_fixed_global_transformation,True,False,train
130,1,OHRC,TMC-2,controlled_synthetic,synthetic_fixed_global_transformation,True,False,train
130,2,OHRC,TMC-2,controlled_synthetic,synthetic_fixed_global_transformation,True,False,train
130,3,OHRC,TMC-2,controlled_synthetic,synthetic_fixed_global_transformation,True,False,train
130,4,OHRC,TMC-2,controlled_synthetic,synthetic_fixed_global_transformation,True,False,train
131,0,OHRC,TMC-2,controlled_synthetic,synthetic_fixed_global_transformation,True,False,train
131,1,OHRC,TMC-2,controlled_synthetic,synthetic_fixed_global_transformation,True,False,train
131,2,OHRC,TMC-2,controlled_synthetic,synthetic_fixed_global_transformation,True,False,train
131,3,OHRC,TMC-2,controlled_synthetic,synthetic_fixed_global_transformation,True,False,train
131,4,OHRC,TMC-2,controlled_synthetic,synthetic_fixed_global_transformation,True,False,train
132,0,OHRC,TMC-2,controlled_synthetic,synthetic_fixed_global_transformation,True,False,train
132,1,OHRC,TMC-2,controlled_synthetic,synthetic_fixed_global_transformation,True,False,train
132,2,OHRC,TMC-2,controlled_synthetic,synthetic_fixed_global_transformation,True,False,train
132,3,OHRC,TMC-2,controlled_synthetic,synthetic_fixed_global_transformation,True,False,train
132,4,OHRC,TMC-2,controlled_synthetic,synthetic_fixed_global_transformation,True,False,train
133,0,OHRC,TMC-2,controlled_synthetic,synthetic_fixed_global_transformation,True,False,train
133,1,OHRC,TMC-2,controlled_synthetic,synthetic_fixed_global_transformation,True,False,train
133,2,OHRC,TMC-2,controlled_synthetic,synthetic_fixed_global_transformation,True,False,train
133,3,OHRC,TMC-2,controlled_synthetic,synthetic_fixed_global_transformation,True,False,train
133,4,OHRC,TMC-2,controlled_synthetic,synthetic_fixed_global_transformation,True,False,train
134,0,OHRC,TMC-2,controlled_synthetic,synthetic_fixed_global_transformation,True,False,train
134,1,OHRC,TMC-2,controlled_synthetic,synthetic_fixed_global_transformation,True,False,train
134,2,OHRC,TMC-2,controlled_synthetic,synthetic_fixed_global_transformation,True,False,train
134,3,OHRC,TMC-2,controlled_synthetic,synthetic_fixed_global_transformation,True,False,train
134,4,OHRC,TMC-2,controlled_synthetic,synthetic_fixed_global_transformation,True,False,train
135,0,OHRC,TMC-2,controlled_synthetic,synthetic_fixed_global_transformation,True,False,train
135,1,OHRC,TMC-2,controlled_synthetic,synthetic_fixed_global_transformation,True,False,train
135,2,OHRC,TMC-2,controlled_synthetic,synthetic_fixed_global_transformation,True,False,train
135,3,OHRC,TMC-2,controlled_synthetic,synthetic_fixed_global_transformation,True,False,train
135,4,OHRC,TMC-2,controlled_synthetic,synthetic_fixed_global_transformation,True,False,train
136,0,OHRC,TMC-2,controlled_synthetic,synthetic_fixed_global_transformation,True,False,test
136,1,OHRC,TMC-2,controlled_synthetic,synthetic_fixed_global_transformation,True,False,test
136,2,OHRC,TMC-2,controlled_synthetic,synthetic_fixed_global_transformation,True,False,test
136,3,OHRC,TMC-2,controlled_synthetic,synthetic_fixed_global_transformation,True,False,test
136,4,OHRC,TMC-2,controlled_synthetic,synthetic_fixed_global_transformation,True,False,test
137,0,OHRC,TMC-2,controlled_synthetic,synthetic_fixed_global_transformation,True,False,test
137,1,OHRC,TMC-2,controlled_synthetic,synthetic_fixed_global_transformation,True,False,test
137,2,OHRC,TMC-2,controlled_synthetic,synthetic_fixed_global_transformation,True,False,test
137,3,OHRC,TMC-2,controlled_synthetic,synthetic_fixed_global_transformation,True,False,test
137,4,OHRC,TMC-2,controlled_synthetic,synthetic_fixed_global_transformation,True,False,test
138,0,OHRC,TMC-2,controlled_synthetic,synthetic_fixed_global_transformation,True,False,train
138,1,OHRC,TMC-2,controlled_synthetic,synthetic_fixed_global_transformation,True,False,train
138,2,OHRC,TMC-2,controlled_synthetic,synthetic_fixed_global_transformation,True,False,train
138,3,OHRC,TMC-2,controlled_synthetic,synthetic_fixed_global_transformation,True,False,train
138,4,OHRC,TMC-2,controlled_synthetic,synthetic_fixed_global_transformation,True,False,train
139,0,OHRC,TMC-2,controlled_synthetic,synthetic_fixed_global_transformation,True,False,test
139,1,OHRC,TMC-2,controlled_synthetic,synthetic_fixed_global_transformation,True,False,test
139,2,OHRC,TMC-2,controlled_synthetic,synthetic_fixed_global_transformation,True,False,test
139,3,OHRC,TMC-2,controlled_synthetic,synthetic_fixed_global_transformation,True,False,test
139,4,OHRC,TMC-2,controlled_synthetic,synthetic_fixed_global_transformation,True,False,test
140,0,OHRC,TMC-2,controlled_synthetic,synthetic_fixed_global_transformation,True,False,train
140,1,OHRC,TMC-2,controlled_synthetic,synthetic_fixed_global_transformation,True,False,train
140,2,OHRC,TMC-2,controlled_synthetic,synthetic_fixed_global_transformation,True,False,train
140,3,OHRC,TMC-2,controlled_synthetic,synthetic_fixed_global_transformation,True,False,train
140,4,OHRC,TMC-2,controlled_synthetic,synthetic_fixed_global_transformation,True,False,train
141,0,OHRC,TMC-2,controlled_synthetic,synthetic_fixed_global_transformation,True,False,test
141,1,OHRC,TMC-2,controlled_synthetic,synthetic_fixed_global_transformation,True,False,test
141,2,OHRC,TMC-2,controlled_synthetic,synthetic_fixed_global_transformation,True,False,test
141,3,OHRC,TMC-2,controlled_synthetic,synthetic_fixed_global_transformation,True,False,test
141,4,OHRC,TMC-2,controlled_synthetic,synthetic_fixed_global_transformation,True,False,test
142,0,OHRC,TMC-2,controlled_synthetic,synthetic_fixed_global_transformation,True,False,validation
142,1,OHRC,TMC-2,controlled_synthetic,synthetic_fixed_global_transformation,True,False,validation
142,2,OHRC,TMC-2,controlled_synthetic,synthetic_fixed_global_transformation,True,False,validation
142,3,OHRC,TMC-2,controlled_synthetic,synthetic_fixed_global_transformation,True,False,validation
142,4,OHRC,TMC-2,controlled_synthetic,synthetic_fixed_global_transformation,True,False,validation
143,0,OHRC,TMC-2,controlled_synthetic,synthetic_fixed_global_transformation,True,False,train
143,1,OHRC,TMC-2,controlled_synthetic,synthetic_fixed_global_transformation,True,False,train
143,2,OHRC,TMC-2,controlled_synthetic,synthetic_fixed_global_transformation,True,False,train
143,3,OHRC,TMC-2,controlled_synthetic,synthetic_fixed_global_transformation,True,False,train
143,4,OHRC,TMC-2,controlled_synthetic,synthetic_fixed_global_transformation,True,False,train
144,0,OHRC,TMC-2,controlled_synthetic,synthetic_fixed_global_transformation,True,False,train
144,1,OHRC,TMC-2,controlled_synthetic,synthetic_fixed_global_transformation,True,False,train
144,2,OHRC,TMC-2,controlled_synthetic,synthetic_fixed_global_transformation,True,False,train
144,3,OHRC,TMC-2,controlled_synthetic,synthetic_fixed_global_transformation,True,False,train
144,4,OHRC,TMC-2,controlled_synthetic,synthetic_fixed_global_transformation,True,False,train
145,0,OHRC,TMC-2,controlled_synthetic,synthetic_fixed_global_transformation,True,False,train
145,1,OHRC,TMC-2,controlled_synthetic,synthetic_fixed_global_transformation,True,False,train
145,2,OHRC,TMC-2,controlled_synthetic,synthetic_fixed_global_transformation,True,False,train
145,3,OHRC,TMC-2,controlled_synthetic,synthetic_fixed_global_transformation,True,False,train
145,4,OHRC,TMC-2,controlled_synthetic,synthetic_fixed_global_transformation,True,False,train
146,0,OHRC,TMC-2,controlled_synthetic,synthetic_fixed_global_transformation,True,False,train
146,1,OHRC,TMC-2,controlled_synthetic,synthetic_fixed_global_transformation,True,False,train
146,2,OHRC,TMC-2,controlled_synthetic,synthetic_fixed_global_transformation,True,False,train
146,3,OHRC,TMC-2,controlled_synthetic,synthetic_fixed_global_transformation,True,False,train
146,4,OHRC,TMC-2,controlled_synthetic,synthetic_fixed_global_transformation,True,False,train
147,0,OHRC,TMC-2,controlled_synthetic,synthetic_fixed_global_transformation,True,False,train
147,1,OHRC,TMC-2,controlled_synthetic,synthetic_fixed_global_transformation,True,False,train
147,2,OHRC,TMC-2,controlled_synthetic,synthetic_fixed_global_transformation,True,False,train
147,3,OHRC,TMC-2,controlled_synthetic,synthetic_fixed_global_transformation,True,False,train
147,4,OHRC,TMC-2,controlled_synthetic,synthetic_fixed_global_transformation,True,False,train
148,0,OHRC,TMC-2,controlled_synthetic,synthetic_fixed_global_transformation,True,False,train
148,1,OHRC,TMC-2,controlled_synthetic,synthetic_fixed_global_transformation,True,False,train
148,2,OHRC,TMC-2,controlled_synthetic,synthetic_fixed_global_transformation,True,False,train
148,3,OHRC,TMC-2,controlled_synthetic,synthetic_fixed_global_transformation,True,False,train
148,4,OHRC,TMC-2,controlled_synthetic,synthetic_fixed_global_transformation,True,False,train
149,0,OHRC,TMC-2,controlled_synthetic,synthetic_fixed_global_transformation,True,False,train
149,1,OHRC,TMC-2,controlled_synthetic,synthetic_fixed_global_transformation,True,False,train
149,2,OHRC,TMC-2,controlled_synthetic,synthetic_fixed_global_transformation,True,False,train
149,3,OHRC,TMC-2,controlled_synthetic,synthetic_fixed_global_transformation,True,False,train
149,4,OHRC,TMC-2,controlled_synthetic,synthetic_fixed_global_transformation,True,False,train
150,0,OHRC,TMC-2,controlled_synthetic,synthetic_fixed_global_transformation,True,False,train
150,1,OHRC,TMC-2,controlled_synthetic,synthetic_fixed_global_transformation,True,False,train
150,2,OHRC,TMC-2,controlled_synthetic,synthetic_fixed_global_transformation,True,False,train
150,3,OHRC,TMC-2,controlled_synthetic,synthetic_fixed_global_transformation,True,False,train
150,4,OHRC,TMC-2,controlled_synthetic,synthetic_fixed_global_transformation,True,False,train
151,0,OHRC,TMC-2,controlled_synthetic,synthetic_fixed_global_transformation,True,False,train
151,1,OHRC,TMC-2,controlled_synthetic,synthetic_fixed_global_transformation,True,False,train
151,2,OHRC,TMC-2,controlled_synthetic,synthetic_fixed_global_transformation,True,False,train
151,3,OHRC,TMC-2,controlled_synthetic,synthetic_fixed_global_transformation,True,False,train
151,4,OHRC,TMC-2,controlled_synthetic,synthetic_fixed_global_transformation,True,False,train
152,0,OHRC,TMC-2,controlled_synthetic,synthetic_fixed_global_transformation,True,False,train
152,1,OHRC,TMC-2,controlled_synthetic,synthetic_fixed_global_transformation,True,False,train
152,2,OHRC,TMC-2,controlled_synthetic,synthetic_fixed_global_transformation,True,False,train
152,3,OHRC,TMC-2,controlled_synthetic,synthetic_fixed_global_transformation,True,False,train
152,4,OHRC,TMC-2,controlled_synthetic,synthetic_fixed_global_transformation,True,False,train
153,0,OHRC,TMC-2,controlled_synthetic,synthetic_fixed_global_transformation,True,False,train
153,1,OHRC,TMC-2,controlled_synthetic,synthetic_fixed_global_transformation,True,False,train
153,2,OHRC,TMC-2,controlled_synthetic,synthetic_fixed_global_transformation,True,False,train
153,3,OHRC,TMC-2,controlled_synthetic,synthetic_fixed_global_transformation,True,False,train
153,4,OHRC,TMC-2,controlled_synthetic,synthetic_fixed_global_transformation,True,False,train
154,0,OHRC,TMC-2,controlled_synthetic,synthetic_fixed_global_transformation,True,False,train
154,1,OHRC,TMC-2,controlled_synthetic,synthetic_fixed_global_transformation,True,False,train
154,2,OHRC,TMC-2,controlled_synthetic,synthetic_fixed_global_transformation,True,False,train
154,3,OHRC,TMC-2,controlled_synthetic,synthetic_fixed_global_transformation,True,False,train
154,4,OHRC,TMC-2,controlled_synthetic,synthetic_fixed_global_transformation,True,False,train
155,0,OHRC,TMC-2,controlled_synthetic,synthetic_fixed_global_transformation,True,False,train
155,1,OHRC,TMC-2,controlled_synthetic,synthetic_fixed_global_transformation,True,False,train
155,2,OHRC,TMC-2,controlled_synthetic,synthetic_fixed_global_transformation,True,False,train
155,3,OHRC,TMC-2,controlled_synthetic,synthetic_fixed_global_transformation,True,False,train
155,4,OHRC,TMC-2,controlled_synthetic,synthetic_fixed_global_transformation,True,False,train
156,0,OHRC,TMC-2,controlled_synthetic,synthetic_fixed_global_transformation,True,False,train
156,1,OHRC,TMC-2,controlled_synthetic,synthetic_fixed_global_transformation,True,False,train
156,2,OHRC,TMC-2,controlled_synthetic,synthetic_fixed_global_transformation,True,False,train
156,3,OHRC,TMC-2,controlled_synthetic,synthetic_fixed_global_transformation,True,False,train
156,4,OHRC,TMC-2,controlled_synthetic,synthetic_fixed_global_transformation,True,False,train
157,0,OHRC,TMC-2,controlled_synthetic,synthetic_fixed_global_transformation,True,False,validation
157,1,OHRC,TMC-2,controlled_synthetic,synthetic_fixed_global_transformation,True,False,validation
157,2,OHRC,TMC-2,controlled_synthetic,synthetic_fixed_global_transformation,True,False,validation
157,3,OHRC,TMC-2,controlled_synthetic,synthetic_fixed_global_transformation,True,False,validation
157,4,OHRC,TMC-2,controlled_synthetic,synthetic_fixed_global_transformation,True,False,validation
158,0,OHRC,TMC-2,controlled_synthetic,synthetic_fixed_global_transformation,True,False,train
158,1,OHRC,TMC-2,controlled_synthetic,synthetic_fixed_global_transformation,True,False,train
158,2,OHRC,TMC-2,controlled_synthetic,synthetic_fixed_global_transformation,True,False,train
158,3,OHRC,TMC-2,controlled_synthetic,synthetic_fixed_global_transformation,True,False,train
158,4,OHRC,TMC-2,controlled_synthetic,synthetic_fixed_global_transformation,True,False,train
159,0,OHRC,TMC-2,controlled_synthetic,synthetic_fixed_global_transformation,True,False,train
159,1,OHRC,TMC-2,controlled_synthetic,synthetic_fixed_global_transformation,True,False,train
159,2,OHRC,TMC-2,controlled_synthetic,synthetic_fixed_global_transformation,True,False,train
159,3,OHRC,TMC-2,controlled_synthetic,synthetic_fixed_global_transformation,True,False,train
159,4,OHRC,TMC-2,controlled_synthetic,synthetic_fixed_global_transformation,True,False,train
160,0,OHRC,TMC-2,controlled_synthetic,synthetic_fixed_global_transformation,True,False,test
160,1,OHRC,TMC-2,controlled_synthetic,synthetic_fixed_global_transformation,True,False,test
160,2,OHRC,TMC-2,controlled_synthetic,synthetic_fixed_global_transformation,True,False,test
160,3,OHRC,TMC-2,controlled_synthetic,synthetic_fixed_global_transformation,True,False,test
160,4,OHRC,TMC-2,controlled_synthetic,synthetic_fixed_global_transformation,True,False,test
161,0,OHRC,TMC-2,controlled_synthetic,synthetic_fixed_global_transformation,True,False,train
161,1,OHRC,TMC-2,controlled_synthetic,synthetic_fixed_global_transformation,True,False,train
161,2,OHRC,TMC-2,controlled_synthetic,synthetic_fixed_global_transformation,True,False,train
161,3,OHRC,TMC-2,controlled_synthetic,synthetic_fixed_global_transformation,True,False,train
161,4,OHRC,TMC-2,controlled_synthetic,synthetic_fixed_global_transformation,True,False,train
162,0,OHRC,TMC-2,controlled_synthetic,synthetic_fixed_global_transformation,True,False,train
162,1,OHRC,TMC-2,controlled_synthetic,synthetic_fixed_global_transformation,True,False,train
162,2,OHRC,TMC-2,controlled_synthetic,synthetic_fixed_global_transformation,True,False,train
162,3,OHRC,TMC-2,controlled_synthetic,synthetic_fixed_global_transformation,True,False,train
162,4,OHRC,TMC-2,controlled_synthetic,synthetic_fixed_global_transformation,True,False,train
163,0,OHRC,TMC-2,controlled_synthetic,synthetic_fixed_global_transformation,True,False,test
163,1,OHRC,TMC-2,controlled_synthetic,synthetic_fixed_global_transformation,True,False,test
163,2,OHRC,TMC-2,controlled_synthetic,synthetic_fixed_global_transformation,True,False,test
163,3,OHRC,TMC-2,controlled_synthetic,synthetic_fixed_global_transformation,True,False,test
163,4,OHRC,TMC-2,controlled_synthetic,synthetic_fixed_global_transformation,True,False,test
164,0,OHRC,TMC-2,controlled_synthetic,synthetic_fixed_global_transformation,True,False,train
164,1,OHRC,TMC-2,controlled_synthetic,synthetic_fixed_global_transformation,True,False,train
164,2,OHRC,TMC-2,controlled_synthetic,synthetic_fixed_global_transformation,True,False,train
164,3,OHRC,TMC-2,controlled_synthetic,synthetic_fixed_global_transformation,True,False,train
164,4,OHRC,TMC-2,controlled_synthetic,synthetic_fixed_global_transformation,True,False,train
165,0,OHRC,TMC-2,controlled_synthetic,synthetic_fixed_global_transformation,True,False,train
165,1,OHRC,TMC-2,controlled_synthetic,synthetic_fixed_global_transformation,True,False,train
165,2,OHRC,TMC-2,controlled_synthetic,synthetic_fixed_global_transformation,True,False,train
165,3,OHRC,TMC-2,controlled_synthetic,synthetic_fixed_global_transformation,True,False,train
165,4,OHRC,TMC-2,controlled_synthetic,synthetic_fixed_global_transformation,True,False,train
166,0,OHRC,TMC-2,controlled_synthetic,synthetic_fixed_global_transformation,True,False,train
166,1,OHRC,TMC-2,controlled_synthetic,synthetic_fixed_global_transformation,True,False,train
166,2,OHRC,TMC-2,controlled_synthetic,synthetic_fixed_global_transformation,True,False,train
166,3,OHRC,TMC-2,controlled_synthetic,synthetic_fixed_global_transformation,True,False,train
166,4,OHRC,TMC-2,controlled_synthetic,synthetic_fixed_global_transformation,True,False,train
167,0,OHRC,TMC-2,controlled_synthetic,synthetic_fixed_global_transformation,True,False,validation
167,1,OHRC,TMC-2,controlled_synthetic,synthetic_fixed_global_transformation,True,False,validation
167,2,OHRC,TMC-2,controlled_synthetic,synthetic_fixed_global_transformation,True,False,validation
167,3,OHRC,TMC-2,controlled_synthetic,synthetic_fixed_global_transformation,True,False,validation
167,4,OHRC,TMC-2,controlled_synthetic,synthetic_fixed_global_transformation,True,False,validation
168,0,OHRC,TMC-2,controlled_synthetic,synthetic_fixed_global_transformation,True,False,train
168,1,OHRC,TMC-2,controlled_synthetic,synthetic_fixed_global_transformation,True,False,train
168,2,OHRC,TMC-2,controlled_synthetic,synthetic_fixed_global_transformation,True,False,train
168,3,OHRC,TMC-2,controlled_synthetic,synthetic_fixed_global_transformation,True,False,train
168,4,OHRC,TMC-2,controlled_synthetic,synthetic_fixed_global_transformation,True,False,train
169,0,OHRC,TMC-2,controlled_synthetic,synthetic_fixed_global_transformation,True,False,train
169,1,OHRC,TMC-2,controlled_synthetic,synthetic_fixed_global_transformation,True,False,train
169,2,OHRC,TMC-2,controlled_synthetic,synthetic_fixed_global_transformation,True,False,train
169,3,OHRC,TMC-2,controlled_synthetic,synthetic_fixed_global_transformation,True,False,train
169,4,OHRC,TMC-2,controlled_synthetic,synthetic_fixed_global_transformation,True,False,train
170,0,OHRC,TMC-2,controlled_synthetic,synthetic_fixed_global_transformation,True,False,validation
170,1,OHRC,TMC-2,controlled_synthetic,synthetic_fixed_global_transformation,True,False,validation
170,2,OHRC,TMC-2,controlled_synthetic,synthetic_fixed_global_transformation,True,False,validation
170,3,OHRC,TMC-2,controlled_synthetic,synthetic_fixed_global_transformation,True,False,validation
170,4,OHRC,TMC-2,controlled_synthetic,synthetic_fixed_global_transformation,True,False,validation
171,0,OHRC,TMC-2,controlled_synthetic,synthetic_fixed_global_transformation,True,False,train
171,1,OHRC,TMC-2,controlled_synthetic,synthetic_fixed_global_transformation,True,False,train
171,2,OHRC,TMC-2,controlled_synthetic,synthetic_fixed_global_transformation,True,False,train
171,3,OHRC,TMC-2,controlled_synthetic,synthetic_fixed_global_transformation,True,False,train
171,4,OHRC,TMC-2,controlled_synthetic,synthetic_fixed_global_transformation,True,False,train
172,0,OHRC,TMC-2,controlled_synthetic,synthetic_fixed_global_transformation,True,False,train
172,1,OHRC,TMC-2,controlled_synthetic,synthetic_fixed_global_transformation,True,False,train
172,2,OHRC,TMC-2,controlled_synthetic,synthetic_fixed_global_transformation,True,False,train
172,3,OHRC,TMC-2,controlled_synthetic,synthetic_fixed_global_transformation,True,False,train
172,4,OHRC,TMC-2,controlled_synthetic,synthetic_fixed_global_transformation,True,False,train
173,0,OHRC,TMC-2,controlled_synthetic,synthetic_fixed_global_transformation,True,False,train
173,1,OHRC,TMC-2,controlled_synthetic,synthetic_fixed_global_transformation,True,False,train
173,2,OHRC,TMC-2,controlled_synthetic,synthetic_fixed_global_transformation,True,False,train
173,3,OHRC,TMC-2,controlled_synthetic,synthetic_fixed_global_transformation,True,False,train
173,4,OHRC,TMC-2,controlled_synthetic,synthetic_fixed_global_transformation,True,False,train
174,0,OHRC,TMC-2,controlled_synthetic,synthetic_fixed_global_transformation,True,False,train
174,1,OHRC,TMC-2,controlled_synthetic,synthetic_fixed_global_transformation,True,False,train
174,2,OHRC,TMC-2,controlled_synthetic,synthetic_fixed_global_transformation,True,False,train
174,3,OHRC,TMC-2,controlled_synthetic,synthetic_fixed_global_transformation,True,False,train
174,4,OHRC,TMC-2,controlled_synthetic,synthetic_fixed_global_transformation,True,False,train
175,0,OHRC,TMC-2,controlled_synthetic,synthetic_fixed_global_transformation,True,False,test
175,1,OHRC,TMC-2,controlled_synthetic,synthetic_fixed_global_transformation,True,False,test
175,2,OHRC,TMC-2,controlled_synthetic,synthetic_fixed_global_transformation,True,False,test
175,3,OHRC,TMC-2,controlled_synthetic,synthetic_fixed_global_transformation,True,False,test
175,4,OHRC,TMC-2,controlled_synthetic,synthetic_fixed_global_transformation,True,False,test
176,0,OHRC,TMC-2,controlled_synthetic,synthetic_fixed_global_transformation,True,False,train
176,1,OHRC,TMC-2,controlled_synthetic,synthetic_fixed_global_transformation,True,False,train
176,2,OHRC,TMC-2,controlled_synthetic,synthetic_fixed_global_transformation,True,False,train
176,3,OHRC,TMC-2,controlled_synthetic,synthetic_fixed_global_transformation,True,False,train
176,4,OHRC,TMC-2,controlled_synthetic,synthetic_fixed_global_transformation,True,False,train
177,0,OHRC,TMC-2,controlled_synthetic,synthetic_fixed_global_transformation,True,False,validation
177,1,OHRC,TMC-2,controlled_synthetic,synthetic_fixed_global_transformation,True,False,validation
177,2,OHRC,TMC-2,controlled_synthetic,synthetic_fixed_global_transformation,True,False,validation
177,3,OHRC,TMC-2,controlled_synthetic,synthetic_fixed_global_transformation,True,False,validation
177,4,OHRC,TMC-2,controlled_synthetic,synthetic_fixed_global_transformation,True,False,validation
178,0,OHRC,TMC-2,controlled_synthetic,synthetic_fixed_global_transformation,True,False,train
178,1,OHRC,TMC-2,controlled_synthetic,synthetic_fixed_global_transformation,True,False,train
178,2,OHRC,TMC-2,controlled_synthetic,synthetic_fixed_global_transformation,True,False,train
178,3,OHRC,TMC-2,controlled_synthetic,synthetic_fixed_global_transformation,True,False,train
178,4,OHRC,TMC-2,controlled_synthetic,synthetic_fixed_global_transformation,True,False,train
179,0,OHRC,TMC-2,controlled_synthetic,synthetic_fixed_global_transformation,True,False,train
179,1,OHRC,TMC-2,controlled_synthetic,synthetic_fixed_global_transformation,True,False,train
179,2,OHRC,TMC-2,controlled_synthetic,synthetic_fixed_global_transformation,True,False,train
179,3,OHRC,TMC-2,controlled_synthetic,synthetic_fixed_global_transformation,True,False,train
179,4,OHRC,TMC-2,controlled_synthetic,synthetic_fixed_global_transformation,True,False,train
180,0,OHRC,TMC-2,controlled_synthetic,synthetic_fixed_global_transformation,True,False,train
180,1,OHRC,TMC-2,controlled_synthetic,synthetic_fixed_global_transformation,True,False,train
180,2,OHRC,TMC-2,controlled_synthetic,synthetic_fixed_global_transformation,True,False,train
180,3,OHRC,TMC-2,controlled_synthetic,synthetic_fixed_global_transformation,True,False,train
180,4,OHRC,TMC-2,controlled_synthetic,synthetic_fixed_global_transformation,True,False,train
181,0,OHRC,TMC-2,controlled_synthetic,synthetic_fixed_global_transformation,True,False,train
181,1,OHRC,TMC-2,controlled_synthetic,synthetic_fixed_global_transformation,True,False,train
181,2,OHRC,TMC-2,controlled_synthetic,synthetic_fixed_global_transformation,True,False,train
181,3,OHRC,TMC-2,controlled_synthetic,synthetic_fixed_global_transformation,True,False,train
181,4,OHRC,TMC-2,controlled_synthetic,synthetic_fixed_global_transformation,True,False,train
182,0,OHRC,TMC-2,controlled_synthetic,synthetic_fixed_global_transformation,True,False,test
182,1,OHRC,TMC-2,controlled_synthetic,synthetic_fixed_global_transformation,True,False,test
182,2,OHRC,TMC-2,controlled_synthetic,synthetic_fixed_global_transformation,True,False,test
182,3,OHRC,TMC-2,controlled_synthetic,synthetic_fixed_global_transformation,True,False,test
182,4,OHRC,TMC-2,controlled_synthetic,synthetic_fixed_global_transformation,True,False,test
183,0,OHRC,TMC-2,controlled_synthetic,synthetic_fixed_global_transformation,True,False,train
183,1,OHRC,TMC-2,controlled_synthetic,synthetic_fixed_global_transformation,True,False,train
183,2,OHRC,TMC-2,controlled_synthetic,synthetic_fixed_global_transformation,True,False,train
183,3,OHRC,TMC-2,controlled_synthetic,synthetic_fixed_global_transformation,True,False,train
183,4,OHRC,TMC-2,controlled_synthetic,synthetic_fixed_global_transformation,True,False,train
184,0,OHRC,TMC-2,controlled_synthetic,synthetic_fixed_global_transformation,True,False,train
184,1,OHRC,TMC-2,controlled_synthetic,synthetic_fixed_global_transformation,True,False,train
184,2,OHRC,TMC-2,controlled_synthetic,synthetic_fixed_global_transformation,True,False,train
184,3,OHRC,TMC-2,controlled_synthetic,synthetic_fixed_global_transformation,True,False,train
184,4,OHRC,TMC-2,controlled_synthetic,synthetic_fixed_global_transformation,True,False,train
185,0,OHRC,TMC-2,controlled_synthetic,synthetic_fixed_global_transformation,True,False,train
185,1,OHRC,TMC-2,controlled_synthetic,synthetic_fixed_global_transformation,True,False,train
185,2,OHRC,TMC-2,controlled_synthetic,synthetic_fixed_global_transformation,True,False,train
185,3,OHRC,TMC-2,controlled_synthetic,synthetic_fixed_global_transformation,True,False,train
185,4,OHRC,TMC-2,controlled_synthetic,synthetic_fixed_global_transformation,True,False,train
186,0,OHRC,TMC-2,controlled_synthetic,synthetic_fixed_global_transformation,True,False,train
186,1,OHRC,TMC-2,controlled_synthetic,synthetic_fixed_global_transformation,True,False,train
186,2,OHRC,TMC-2,controlled_synthetic,synthetic_fixed_global_transformation,True,False,train
186,3,OHRC,TMC-2,controlled_synthetic,synthetic_fixed_global_transformation,True,False,train
186,4,OHRC,TMC-2,controlled_synthetic,synthetic_fixed_global_transformation,True,False,train
187,0,OHRC,TMC-2,controlled_synthetic,synthetic_fixed_global_transformation,True,False,validation
187,1,OHRC,TMC-2,controlled_synthetic,synthetic_fixed_global_transformation,True,False,validation
187,2,OHRC,TMC-2,controlled_synthetic,synthetic_fixed_global_transformation,True,False,validation
187,3,OHRC,TMC-2,controlled_synthetic,synthetic_fixed_global_transformation,True,False,validation
187,4,OHRC,TMC-2,controlled_synthetic,synthetic_fixed_global_transformation,True,False,validation
188,0,OHRC,TMC-2,controlled_synthetic,synthetic_fixed_global_transformation,True,False,validation
188,1,OHRC,TMC-2,controlled_synthetic,synthetic_fixed_global_transformation,True,False,validation
188,2,OHRC,TMC-2,controlled_synthetic,synthetic_fixed_global_transformation,True,False,validation
188,3,OHRC,TMC-2,controlled_synthetic,synthetic_fixed_global_transformation,True,False,validation
188,4,OHRC,TMC-2,controlled_synthetic,synthetic_fixed_global_transformation,True,False,validation
189,0,OHRC,TMC-2,controlled_synthetic,synthetic_fixed_global_transformation,True,False,validation
189,1,OHRC,TMC-2,controlled_synthetic,synthetic_fixed_global_transformation,True,False,validation
189,2,OHRC,TMC-2,controlled_synthetic,synthetic_fixed_global_transformation,True,False,validation
189,3,OHRC,TMC-2,controlled_synthetic,synthetic_fixed_global_transformation,True,False,validation
189,4,OHRC,TMC-2,controlled_synthetic,synthetic_fixed_global_transformation,True,False,validation
190,0,OHRC,TMC-2,controlled_synthetic,synthetic_fixed_global_transformation,True,False,test
190,1,OHRC,TMC-2,controlled_synthetic,synthetic_fixed_global_transformation,True,False,test
190,2,OHRC,TMC-2,controlled_synthetic,synthetic_fixed_global_transformation,True,False,test
190,3,OHRC,TMC-2,controlled_synthetic,synthetic_fixed_global_transformation,True,False,test
190,4,OHRC,TMC-2,controlled_synthetic,synthetic_fixed_global_transformation,True,False,test
191,0,OHRC,TMC-2,controlled_synthetic,synthetic_fixed_global_transformation,True,False,train
191,1,OHRC,TMC-2,controlled_synthetic,synthetic_fixed_global_transformation,True,False,train
191,2,OHRC,TMC-2,controlled_synthetic,synthetic_fixed_global_transformation,True,False,train
191,3,OHRC,TMC-2,controlled_synthetic,synthetic_fixed_global_transformation,True,False,train
191,4,OHRC,TMC-2,controlled_synthetic,synthetic_fixed_global_transformation,True,False,train
192,0,OHRC,TMC-2,controlled_synthetic,synthetic_fixed_global_transformation,True,False,train
192,1,OHRC,TMC-2,controlled_synthetic,synthetic_fixed_global_transformation,True,False,train
192,2,OHRC,TMC-2,controlled_synthetic,synthetic_fixed_global_transformation,True,False,train
192,3,OHRC,TMC-2,controlled_synthetic,synthetic_fixed_global_transformation,True,False,train
192,4,OHRC,TMC-2,controlled_synthetic,synthetic_fixed_global_transformation,True,False,train
193,0,OHRC,TMC-2,controlled_synthetic,synthetic_fixed_global_transformation,True,False,train
193,1,OHRC,TMC-2,controlled_synthetic,synthetic_fixed_global_transformation,True,False,train
193,2,OHRC,TMC-2,controlled_synthetic,synthetic_fixed_global_transformation,True,False,train
193,3,OHRC,TMC-2,controlled_synthetic,synthetic_fixed_global_transformation,True,False,train
193,4,OHRC,TMC-2,controlled_synthetic,synthetic_fixed_global_transformation,True,False,train
194,0,OHRC,TMC-2,controlled_synthetic,synthetic_fixed_global_transformation,True,False,test
194,1,OHRC,TMC-2,controlled_synthetic,synthetic_fixed_global_transformation,True,False,test
194,2,OHRC,TMC-2,controlled_synthetic,synthetic_fixed_global_transformation,True,False,test
194,3,OHRC,TMC-2,controlled_synthetic,synthetic_fixed_global_transformation,True,False,test
194,4,OHRC,TMC-2,controlled_synthetic,synthetic_fixed_global_transformation,True,False,test
195,0,OHRC,TMC-2,controlled_synthetic,synthetic_fixed_global_transformation,True,False,test
195,1,OHRC,TMC-2,controlled_synthetic,synthetic_fixed_global_transformation,True,False,test
195,2,OHRC,TMC-2,controlled_synthetic,synthetic_fixed_global_transformation,True,False,test
195,3,OHRC,TMC-2,controlled_synthetic,synthetic_fixed_global_transformation,True,False,test
195,4,OHRC,TMC-2,controlled_synthetic,synthetic_fixed_global_transformation,True,False,test
196,0,OHRC,TMC-2,controlled_synthetic,synthetic_fixed_global_transformation,True,False,train
196,1,OHRC,TMC-2,controlled_synthetic,synthetic_fixed_global_transformation,True,False,train
196,2,OHRC,TMC-2,controlled_synthetic,synthetic_fixed_global_transformation,True,False,train
196,3,OHRC,TMC-2,controlled_synthetic,synthetic_fixed_global_transformation,True,False,train
196,4,OHRC,TMC-2,controlled_synthetic,synthetic_fixed_global_transformation,True,False,train
197,0,OHRC,TMC-2,controlled_synthetic,synthetic_fixed_global_transformation,True,False,train
197,1,OHRC,TMC-2,controlled_synthetic,synthetic_fixed_global_transformation,True,False,train
197,2,OHRC,TMC-2,controlled_synthetic,synthetic_fixed_global_transformation,True,False,train
197,3,OHRC,TMC-2,controlled_synthetic,synthetic_fixed_global_transformation,True,False,train
197,4,OHRC,TMC-2,controlled_synthetic,synthetic_fixed_global_transformation,True,False,train
198,0,OHRC,TMC-2,controlled_synthetic,synthetic_fixed_global_transformation,True,False,train
198,1,OHRC,TMC-2,controlled_synthetic,synthetic_fixed_global_transformation,True,False,train
198,2,OHRC,TMC-2,controlled_synthetic,synthetic_fixed_global_transformation,True,False,train
198,3,OHRC,TMC-2,controlled_synthetic,synthetic_fixed_global_transformation,True,False,train
198,4,OHRC,TMC-2,controlled_synthetic,synthetic_fixed_global_transformation,True,False,train
199,0,OHRC,TMC-2,controlled_synthetic,synthetic_fixed_global_transformation,True,False,validation
199,1,OHRC,TMC-2,controlled_synthetic,synthetic_fixed_global_transformation,True,False,validation
199,2,OHRC,TMC-2,controlled_synthetic,synthetic_fixed_global_transformation,True,False,validation
199,3,OHRC,TMC-2,controlled_synthetic,synthetic_fixed_global_transformation,True,False,validation
199,4,OHRC,TMC-2,controlled_synthetic,synthetic_fixed_global_transformation,True,False,validation
200,0,OHRC,TMC-2,controlled_synthetic,synthetic_fixed_global_transformation,True,False,train
200,1,OHRC,TMC-2,controlled_synthetic,synthetic_fixed_global_transformation,True,False,train
200,2,OHRC,TMC-2,controlled_synthetic,synthetic_fixed_global_transformation,True,False,train
200,3,OHRC,TMC-2,controlled_synthetic,synthetic_fixed_global_transformation,True,False,train
200,4,OHRC,TMC-2,controlled_synthetic,synthetic_fixed_global_transformation,True,False,train
201,0,OHRC,TMC-2,controlled_synthetic,synthetic_fixed_global_transformation,True,False,train
201,1,OHRC,TMC-2,controlled_synthetic,synthetic_fixed_global_transformation,True,False,train
201,2,OHRC,TMC-2,controlled_synthetic,synthetic_fixed_global_transformation,True,False,train
201,3,OHRC,TMC-2,controlled_synthetic,synthetic_fixed_global_transformation,True,False,train
201,4,OHRC,TMC-2,controlled_synthetic,synthetic_fixed_global_transformation,True,False,train
202,0,OHRC,TMC-2,controlled_synthetic,synthetic_fixed_global_transformation,True,False,train
202,1,OHRC,TMC-2,controlled_synthetic,synthetic_fixed_global_transformation,True,False,train
202,2,OHRC,TMC-2,controlled_synthetic,synthetic_fixed_global_transformation,True,False,train
202,3,OHRC,TMC-2,controlled_synthetic,synthetic_fixed_global_transformation,True,False,train
202,4,OHRC,TMC-2,controlled_synthetic,synthetic_fixed_global_transformation,True,False,train
203,0,OHRC,TMC-2,controlled_synthetic,synthetic_fixed_global_transformation,True,False,train
203,1,OHRC,TMC-2,controlled_synthetic,synthetic_fixed_global_transformation,True,False,train
203,2,OHRC,TMC-2,controlled_synthetic,synthetic_fixed_global_transformation,True,False,train
203,3,OHRC,TMC-2,controlled_synthetic,synthetic_fixed_global_transformation,True,False,train
203,4,OHRC,TMC-2,controlled_synthetic,synthetic_fixed_global_transformation,True,False,train
204,0,OHRC,TMC-2,controlled_synthetic,synthetic_fixed_global_transformation,True,False,train
204,1,OHRC,TMC-2,controlled_synthetic,synthetic_fixed_global_transformation,True,False,train
204,2,OHRC,TMC-2,controlled_synthetic,synthetic_fixed_global_transformation,True,False,train
204,3,OHRC,TMC-2,controlled_synthetic,synthetic_fixed_global_transformation,True,False,train
204,4,OHRC,TMC-2,controlled_synthetic,synthetic_fixed_global_transformation,True,False,train
205,0,OHRC,TMC-2,controlled_synthetic,synthetic_fixed_global_transformation,True,False,train
205,1,OHRC,TMC-2,controlled_synthetic,synthetic_fixed_global_transformation,True,False,train
205,2,OHRC,TMC-2,controlled_synthetic,synthetic_fixed_global_transformation,True,False,train
205,3,OHRC,TMC-2,controlled_synthetic,synthetic_fixed_global_transformation,True,False,train
205,4,OHRC,TMC-2,controlled_synthetic,synthetic_fixed_global_transformation,True,False,train
206,0,OHRC,TMC-2,controlled_synthetic,synthetic_fixed_global_transformation,True,False,validation
206,1,OHRC,TMC-2,controlled_synthetic,synthetic_fixed_global_transformation,True,False,validation
206,2,OHRC,TMC-2,controlled_synthetic,synthetic_fixed_global_transformation,True,False,validation
206,3,OHRC,TMC-2,controlled_synthetic,synthetic_fixed_global_transformation,True,False,validation
206,4,OHRC,TMC-2,controlled_synthetic,synthetic_fixed_global_transformation,True,False,validation
207,0,OHRC,TMC-2,controlled_synthetic,synthetic_fixed_global_transformation,True,False,train
207,1,OHRC,TMC-2,controlled_synthetic,synthetic_fixed_global_transformation,True,False,train
207,2,OHRC,TMC-2,controlled_synthetic,synthetic_fixed_global_transformation,True,False,train
207,3,OHRC,TMC-2,controlled_synthetic,synthetic_fixed_global_transformation,True,False,train
207,4,OHRC,TMC-2,controlled_synthetic,synthetic_fixed_global_transformation,True,False,train
208,0,OHRC,TMC-2,controlled_synthetic,synthetic_fixed_global_transformation,True,False,test
208,1,OHRC,TMC-2,controlled_synthetic,synthetic_fixed_global_transformation,True,False,test
208,2,OHRC,TMC-2,controlled_synthetic,synthetic_fixed_global_transformation,True,False,test
208,3,OHRC,TMC-2,controlled_synthetic,synthetic_fixed_global_transformation,True,False,test
208,4,OHRC,TMC-2,controlled_synthetic,synthetic_fixed_global_transformation,True,False,test
209,0,OHRC,TMC-2,controlled_synthetic,synthetic_fixed_global_transformation,True,False,train
209,1,OHRC,TMC-2,controlled_synthetic,synthetic_fixed_global_transformation,True,False,train
209,2,OHRC,TMC-2,controlled_synthetic,synthetic_fixed_global_transformation,True,False,train
209,3,OHRC,TMC-2,controlled_synthetic,synthetic_fixed_global_transformation,True,False,train
209,4,OHRC,TMC-2,controlled_synthetic,synthetic_fixed_global_transformation,True,False,train
210,0,OHRC,TMC-2,controlled_synthetic,synthetic_fixed_global_transformation,True,False,train
210,1,OHRC,TMC-2,controlled_synthetic,synthetic_fixed_global_transformation,True,False,train
210,2,OHRC,TMC-2,controlled_synthetic,synthetic_fixed_global_transformation,True,False,train
210,3,OHRC,TMC-2,controlled_synthetic,synthetic_fixed_global_transformation,True,False,train
210,4,OHRC,TMC-2,controlled_synthetic,synthetic_fixed_global_transformation,True,False,train
211,0,OHRC,TMC-2,controlled_synthetic,synthetic_fixed_global_transformation,True,False,train
211,1,OHRC,TMC-2,controlled_synthetic,synthetic_fixed_global_transformation,True,False,train
211,2,OHRC,TMC-2,controlled_synthetic,synthetic_fixed_global_transformation,True,False,train
211,3,OHRC,TMC-2,controlled_synthetic,synthetic_fixed_global_transformation,True,False,train
211,4,OHRC,TMC-2,controlled_synthetic,synthetic_fixed_global_transformation,True,False,train
212,0,OHRC,TMC-2,controlled_synthetic,synthetic_fixed_global_transformation,True,False,test
212,1,OHRC,TMC-2,controlled_synthetic,synthetic_fixed_global_transformation,True,False,test
212,2,OHRC,TMC-2,controlled_synthetic,synthetic_fixed_global_transformation,True,False,test
212,3,OHRC,TMC-2,controlled_synthetic,synthetic_fixed_global_transformation,True,False,test
212,4,OHRC,TMC-2,controlled_synthetic,synthetic_fixed_global_transformation,True,False,test
213,0,OHRC,TMC-2,controlled_synthetic,synthetic_fixed_global_transformation,True,False,train
213,1,OHRC,TMC-2,controlled_synthetic,synthetic_fixed_global_transformation,True,False,train
213,2,OHRC,TMC-2,controlled_synthetic,synthetic_fixed_global_transformation,True,False,train
213,3,OHRC,TMC-2,controlled_synthetic,synthetic_fixed_global_transformation,True,False,train
213,4,OHRC,TMC-2,controlled_synthetic,synthetic_fixed_global_transformation,True,False,train
214,0,OHRC,TMC-2,controlled_synthetic,synthetic_fixed_global_transformation,True,False,train
214,1,OHRC,TMC-2,controlled_synthetic,synthetic_fixed_global_transformation,True,False,train
214,2,OHRC,TMC-2,controlled_synthetic,synthetic_fixed_global_transformation,True,False,train
214,3,OHRC,TMC-2,controlled_synthetic,synthetic_fixed_global_transformation,True,False,train
214,4,OHRC,TMC-2,controlled_synthetic,synthetic_fixed_global_transformation,True,False,train
215,0,OHRC,TMC-2,controlled_synthetic,synthetic_fixed_global_transformation,True,False,train
215,1,OHRC,TMC-2,controlled_synthetic,synthetic_fixed_global_transformation,True,False,train
215,2,OHRC,TMC-2,controlled_synthetic,synthetic_fixed_global_transformation,True,False,train
215,3,OHRC,TMC-2,controlled_synthetic,synthetic_fixed_global_transformation,True,False,train
215,4,OHRC,TMC-2,controlled_synthetic,synthetic_fixed_global_transformation,True,False,train
216,0,OHRC,TMC-2,controlled_synthetic,synthetic_fixed_global_transformation,True,False,train
216,1,OHRC,TMC-2,controlled_synthetic,synthetic_fixed_global_transformation,True,False,train
216,2,OHRC,TMC-2,controlled_synthetic,synthetic_fixed_global_transformation,True,False,train
216,3,OHRC,TMC-2,controlled_synthetic,synthetic_fixed_global_transformation,True,False,train
216,4,OHRC,TMC-2,controlled_synthetic,synthetic_fixed_global_transformation,True,False,train
217,0,OHRC,TMC-2,controlled_synthetic,synthetic_fixed_global_transformation,True,False,train
217,1,OHRC,TMC-2,controlled_synthetic,synthetic_fixed_global_transformation,True,False,train
217,2,OHRC,TMC-2,controlled_synthetic,synthetic_fixed_global_transformation,True,False,train
217,3,OHRC,TMC-2,controlled_synthetic,synthetic_fixed_global_transformation,True,False,train
217,4,OHRC,TMC-2,controlled_synthetic,synthetic_fixed_global_transformation,True,False,train
218,0,OHRC,TMC-2,controlled_synthetic,synthetic_fixed_global_transformation,True,False,validation
218,1,OHRC,TMC-2,controlled_synthetic,synthetic_fixed_global_transformation,True,False,validation
218,2,OHRC,TMC-2,controlled_synthetic,synthetic_fixed_global_transformation,True,False,validation
218,3,OHRC,TMC-2,controlled_synthetic,synthetic_fixed_global_transformation,True,False,validation
218,4,OHRC,TMC-2,controlled_synthetic,synthetic_fixed_global_transformation,True,False,validation
219,0,OHRC,TMC-2,controlled_synthetic,synthetic_fixed_global_transformation,True,False,train
219,1,OHRC,TMC-2,controlled_synthetic,synthetic_fixed_global_transformation,True,False,train
219,2,OHRC,TMC-2,controlled_synthetic,synthetic_fixed_global_transformation,True,False,train
219,3,OHRC,TMC-2,controlled_synthetic,synthetic_fixed_global_transformation,True,False,train
219,4,OHRC,TMC-2,controlled_synthetic,synthetic_fixed_global_transformation,True,False,train
220,0,OHRC,TMC-2,controlled_synthetic,synthetic_fixed_global_transformation,True,False,validation
220,1,OHRC,TMC-2,controlled_synthetic,synthetic_fixed_global_transformation,True,False,validation
220,2,OHRC,TMC-2,controlled_synthetic,synthetic_fixed_global_transformation,True,False,validation
220,3,OHRC,TMC-2,controlled_synthetic,synthetic_fixed_global_transformation,True,False,validation
220,4,OHRC,TMC-2,controlled_synthetic,synthetic_fixed_global_transformation,True,False,validation
221,0,OHRC,TMC-2,controlled_synthetic,synthetic_fixed_global_transformation,True,False,validation
221,1,OHRC,TMC-2,controlled_synthetic,synthetic_fixed_global_transformation,True,False,validation
221,2,OHRC,TMC-2,controlled_synthetic,synthetic_fixed_global_transformation,True,False,validation
221,3,OHRC,TMC-2,controlled_synthetic,synthetic_fixed_global_transformation,True,False,validation
221,4,OHRC,TMC-2,controlled_synthetic,synthetic_fixed_global_transformation,True,False,validation
222,0,OHRC,TMC-2,controlled_synthetic,synthetic_fixed_global_transformation,True,False,train
222,1,OHRC,TMC-2,controlled_synthetic,synthetic_fixed_global_transformation,True,False,train
222,2,OHRC,TMC-2,controlled_synthetic,synthetic_fixed_global_transformation,True,False,train
222,3,OHRC,TMC-2,controlled_synthetic,synthetic_fixed_global_transformation,True,False,train
222,4,OHRC,TMC-2,controlled_synthetic,synthetic_fixed_global_transformation,True,False,train
223,0,OHRC,TMC-2,controlled_synthetic,synthetic_fixed_global_transformation,True,False,validation
223,1,OHRC,TMC-2,controlled_synthetic,synthetic_fixed_global_transformation,True,False,validation
223,2,OHRC,TMC-2,controlled_synthetic,synthetic_fixed_global_transformation,True,False,validation
223,3,OHRC,TMC-2,controlled_synthetic,synthetic_fixed_global_transformation,True,False,validation
223,4,OHRC,TMC-2,controlled_synthetic,synthetic_fixed_global_transformation,True,False,validation
224,0,OHRC,TMC-2,controlled_synthetic,synthetic_fixed_global_transformation,True,False,validation
224,1,OHRC,TMC-2,controlled_synthetic,synthetic_fixed_global_transformation,True,False,validation
224,2,OHRC,TMC-2,controlled_synthetic,synthetic_fixed_global_transformation,True,False,validation
224,3,OHRC,TMC-2,controlled_synthetic,synthetic_fixed_global_transformation,True,False,validation
224,4,OHRC,TMC-2,controlled_synthetic,synthetic_fixed_global_transformation,True,False,validation
225,0,OHRC,TMC-2,controlled_synthetic,synthetic_fixed_global_transformation,True,False,train
225,1,OHRC,TMC-2,controlled_synthetic,synthetic_fixed_global_transformation,True,False,train
225,2,OHRC,TMC-2,controlled_synthetic,synthetic_fixed_global_transformation,True,False,train
225,3,OHRC,TMC-2,controlled_synthetic,synthetic_fixed_global_transformation,True,False,train
225,4,OHRC,TMC-2,controlled_synthetic,synthetic_fixed_global_transformation,True,False,train
226,0,OHRC,TMC-2,controlled_synthetic,synthetic_fixed_global_transformation,True,False,train
226,1,OHRC,TMC-2,controlled_synthetic,synthetic_fixed_global_transformation,True,False,train
226,2,OHRC,TMC-2,controlled_synthetic,synthetic_fixed_global_transformation,True,False,train
226,3,OHRC,TMC-2,controlled_synthetic,synthetic_fixed_global_transformation,True,False,train
226,4,OHRC,TMC-2,controlled_synthetic,synthetic_fixed_global_transformation,True,False,train
227,0,OHRC,TMC-2,controlled_synthetic,synthetic_fixed_global_transformation,True,False,train
227,1,OHRC,TMC-2,controlled_synthetic,synthetic_fixed_global_transformation,True,False,train
227,2,OHRC,TMC-2,controlled_synthetic,synthetic_fixed_global_transformation,True,False,train
227,3,OHRC,TMC-2,controlled_synthetic,synthetic_fixed_global_transformation,True,False,train
227,4,OHRC,TMC-2,controlled_synthetic,synthetic_fixed_global_transformation,True,False,train
228,0,OHRC,TMC-2,controlled_synthetic,synthetic_fixed_global_transformation,True,False,train
228,1,OHRC,TMC-2,controlled_synthetic,synthetic_fixed_global_transformation,True,False,train
228,2,OHRC,TMC-2,controlled_synthetic,synthetic_fixed_global_transformation,True,False,train
228,3,OHRC,TMC-2,controlled_synthetic,synthetic_fixed_global_transformation,True,False,train
228,4,OHRC,TMC-2,controlled_synthetic,synthetic_fixed_global_transformation,True,False,train
229,0,OHRC,TMC-2,controlled_synthetic,synthetic_fixed_global_transformation,True,False,train
229,1,OHRC,TMC-2,controlled_synthetic,synthetic_fixed_global_transformation,True,False,train
229,2,OHRC,TMC-2,controlled_synthetic,synthetic_fixed_global_transformation,True,False,train
229,3,OHRC,TMC-2,controlled_synthetic,synthetic_fixed_global_transformation,True,False,train
229,4,OHRC,TMC-2,controlled_synthetic,synthetic_fixed_global_transformation,True,False,train
230,0,OHRC,TMC-2,controlled_synthetic,synthetic_fixed_global_transformation,True,False,train
230,1,OHRC,TMC-2,controlled_synthetic,synthetic_fixed_global_transformation,True,False,train
230,2,OHRC,TMC-2,controlled_synthetic,synthetic_fixed_global_transformation,True,False,train
230,3,OHRC,TMC-2,controlled_synthetic,synthetic_fixed_global_transformation,True,False,train
230,4,OHRC,TMC-2,controlled_synthetic,synthetic_fixed_global_transformation,True,False,train
231,0,OHRC,TMC-2,controlled_synthetic,synthetic_fixed_global_transformation,True,False,train
231,1,OHRC,TMC-2,controlled_synthetic,synthetic_fixed_global_transformation,True,False,train
231,2,OHRC,TMC-2,controlled_synthetic,synthetic_fixed_global_transformation,True,False,train
231,3,OHRC,TMC-2,controlled_synthetic,synthetic_fixed_global_transformation,True,False,train
231,4,OHRC,TMC-2,controlled_synthetic,synthetic_fixed_global_transformation,True,False,train
232,0,OHRC,TMC-2,controlled_synthetic,synthetic_fixed_global_transformation,True,False,train
232,1,OHRC,TMC-2,controlled_synthetic,synthetic_fixed_global_transformation,True,False,train
232,2,OHRC,TMC-2,controlled_synthetic,synthetic_fixed_global_transformation,True,False,train
232,3,OHRC,TMC-2,controlled_synthetic,synthetic_fixed_global_transformation,True,False,train
232,4,OHRC,TMC-2,controlled_synthetic,synthetic_fixed_global_transformation,True,False,train
233,0,OHRC,TMC-2,controlled_synthetic,synthetic_fixed_global_transformation,True,False,train
233,1,OHRC,TMC-2,controlled_synthetic,synthetic_fixed_global_transformation,True,False,train
233,2,OHRC,TMC-2,controlled_synthetic,synthetic_fixed_global_transformation,True,False,train
233,3,OHRC,TMC-2,controlled_synthetic,synthetic_fixed_global_transformation,True,False,train
233,4,OHRC,TMC-2,controlled_synthetic,synthetic_fixed_global_transformation,True,False,train
234,0,OHRC,TMC-2,controlled_synthetic,synthetic_fixed_global_transformation,True,False,train
234,1,OHRC,TMC-2,controlled_synthetic,synthetic_fixed_global_transformation,True,False,train
234,2,OHRC,TMC-2,controlled_synthetic,synthetic_fixed_global_transformation,True,False,train
234,3,OHRC,TMC-2,controlled_synthetic,synthetic_fixed_global_transformation,True,False,train
234,4,OHRC,TMC-2,controlled_synthetic,synthetic_fixed_global_transformation,True,False,train
235,0,OHRC,TMC-2,controlled_synthetic,synthetic_fixed_global_transformation,True,False,train
235,1,OHRC,TMC-2,controlled_synthetic,synthetic_fixed_global_transformation,True,False,train
235,2,OHRC,TMC-2,controlled_synthetic,synthetic_fixed_global_transformation,True,False,train
235,3,OHRC,TMC-2,controlled_synthetic,synthetic_fixed_global_transformation,True,False,train
235,4,OHRC,TMC-2,controlled_synthetic,synthetic_fixed_global_transformation,True,False,train
236,0,OHRC,TMC-2,controlled_synthetic,synthetic_fixed_global_transformation,True,False,train
236,1,OHRC,TMC-2,controlled_synthetic,synthetic_fixed_global_transformation,True,False,train
236,2,OHRC,TMC-2,controlled_synthetic,synthetic_fixed_global_transformation,True,False,train
236,3,OHRC,TMC-2,controlled_synthetic,synthetic_fixed_global_transformation,True,False,train
236,4,OHRC,TMC-2,controlled_synthetic,synthetic_fixed_global_transformation,True,False,train
237,0,OHRC,TMC-2,controlled_synthetic,synthetic_fixed_global_transformation,True,False,test
237,1,OHRC,TMC-2,controlled_synthetic,synthetic_fixed_global_transformation,True,False,test
237,2,OHRC,TMC-2,controlled_synthetic,synthetic_fixed_global_transformation,True,False,test
237,3,OHRC,TMC-2,controlled_synthetic,synthetic_fixed_global_transformation,True,False,test
237,4,OHRC,TMC-2,controlled_synthetic,synthetic_fixed_global_transformation,True,False,test
238,0,OHRC,TMC-2,controlled_synthetic,synthetic_fixed_global_transformation,True,False,train
238,1,OHRC,TMC-2,controlled_synthetic,synthetic_fixed_global_transformation,True,False,train
238,2,OHRC,TMC-2,controlled_synthetic,synthetic_fixed_global_transformation,True,False,train
238,3,OHRC,TMC-2,controlled_synthetic,synthetic_fixed_global_transformation,True,False,train
238,4,OHRC,TMC-2,controlled_synthetic,synthetic_fixed_global_transformation,True,False,train
239,0,OHRC,TMC-2,controlled_synthetic,synthetic_fixed_global_transformation,True,False,train
239,1,OHRC,TMC-2,controlled_synthetic,synthetic_fixed_global_transformation,True,False,train
239,2,OHRC,TMC-2,controlled_synthetic,synthetic_fixed_global_transformation,True,False,train
239,3,OHRC,TMC-2,controlled_synthetic,synthetic_fixed_global_transformation,True,False,train
239,4,OHRC,TMC-2,controlled_synthetic,synthetic_fixed_global_transformation,True,False,train
240,0,OHRC,TMC-2,controlled_synthetic,synthetic_fixed_global_transformation,True,False,test
240,1,OHRC,TMC-2,controlled_synthetic,synthetic_fixed_global_transformation,True,False,test
240,2,OHRC,TMC-2,controlled_synthetic,synthetic_fixed_global_transformation,True,False,test
240,3,OHRC,TMC-2,controlled_synthetic,synthetic_fixed_global_transformation,True,False,test
240,4,OHRC,TMC-2,controlled_synthetic,synthetic_fixed_global_transformation,True,False,test
241,0,OHRC,TMC-2,controlled_synthetic,synthetic_fixed_global_transformation,True,False,train
241,1,OHRC,TMC-2,controlled_synthetic,synthetic_fixed_global_transformation,True,False,train
241,2,OHRC,TMC-2,controlled_synthetic,synthetic_fixed_global_transformation,True,False,train
241,3,OHRC,TMC-2,controlled_synthetic,synthetic_fixed_global_transformation,True,False,train
241,4,OHRC,TMC-2,controlled_synthetic,synthetic_fixed_global_transformation,True,False,train
242,0,OHRC,TMC-2,controlled_synthetic,synthetic_fixed_global_transformation,True,False,train
242,1,OHRC,TMC-2,controlled_synthetic,synthetic_fixed_global_transformation,True,False,train
242,2,OHRC,TMC-2,controlled_synthetic,synthetic_fixed_global_transformation,True,False,train
242,3,OHRC,TMC-2,controlled_synthetic,synthetic_fixed_global_transformation,True,False,train
242,4,OHRC,TMC-2,controlled_synthetic,synthetic_fixed_global_transformation,True,False,train
243,0,OHRC,TMC-2,controlled_synthetic,synthetic_fixed_global_transformation,True,False,train
243,1,OHRC,TMC-2,controlled_synthetic,synthetic_fixed_global_transformation,True,False,train
243,2,OHRC,TMC-2,controlled_synthetic,synthetic_fixed_global_transformation,True,False,train
243,3,OHRC,TMC-2,controlled_synthetic,synthetic_fixed_global_transformation,True,False,train
243,4,OHRC,TMC-2,controlled_synthetic,synthetic_fixed_global_transformation,True,False,train
244,0,OHRC,TMC-2,controlled_synthetic,synthetic_fixed_global_transformation,True,False,train
244,1,OHRC,TMC-2,controlled_synthetic,synthetic_fixed_global_transformation,True,False,train
244,2,OHRC,TMC-2,controlled_synthetic,synthetic_fixed_global_transformation,True,False,train
244,3,OHRC,TMC-2,controlled_synthetic,synthetic_fixed_global_transformation,True,False,train
244,4,OHRC,TMC-2,controlled_synthetic,synthetic_fixed_global_transformation,True,False,train
245,0,OHRC,TMC-2,controlled_synthetic,synthetic_fixed_global_transformation,True,False,train
245,1,OHRC,TMC-2,controlled_synthetic,synthetic_fixed_global_transformation,True,False,train
245,2,OHRC,TMC-2,controlled_synthetic,synthetic_fixed_global_transformation,True,False,train
245,3,OHRC,TMC-2,controlled_synthetic,synthetic_fixed_global_transformation,True,False,train
245,4,OHRC,TMC-2,controlled_synthetic,synthetic_fixed_global_transformation,True,False,train
246,0,OHRC,TMC-2,controlled_synthetic,synthetic_fixed_global_transformation,True,False,train
246,1,OHRC,TMC-2,controlled_synthetic,synthetic_fixed_global_transformation,True,False,train
246,2,OHRC,TMC-2,controlled_synthetic,synthetic_fixed_global_transformation,True,False,train
246,3,OHRC,TMC-2,controlled_synthetic,synthetic_fixed_global_transformation,True,False,train
246,4,OHRC,TMC-2,controlled_synthetic,synthetic_fixed_global_transformation,True,False,train
247,0,OHRC,TMC-2,controlled_synthetic,synthetic_fixed_global_transformation,True,False,train
247,1,OHRC,TMC-2,controlled_synthetic,synthetic_fixed_global_transformation,True,False,train
247,2,OHRC,TMC-2,controlled_synthetic,synthetic_fixed_global_transformation,True,False,train
247,3,OHRC,TMC-2,controlled_synthetic,synthetic_fixed_global_transformation,True,False,train
247,4,OHRC,TMC-2,controlled_synthetic,synthetic_fixed_global_transformation,True,False,train
248,0,OHRC,TMC-2,controlled_synthetic,synthetic_fixed_global_transformation,True,False,train
248,1,OHRC,TMC-2,controlled_synthetic,synthetic_fixed_global_transformation,True,False,train
248,2,OHRC,TMC-2,controlled_synthetic,synthetic_fixed_global_transformation,True,False,train
248,3,OHRC,TMC-2,controlled_synthetic,synthetic_fixed_global_transformation,True,False,train
248,4,OHRC,TMC-2,controlled_synthetic,synthetic_fixed_global_transformation,True,False,train
249,0,OHRC,TMC-2,controlled_synthetic,synthetic_fixed_global_transformation,True,False,train
249,1,OHRC,TMC-2,controlled_synthetic,synthetic_fixed_global_transformation,True,False,train
249,2,OHRC,TMC-2,controlled_synthetic,synthetic_fixed_global_transformation,True,False,train
249,3,OHRC,TMC-2,controlled_synthetic,synthetic_fixed_global_transformation,True,False,train
249,4,OHRC,TMC-2,controlled_synthetic,synthetic_fixed_global_transformation,True,False,train
250,0,OHRC,TMC-2,controlled_synthetic,synthetic_fixed_global_transformation,True,False,train
250,1,OHRC,TMC-2,controlled_synthetic,synthetic_fixed_global_transformation,True,False,train
250,2,OHRC,TMC-2,controlled_synthetic,synthetic_fixed_global_transformation,True,False,train
250,3,OHRC,TMC-2,controlled_synthetic,synthetic_fixed_global_transformation,True,False,train
250,4,OHRC,TMC-2,controlled_synthetic,synthetic_fixed_global_transformation,True,False,train
251,0,OHRC,TMC-2,controlled_synthetic,synthetic_fixed_global_transformation,True,False,train
251,1,OHRC,TMC-2,controlled_synthetic,synthetic_fixed_global_transformation,True,False,train
251,2,OHRC,TMC-2,controlled_synthetic,synthetic_fixed_global_transformation,True,False,train
251,3,OHRC,TMC-2,controlled_synthetic,synthetic_fixed_global_transformation,True,False,train
251,4,OHRC,TMC-2,controlled_synthetic,synthetic_fixed_global_transformation,True,False,train
252,0,OHRC,TMC-2,controlled_synthetic,synthetic_fixed_global_transformation,True,False,train
252,1,OHRC,TMC-2,controlled_synthetic,synthetic_fixed_global_transformation,True,False,train
252,2,OHRC,TMC-2,controlled_synthetic,synthetic_fixed_global_transformation,True,False,train
252,3,OHRC,TMC-2,controlled_synthetic,synthetic_fixed_global_transformation,True,False,train
252,4,OHRC,TMC-2,controlled_synthetic,synthetic_fixed_global_transformation,True,False,train
253,0,OHRC,TMC-2,controlled_synthetic,synthetic_fixed_global_transformation,True,False,train
253,1,OHRC,TMC-2,controlled_synthetic,synthetic_fixed_global_transformation,True,False,train
253,2,OHRC,TMC-2,controlled_synthetic,synthetic_fixed_global_transformation,True,False,train
253,3,OHRC,TMC-2,controlled_synthetic,synthetic_fixed_global_transformation,True,False,train
253,4,OHRC,TMC-2,controlled_synthetic,synthetic_fixed_global_transformation,True,False,train
254,0,OHRC,TMC-2,controlled_synthetic,synthetic_fixed_global_transformation,True,False,train
254,1,OHRC,TMC-2,controlled_synthetic,synthetic_fixed_global_transformation,True,False,train
254,2,OHRC,TMC-2,controlled_synthetic,synthetic_fixed_global_transformation,True,False,train
254,3,OHRC,TMC-2,controlled_synthetic,synthetic_fixed_global_transformation,True,False,train
254,4,OHRC,TMC-2,controlled_synthetic,synthetic_fixed_global_transformation,True,False,train
255,0,OHRC,TMC-2,controlled_synthetic,synthetic_fixed_global_transformation,True,False,train
255,1,OHRC,TMC-2,controlled_synthetic,synthetic_fixed_global_transformation,True,False,train
255,2,OHRC,TMC-2,controlled_synthetic,synthetic_fixed_global_transformation,True,False,train
255,3,OHRC,TMC-2,controlled_synthetic,synthetic_fixed_global_transformation,True,False,train
255,4,OHRC,TMC-2,controlled_synthetic,synthetic_fixed_global_transformation,True,False,train
256,0,OHRC,TMC-2,controlled_synthetic,synthetic_fixed_global_transformation,True,False,train
256,1,OHRC,TMC-2,controlled_synthetic,synthetic_fixed_global_transformation,True,False,train
256,2,OHRC,TMC-2,controlled_synthetic,synthetic_fixed_global_transformation,True,False,train
256,3,OHRC,TMC-2,controlled_synthetic,synthetic_fixed_global_transformation,True,False,train
256,4,OHRC,TMC-2,controlled_synthetic,synthetic_fixed_global_transformation,True,False,train
257,0,OHRC,TMC-2,controlled_synthetic,synthetic_fixed_global_transformation,True,False,train
257,1,OHRC,TMC-2,controlled_synthetic,synthetic_fixed_global_transformation,True,False,train
257,2,OHRC,TMC-2,controlled_synthetic,synthetic_fixed_global_transformation,True,False,train
257,3,OHRC,TMC-2,controlled_synthetic,synthetic_fixed_global_transformation,True,False,train
257,4,OHRC,TMC-2,controlled_synthetic,synthetic_fixed_global_transformation,True,False,train
258,0,OHRC,TMC-2,controlled_synthetic,synthetic_fixed_global_transformation,True,False,train
258,1,OHRC,TMC-2,controlled_synthetic,synthetic_fixed_global_transformation,True,False,train
258,2,OHRC,TMC-2,controlled_synthetic,synthetic_fixed_global_transformation,True,False,train
258,3,OHRC,TMC-2,controlled_synthetic,synthetic_fixed_global_transformation,True,False,train
258,4,OHRC,TMC-2,controlled_synthetic,synthetic_fixed_global_transformation,True,False,train
259,0,OHRC,TMC-2,controlled_synthetic,synthetic_fixed_global_transformation,True,False,train
259,1,OHRC,TMC-2,controlled_synthetic,synthetic_fixed_global_transformation,True,False,train
259,2,OHRC,TMC-2,controlled_synthetic,synthetic_fixed_global_transformation,True,False,train
259,3,OHRC,TMC-2,controlled_synthetic,synthetic_fixed_global_transformation,True,False,train
259,4,OHRC,TMC-2,controlled_synthetic,synthetic_fixed_global_transformation,True,False,train
260,0,OHRC,TMC-2,controlled_synthetic,synthetic_fixed_global_transformation,True,False,train
260,1,OHRC,TMC-2,controlled_synthetic,synthetic_fixed_global_transformation,True,False,train
260,2,OHRC,TMC-2,controlled_synthetic,synthetic_fixed_global_transformation,True,False,train
260,3,OHRC,TMC-2,controlled_synthetic,synthetic_fixed_global_transformation,True,False,train
260,4,OHRC,TMC-2,controlled_synthetic,synthetic_fixed_global_transformation,True,False,train
261,0,OHRC,TMC-2,controlled_synthetic,synthetic_fixed_global_transformation,True,False,train
261,1,OHRC,TMC-2,controlled_synthetic,synthetic_fixed_global_transformation,True,False,train
261,2,OHRC,TMC-2,controlled_synthetic,synthetic_fixed_global_transformation,True,False,train
261,3,OHRC,TMC-2,controlled_synthetic,synthetic_fixed_global_transformation,True,False,train
261,4,OHRC,TMC-2,controlled_synthetic,synthetic_fixed_global_transformation,True,False,train
262,0,OHRC,TMC-2,controlled_synthetic,synthetic_fixed_global_transformation,True,False,train
262,1,OHRC,TMC-2,controlled_synthetic,synthetic_fixed_global_transformation,True,False,train
262,2,OHRC,TMC-2,controlled_synthetic,synthetic_fixed_global_transformation,True,False,train
262,3,OHRC,TMC-2,controlled_synthetic,synthetic_fixed_global_transformation,True,False,train
262,4,OHRC,TMC-2,controlled_synthetic,synthetic_fixed_global_transformation,True,False,train
263,0,OHRC,TMC-2,controlled_synthetic,synthetic_fixed_global_transformation,True,False,train
263,1,OHRC,TMC-2,controlled_synthetic,synthetic_fixed_global_transformation,True,False,train
263,2,OHRC,TMC-2,controlled_synthetic,synthetic_fixed_global_transformation,True,False,train
263,3,OHRC,TMC-2,controlled_synthetic,synthetic_fixed_global_transformation,True,False,train
263,4,OHRC,TMC-2,controlled_synthetic,synthetic_fixed_global_transformation,True,False,train
264,0,OHRC,TMC-2,controlled_synthetic,synthetic_fixed_global_transformation,True,False,train
264,1,OHRC,TMC-2,controlled_synthetic,synthetic_fixed_global_transformation,True,False,train
264,2,OHRC,TMC-2,controlled_synthetic,synthetic_fixed_global_transformation,True,False,train
264,3,OHRC,TMC-2,controlled_synthetic,synthetic_fixed_global_transformation,True,False,train
264,4,OHRC,TMC-2,controlled_synthetic,synthetic_fixed_global_transformation,True,False,train
265,0,OHRC,TMC-2,controlled_synthetic,synthetic_fixed_global_transformation,True,False,train
265,1,OHRC,TMC-2,controlled_synthetic,synthetic_fixed_global_transformation,True,False,train
265,2,OHRC,TMC-2,controlled_synthetic,synthetic_fixed_global_transformation,True,False,train
265,3,OHRC,TMC-2,controlled_synthetic,synthetic_fixed_global_transformation,True,False,train
265,4,OHRC,TMC-2,controlled_synthetic,synthetic_fixed_global_transformation,True,False,train
266,0,OHRC,TMC-2,controlled_synthetic,synthetic_fixed_global_transformation,True,False,validation
266,1,OHRC,TMC-2,controlled_synthetic,synthetic_fixed_global_transformation,True,False,validation
266,2,OHRC,TMC-2,controlled_synthetic,synthetic_fixed_global_transformation,True,False,validation
266,3,OHRC,TMC-2,controlled_synthetic,synthetic_fixed_global_transformation,True,False,validation
266,4,OHRC,TMC-2,controlled_synthetic,synthetic_fixed_global_transformation,True,False,validation
267,0,OHRC,TMC-2,controlled_synthetic,synthetic_fixed_global_transformation,True,False,test
267,1,OHRC,TMC-2,controlled_synthetic,synthetic_fixed_global_transformation,True,False,test
267,2,OHRC,TMC-2,controlled_synthetic,synthetic_fixed_global_transformation,True,False,test
267,3,OHRC,TMC-2,controlled_synthetic,synthetic_fixed_global_transformation,True,False,test
267,4,OHRC,TMC-2,controlled_synthetic,synthetic_fixed_global_transformation,True,False,test
268,0,OHRC,TMC-2,controlled_synthetic,synthetic_fixed_global_transformation,True,False,train
268,1,OHRC,TMC-2,controlled_synthetic,synthetic_fixed_global_transformation,True,False,train
268,2,OHRC,TMC-2,controlled_synthetic,synthetic_fixed_global_transformation,True,False,train
268,3,OHRC,TMC-2,controlled_synthetic,synthetic_fixed_global_transformation,True,False,train
268,4,OHRC,TMC-2,controlled_synthetic,synthetic_fixed_global_transformation,True,False,train
269,0,OHRC,TMC-2,controlled_synthetic,synthetic_fixed_global_transformation,True,False,train
269,1,OHRC,TMC-2,controlled_synthetic,synthetic_fixed_global_transformation,True,False,train
269,2,OHRC,TMC-2,controlled_synthetic,synthetic_fixed_global_transformation,True,False,train
269,3,OHRC,TMC-2,controlled_synthetic,synthetic_fixed_global_transformation,True,False,train
269,4,OHRC,TMC-2,controlled_synthetic,synthetic_fixed_global_transformation,True,False,train
270,0,OHRC,TMC-2,controlled_synthetic,synthetic_fixed_global_transformation,True,False,train
270,1,OHRC,TMC-2,controlled_synthetic,synthetic_fixed_global_transformation,True,False,train
270,2,OHRC,TMC-2,controlled_synthetic,synthetic_fixed_global_transformation,True,False,train
270,3,OHRC,TMC-2,controlled_synthetic,synthetic_fixed_global_transformation,True,False,train
270,4,OHRC,TMC-2,controlled_synthetic,synthetic_fixed_global_transformation,True,False,train
271,0,OHRC,TMC-2,controlled_synthetic,synthetic_fixed_global_transformation,True,False,train
271,1,OHRC,TMC-2,controlled_synthetic,synthetic_fixed_global_transformation,True,False,train
271,2,OHRC,TMC-2,controlled_synthetic,synthetic_fixed_global_transformation,True,False,train
271,3,OHRC,TMC-2,controlled_synthetic,synthetic_fixed_global_transformation,True,False,train
271,4,OHRC,TMC-2,controlled_synthetic,synthetic_fixed_global_transformation,True,False,train
272,0,OHRC,TMC-2,controlled_synthetic,synthetic_fixed_global_transformation,True,False,test
272,1,OHRC,TMC-2,controlled_synthetic,synthetic_fixed_global_transformation,True,False,test
272,2,OHRC,TMC-2,controlled_synthetic,synthetic_fixed_global_transformation,True,False,test
272,3,OHRC,TMC-2,controlled_synthetic,synthetic_fixed_global_transformation,True,False,test
272,4,OHRC,TMC-2,controlled_synthetic,synthetic_fixed_global_transformation,True,False,test
273,0,OHRC,TMC-2,controlled_synthetic,synthetic_fixed_global_transformation,True,False,train
273,1,OHRC,TMC-2,controlled_synthetic,synthetic_fixed_global_transformation,True,False,train
273,2,OHRC,TMC-2,controlled_synthetic,synthetic_fixed_global_transformation,True,False,train
273,3,OHRC,TMC-2,controlled_synthetic,synthetic_fixed_global_transformation,True,False,train
273,4,OHRC,TMC-2,controlled_synthetic,synthetic_fixed_global_transformation,True,False,train
274,0,OHRC,TMC-2,controlled_synthetic,synthetic_fixed_global_transformation,True,False,validation
274,1,OHRC,TMC-2,controlled_synthetic,synthetic_fixed_global_transformation,True,False,validation
274,2,OHRC,TMC-2,controlled_synthetic,synthetic_fixed_global_transformation,True,False,validation
274,3,OHRC,TMC-2,controlled_synthetic,synthetic_fixed_global_transformation,True,False,validation
274,4,OHRC,TMC-2,controlled_synthetic,synthetic_fixed_global_transformation,True,False,validation
275,0,OHRC,TMC-2,controlled_synthetic,synthetic_fixed_global_transformation,True,False,test
275,1,OHRC,TMC-2,controlled_synthetic,synthetic_fixed_global_transformation,True,False,test
275,2,OHRC,TMC-2,controlled_synthetic,synthetic_fixed_global_transformation,True,False,test
275,3,OHRC,TMC-2,controlled_synthetic,synthetic_fixed_global_transformation,True,False,test
275,4,OHRC,TMC-2,controlled_synthetic,synthetic_fixed_global_transformation,True,False,test
276,0,OHRC,TMC-2,controlled_synthetic,synthetic_fixed_global_transformation,True,False,train
276,1,OHRC,TMC-2,controlled_synthetic,synthetic_fixed_global_transformation,True,False,train
276,2,OHRC,TMC-2,controlled_synthetic,synthetic_fixed_global_transformation,True,False,train
276,3,OHRC,TMC-2,controlled_synthetic,synthetic_fixed_global_transformation,True,False,train
276,4,OHRC,TMC-2,controlled_synthetic,synthetic_fixed_global_transformation,True,False,train
277,0,OHRC,TMC-2,controlled_synthetic,synthetic_fixed_global_transformation,True,False,validation
277,1,OHRC,TMC-2,controlled_synthetic,synthetic_fixed_global_transformation,True,False,validation
277,2,OHRC,TMC-2,controlled_synthetic,synthetic_fixed_global_transformation,True,False,validation
277,3,OHRC,TMC-2,controlled_synthetic,synthetic_fixed_global_transformation,True,False,validation
277,4,OHRC,TMC-2,controlled_synthetic,synthetic_fixed_global_transformation,True,False,validation
278,0,OHRC,TMC-2,controlled_synthetic,synthetic_fixed_global_transformation,True,False,validation
278,1,OHRC,TMC-2,controlled_synthetic,synthetic_fixed_global_transformation,True,False,validation
278,2,OHRC,TMC-2,controlled_synthetic,synthetic_fixed_global_transformation,True,False,validation
278,3,OHRC,TMC-2,controlled_synthetic,synthetic_fixed_global_transformation,True,False,validation
278,4,OHRC,TMC-2,controlled_synthetic,synthetic_fixed_global_transformation,True,False,validation
279,0,OHRC,TMC-2,controlled_synthetic,synthetic_fixed_global_transformation,True,False,test
279,1,OHRC,TMC-2,controlled_synthetic,synthetic_fixed_global_transformation,True,False,test
279,2,OHRC,TMC-2,controlled_synthetic,synthetic_fixed_global_transformation,True,False,test
279,3,OHRC,TMC-2,controlled_synthetic,synthetic_fixed_global_transformation,True,False,test
279,4,OHRC,TMC-2,controlled_synthetic,synthetic_fixed_global_transformation,True,False,test
280,0,OHRC,TMC-2,controlled_synthetic,synthetic_fixed_global_transformation,True,False,train
280,1,OHRC,TMC-2,controlled_synthetic,synthetic_fixed_global_transformation,True,False,train
280,2,OHRC,TMC-2,controlled_synthetic,synthetic_fixed_global_transformation,True,False,train
280,3,OHRC,TMC-2,controlled_synthetic,synthetic_fixed_global_transformation,True,False,train
280,4,OHRC,TMC-2,controlled_synthetic,synthetic_fixed_global_transformation,True,False,train
281,0,OHRC,TMC-2,controlled_synthetic,synthetic_fixed_global_transformation,True,False,train
281,1,OHRC,TMC-2,controlled_synthetic,synthetic_fixed_global_transformation,True,False,train
281,2,OHRC,TMC-2,controlled_synthetic,synthetic_fixed_global_transformation,True,False,train
281,3,OHRC,TMC-2,controlled_synthetic,synthetic_fixed_global_transformation,True,False,train
281,4,OHRC,TMC-2,controlled_synthetic,synthetic_fixed_global_transformation,True,False,train
282,0,OHRC,TMC-2,controlled_synthetic,synthetic_fixed_global_transformation,True,False,train
282,1,OHRC,TMC-2,controlled_synthetic,synthetic_fixed_global_transformation,True,False,train
282,2,OHRC,TMC-2,controlled_synthetic,synthetic_fixed_global_transformation,True,False,train
282,3,OHRC,TMC-2,controlled_synthetic,synthetic_fixed_global_transformation,True,False,train
282,4,OHRC,TMC-2,controlled_synthetic,synthetic_fixed_global_transformation,True,False,train
283,0,OHRC,TMC-2,controlled_synthetic,synthetic_fixed_global_transformation,True,False,train
283,1,OHRC,TMC-2,controlled_synthetic,synthetic_fixed_global_transformation,True,False,train
283,2,OHRC,TMC-2,controlled_synthetic,synthetic_fixed_global_transformation,True,False,train
283,3,OHRC,TMC-2,controlled_synthetic,synthetic_fixed_global_transformation,True,False,train
283,4,OHRC,TMC-2,controlled_synthetic,synthetic_fixed_global_transformation,True,False,train
284,0,OHRC,TMC-2,controlled_synthetic,synthetic_fixed_global_transformation,True,False,train
284,1,OHRC,TMC-2,controlled_synthetic,synthetic_fixed_global_transformation,True,False,train
284,2,OHRC,TMC-2,controlled_synthetic,synthetic_fixed_global_transformation,True,False,train
284,3,OHRC,TMC-2,controlled_synthetic,synthetic_fixed_global_transformation,True,False,train
284,4,OHRC,TMC-2,controlled_synthetic,synthetic_fixed_global_transformation,True,False,train
285,0,OHRC,TMC-2,controlled_synthetic,synthetic_fixed_global_transformation,True,False,train
285,1,OHRC,TMC-2,controlled_synthetic,synthetic_fixed_global_transformation,True,False,train
285,2,OHRC,TMC-2,controlled_synthetic,synthetic_fixed_global_transformation,True,False,train
285,3,OHRC,TMC-2,controlled_synthetic,synthetic_fixed_global_transformation,True,False,train
285,4,OHRC,TMC-2,controlled_synthetic,synthetic_fixed_global_transformation,True,False,train
286,0,OHRC,TMC-2,controlled_synthetic,synthetic_fixed_global_transformation,True,False,test
286,1,OHRC,TMC-2,controlled_synthetic,synthetic_fixed_global_transformation,True,False,test
286,2,OHRC,TMC-2,controlled_synthetic,synthetic_fixed_global_transformation,True,False,test
286,3,OHRC,TMC-2,controlled_synthetic,synthetic_fixed_global_transformation,True,False,test
286,4,OHRC,TMC-2,controlled_synthetic,synthetic_fixed_global_transformation,True,False,test
287,0,OHRC,TMC-2,controlled_synthetic,synthetic_fixed_global_transformation,True,False,test
287,1,OHRC,TMC-2,controlled_synthetic,synthetic_fixed_global_transformation,True,False,test
287,2,OHRC,TMC-2,controlled_synthetic,synthetic_fixed_global_transformation,True,False,test
287,3,OHRC,TMC-2,controlled_synthetic,synthetic_fixed_global_transformation,True,False,test
287,4,OHRC,TMC-2,controlled_synthetic,synthetic_fixed_global_transformation,True,False,test
288,0,OHRC,TMC-2,controlled_synthetic,synthetic_fixed_global_transformation,True,False,train
288,1,OHRC,TMC-2,controlled_synthetic,synthetic_fixed_global_transformation,True,False,train
288,2,OHRC,TMC-2,controlled_synthetic,synthetic_fixed_global_transformation,True,False,train
288,3,OHRC,TMC-2,controlled_synthetic,synthetic_fixed_global_transformation,True,False,train
288,4,OHRC,TMC-2,controlled_synthetic,synthetic_fixed_global_transformation,True,False,train
289,0,OHRC,TMC-2,controlled_synthetic,synthetic_fixed_global_transformation,True,False,train
289,1,OHRC,TMC-2,controlled_synthetic,synthetic_fixed_global_transformation,True,False,train
289,2,OHRC,TMC-2,controlled_synthetic,synthetic_fixed_global_transformation,True,False,train
289,3,OHRC,TMC-2,controlled_synthetic,synthetic_fixed_global_transformation,True,False,train
289,4,OHRC,TMC-2,controlled_synthetic,synthetic_fixed_global_transformation,True,False,train
290,0,OHRC,TMC-2,controlled_synthetic,synthetic_fixed_global_transformation,True,False,test
290,1,OHRC,TMC-2,controlled_synthetic,synthetic_fixed_global_transformation,True,False,test
290,2,OHRC,TMC-2,controlled_synthetic,synthetic_fixed_global_transformation,True,False,test
290,3,OHRC,TMC-2,controlled_synthetic,synthetic_fixed_global_transformation,True,False,test
290,4,OHRC,TMC-2,controlled_synthetic,synthetic_fixed_global_transformation,True,False,test
291,0,OHRC,TMC-2,controlled_synthetic,synthetic_fixed_global_transformation,True,False,train
291,1,OHRC,TMC-2,controlled_synthetic,synthetic_fixed_global_transformation,True,False,train
291,2,OHRC,TMC-2,controlled_synthetic,synthetic_fixed_global_transformation,True,False,train
291,3,OHRC,TMC-2,controlled_synthetic,synthetic_fixed_global_transformation,True,False,train
291,4,OHRC,TMC-2,controlled_synthetic,synthetic_fixed_global_transformation,True,False,train
292,0,OHRC,TMC-2,controlled_synthetic,synthetic_fixed_global_transformation,True,False,train
292,1,OHRC,TMC-2,controlled_synthetic,synthetic_fixed_global_transformation,True,False,train
292,2,OHRC,TMC-2,controlled_synthetic,synthetic_fixed_global_transformation,True,False,train
292,3,OHRC,TMC-2,controlled_synthetic,synthetic_fixed_global_transformation,True,False,train
292,4,OHRC,TMC-2,controlled_synthetic,synthetic_fixed_global_transformation,True,False,train
293,0,OHRC,TMC-2,controlled_synthetic,synthetic_fixed_global_transformation,True,False,train
293,1,OHRC,TMC-2,controlled_synthetic,synthetic_fixed_global_transformation,True,False,train
293,2,OHRC,TMC-2,controlled_synthetic,synthetic_fixed_global_transformation,True,False,train
293,3,OHRC,TMC-2,controlled_synthetic,synthetic_fixed_global_transformation,True,False,train
293,4,OHRC,TMC-2,controlled_synthetic,synthetic_fixed_global_transformation,True,False,train
294,0,OHRC,TMC-2,controlled_synthetic,synthetic_fixed_global_transformation,True,False,train
294,1,OHRC,TMC-2,controlled_synthetic,synthetic_fixed_global_transformation,True,False,train
294,2,OHRC,TMC-2,controlled_synthetic,synthetic_fixed_global_transformation,True,False,train
294,3,OHRC,TMC-2,controlled_synthetic,synthetic_fixed_global_transformation,True,False,train
294,4,OHRC,TMC-2,controlled_synthetic,synthetic_fixed_global_transformation,True,False,train
295,0,OHRC,TMC-2,controlled_synthetic,synthetic_fixed_global_transformation,True,False,train
295,1,OHRC,TMC-2,controlled_synthetic,synthetic_fixed_global_transformation,True,False,train
295,2,OHRC,TMC-2,controlled_synthetic,synthetic_fixed_global_transformation,True,False,train
295,3,OHRC,TMC-2,controlled_synthetic,synthetic_fixed_global_transformation,True,False,train
295,4,OHRC,TMC-2,controlled_synthetic,synthetic_fixed_global_transformation,True,False,train
296,0,OHRC,TMC-2,controlled_synthetic,synthetic_fixed_global_transformation,True,False,test
296,1,OHRC,TMC-2,controlled_synthetic,synthetic_fixed_global_transformation,True,False,test
296,2,OHRC,TMC-2,controlled_synthetic,synthetic_fixed_global_transformation,True,False,test
296,3,OHRC,TMC-2,controlled_synthetic,synthetic_fixed_global_transformation,True,False,test
296,4,OHRC,TMC-2,controlled_synthetic,synthetic_fixed_global_transformation,True,False,test
297,0,OHRC,TMC-2,controlled_synthetic,synthetic_fixed_global_transformation,True,False,test
297,1,OHRC,TMC-2,controlled_synthetic,synthetic_fixed_global_transformation,True,False,test
297,2,OHRC,TMC-2,controlled_synthetic,synthetic_fixed_global_transformation,True,False,test
297,3,OHRC,TMC-2,controlled_synthetic,synthetic_fixed_global_transformation,True,False,test
297,4,OHRC,TMC-2,controlled_synthetic,synthetic_fixed_global_transformation,True,False,test
298,0,OHRC,TMC-2,controlled_synthetic,synthetic_fixed_global_transformation,True,False,train
298,1,OHRC,TMC-2,controlled_synthetic,synthetic_fixed_global_transformation,True,False,train
298,2,OHRC,TMC-2,controlled_synthetic,synthetic_fixed_global_transformation,True,False,train
298,3,OHRC,TMC-2,controlled_synthetic,synthetic_fixed_global_transformation,True,False,train
298,4,OHRC,TMC-2,controlled_synthetic,synthetic_fixed_global_transformation,True,False,train
299,0,OHRC,TMC-2,controlled_synthetic,synthetic_fixed_global_transformation,True,False,train
299,1,OHRC,TMC-2,controlled_synthetic,synthetic_fixed_global_transformation,True,False,train
299,2,OHRC,TMC-2,controlled_synthetic,synthetic_fixed_global_transformation,True,False,train
299,3,OHRC,TMC-2,controlled_synthetic,synthetic_fixed_global_transformation,True,False,train
299,4,OHRC,TMC-2,controlled_synthetic,synthetic_fixed_global_transformation,True,False,train
300,0,OHRC,TMC-2,controlled_synthetic,synthetic_fixed_global_transformation,True,False,test
300,1,OHRC,TMC-2,controlled_synthetic,synthetic_fixed_global_transformation,True,False,test
300,2,OHRC,TMC-2,controlled_synthetic,synthetic_fixed_global_transformation,True,False,test
300,3,OHRC,TMC-2,controlled_synthetic,synthetic_fixed_global_transformation,True,False,test
300,4,OHRC,TMC-2,controlled_synthetic,synthetic_fixed_global_transformation,True,False,test
301,0,OHRC,TMC-2,controlled_synthetic,synthetic_fixed_global_transformation,True,False,validation
301,1,OHRC,TMC-2,controlled_synthetic,synthetic_fixed_global_transformation,True,False,validation
301,2,OHRC,TMC-2,controlled_synthetic,synthetic_fixed_global_transformation,True,False,validation
301,3,OHRC,TMC-2,controlled_synthetic,synthetic_fixed_global_transformation,True,False,validation
301,4,OHRC,TMC-2,controlled_synthetic,synthetic_fixed_global_transformation,True,False,validation
302,0,OHRC,TMC-2,controlled_synthetic,synthetic_fixed_global_transformation,True,False,train
302,1,OHRC,TMC-2,controlled_synthetic,synthetic_fixed_global_transformation,True,False,train
302,2,OHRC,TMC-2,controlled_synthetic,synthetic_fixed_global_transformation,True,False,train
302,3,OHRC,TMC-2,controlled_synthetic,synthetic_fixed_global_transformation,True,False,train
302,4,OHRC,TMC-2,controlled_synthetic,synthetic_fixed_global_transformation,True,False,train
303,0,OHRC,TMC-2,controlled_synthetic,synthetic_fixed_global_transformation,True,False,test
303,1,OHRC,TMC-2,controlled_synthetic,synthetic_fixed_global_transformation,True,False,test
303,2,OHRC,TMC-2,controlled_synthetic,synthetic_fixed_global_transformation,True,False,test
303,3,OHRC,TMC-2,controlled_synthetic,synthetic_fixed_global_transformation,True,False,test
303,4,OHRC,TMC-2,controlled_synthetic,synthetic_fixed_global_transformation,True,False,test
304,0,OHRC,TMC-2,controlled_synthetic,synthetic_fixed_global_transformation,True,False,train
304,1,OHRC,TMC-2,controlled_synthetic,synthetic_fixed_global_transformation,True,False,train
304,2,OHRC,TMC-2,controlled_synthetic,synthetic_fixed_global_transformation,True,False,train
304,3,OHRC,TMC-2,controlled_synthetic,synthetic_fixed_global_transformation,True,False,train
304,4,OHRC,TMC-2,controlled_synthetic,synthetic_fixed_global_transformation,True,False,train
305,0,OHRC,TMC-2,controlled_synthetic,synthetic_fixed_global_transformation,True,False,train
305,1,OHRC,TMC-2,controlled_synthetic,synthetic_fixed_global_transformation,True,False,train
305,2,OHRC,TMC-2,controlled_synthetic,synthetic_fixed_global_transformation,True,False,train
305,3,OHRC,TMC-2,controlled_synthetic,synthetic_fixed_global_transformation,True,False,train
305,4,OHRC,TMC-2,controlled_synthetic,synthetic_fixed_global_transformation,True,False,train
306,0,OHRC,TMC-2,controlled_synthetic,synthetic_fixed_global_transformation,True,False,train
306,1,OHRC,TMC-2,controlled_synthetic,synthetic_fixed_global_transformation,True,False,train
306,2,OHRC,TMC-2,controlled_synthetic,synthetic_fixed_global_transformation,True,False,train
306,3,OHRC,TMC-2,controlled_synthetic,synthetic_fixed_global_transformation,True,False,train
306,4,OHRC,TMC-2,controlled_synthetic,synthetic_fixed_global_transformation,True,False,train
307,0,OHRC,TMC-2,controlled_synthetic,synthetic_fixed_global_transformation,True,False,train
307,1,OHRC,TMC-2,controlled_synthetic,synthetic_fixed_global_transformation,True,False,train
307,2,OHRC,TMC-2,controlled_synthetic,synthetic_fixed_global_transformation,True,False,train
307,3,OHRC,TMC-2,controlled_synthetic,synthetic_fixed_global_transformation,True,False,train
307,4,OHRC,TMC-2,controlled_synthetic,synthetic_fixed_global_transformation,True,False,train
308,0,OHRC,TMC-2,controlled_synthetic,synthetic_fixed_global_transformation,True,False,validation
308,1,OHRC,TMC-2,controlled_synthetic,synthetic_fixed_global_transformation,True,False,validation
308,2,OHRC,TMC-2,controlled_synthetic,synthetic_fixed_global_transformation,True,False,validation
308,3,OHRC,TMC-2,controlled_synthetic,synthetic_fixed_global_transformation,True,False,validation
308,4,OHRC,TMC-2,controlled_synthetic,synthetic_fixed_global_transformation,True,False,validation
309,0,OHRC,TMC-2,controlled_synthetic,synthetic_fixed_global_transformation,True,False,test
309,1,OHRC,TMC-2,controlled_synthetic,synthetic_fixed_global_transformation,True,False,test
309,2,OHRC,TMC-2,controlled_synthetic,synthetic_fixed_global_transformation,True,False,test
309,3,OHRC,TMC-2,controlled_synthetic,synthetic_fixed_global_transformation,True,False,test
309,4,OHRC,TMC-2,controlled_synthetic,synthetic_fixed_global_transformation,True,False,test
310,0,OHRC,TMC-2,controlled_synthetic,synthetic_fixed_global_transformation,True,False,train
310,1,OHRC,TMC-2,controlled_synthetic,synthetic_fixed_global_transformation,True,False,train
310,2,OHRC,TMC-2,controlled_synthetic,synthetic_fixed_global_transformation,True,False,train
310,3,OHRC,TMC-2,controlled_synthetic,synthetic_fixed_global_transformation,True,False,train
310,4,OHRC,TMC-2,controlled_synthetic,synthetic_fixed_global_transformation,True,False,train
311,0,OHRC,TMC-2,controlled_synthetic,synthetic_fixed_global_transformation,True,False,train
311,1,OHRC,TMC-2,controlled_synthetic,synthetic_fixed_global_transformation,True,False,train
311,2,OHRC,TMC-2,controlled_synthetic,synthetic_fixed_global_transformation,True,False,train
311,3,OHRC,TMC-2,controlled_synthetic,synthetic_fixed_global_transformation,True,False,train
311,4,OHRC,TMC-2,controlled_synthetic,synthetic_fixed_global_transformation,True,False,train
312,0,OHRC,TMC-2,controlled_synthetic,synthetic_fixed_global_transformation,True,False,train
312,1,OHRC,TMC-2,controlled_synthetic,synthetic_fixed_global_transformation,True,False,train
312,2,OHRC,TMC-2,controlled_synthetic,synthetic_fixed_global_transformation,True,False,train
312,3,OHRC,TMC-2,controlled_synthetic,synthetic_fixed_global_transformation,True,False,train
312,4,OHRC,TMC-2,controlled_synthetic,synthetic_fixed_global_transformation,True,False,train
313,0,OHRC,TMC-2,controlled_synthetic,synthetic_fixed_global_transformation,True,False,test
313,1,OHRC,TMC-2,controlled_synthetic,synthetic_fixed_global_transformation,True,False,test
313,2,OHRC,TMC-2,controlled_synthetic,synthetic_fixed_global_transformation,True,False,test
313,3,OHRC,TMC-2,controlled_synthetic,synthetic_fixed_global_transformation,True,False,test
313,4,OHRC,TMC-2,controlled_synthetic,synthetic_fixed_global_transformation,True,False,test
314,0,OHRC,TMC-2,controlled_synthetic,synthetic_fixed_global_transformation,True,False,test
314,1,OHRC,TMC-2,controlled_synthetic,synthetic_fixed_global_transformation,True,False,test
314,2,OHRC,TMC-2,controlled_synthetic,synthetic_fixed_global_transformation,True,False,test
314,3,OHRC,TMC-2,controlled_synthetic,synthetic_fixed_global_transformation,True,False,test
314,4,OHRC,TMC-2,controlled_synthetic,synthetic_fixed_global_transformation,True,False,test
315,0,OHRC,TMC-2,controlled_synthetic,synthetic_fixed_global_transformation,True,False,validation
315,1,OHRC,TMC-2,controlled_synthetic,synthetic_fixed_global_transformation,True,False,validation
315,2,OHRC,TMC-2,controlled_synthetic,synthetic_fixed_global_transformation,True,False,validation
315,3,OHRC,TMC-2,controlled_synthetic,synthetic_fixed_global_transformation,True,False,validation
315,4,OHRC,TMC-2,controlled_synthetic,synthetic_fixed_global_transformation,True,False,validation
316,0,OHRC,TMC-2,controlled_synthetic,synthetic_fixed_global_transformation,True,False,test
316,1,OHRC,TMC-2,controlled_synthetic,synthetic_fixed_global_transformation,True,False,test
316,2,OHRC,TMC-2,controlled_synthetic,synthetic_fixed_global_transformation,True,False,test
316,3,OHRC,TMC-2,controlled_synthetic,synthetic_fixed_global_transformation,True,False,test
316,4,OHRC,TMC-2,controlled_synthetic,synthetic_fixed_global_transformation,True,False,test
317,0,OHRC,TMC-2,controlled_synthetic,synthetic_fixed_global_transformation,True,False,test
317,1,OHRC,TMC-2,controlled_synthetic,synthetic_fixed_global_transformation,True,False,test
317,2,OHRC,TMC-2,controlled_synthetic,synthetic_fixed_global_transformation,True,False,test
317,3,OHRC,TMC-2,controlled_synthetic,synthetic_fixed_global_transformation,True,False,test
317,4,OHRC,TMC-2,controlled_synthetic,synthetic_fixed_global_transformation,True,False,test
318,0,OHRC,TMC-2,controlled_synthetic,synthetic_fixed_global_transformation,True,False,train
318,1,OHRC,TMC-2,controlled_synthetic,synthetic_fixed_global_transformation,True,False,train
318,2,OHRC,TMC-2,controlled_synthetic,synthetic_fixed_global_transformation,True,False,train
318,3,OHRC,TMC-2,controlled_synthetic,synthetic_fixed_global_transformation,True,False,train
318,4,OHRC,TMC-2,controlled_synthetic,synthetic_fixed_global_transformation,True,False,train
319,0,OHRC,TMC-2,controlled_synthetic,synthetic_fixed_global_transformation,True,False,train
319,1,OHRC,TMC-2,controlled_synthetic,synthetic_fixed_global_transformation,True,False,train
319,2,OHRC,TMC-2,controlled_synthetic,synthetic_fixed_global_transformation,True,False,train
319,3,OHRC,TMC-2,controlled_synthetic,synthetic_fixed_global_transformation,True,False,train
319,4,OHRC,TMC-2,controlled_synthetic,synthetic_fixed_global_transformation,True,False,train
320,0,OHRC,TMC-2,controlled_synthetic,synthetic_fixed_global_transformation,True,False,test
320,1,OHRC,TMC-2,controlled_synthetic,synthetic_fixed_global_transformation,True,False,test
320,2,OHRC,TMC-2,controlled_synthetic,synthetic_fixed_global_transformation,True,False,test
320,3,OHRC,TMC-2,controlled_synthetic,synthetic_fixed_global_transformation,True,False,test
320,4,OHRC,TMC-2,controlled_synthetic,synthetic_fixed_global_transformation,True,False,test
321,0,OHRC,TMC-2,controlled_synthetic,synthetic_fixed_global_transformation,True,False,train
321,1,OHRC,TMC-2,controlled_synthetic,synthetic_fixed_global_transformation,True,False,train
321,2,OHRC,TMC-2,controlled_synthetic,synthetic_fixed_global_transformation,True,False,train
321,3,OHRC,TMC-2,controlled_synthetic,synthetic_fixed_global_transformation,True,False,train
321,4,OHRC,TMC-2,controlled_synthetic,synthetic_fixed_global_transformation,True,False,train
322,0,OHRC,TMC-2,controlled_synthetic,synthetic_fixed_global_transformation,True,False,train
322,1,OHRC,TMC-2,controlled_synthetic,synthetic_fixed_global_transformation,True,False,train
322,2,OHRC,TMC-2,controlled_synthetic,synthetic_fixed_global_transformation,True,False,train
322,3,OHRC,TMC-2,controlled_synthetic,synthetic_fixed_global_transformation,True,False,train
322,4,OHRC,TMC-2,controlled_synthetic,synthetic_fixed_global_transformation,True,False,train
323,0,OHRC,TMC-2,controlled_synthetic,synthetic_fixed_global_transformation,True,False,train
323,1,OHRC,TMC-2,controlled_synthetic,synthetic_fixed_global_transformation,True,False,train
323,2,OHRC,TMC-2,controlled_synthetic,synthetic_fixed_global_transformation,True,False,train
323,3,OHRC,TMC-2,controlled_synthetic,synthetic_fixed_global_transformation,True,False,train
323,4,OHRC,TMC-2,controlled_synthetic,synthetic_fixed_global_transformation,True,False,train
324,0,OHRC,TMC-2,controlled_synthetic,synthetic_fixed_global_transformation,True,False,validation
324,1,OHRC,TMC-2,controlled_synthetic,synthetic_fixed_global_transformation,True,False,validation
324,2,OHRC,TMC-2,controlled_synthetic,synthetic_fixed_global_transformation,True,False,validation
324,3,OHRC,TMC-2,controlled_synthetic,synthetic_fixed_global_transformation,True,False,validation
324,4,OHRC,TMC-2,controlled_synthetic,synthetic_fixed_global_transformation,True,False,validation
325,0,OHRC,TMC-2,controlled_synthetic,synthetic_fixed_global_transformation,True,False,test
325,1,OHRC,TMC-2,controlled_synthetic,synthetic_fixed_global_transformation,True,False,test
325,2,OHRC,TMC-2,controlled_synthetic,synthetic_fixed_global_transformation,True,False,test
325,3,OHRC,TMC-2,controlled_synthetic,synthetic_fixed_global_transformation,True,False,test
325,4,OHRC,TMC-2,controlled_synthetic,synthetic_fixed_global_transformation,True,False,test
326,0,OHRC,TMC-2,controlled_synthetic,synthetic_fixed_global_transformation,True,False,train
326,1,OHRC,TMC-2,controlled_synthetic,synthetic_fixed_global_transformation,True,False,train
326,2,OHRC,TMC-2,controlled_synthetic,synthetic_fixed_global_transformation,True,False,train
326,3,OHRC,TMC-2,controlled_synthetic,synthetic_fixed_global_transformation,True,False,train
326,4,OHRC,TMC-2,controlled_synthetic,synthetic_fixed_global_transformation,True,False,train
327,0,OHRC,TMC-2,controlled_synthetic,synthetic_fixed_global_transformation,True,False,train
327,1,OHRC,TMC-2,controlled_synthetic,synthetic_fixed_global_transformation,True,False,train
327,2,OHRC,TMC-2,controlled_synthetic,synthetic_fixed_global_transformation,True,False,train
327,3,OHRC,TMC-2,controlled_synthetic,synthetic_fixed_global_transformation,True,False,train
327,4,OHRC,TMC-2,controlled_synthetic,synthetic_fixed_global_transformation,True,False,train
328,0,OHRC,TMC-2,controlled_synthetic,synthetic_fixed_global_transformation,True,False,train
328,1,OHRC,TMC-2,controlled_synthetic,synthetic_fixed_global_transformation,True,False,train
328,2,OHRC,TMC-2,controlled_synthetic,synthetic_fixed_global_transformation,True,False,train
328,3,OHRC,TMC-2,controlled_synthetic,synthetic_fixed_global_transformation,True,False,train
328,4,OHRC,TMC-2,controlled_synthetic,synthetic_fixed_global_transformation,True,False,train
329,0,OHRC,TMC-2,controlled_synthetic,synthetic_fixed_global_transformation,True,False,train
329,1,OHRC,TMC-2,controlled_synthetic,synthetic_fixed_global_transformation,True,False,train
329,2,OHRC,TMC-2,controlled_synthetic,synthetic_fixed_global_transformation,True,False,train
329,3,OHRC,TMC-2,controlled_synthetic,synthetic_fixed_global_transformation,True,False,train
329,4,OHRC,TMC-2,controlled_synthetic,synthetic_fixed_global_transformation,True,False,train
330,0,OHRC,TMC-2,controlled_synthetic,synthetic_fixed_global_transformation,True,False,train
330,1,OHRC,TMC-2,controlled_synthetic,synthetic_fixed_global_transformation,True,False,train
330,2,OHRC,TMC-2,controlled_synthetic,synthetic_fixed_global_transformation,True,False,train
330,3,OHRC,TMC-2,controlled_synthetic,synthetic_fixed_global_transformation,True,False,train
330,4,OHRC,TMC-2,controlled_synthetic,synthetic_fixed_global_transformation,True,False,train
331,0,OHRC,TMC-2,controlled_synthetic,synthetic_fixed_global_transformation,True,False,train
331,1,OHRC,TMC-2,controlled_synthetic,synthetic_fixed_global_transformation,True,False,train
331,2,OHRC,TMC-2,controlled_synthetic,synthetic_fixed_global_transformation,True,False,train
331,3,OHRC,TMC-2,controlled_synthetic,synthetic_fixed_global_transformation,True,False,train
331,4,OHRC,TMC-2,controlled_synthetic,synthetic_fixed_global_transformation,True,False,train
332,0,OHRC,TMC-2,controlled_synthetic,synthetic_fixed_global_transformation,True,False,train
332,1,OHRC,TMC-2,controlled_synthetic,synthetic_fixed_global_transformation,True,False,train
332,2,OHRC,TMC-2,controlled_synthetic,synthetic_fixed_global_transformation,True,False,train
332,3,OHRC,TMC-2,controlled_synthetic,synthetic_fixed_global_transformation,True,False,train
332,4,OHRC,TMC-2,controlled_synthetic,synthetic_fixed_global_transformation,True,False,train
333,0,OHRC,TMC-2,controlled_synthetic,synthetic_fixed_global_transformation,True,False,test
333,1,OHRC,TMC-2,controlled_synthetic,synthetic_fixed_global_transformation,True,False,test
333,2,OHRC,TMC-2,controlled_synthetic,synthetic_fixed_global_transformation,True,False,test
333,3,OHRC,TMC-2,controlled_synthetic,synthetic_fixed_global_transformation,True,False,test
333,4,OHRC,TMC-2,controlled_synthetic,synthetic_fixed_global_transformation,True,False,test
334,0,OHRC,TMC-2,controlled_synthetic,synthetic_fixed_global_transformation,True,False,train
334,1,OHRC,TMC-2,controlled_synthetic,synthetic_fixed_global_transformation,True,False,train
334,2,OHRC,TMC-2,controlled_synthetic,synthetic_fixed_global_transformation,True,False,train
334,3,OHRC,TMC-2,controlled_synthetic,synthetic_fixed_global_transformation,True,False,train
334,4,OHRC,TMC-2,controlled_synthetic,synthetic_fixed_global_transformation,True,False,train
335,0,OHRC,TMC-2,controlled_synthetic,synthetic_fixed_global_transformation,True,False,train
335,1,OHRC,TMC-2,controlled_synthetic,synthetic_fixed_global_transformation,True,False,train
335,2,OHRC,TMC-2,controlled_synthetic,synthetic_fixed_global_transformation,True,False,train
335,3,OHRC,TMC-2,controlled_synthetic,synthetic_fixed_global_transformation,True,False,train
335,4,OHRC,TMC-2,controlled_synthetic,synthetic_fixed_global_transformation,True,False,train
336,0,OHRC,TMC-2,controlled_synthetic,synthetic_fixed_global_transformation,True,False,train
336,1,OHRC,TMC-2,controlled_synthetic,synthetic_fixed_global_transformation,True,False,train
336,2,OHRC,TMC-2,controlled_synthetic,synthetic_fixed_global_transformation,True,False,train
336,3,OHRC,TMC-2,controlled_synthetic,synthetic_fixed_global_transformation,True,False,train
336,4,OHRC,TMC-2,controlled_synthetic,synthetic_fixed_global_transformation,True,False,train
337,0,OHRC,TMC-2,controlled_synthetic,synthetic_fixed_global_transformation,True,False,train
337,1,OHRC,TMC-2,controlled_synthetic,synthetic_fixed_global_transformation,True,False,train
337,2,OHRC,TMC-2,controlled_synthetic,synthetic_fixed_global_transformation,True,False,train
337,3,OHRC,TMC-2,controlled_synthetic,synthetic_fixed_global_transformation,True,False,train
337,4,OHRC,TMC-2,controlled_synthetic,synthetic_fixed_global_transformation,True,False,train
338,0,OHRC,TMC-2,controlled_synthetic,synthetic_fixed_global_transformation,True,False,train
338,1,OHRC,TMC-2,controlled_synthetic,synthetic_fixed_global_transformation,True,False,train
338,2,OHRC,TMC-2,controlled_synthetic,synthetic_fixed_global_transformation,True,False,train
338,3,OHRC,TMC-2,controlled_synthetic,synthetic_fixed_global_transformation,True,False,train
338,4,OHRC,TMC-2,controlled_synthetic,synthetic_fixed_global_transformation,True,False,train
339,0,OHRC,TMC-2,controlled_synthetic,synthetic_fixed_global_transformation,True,False,train
339,1,OHRC,TMC-2,controlled_synthetic,synthetic_fixed_global_transformation,True,False,train
339,2,OHRC,TMC-2,controlled_synthetic,synthetic_fixed_global_transformation,True,False,train
339,3,OHRC,TMC-2,controlled_synthetic,synthetic_fixed_global_transformation,True,False,train
339,4,OHRC,TMC-2,controlled_synthetic,synthetic_fixed_global_transformation,True,False,train
340,0,OHRC,TMC-2,controlled_synthetic,synthetic_fixed_global_transformation,True,False,train
340,1,OHRC,TMC-2,controlled_synthetic,synthetic_fixed_global_transformation,True,False,train
340,2,OHRC,TMC-2,controlled_synthetic,synthetic_fixed_global_transformation,True,False,train
340,3,OHRC,TMC-2,controlled_synthetic,synthetic_fixed_global_transformation,True,False,train
340,4,OHRC,TMC-2,controlled_synthetic,synthetic_fixed_global_transformation,True,False,train
341,0,OHRC,TMC-2,controlled_synthetic,synthetic_fixed_global_transformation,True,False,validation
341,1,OHRC,TMC-2,controlled_synthetic,synthetic_fixed_global_transformation,True,False,validation
341,2,OHRC,TMC-2,controlled_synthetic,synthetic_fixed_global_transformation,True,False,validation
341,3,OHRC,TMC-2,controlled_synthetic,synthetic_fixed_global_transformation,True,False,validation
341,4,OHRC,TMC-2,controlled_synthetic,synthetic_fixed_global_transformation,True,False,validation
342,0,OHRC,TMC-2,controlled_synthetic,synthetic_fixed_global_transformation,True,False,train
342,1,OHRC,TMC-2,controlled_synthetic,synthetic_fixed_global_transformation,True,False,train
342,2,OHRC,TMC-2,controlled_synthetic,synthetic_fixed_global_transformation,True,False,train
342,3,OHRC,TMC-2,controlled_synthetic,synthetic_fixed_global_transformation,True,False,train
342,4,OHRC,TMC-2,controlled_synthetic,synthetic_fixed_global_transformation,True,False,train
343,0,OHRC,TMC-2,controlled_synthetic,synthetic_fixed_global_transformation,True,False,train
343,1,OHRC,TMC-2,controlled_synthetic,synthetic_fixed_global_transformation,True,False,train
343,2,OHRC,TMC-2,controlled_synthetic,synthetic_fixed_global_transformation,True,False,train
343,3,OHRC,TMC-2,controlled_synthetic,synthetic_fixed_global_transformation,True,False,train
343,4,OHRC,TMC-2,controlled_synthetic,synthetic_fixed_global_transformation,True,False,train
344,0,OHRC,TMC-2,controlled_synthetic,synthetic_fixed_global_transformation,True,False,train
344,1,OHRC,TMC-2,controlled_synthetic,synthetic_fixed_global_transformation,True,False,train
344,2,OHRC,TMC-2,controlled_synthetic,synthetic_fixed_global_transformation,True,False,train
344,3,OHRC,TMC-2,controlled_synthetic,synthetic_fixed_global_transformation,True,False,train
344,4,OHRC,TMC-2,controlled_synthetic,synthetic_fixed_global_transformation,True,False,train
345,0,OHRC,TMC-2,controlled_synthetic,synthetic_fixed_global_transformation,True,False,train
345,1,OHRC,TMC-2,controlled_synthetic,synthetic_fixed_global_transformation,True,False,train
345,2,OHRC,TMC-2,controlled_synthetic,synthetic_fixed_global_transformation,True,False,train
345,3,OHRC,TMC-2,controlled_synthetic,synthetic_fixed_global_transformation,True,False,train
345,4,OHRC,TMC-2,controlled_synthetic,synthetic_fixed_global_transformation,True,False,train
346,0,OHRC,TMC-2,controlled_synthetic,synthetic_fixed_global_transformation,True,False,train
346,1,OHRC,TMC-2,controlled_synthetic,synthetic_fixed_global_transformation,True,False,train
346,2,OHRC,TMC-2,controlled_synthetic,synthetic_fixed_global_transformation,True,False,train
346,3,OHRC,TMC-2,controlled_synthetic,synthetic_fixed_global_transformation,True,False,train
346,4,OHRC,TMC-2,controlled_synthetic,synthetic_fixed_global_transformation,True,False,train
347,0,OHRC,TMC-2,controlled_synthetic,synthetic_fixed_global_transformation,True,False,train
347,1,OHRC,TMC-2,controlled_synthetic,synthetic_fixed_global_transformation,True,False,train
347,2,OHRC,TMC-2,controlled_synthetic,synthetic_fixed_global_transformation,True,False,train
347,3,OHRC,TMC-2,controlled_synthetic,synthetic_fixed_global_transformation,True,False,train
347,4,OHRC,TMC-2,controlled_synthetic,synthetic_fixed_global_transformation,True,False,train
348,0,OHRC,TMC-2,controlled_synthetic,synthetic_fixed_global_transformation,True,False,train
348,1,OHRC,TMC-2,controlled_synthetic,synthetic_fixed_global_transformation,True,False,train
348,2,OHRC,TMC-2,controlled_synthetic,synthetic_fixed_global_transformation,True,False,train
348,3,OHRC,TMC-2,controlled_synthetic,synthetic_fixed_global_transformation,True,False,train
348,4,OHRC,TMC-2,controlled_synthetic,synthetic_fixed_global_transformation,True,False,train
349,0,OHRC,TMC-2,controlled_synthetic,synthetic_fixed_global_transformation,True,False,train
349,1,OHRC,TMC-2,controlled_synthetic,synthetic_fixed_global_transformation,True,False,train
349,2,OHRC,TMC-2,controlled_synthetic,synthetic_fixed_global_transformation,True,False,train
349,3,OHRC,TMC-2,controlled_synthetic,synthetic_fixed_global_transformation,True,False,train
349,4,OHRC,TMC-2,controlled_synthetic,synthetic_fixed_global_transformation,True,False,train
350,0,OHRC,TMC-2,controlled_synthetic,synthetic_fixed_global_transformation,True,False,validation
350,1,OHRC,TMC-2,controlled_synthetic,synthetic_fixed_global_transformation,True,False,validation
350,2,OHRC,TMC-2,controlled_synthetic,synthetic_fixed_global_transformation,True,False,validation
350,3,OHRC,TMC-2,controlled_synthetic,synthetic_fixed_global_transformation,True,False,validation
350,4,OHRC,TMC-2,controlled_synthetic,synthetic_fixed_global_transformation,True,False,validation
351,0,OHRC,TMC-2,controlled_synthetic,synthetic_fixed_global_transformation,True,False,test
351,1,OHRC,TMC-2,controlled_synthetic,synthetic_fixed_global_transformation,True,False,test
351,2,OHRC,TMC-2,controlled_synthetic,synthetic_fixed_global_transformation,True,False,test
351,3,OHRC,TMC-2,controlled_synthetic,synthetic_fixed_global_transformation,True,False,test
351,4,OHRC,TMC-2,controlled_synthetic,synthetic_fixed_global_transformation,True,False,test
352,0,OHRC,TMC-2,controlled_synthetic,synthetic_fixed_global_transformation,True,False,train
352,1,OHRC,TMC-2,controlled_synthetic,synthetic_fixed_global_transformation,True,False,train
352,2,OHRC,TMC-2,controlled_synthetic,synthetic_fixed_global_transformation,True,False,train
352,3,OHRC,TMC-2,controlled_synthetic,synthetic_fixed_global_transformation,True,False,train
352,4,OHRC,TMC-2,controlled_synthetic,synthetic_fixed_global_transformation,True,False,train
353,0,OHRC,TMC-2,controlled_synthetic,synthetic_fixed_global_transformation,True,False,train
353,1,OHRC,TMC-2,controlled_synthetic,synthetic_fixed_global_transformation,True,False,train
353,2,OHRC,TMC-2,controlled_synthetic,synthetic_fixed_global_transformation,True,False,train
353,3,OHRC,TMC-2,controlled_synthetic,synthetic_fixed_global_transformation,True,False,train
353,4,OHRC,TMC-2,controlled_synthetic,synthetic_fixed_global_transformation,True,False,train
354,0,OHRC,TMC-2,controlled_synthetic,synthetic_fixed_global_transformation,True,False,train
354,1,OHRC,TMC-2,controlled_synthetic,synthetic_fixed_global_transformation,True,False,train
354,2,OHRC,TMC-2,controlled_synthetic,synthetic_fixed_global_transformation,True,False,train
354,3,OHRC,TMC-2,controlled_synthetic,synthetic_fixed_global_transformation,True,False,train
354,4,OHRC,TMC-2,controlled_synthetic,synthetic_fixed_global_transformation,True,False,train
355,0,OHRC,TMC-2,controlled_synthetic,synthetic_fixed_global_transformation,True,False,train
355,1,OHRC,TMC-2,controlled_synthetic,synthetic_fixed_global_transformation,True,False,train
355,2,OHRC,TMC-2,controlled_synthetic,synthetic_fixed_global_transformation,True,False,train
355,3,OHRC,TMC-2,controlled_synthetic,synthetic_fixed_global_transformation,True,False,train
355,4,OHRC,TMC-2,controlled_synthetic,synthetic_fixed_global_transformation,True,False,train
356,0,OHRC,TMC-2,controlled_synthetic,synthetic_fixed_global_transformation,True,False,train
356,1,OHRC,TMC-2,controlled_synthetic,synthetic_fixed_global_transformation,True,False,train
356,2,OHRC,TMC-2,controlled_synthetic,synthetic_fixed_global_transformation,True,False,train
356,3,OHRC,TMC-2,controlled_synthetic,synthetic_fixed_global_transformation,True,False,train
356,4,OHRC,TMC-2,controlled_synthetic,synthetic_fixed_global_transformation,True,False,train
357,0,OHRC,TMC-2,controlled_synthetic,synthetic_fixed_global_transformation,True,False,train
357,1,OHRC,TMC-2,controlled_synthetic,synthetic_fixed_global_transformation,True,False,train
357,2,OHRC,TMC-2,controlled_synthetic,synthetic_fixed_global_transformation,True,False,train
357,3,OHRC,TMC-2,controlled_synthetic,synthetic_fixed_global_transformation,True,False,train
357,4,OHRC,TMC-2,controlled_synthetic,synthetic_fixed_global_transformation,True,False,train
358,0,OHRC,TMC-2,controlled_synthetic,synthetic_fixed_global_transformation,True,False,train
358,1,OHRC,TMC-2,controlled_synthetic,synthetic_fixed_global_transformation,True,False,train
358,2,OHRC,TMC-2,controlled_synthetic,synthetic_fixed_global_transformation,True,False,train
358,3,OHRC,TMC-2,controlled_synthetic,synthetic_fixed_global_transformation,True,False,train
358,4,OHRC,TMC-2,controlled_synthetic,synthetic_fixed_global_transformation,True,False,train
359,0,OHRC,TMC-2,controlled_synthetic,synthetic_fixed_global_transformation,True,False,validation
359,1,OHRC,TMC-2,controlled_synthetic,synthetic_fixed_global_transformation,True,False,validation
359,2,OHRC,TMC-2,controlled_synthetic,synthetic_fixed_global_transformation,True,False,validation
359,3,OHRC,TMC-2,controlled_synthetic,synthetic_fixed_global_transformation,True,False,validation
359,4,OHRC,TMC-2,controlled_synthetic,synthetic_fixed_global_transformation,True,False,validation
360,0,OHRC,TMC-2,controlled_synthetic,synthetic_fixed_global_transformation,True,False,train
360,1,OHRC,TMC-2,controlled_synthetic,synthetic_fixed_global_transformation,True,False,train
360,2,OHRC,TMC-2,controlled_synthetic,synthetic_fixed_global_transformation,True,False,train
360,3,OHRC,TMC-2,controlled_synthetic,synthetic_fixed_global_transformation,True,False,train
360,4,OHRC,TMC-2,controlled_synthetic,synthetic_fixed_global_transformation,True,False,train
361,0,OHRC,TMC-2,controlled_synthetic,synthetic_fixed_global_transformation,True,False,train
361,1,OHRC,TMC-2,controlled_synthetic,synthetic_fixed_global_transformation,True,False,train
361,2,OHRC,TMC-2,controlled_synthetic,synthetic_fixed_global_transformation,True,False,train
361,3,OHRC,TMC-2,controlled_synthetic,synthetic_fixed_global_transformation,True,False,train
361,4,OHRC,TMC-2,controlled_synthetic,synthetic_fixed_global_transformation,True,False,train
362,0,OHRC,TMC-2,controlled_synthetic,synthetic_fixed_global_transformation,True,False,train
362,1,OHRC,TMC-2,controlled_synthetic,synthetic_fixed_global_transformation,True,False,train
362,2,OHRC,TMC-2,controlled_synthetic,synthetic_fixed_global_transformation,True,False,train
362,3,OHRC,TMC-2,controlled_synthetic,synthetic_fixed_global_transformation,True,False,train
362,4,OHRC,TMC-2,controlled_synthetic,synthetic_fixed_global_transformation,True,False,train
363,0,OHRC,TMC-2,controlled_synthetic,synthetic_fixed_global_transformation,True,False,train
363,1,OHRC,TMC-2,controlled_synthetic,synthetic_fixed_global_transformation,True,False,train
363,2,OHRC,TMC-2,controlled_synthetic,synthetic_fixed_global_transformation,True,False,train
363,3,OHRC,TMC-2,controlled_synthetic,synthetic_fixed_global_transformation,True,False,train
363,4,OHRC,TMC-2,controlled_synthetic,synthetic_fixed_global_transformation,True,False,train
364,0,OHRC,TMC-2,controlled_synthetic,synthetic_fixed_global_transformation,True,False,validation
364,1,OHRC,TMC-2,controlled_synthetic,synthetic_fixed_global_transformation,True,False,validation
364,2,OHRC,TMC-2,controlled_synthetic,synthetic_fixed_global_transformation,True,False,validation
364,3,OHRC,TMC-2,controlled_synthetic,synthetic_fixed_global_transformation,True,False,validation
364,4,OHRC,TMC-2,controlled_synthetic,synthetic_fixed_global_transformation,True,False,validation
365,0,OHRC,TMC-2,controlled_synthetic,synthetic_fixed_global_transformation,True,False,train
365,1,OHRC,TMC-2,controlled_synthetic,synthetic_fixed_global_transformation,True,False,train
365,2,OHRC,TMC-2,controlled_synthetic,synthetic_fixed_global_transformation,True,False,train
365,3,OHRC,TMC-2,controlled_synthetic,synthetic_fixed_global_transformation,True,False,train
365,4,OHRC,TMC-2,controlled_synthetic,synthetic_fixed_global_transformation,True,False,train
366,0,OHRC,TMC-2,controlled_synthetic,synthetic_fixed_global_transformation,True,False,test
366,1,OHRC,TMC-2,controlled_synthetic,synthetic_fixed_global_transformation,True,False,test
366,2,OHRC,TMC-2,controlled_synthetic,synthetic_fixed_global_transformation,True,False,test
366,3,OHRC,TMC-2,controlled_synthetic,synthetic_fixed_global_transformation,True,False,test
366,4,OHRC,TMC-2,controlled_synthetic,synthetic_fixed_global_transformation,True,False,test
367,0,OHRC,TMC-2,controlled_synthetic,synthetic_fixed_global_transformation,True,False,validation
367,1,OHRC,TMC-2,controlled_synthetic,synthetic_fixed_global_transformation,True,False,validation
367,2,OHRC,TMC-2,controlled_synthetic,synthetic_fixed_global_transformation,True,False,validation
367,3,OHRC,TMC-2,controlled_synthetic,synthetic_fixed_global_transformation,True,False,validation
367,4,OHRC,TMC-2,controlled_synthetic,synthetic_fixed_global_transformation,True,False,validation
368,0,OHRC,TMC-2,controlled_synthetic,synthetic_fixed_global_transformation,True,False,train
368,1,OHRC,TMC-2,controlled_synthetic,synthetic_fixed_global_transformation,True,False,train
368,2,OHRC,TMC-2,controlled_synthetic,synthetic_fixed_global_transformation,True,False,train
368,3,OHRC,TMC-2,controlled_synthetic,synthetic_fixed_global_transformation,True,False,train
368,4,OHRC,TMC-2,controlled_synthetic,synthetic_fixed_global_transformation,True,False,train
369,0,OHRC,TMC-2,controlled_synthetic,synthetic_fixed_global_transformation,True,False,train
369,1,OHRC,TMC-2,controlled_synthetic,synthetic_fixed_global_transformation,True,False,train
369,2,OHRC,TMC-2,controlled_synthetic,synthetic_fixed_global_transformation,True,False,train
369,3,OHRC,TMC-2,controlled_synthetic,synthetic_fixed_global_transformation,True,False,train
369,4,OHRC,TMC-2,controlled_synthetic,synthetic_fixed_global_transformation,True,False,train
370,0,OHRC,TMC-2,controlled_synthetic,synthetic_fixed_global_transformation,True,False,train
370,1,OHRC,TMC-2,controlled_synthetic,synthetic_fixed_global_transformation,True,False,train
370,2,OHRC,TMC-2,controlled_synthetic,synthetic_fixed_global_transformation,True,False,train
370,3,OHRC,TMC-2,controlled_synthetic,synthetic_fixed_global_transformation,True,False,train
370,4,OHRC,TMC-2,controlled_synthetic,synthetic_fixed_global_transformation,True,False,train
371,0,OHRC,TMC-2,controlled_synthetic,synthetic_fixed_global_transformation,True,False,train
371,1,OHRC,TMC-2,controlled_synthetic,synthetic_fixed_global_transformation,True,False,train
371,2,OHRC,TMC-2,controlled_synthetic,synthetic_fixed_global_transformation,True,False,train
371,3,OHRC,TMC-2,controlled_synthetic,synthetic_fixed_global_transformation,True,False,train
371,4,OHRC,TMC-2,controlled_synthetic,synthetic_fixed_global_transformation,True,False,train
372,0,OHRC,TMC-2,controlled_synthetic,synthetic_fixed_global_transformation,True,False,train
372,1,OHRC,TMC-2,controlled_synthetic,synthetic_fixed_global_transformation,True,False,train
372,2,OHRC,TMC-2,controlled_synthetic,synthetic_fixed_global_transformation,True,False,train
372,3,OHRC,TMC-2,controlled_synthetic,synthetic_fixed_global_transformation,True,False,train
372,4,OHRC,TMC-2,controlled_synthetic,synthetic_fixed_global_transformation,True,False,train
373,0,OHRC,TMC-2,controlled_synthetic,synthetic_fixed_global_transformation,True,False,test
373,1,OHRC,TMC-2,controlled_synthetic,synthetic_fixed_global_transformation,True,False,test
373,2,OHRC,TMC-2,controlled_synthetic,synthetic_fixed_global_transformation,True,False,test
373,3,OHRC,TMC-2,controlled_synthetic,synthetic_fixed_global_transformation,True,False,test
373,4,OHRC,TMC-2,controlled_synthetic,synthetic_fixed_global_transformation,True,False,test
374,0,OHRC,TMC-2,controlled_synthetic,synthetic_fixed_global_transformation,True,False,train
374,1,OHRC,TMC-2,controlled_synthetic,synthetic_fixed_global_transformation,True,False,train
374,2,OHRC,TMC-2,controlled_synthetic,synthetic_fixed_global_transformation,True,False,train
374,3,OHRC,TMC-2,controlled_synthetic,synthetic_fixed_global_transformation,True,False,train
374,4,OHRC,TMC-2,controlled_synthetic,synthetic_fixed_global_transformation,True,False,train
375,0,OHRC,TMC-2,controlled_synthetic,synthetic_fixed_global_transformation,True,False,train
375,1,OHRC,TMC-2,controlled_synthetic,synthetic_fixed_global_transformation,True,False,train
375,2,OHRC,TMC-2,controlled_synthetic,synthetic_fixed_global_transformation,True,False,train
375,3,OHRC,TMC-2,controlled_synthetic,synthetic_fixed_global_transformation,True,False,train
375,4,OHRC,TMC-2,controlled_synthetic,synthetic_fixed_global_transformation,True,False,train
376,0,OHRC,TMC-2,controlled_synthetic,synthetic_fixed_global_transformation,True,False,train
376,1,OHRC,TMC-2,controlled_synthetic,synthetic_fixed_global_transformation,True,False,train
376,2,OHRC,TMC-2,controlled_synthetic,synthetic_fixed_global_transformation,True,False,train
376,3,OHRC,TMC-2,controlled_synthetic,synthetic_fixed_global_transformation,True,False,train
376,4,OHRC,TMC-2,controlled_synthetic,synthetic_fixed_global_transformation,True,False,train
377,0,OHRC,TMC-2,controlled_synthetic,synthetic_fixed_global_transformation,True,False,validation
377,1,OHRC,TMC-2,controlled_synthetic,synthetic_fixed_global_transformation,True,False,validation
377,2,OHRC,TMC-2,controlled_synthetic,synthetic_fixed_global_transformation,True,False,validation
377,3,OHRC,TMC-2,controlled_synthetic,synthetic_fixed_global_transformation,True,False,validation
377,4,OHRC,TMC-2,controlled_synthetic,synthetic_fixed_global_transformation,True,False,validation
378,0,OHRC,TMC-2,controlled_synthetic,synthetic_fixed_global_transformation,True,False,train
378,1,OHRC,TMC-2,controlled_synthetic,synthetic_fixed_global_transformation,True,False,train
378,2,OHRC,TMC-2,controlled_synthetic,synthetic_fixed_global_transformation,True,False,train
378,3,OHRC,TMC-2,controlled_synthetic,synthetic_fixed_global_transformation,True,False,train
378,4,OHRC,TMC-2,controlled_synthetic,synthetic_fixed_global_transformation,True,False,train
379,0,OHRC,TMC-2,controlled_synthetic,synthetic_fixed_global_transformation,True,False,validation
379,1,OHRC,TMC-2,controlled_synthetic,synthetic_fixed_global_transformation,True,False,validation
379,2,OHRC,TMC-2,controlled_synthetic,synthetic_fixed_global_transformation,True,False,validation
379,3,OHRC,TMC-2,controlled_synthetic,synthetic_fixed_global_transformation,True,False,validation
379,4,OHRC,TMC-2,controlled_synthetic,synthetic_fixed_global_transformation,True,False,validation
380,0,OHRC,TMC-2,controlled_synthetic,synthetic_fixed_global_transformation,True,False,train
380,1,OHRC,TMC-2,controlled_synthetic,synthetic_fixed_global_transformation,True,False,train
380,2,OHRC,TMC-2,controlled_synthetic,synthetic_fixed_global_transformation,True,False,train
380,3,OHRC,TMC-2,controlled_synthetic,synthetic_fixed_global_transformation,True,False,train
380,4,OHRC,TMC-2,controlled_synthetic,synthetic_fixed_global_transformation,True,False,train
381,0,OHRC,TMC-2,controlled_synthetic,synthetic_fixed_global_transformation,True,False,train
381,1,OHRC,TMC-2,controlled_synthetic,synthetic_fixed_global_transformation,True,False,train
381,2,OHRC,TMC-2,controlled_synthetic,synthetic_fixed_global_transformation,True,False,train
381,3,OHRC,TMC-2,controlled_synthetic,synthetic_fixed_global_transformation,True,False,train
381,4,OHRC,TMC-2,controlled_synthetic,synthetic_fixed_global_transformation,True,False,train
382,0,OHRC,TMC-2,controlled_synthetic,synthetic_fixed_global_transformation,True,False,train
382,1,OHRC,TMC-2,controlled_synthetic,synthetic_fixed_global_transformation,True,False,train
382,2,OHRC,TMC-2,controlled_synthetic,synthetic_fixed_global_transformation,True,False,train
382,3,OHRC,TMC-2,controlled_synthetic,synthetic_fixed_global_transformation,True,False,train
382,4,OHRC,TMC-2,controlled_synthetic,synthetic_fixed_global_transformation,True,False,train
383,0,OHRC,TMC-2,controlled_synthetic,synthetic_fixed_global_transformation,True,False,train
383,1,OHRC,TMC-2,controlled_synthetic,synthetic_fixed_global_transformation,True,False,train
383,2,OHRC,TMC-2,controlled_synthetic,synthetic_fixed_global_transformation,True,False,train
383,3,OHRC,TMC-2,controlled_synthetic,synthetic_fixed_global_transformation,True,False,train
383,4,OHRC,TMC-2,controlled_synthetic,synthetic_fixed_global_transformation,True,False,train
384,0,OHRC,TMC-2,controlled_synthetic,synthetic_fixed_global_transformation,True,False,train
384,1,OHRC,TMC-2,controlled_synthetic,synthetic_fixed_global_transformation,True,False,train
384,2,OHRC,TMC-2,controlled_synthetic,synthetic_fixed_global_transformation,True,False,train
384,3,OHRC,TMC-2,controlled_synthetic,synthetic_fixed_global_transformation,True,False,train
384,4,OHRC,TMC-2,controlled_synthetic,synthetic_fixed_global_transformation,True,False,train
385,0,OHRC,TMC-2,controlled_synthetic,synthetic_fixed_global_transformation,True,False,test
385,1,OHRC,TMC-2,controlled_synthetic,synthetic_fixed_global_transformation,True,False,test
385,2,OHRC,TMC-2,controlled_synthetic,synthetic_fixed_global_transformation,True,False,test
385,3,OHRC,TMC-2,controlled_synthetic,synthetic_fixed_global_transformation,True,False,test
385,4,OHRC,TMC-2,controlled_synthetic,synthetic_fixed_global_transformation,True,False,test
386,0,OHRC,TMC-2,controlled_synthetic,synthetic_fixed_global_transformation,True,False,validation
386,1,OHRC,TMC-2,controlled_synthetic,synthetic_fixed_global_transformation,True,False,validation
386,2,OHRC,TMC-2,controlled_synthetic,synthetic_fixed_global_transformation,True,False,validation
386,3,OHRC,TMC-2,controlled_synthetic,synthetic_fixed_global_transformation,True,False,validation
386,4,OHRC,TMC-2,controlled_synthetic,synthetic_fixed_global_transformation,True,False,validation
387,0,OHRC,TMC-2,controlled_synthetic,synthetic_fixed_global_transformation,True,False,validation
387,1,OHRC,TMC-2,controlled_synthetic,synthetic_fixed_global_transformation,True,False,validation
387,2,OHRC,TMC-2,controlled_synthetic,synthetic_fixed_global_transformation,True,False,validation
387,3,OHRC,TMC-2,controlled_synthetic,synthetic_fixed_global_transformation,True,False,validation
387,4,OHRC,TMC-2,controlled_synthetic,synthetic_fixed_global_transformation,True,False,validation
388,0,OHRC,TMC-2,controlled_synthetic,synthetic_fixed_global_transformation,True,False,train
388,1,OHRC,TMC-2,controlled_synthetic,synthetic_fixed_global_transformation,True,False,train
388,2,OHRC,TMC-2,controlled_synthetic,synthetic_fixed_global_transformation,True,False,train
388,3,OHRC,TMC-2,controlled_synthetic,synthetic_fixed_global_transformation,True,False,train
388,4,OHRC,TMC-2,controlled_synthetic,synthetic_fixed_global_transformation,True,False,train
389,0,OHRC,TMC-2,controlled_synthetic,synthetic_fixed_global_transformation,True,False,train
389,1,OHRC,TMC-2,controlled_synthetic,synthetic_fixed_global_transformation,True,False,train
389,2,OHRC,TMC-2,controlled_synthetic,synthetic_fixed_global_transformation,True,False,train
389,3,OHRC,TMC-2,controlled_synthetic,synthetic_fixed_global_transformation,True,False,train
389,4,OHRC,TMC-2,controlled_synthetic,synthetic_fixed_global_transformation,True,False,train
390,0,OHRC,TMC-2,controlled_synthetic,synthetic_fixed_global_transformation,True,False,validation
390,1,OHRC,TMC-2,controlled_synthetic,synthetic_fixed_global_transformation,True,False,validation
390,2,OHRC,TMC-2,controlled_synthetic,synthetic_fixed_global_transformation,True,False,validation
390,3,OHRC,TMC-2,controlled_synthetic,synthetic_fixed_global_transformation,True,False,validation
390,4,OHRC,TMC-2,controlled_synthetic,synthetic_fixed_global_transformation,True,False,validation
391,0,OHRC,TMC-2,controlled_synthetic,synthetic_fixed_global_transformation,True,False,train
391,1,OHRC,TMC-2,controlled_synthetic,synthetic_fixed_global_transformation,True,False,train
391,2,OHRC,TMC-2,controlled_synthetic,synthetic_fixed_global_transformation,True,False,train
391,3,OHRC,TMC-2,controlled_synthetic,synthetic_fixed_global_transformation,True,False,train
391,4,OHRC,TMC-2,controlled_synthetic,synthetic_fixed_global_transformation,True,False,train
392,0,OHRC,TMC-2,controlled_synthetic,synthetic_fixed_global_transformation,True,False,train
392,1,OHRC,TMC-2,controlled_synthetic,synthetic_fixed_global_transformation,True,False,train
392,2,OHRC,TMC-2,controlled_synthetic,synthetic_fixed_global_transformation,True,False,train
392,3,OHRC,TMC-2,controlled_synthetic,synthetic_fixed_global_transformation,True,False,train
392,4,OHRC,TMC-2,controlled_synthetic,synthetic_fixed_global_transformation,True,False,train
393,0,OHRC,TMC-2,controlled_synthetic,synthetic_fixed_global_transformation,True,False,train
393,1,OHRC,TMC-2,controlled_synthetic,synthetic_fixed_global_transformation,True,False,train
393,2,OHRC,TMC-2,controlled_synthetic,synthetic_fixed_global_transformation,True,False,train
393,3,OHRC,TMC-2,controlled_synthetic,synthetic_fixed_global_transformation,True,False,train
393,4,OHRC,TMC-2,controlled_synthetic,synthetic_fixed_global_transformation,True,False,train
394,0,OHRC,TMC-2,controlled_synthetic,synthetic_fixed_global_transformation,True,False,validation
394,1,OHRC,TMC-2,controlled_synthetic,synthetic_fixed_global_transformation,True,False,validation
394,2,OHRC,TMC-2,controlled_synthetic,synthetic_fixed_global_transformation,True,False,validation
394,3,OHRC,TMC-2,controlled_synthetic,synthetic_fixed_global_transformation,True,False,validation
394,4,OHRC,TMC-2,controlled_synthetic,synthetic_fixed_global_transformation,True,False,validation
395,0,OHRC,TMC-2,controlled_synthetic,synthetic_fixed_global_transformation,True,False,train
395,1,OHRC,TMC-2,controlled_synthetic,synthetic_fixed_global_transformation,True,False,train
395,2,OHRC,TMC-2,controlled_synthetic,synthetic_fixed_global_transformation,True,False,train
395,3,OHRC,TMC-2,controlled_synthetic,synthetic_fixed_global_transformation,True,False,train
395,4,OHRC,TMC-2,controlled_synthetic,synthetic_fixed_global_transformation,True,False,train
396,0,OHRC,TMC-2,controlled_synthetic,synthetic_fixed_global_transformation,True,False,train
396,1,OHRC,TMC-2,controlled_synthetic,synthetic_fixed_global_transformation,True,False,train
396,2,OHRC,TMC-2,controlled_synthetic,synthetic_fixed_global_transformation,True,False,train
396,3,OHRC,TMC-2,controlled_synthetic,synthetic_fixed_global_transformation,True,False,train
396,4,OHRC,TMC-2,controlled_synthetic,synthetic_fixed_global_transformation,True,False,train
397,0,OHRC,TMC-2,controlled_synthetic,synthetic_fixed_global_transformation,True,False,train
397,1,OHRC,TMC-2,controlled_synthetic,synthetic_fixed_global_transformation,True,False,train
397,2,OHRC,TMC-2,controlled_synthetic,synthetic_fixed_global_transformation,True,False,train
397,3,OHRC,TMC-2,controlled_synthetic,synthetic_fixed_global_transformation,True,False,train
397,4,OHRC,TMC-2,controlled_synthetic,synthetic_fixed_global_transformation,True,False,train
398,0,OHRC,TMC-2,controlled_synthetic,synthetic_fixed_global_transformation,True,False,train
398,1,OHRC,TMC-2,controlled_synthetic,synthetic_fixed_global_transformation,True,False,train
398,2,OHRC,TMC-2,controlled_synthetic,synthetic_fixed_global_transformation,True,False,train
398,3,OHRC,TMC-2,controlled_synthetic,synthetic_fixed_global_transformation,True,False,train
398,4,OHRC,TMC-2,controlled_synthetic,synthetic_fixed_global_transformation,True,False,train
399,0,OHRC,TMC-2,controlled_synthetic,synthetic_fixed_global_transformation,True,False,train
399,1,OHRC,TMC-2,controlled_synthetic,synthetic_fixed_global_transformation,True,False,train
399,2,OHRC,TMC-2,controlled_synthetic,synthetic_fixed_global_transformation,True,False,train
399,3,OHRC,TMC-2,controlled_synthetic,synthetic_fixed_global_transformation,True,False,train
399,4,OHRC,TMC-2,controlled_synthetic,synthetic_fixed_global_transformation,True,False,train
