anchor_id,view_id,source_modality,target_modality,sample_type,correspondence_type,ground_truth_available,real_geographic_correspondence
0,0,OHRC,TMC-2,controlled_synthetic,synthetic_fixed_global_transformation,True,False
0,1,OHRC,TMC-2,controlled_synthetic,synthetic_fixed_global_transformation,True,False
0,2,OHRC,TMC-2,controlled_synthetic,synthetic_fixed_global_transformation,True,False
0,3,OHRC,TMC-2,controlled_synthetic,synthetic_fixed_global_transformation,True,False
0,4,OHRC,TMC-2,controlled_synthetic,synthetic_fixed_global_transformation,True,False
1,0,OHRC,TMC-2,controlled_synthetic,synthetic_fixed_global_transformation,True,False
1,1,OHRC,TMC-2,controlled_synthetic,synthetic_fixed_global_transformation,True,False
1,2,OHRC,TMC-2,controlled_synthetic,synthetic_fixed_global_transformation,True,False
1,3,OHRC,TMC-2,controlled_synthetic,synthetic_fixed_global_transformation,True,False
1,4,OHRC,TMC-2,controlled_synthetic,synthetic_fixed_global_transformation,True,False
2,0,OHRC,TMC-2,controlled_synthetic,synthetic_fixed_global_transformation,True,False
2,1,OHRC,TMC-2,controlled_synthetic,synthetic_fixed_global_transformation,True,False
2,2,OHRC,TMC-2,controlled_synthetic,synthetic_fixed_global_transformation,True,False
2,3,OHRC,TMC-2,controlled_synthetic,synthetic_fixed_global_transformation,True,False
2,4,OHRC,TMC-2,controlled_synthetic,synthetic_fixed_global_transformation,True,False
3,0,OHRC,TMC-2,controlled_synthetic,synthetic_fixed_global_transformation,True,False
3,1,OHRC,TMC-2,controlled_synthetic,synthetic_fixed_global_transformation,True,False
3,2,OHRC,TMC-2,controlled_synthetic,synthetic_fixed_global_transformation,True,False
3,3,OHRC,TMC-2,controlled_synthetic,synthetic_fixed_global_transformation,True,False
3,4,OHRC,TMC-2,controlled_synthetic,synthetic_fixed_global_transformation,True,False
4,0,OHRC,TMC-2,controlled_synthetic,synthetic_fixed_global_transformation,True,False
4,1,OHRC,TMC-2,controlled_synthetic,synthetic_fixed_global_transformation,True,False
4,2,OHRC,TMC-2,controlled_synthetic,synthetic_fixed_global_transformation,True,False
4,3,OHRC,TMC-2,controlled_synthetic,synthetic_fixed_global_transformation,True,False
4,4,OHRC,TMC-2,controlled_synthetic,synthetic_fixed_global_transformation,True,False
5,0,OHRC,TMC-2,controlled_synthetic,synthetic_fixed_global_transformation,True,False
5,1,OHRC,TMC-2,controlled_synthetic,synthetic_fixed_global_transformation,True,False
5,2,OHRC,TMC-2,controlled_synthetic,synthetic_fixed_global_transformation,True,False
5,3,OHRC,TMC-2,controlled_synthetic,synthetic_fixed_global_transformation,True,False
5,4,OHRC,TMC-2,controlled_synthetic,synthetic_fixed_global_transformation,True,False
6,0,OHRC,TMC-2,controlled_synthetic,synthetic_fixed_global_transformation,True,False
6,1,OHRC,TMC-2,controlled_synthetic,synthetic_fixed_global_transformation,True,False
6,2,OHRC,TMC-2,controlled_synthetic,synthetic_fixed_global_transformation,True,False
6,3,OHRC,TMC-2,controlled_synthetic,synthetic_fixed_global_transformation,True,False
6,4,OHRC,TMC-2,controlled_synthetic,synthetic_fixed_global_transformation,True,False
7,0,OHRC,TMC-2,controlled_synthetic,synthetic_fixed_global_transformation,True,False
7,1,OHRC,TMC-2,controlled_synthetic,synthetic_fixed_global_transformation,True,False
7,2,OHRC,TMC-2,controlled_synthetic,synthetic_fixed_global_transformation,True,False
7,3,OHRC,TMC-2,controlled_synthetic,synthetic_fixed_global_transformation,True,False
7,4,OHRC,TMC-2,controlled_synthetic,synthetic_fixed_global_transformation,True,False
8,0,OHRC,TMC-2,controlled_synthetic,synthetic_fixed_global_transformation,True,False
8,1,OHRC,TMC-2,controlled_synthetic,synthetic_fixed_global_transformation,True,False
8,2,OHRC,TMC-2,controlled_synthetic,synthetic_fixed_global_transformation,True,False
8,3,OHRC,TMC-2,controlled_synthetic,synthetic_fixed_global_transformation,True,False
8,4,OHRC,TMC-2,controlled_synthetic,synthetic_fixed_global_transformation,True,False
9,0,OHRC,TMC-2,controlled_synthetic,synthetic_fixed_global_transformation,True,False
9,1,OHRC,TMC-2,controlled_synthetic,synthetic_fixed_global_transformation,True,False
9,2,OHRC,TMC-2,controlled_synthetic,synthetic_fixed_global_transformation,True,False
9,3,OHRC,TMC-2,controlled_synthetic,synthetic_fixed_global_transformation,True,False
9,4,OHRC,TMC-2,controlled_synthetic,synthetic_fixed_global_transformation,True,False
10,0,OHRC,TMC-2,controlled_synthetic,synthetic_fixed_global_transformation,True,False
10,1,OHRC,TMC-2,controlled_synthetic,synthetic_fixed_global_transformation,True,False
10,2,OHRC,TMC-2,controlled_synthetic,synthetic_fixed_global_transformation,True,False
10,3,OHRC,TMC-2,controlled_synthetic,synthetic_fixed_global_transformation,True,False
10,4,OHRC,TMC-2,controlled_synthetic,synthetic_fixed_global_transformation,True,False
11,0,OHRC,TMC-2,controlled_synthetic,synthetic_fixed_global_transformation,True,False
11,1,OHRC,TMC-2,controlled_synthetic,synthetic_fixed_global_transformation,True,False
11,2,OHRC,TMC-2,controlled_synthetic,synthetic_fixed_global_transformation,True,False
11,3,OHRC,TMC-2,controlled_synthetic,synthetic_fixed_global_transformation,True,False
11,4,OHRC,TMC-2,controlled_synthetic,synthetic_fixed_global_transformation,True,False
12,0,OHRC,TMC-2,controlled_synthetic,synthetic_fixed_global_transformation,True,False
12,1,OHRC,TMC-2,controlled_synthetic,synthetic_fixed_global_transformation,True,False
12,2,OHRC,TMC-2,controlled_synthetic,synthetic_fixed_global_transformation,True,False
12,3,OHRC,TMC-2,controlled_synthetic,synthetic_fixed_global_transformation,True,False
12,4,OHRC,TMC-2,controlled_synthetic,synthetic_fixed_global_transformation,True,False
13,0,OHRC,TMC-2,controlled_synthetic,synthetic_fixed_global_transformation,True,False
13,1,OHRC,TMC-2,controlled_synthetic,synthetic_fixed_global_transformation,True,False
13,2,OHRC,TMC-2,controlled_synthetic,synthetic_fixed_global_transformation,True,False
13,3,OHRC,TMC-2,controlled_synthetic,synthetic_fixed_global_transformation,True,False
13,4,OHRC,TMC-2,controlled_synthetic,synthetic_fixed_global_transformation,True,False
14,0,OHRC,TMC-2,controlled_synthetic,synthetic_fixed_global_transformation,True,False
14,1,OHRC,TMC-2,controlled_synthetic,synthetic_fixed_global_transformation,True,False
14,2,OHRC,TMC-2,controlled_synthetic,synthetic_fixed_global_transformation,True,False
14,3,OHRC,TMC-2,controlled_synthetic,synthetic_fixed_global_transformation,True,False
14,4,OHRC,TMC-2,controlled_synthetic,synthetic_fixed_global_transformation,True,False
15,0,OHRC,TMC-2,controlled_synthetic,synthetic_fixed_global_transformation,True,False
15,1,OHRC,TMC-2,controlled_synthetic,synthetic_fixed_global_transformation,True,False
15,2,OHRC,TMC-2,controlled_synthetic,synthetic_fixed_global_transformation,True,False
15,3,OHRC,TMC-2,controlled_synthetic,synthetic_fixed_global_transformation,True,False
15,4,OHRC,TMC-2,controlled_synthetic,synthetic_fixed_global_transformation,True,False
16,0,OHRC,TMC-2,controlled_synthetic,synthetic_fixed_global_transformation,True,False
16,1,OHRC,TMC-2,controlled_synthetic,synthetic_fixed_global_transformation,True,False
16,2,OHRC,TMC-2,controlled_synthetic,synthetic_fixed_global_transformation,True,False
16,3,OHRC,TMC-2,controlled_synthetic,synthetic_fixed_global_transformation,True,False
16,4,OHRC,TMC-2,controlled_synthetic,synthetic_fixed_global_transformation,True,False
17,0,OHRC,TMC-2,controlled_synthetic,synthetic_fixed_global_transformation,True,False
17,1,OHRC,TMC-2,controlled_synthetic,synthetic_fixed_global_transformation,True,False
17,2,OHRC,TMC-2,controlled_synthetic,synthetic_fixed_global_transformation,True,False
17,3,OHRC,TMC-2,controlled_synthetic,synthetic_fixed_global_transformation,True,False
17,4,OHRC,TMC-2,controlled_synthetic,synthetic_fixed_global_transformation,True,False
18,0,OHRC,TMC-2,controlled_synthetic,synthetic_fixed_global_transformation,True,False
18,1,OHRC,TMC-2,controlled_synthetic,synthetic_fixed_global_transformation,True,False
18,2,OHRC,TMC-2,controlled_synthetic,synthetic_fixed_global_transformation,True,False
18,3,OHRC,TMC-2,controlled_synthetic,synthetic_fixed_global_transformation,True,False
18,4,OHRC,TMC-2,controlled_synthetic,synthetic_fixed_global_transformation,True,False
19,0,OHRC,TMC-2,controlled_synthetic,synthetic_fixed_global_transformation,True,False
19,1,OHRC,TMC-2,controlled_synthetic,synthetic_fixed_global_transformation,True,False
19,2,OHRC,TMC-2,controlled_synthetic,synthetic_fixed_global_transformation,True,False
19,3,OHRC,TMC-2,controlled_synthetic,synthetic_fixed_global_transformation,True,False
19,4,OHRC,TMC-2,controlled_synthetic,synthetic_fixed_global_transformation,True,False
20,0,OHRC,TMC-2,controlled_synthetic,synthetic_fixed_global_transformation,True,False
20,1,OHRC,TMC-2,controlled_synthetic,synthetic_fixed_global_transformation,True,False
20,2,OHRC,TMC-2,controlled_synthetic,synthetic_fixed_global_transformation,True,False
20,3,OHRC,TMC-2,controlled_synthetic,synthetic_fixed_global_transformation,True,False
20,4,OHRC,TMC-2,controlled_synthetic,synthetic_fixed_global_transformation,True,False
21,0,OHRC,TMC-2,controlled_synthetic,synthetic_fixed_global_transformation,True,False
21,1,OHRC,TMC-2,controlled_synthetic,synthetic_fixed_global_transformation,True,False
21,2,OHRC,TMC-2,controlled_synthetic,synthetic_fixed_global_transformation,True,False
21,3,OHRC,TMC-2,controlled_synthetic,synthetic_fixed_global_transformation,True,False
21,4,OHRC,TMC-2,controlled_synthetic,synthetic_fixed_global_transformation,True,False
22,0,OHRC,TMC-2,controlled_synthetic,synthetic_fixed_global_transformation,True,False
22,1,OHRC,TMC-2,controlled_synthetic,synthetic_fixed_global_transformation,True,False
22,2,OHRC,TMC-2,controlled_synthetic,synthetic_fixed_global_transformation,True,False
22,3,OHRC,TMC-2,controlled_synthetic,synthetic_fixed_global_transformation,True,False
22,4,OHRC,TMC-2,controlled_synthetic,synthetic_fixed_global_transformation,True,False
23,0,OHRC,TMC-2,controlled_synthetic,synthetic_fixed_global_transformation,True,False
23,1,OHRC,TMC-2,controlled_synthetic,synthetic_fixed_global_transformation,True,False
23,2,OHRC,TMC-2,controlled_synthetic,synthetic_fixed_global_transformation,True,False
23,3,OHRC,TMC-2,controlled_synthetic,synthetic_fixed_global_transformation,True,False
23,4,OHRC,TMC-2,controlled_synthetic,synthetic_fixed_global_transformation,True,False
24,0,OHRC,TMC-2,controlled_synthetic,synthetic_fixed_global_transformation,True,False
24,1,OHRC,TMC-2,controlled_synthetic,synthetic_fixed_global_transformation,True,False
24,2,OHRC,TMC-2,controlled_synthetic,synthetic_fixed_global_transformation,True,False
24,3,OHRC,TMC-2,controlled_synthetic,synthetic_fixed_global_transformation,True,False
24,4,OHRC,TMC-2,controlled_synthetic,synthetic_fixed_global_transformation,True,False
25,0,OHRC,TMC-2,controlled_synthetic,synthetic_fixed_global_transformation,True,False
25,1,OHRC,TMC-2,controlled_synthetic,synthetic_fixed_global_transformation,True,False
25,2,OHRC,TMC-2,controlled_synthetic,synthetic_fixed_global_transformation,True,False
25,3,OHRC,TMC-2,controlled_synthetic,synthetic_fixed_global_transformation,True,False
25,4,OHRC,TMC-2,controlled_synthetic,synthetic_fixed_global_transformation,True,False
26,0,OHRC,TMC-2,controlled_synthetic,synthetic_fixed_global_transformation,True,False
26,1,OHRC,TMC-2,controlled_synthetic,synthetic_fixed_global_transformation,True,False
26,2,OHRC,TMC-2,controlled_synthetic,synthetic_fixed_global_transformation,True,False
26,3,OHRC,TMC-2,controlled_synthetic,synthetic_fixed_global_transformation,True,False
26,4,OHRC,TMC-2,controlled_synthetic,synthetic_fixed_global_transformation,True,False
27,0,OHRC,TMC-2,controlled_synthetic,synthetic_fixed_global_transformation,True,False
27,1,OHRC,TMC-2,controlled_synthetic,synthetic_fixed_global_transformation,True,False
27,2,OHRC,TMC-2,controlled_synthetic,synthetic_fixed_global_transformation,True,False
27,3,OHRC,TMC-2,controlled_synthetic,synthetic_fixed_global_transformation,True,False
27,4,OHRC,TMC-2,controlled_synthetic,synthetic_fixed_global_transformation,True,False
28,0,OHRC,TMC-2,controlled_synthetic,synthetic_fixed_global_transformation,True,False
28,1,OHRC,TMC-2,controlled_synthetic,synthetic_fixed_global_transformation,True,False
28,2,OHRC,TMC-2,controlled_synthetic,synthetic_fixed_global_transformation,True,False
28,3,OHRC,TMC-2,controlled_synthetic,synthetic_fixed_global_transformation,True,False
28,4,OHRC,TMC-2,controlled_synthetic,synthetic_fixed_global_transformation,True,False
29,0,OHRC,TMC-2,controlled_synthetic,synthetic_fixed_global_transformation,True,False
29,1,OHRC,TMC-2,controlled_synthetic,synthetic_fixed_global_transformation,True,False
29,2,OHRC,TMC-2,controlled_synthetic,synthetic_fixed_global_transformation,True,False
29,3,OHRC,TMC-2,controlled_synthetic,synthetic_fixed_global_transformation,True,False
29,4,OHRC,TMC-2,controlled_synthetic,synthetic_fixed_global_transformation,True,False
30,0,OHRC,TMC-2,controlled_synthetic,synthetic_fixed_global_transformation,True,False
30,1,OHRC,TMC-2,controlled_synthetic,synthetic_fixed_global_transformation,True,False
30,2,OHRC,TMC-2,controlled_synthetic,synthetic_fixed_global_transformation,True,False
30,3,OHRC,TMC-2,controlled_synthetic,synthetic_fixed_global_transformation,True,False
30,4,OHRC,TMC-2,controlled_synthetic,synthetic_fixed_global_transformation,True,False
31,0,OHRC,TMC-2,controlled_synthetic,synthetic_fixed_global_transformation,True,False
31,1,OHRC,TMC-2,controlled_synthetic,synthetic_fixed_global_transformation,True,False
31,2,OHRC,TMC-2,controlled_synthetic,synthetic_fixed_global_transformation,True,False
31,3,OHRC,TMC-2,controlled_synthetic,synthetic_fixed_global_transformation,True,False
31,4,OHRC,TMC-2,controlled_synthetic,synthetic_fixed_global_transformation,True,False
32,0,OHRC,TMC-2,controlled_synthetic,synthetic_fixed_global_transformation,True,False
32,1,OHRC,TMC-2,controlled_synthetic,synthetic_fixed_global_transformation,True,False
32,2,OHRC,TMC-2,controlled_synthetic,synthetic_fixed_global_transformation,True,False
32,3,OHRC,TMC-2,controlled_synthetic,synthetic_fixed_global_transformation,True,False
32,4,OHRC,TMC-2,controlled_synthetic,synthetic_fixed_global_transformation,True,False
33,0,OHRC,TMC-2,controlled_synthetic,synthetic_fixed_global_transformation,True,False
33,1,OHRC,TMC-2,controlled_synthetic,synthetic_fixed_global_transformation,True,False
33,2,OHRC,TMC-2,controlled_synthetic,synthetic_fixed_global_transformation,True,False
33,3,OHRC,TMC-2,controlled_synthetic,synthetic_fixed_global_transformation,True,False
33,4,OHRC,TMC-2,controlled_synthetic,synthetic_fixed_global_transformation,True,False
34,0,OHRC,TMC-2,controlled_synthetic,synthetic_fixed_global_transformation,True,False
34,1,OHRC,TMC-2,controlled_synthetic,synthetic_fixed_global_transformation,True,False
34,2,OHRC,TMC-2,controlled_synthetic,synthetic_fixed_global_transformation,True,False
34,3,OHRC,TMC-2,controlled_synthetic,synthetic_fixed_global_transformation,True,False
34,4,OHRC,TMC-2,controlled_synthetic,synthetic_fixed_global_transformation,True,False
35,0,OHRC,TMC-2,controlled_synthetic,synthetic_fixed_global_transformation,True,False
35,1,OHRC,TMC-2,controlled_synthetic,synthetic_fixed_global_transformation,True,False
35,2,OHRC,TMC-2,controlled_synthetic,synthetic_fixed_global_transformation,True,False
35,3,OHRC,TMC-2,controlled_synthetic,synthetic_fixed_global_transformation,True,False
35,4,OHRC,TMC-2,controlled_synthetic,synthetic_fixed_global_transformation,True,False
36,0,OHRC,TMC-2,controlled_synthetic,synthetic_fixed_global_transformation,True,False
36,1,OHRC,TMC-2,controlled_synthetic,synthetic_fixed_global_transformation,True,False
36,2,OHRC,TMC-2,controlled_synthetic,synthetic_fixed_global_transformation,True,False
36,3,OHRC,TMC-2,controlled_synthetic,synthetic_fixed_global_transformation,True,False
36,4,OHRC,TMC-2,controlled_synthetic,synthetic_fixed_global_transformation,True,False
37,0,OHRC,TMC-2,controlled_synthetic,synthetic_fixed_global_transformation,True,False
37,1,OHRC,TMC-2,controlled_synthetic,synthetic_fixed_global_transformation,True,False
37,2,OHRC,TMC-2,controlled_synthetic,synthetic_fixed_global_transformation,True,False
37,3,OHRC,TMC-2,controlled_synthetic,synthetic_fixed_global_transformation,True,False
37,4,OHRC,TMC-2,controlled_synthetic,synthetic_fixed_global_transformation,True,False
38,0,OHRC,TMC-2,controlled_synthetic,synthetic_fixed_global_transformation,True,False
38,1,OHRC,TMC-2,controlled_synthetic,synthetic_fixed_global_transformation,True,False
38,2,OHRC,TMC-2,controlled_synthetic,synthetic_fixed_global_transformation,True,False
38,3,OHRC,TMC-2,controlled_synthetic,synthetic_fixed_global_transformation,True,False
38,4,OHRC,TMC-2,controlled_synthetic,synthetic_fixed_global_transformation,True,False
39,0,OHRC,TMC-2,controlled_synthetic,synthetic_fixed_global_transformation,True,False
39,1,OHRC,TMC-2,controlled_synthetic,synthetic_fixed_global_transformation,True,False
39,2,OHRC,TMC-2,controlled_synthetic,synthetic_fixed_global_transformation,True,False
39,3,OHRC,TMC-2,controlled_synthetic,synthetic_fixed_global_transformation,True,False
39,4,OHRC,TMC-2,controlled_synthetic,synthetic_fixed_global_transformation,True,False
40,0,OHRC,TMC-2,controlled_synthetic,synthetic_fixed_global_transformation,True,False
40,1,OHRC,TMC-2,controlled_synthetic,synthetic_fixed_global_transformation,True,False
40,2,OHRC,TMC-2,controlled_synthetic,synthetic_fixed_global_transformation,True,False
40,3,OHRC,TMC-2,controlled_synthetic,synthetic_fixed_global_transformation,True,False
40,4,OHRC,TMC-2,controlled_synthetic,synthetic_fixed_global_transformation,True,False
41,0,OHRC,TMC-2,controlled_synthetic,synthetic_fixed_global_transformation,True,False
41,1,OHRC,TMC-2,controlled_synthetic,synthetic_fixed_global_transformation,True,False
41,2,OHRC,TMC-2,controlled_synthetic,synthetic_fixed_global_transformation,True,False
41,3,OHRC,TMC-2,controlled_synthetic,synthetic_fixed_global_transformation,True,False
41,4,OHRC,TMC-2,controlled_synthetic,synthetic_fixed_global_transformation,True,False
42,0,OHRC,TMC-2,controlled_synthetic,synthetic_fixed_global_transformation,True,False
42,1,OHRC,TMC-2,controlled_synthetic,synthetic_fixed_global_transformation,True,False
42,2,OHRC,TMC-2,controlled_synthetic,synthetic_fixed_global_transformation,True,False
42,3,OHRC,TMC-2,controlled_synthetic,synthetic_fixed_global_transformation,True,False
42,4,OHRC,TMC-2,controlled_synthetic,synthetic_fixed_global_transformation,True,False
43,0,OHRC,TMC-2,controlled_synthetic,synthetic_fixed_global_transformation,True,False
43,1,OHRC,TMC-2,controlled_synthetic,synthetic_fixed_global_transformation,True,False
43,2,OHRC,TMC-2,controlled_synthetic,synthetic_fixed_global_transformation,True,False
43,3,OHRC,TMC-2,controlled_synthetic,synthetic_fixed_global_transformation,True,False
43,4,OHRC,TMC-2,controlled_synthetic,synthetic_fixed_global_transformation,True,False
44,0,OHRC,TMC-2,controlled_synthetic,synthetic_fixed_global_transformation,True,False
44,1,OHRC,TMC-2,controlled_synthetic,synthetic_fixed_global_transformation,True,False
44,2,OHRC,TMC-2,controlled_synthetic,synthetic_fixed_global_transformation,True,False
44,3,OHRC,TMC-2,controlled_synthetic,synthetic_fixed_global_transformation,True,False
44,4,OHRC,TMC-2,controlled_synthetic,synthetic_fixed_global_transformation,True,False
45,0,OHRC,TMC-2,controlled_synthetic,synthetic_fixed_global_transformation,True,False
45,1,OHRC,TMC-2,controlled_synthetic,synthetic_fixed_global_transformation,True,False
45,2,OHRC,TMC-2,controlled_synthetic,synthetic_fixed_global_transformation,True,False
45,3,OHRC,TMC-2,controlled_synthetic,synthetic_fixed_global_transformation,True,False
45,4,OHRC,TMC-2,controlled_synthetic,synthetic_fixed_global_transformation,True,False
46,0,OHRC,TMC-2,controlled_synthetic,synthetic_fixed_global_transformation,True,False
46,1,OHRC,TMC-2,controlled_synthetic,synthetic_fixed_global_transformation,True,False
46,2,OHRC,TMC-2,controlled_synthetic,synthetic_fixed_global_transformation,True,False
46,3,OHRC,TMC-2,controlled_synthetic,synthetic_fixed_global_transformation,True,False
46,4,OHRC,TMC-2,controlled_synthetic,synthetic_fixed_global_transformation,True,False
47,0,OHRC,TMC-2,controlled_synthetic,synthetic_fixed_global_transformation,True,False
47,1,OHRC,TMC-2,controlled_synthetic,synthetic_fixed_global_transformation,True,False
47,2,OHRC,TMC-2,controlled_synthetic,synthetic_fixed_global_transformation,True,False
47,3,OHRC,TMC-2,controlled_synthetic,synthetic_fixed_global_transformation,True,False
47,4,OHRC,TMC-2,controlled_synthetic,synthetic_fixed_global_transformation,True,False
48,0,OHRC,TMC-2,controlled_synthetic,synthetic_fixed_global_transformation,True,False
48,1,OHRC,TMC-2,controlled_synthetic,synthetic_fixed_global_transformation,True,False
48,2,OHRC,TMC-2,controlled_synthetic,synthetic_fixed_global_transformation,True,False
48,3,OHRC,TMC-2,controlled_synthetic,synthetic_fixed_global_transformation,True,False
48,4,OHRC,TMC-2,controlled_synthetic,synthetic_fixed_global_transformation,True,False
49,0,OHRC,TMC-2,controlled_synthetic,synthetic_fixed_global_transformation,True,False
49,1,OHRC,TMC-2,controlled_synthetic,synthetic_fixed_global_transformation,True,False
49,2,OHRC,TMC-2,controlled_synthetic,synthetic_fixed_global_transformation,True,False
49,3,OHRC,TMC-2,controlled_synthetic,synthetic_fixed_global_transformation,True,False
49,4,OHRC,TMC-2,controlled_synthetic,synthetic_fixed_global_transformation,True,False
50,0,OHRC,TMC-2,controlled_synthetic,synthetic_fixed_global_transformation,True,False
50,1,OHRC,TMC-2,controlled_synthetic,synthetic_fixed_global_transformation,True,False
50,2,OHRC,TMC-2,controlled_synthetic,synthetic_fixed_global_transformation,True,False
50,3,OHRC,TMC-2,controlled_synthetic,synthetic_fixed_global_transformation,True,False
50,4,OHRC,TMC-2,controlled_synthetic,synthetic_fixed_global_transformation,True,False
51,0,OHRC,TMC-2,controlled_synthetic,synthetic_fixed_global_transformation,True,False
51,1,OHRC,TMC-2,controlled_synthetic,synthetic_fixed_global_transformation,True,False
51,2,OHRC,TMC-2,controlled_synthetic,synthetic_fixed_global_transformation,True,False
51,3,OHRC,TMC-2,controlled_synthetic,synthetic_fixed_global_transformation,True,False
51,4,OHRC,TMC-2,controlled_synthetic,synthetic_fixed_global_transformation,True,False
52,0,OHRC,TMC-2,controlled_synthetic,synthetic_fixed_global_transformation,True,False
52,1,OHRC,TMC-2,controlled_synthetic,synthetic_fixed_global_transformation,True,False
52,2,OHRC,TMC-2,controlled_synthetic,synthetic_fixed_global_transformation,True,False
52,3,OHRC,TMC-2,controlled_synthetic,synthetic_fixed_global_transformation,True,False
52,4,OHRC,TMC-2,controlled_synthetic,synthetic_fixed_global_transformation,True,False
53,0,OHRC,TMC-2,controlled_synthetic,synthetic_fixed_global_transformation,True,False
53,1,OHRC,TMC-2,controlled_synthetic,synthetic_fixed_global_transformation,True,False
53,2,OHRC,TMC-2,controlled_synthetic,synthetic_fixed_global_transformation,True,False
53,3,OHRC,TMC-2,controlled_synthetic,synthetic_fixed_global_transformation,True,False
53,4,OHRC,TMC-2,controlled_synthetic,synthetic_fixed_global_transformation,True,False
54,0,OHRC,TMC-2,controlled_synthetic,synthetic_fixed_global_transformation,True,False
54,1,OHRC,TMC-2,controlled_synthetic,synthetic_fixed_global_transformation,True,False
54,2,OHRC,TMC-2,controlled_synthetic,synthetic_fixed_global_transformation,True,False
54,3,OHRC,TMC-2,controlled_synthetic,synthetic_fixed_global_transformation,True,False
54,4,OHRC,TMC-2,controlled_synthetic,synthetic_fixed_global_transformation,True,False
55,0,OHRC,TMC-2,controlled_synthetic,synthetic_fixed_global_transformation,True,False
55,1,OHRC,TMC-2,controlled_synthetic,synthetic_fixed_global_transformation,True,False
55,2,OHRC,TMC-2,controlled_synthetic,synthetic_fixed_global_transformation,True,False
55,3,OHRC,TMC-2,controlled_synthetic,synthetic_fixed_global_transformation,True,False
55,4,OHRC,TMC-2,controlled_synthetic,synthetic_fixed_global_transformation,True,False
56,0,OHRC,TMC-2,controlled_synthetic,synthetic_fixed_global_transformation,True,False
56,1,OHRC,TMC-2,controlled_synthetic,synthetic_fixed_global_transformation,True,False
56,2,OHRC,TMC-2,controlled_synthetic,synthetic_fixed_global_transformation,True,False
56,3,OHRC,TMC-2,controlled_synthetic,synthetic_fixed_global_transformation,True,False
56,4,OHRC,TMC-2,controlled_synthetic,synthetic_fixed_global_transformation,True,False
57,0,OHRC,TMC-2,controlled_synthetic,synthetic_fixed_global_transformation,True,False
57,1,OHRC,TMC-2,controlled_synthetic,synthetic_fixed_global_transformation,True,False
57,2,OHRC,TMC-2,controlled_synthetic,synthetic_fixed_global_transformation,True,False
57,3,OHRC,TMC-2,controlled_synthetic,synthetic_fixed_global_transformation,True,False
57,4,OHRC,TMC-2,controlled_synthetic,synthetic_fixed_global_transformation,True,False
58,0,OHRC,TMC-2,controlled_synthetic,synthetic_fixed_global_transformation,True,False
58,1,OHRC,TMC-2,controlled_synthetic,synthetic_fixed_global_transformation,True,False
58,2,OHRC,TMC-2,controlled_synthetic,synthetic_fixed_global_transformation,True,False
58,3,OHRC,TMC-2,controlled_synthetic,synthetic_fixed_global_transformation,True,False
58,4,OHRC,TMC-2,controlled_synthetic,synthetic_fixed_global_transformation,True,False
59,0,OHRC,TMC-2,controlled_synthetic,synthetic_fixed_global_transformation,True,False
59,1,OHRC,TMC-2,controlled_synthetic,synthetic_fixed_global_transformation,True,False
59,2,OHRC,TMC-2,controlled_synthetic,synthetic_fixed_global_transformation,True,False
59,3,OHRC,TMC-2,controlled_synthetic,synthetic_fixed_global_transformation,True,False
59,4,OHRC,TMC-2,controlled_synthetic,synthetic_fixed_global_transformation,True,False
60,0,OHRC,TMC-2,controlled_synthetic,synthetic_fixed_global_transformation,True,False
60,1,OHRC,TMC-2,controlled_synthetic,synthetic_fixed_global_transformation,True,False
60,2,OHRC,TMC-2,controlled_synthetic,synthetic_fixed_global_transformation,True,False
60,3,OHRC,TMC-2,controlled_synthetic,synthetic_fixed_global_transformation,True,False
60,4,OHRC,TMC-2,controlled_synthetic,synthetic_fixed_global_transformation,True,False
61,0,OHRC,TMC-2,controlled_synthetic,synthetic_fixed_global_transformation,True,False
61,1,OHRC,TMC-2,controlled_synthetic,synthetic_fixed_global_transformation,True,False
61,2,OHRC,TMC-2,controlled_synthetic,synthetic_fixed_global_transformation,True,False
61,3,OHRC,TMC-2,controlled_synthetic,synthetic_fixed_global_transformation,True,False
61,4,OHRC,TMC-2,controlled_synthetic,synthetic_fixed_global_transformation,True,False
62,0,OHRC,TMC-2,controlled_synthetic,synthetic_fixed_global_transformation,True,False
62,1,OHRC,TMC-2,controlled_synthetic,synthetic_fixed_global_transformation,True,False
62,2,OHRC,TMC-2,controlled_synthetic,synthetic_fixed_global_transformation,True,False
62,3,OHRC,TMC-2,controlled_synthetic,synthetic_fixed_global_transformation,True,False
62,4,OHRC,TMC-2,controlled_synthetic,synthetic_fixed_global_transformation,True,False
63,0,OHRC,TMC-2,controlled_synthetic,synthetic_fixed_global_transformation,True,False
63,1,OHRC,TMC-2,controlled_synthetic,synthetic_fixed_global_transformation,True,False
63,2,OHRC,TMC-2,controlled_synthetic,synthetic_fixed_global_transformation,True,False
63,3,OHRC,TMC-2,controlled_synthetic,synthetic_fixed_global_transformation,True,False
63,4,OHRC,TMC-2,controlled_synthetic,synthetic_fixed_global_transformation,True,False
64,0,OHRC,TMC-2,controlled_synthetic,synthetic_fixed_global_transformation,True,False
64,1,OHRC,TMC-2,controlled_synthetic,synthetic_fixed_global_transformation,True,False
64,2,OHRC,TMC-2,controlled_synthetic,synthetic_fixed_global_transformation,True,False
64,3,OHRC,TMC-2,controlled_synthetic,synthetic_fixed_global_transformation,True,False
64,4,OHRC,TMC-2,controlled_synthetic,synthetic_fixed_global_transformation,True,False
65,0,OHRC,TMC-2,controlled_synthetic,synthetic_fixed_global_transformation,True,False
65,1,OHRC,TMC-2,controlled_synthetic,synthetic_fixed_global_transformation,True,False
65,2,OHRC,TMC-2,controlled_synthetic,synthetic_fixed_global_transformation,True,False
65,3,OHRC,TMC-2,controlled_synthetic,synthetic_fixed_global_transformation,True,False
65,4,OHRC,TMC-2,controlled_synthetic,synthetic_fixed_global_transformation,True,False
66,0,OHRC,TMC-2,controlled_synthetic,synthetic_fixed_global_transformation,True,False
66,1,OHRC,TMC-2,controlled_synthetic,synthetic_fixed_global_transformation,True,False
66,2,OHRC,TMC-2,controlled_synthetic,synthetic_fixed_global_transformation,True,False
66,3,OHRC,TMC-2,controlled_synthetic,synthetic_fixed_global_transformation,True,False
66,4,OHRC,TMC-2,controlled_synthetic,synthetic_fixed_global_transformation,True,False
67,0,OHRC,TMC-2,controlled_synthetic,synthetic_fixed_global_transformation,True,False
67,1,OHRC,TMC-2,controlled_synthetic,synthetic_fixed_global_transformation,True,False
67,2,OHRC,TMC-2,controlled_synthetic,synthetic_fixed_global_transformation,True,False
67,3,OHRC,TMC-2,controlled_synthetic,synthetic_fixed_global_transformation,True,False
67,4,OHRC,TMC-2,controlled_synthetic,synthetic_fixed_global_transformation,True,False
68,0,OHRC,TMC-2,controlled_synthetic,synthetic_fixed_global_transformation,True,False
68,1,OHRC,TMC-2,controlled_synthetic,synthetic_fixed_global_transformation,True,False
68,2,OHRC,TMC-2,controlled_synthetic,synthetic_fixed_global_transformation,True,False
68,3,OHRC,TMC-2,controlled_synthetic,synthetic_fixed_global_transformation,True,False
68,4,OHRC,TMC-2,controlled_synthetic,synthetic_fixed_global_transformation,True,False
69,0,OHRC,TMC-2,controlled_synthetic,synthetic_fixed_global_transformation,True,False
69,1,OHRC,TMC-2,controlled_synthetic,synthetic_fixed_global_transformation,True,False
69,2,OHRC,TMC-2,controlled_synthetic,synthetic_fixed_global_transformation,True,False
69,3,OHRC,TMC-2,controlled_synthetic,synthetic_fixed_global_transformation,True,False
69,4,OHRC,TMC-2,controlled_synthetic,synthetic_fixed_global_transformation,True,False
70,0,OHRC,TMC-2,controlled_synthetic,synthetic_fixed_global_transformation,True,False
70,1,OHRC,TMC-2,controlled_synthetic,synthetic_fixed_global_transformation,True,False
70,2,OHRC,TMC-2,controlled_synthetic,synthetic_fixed_global_transformation,True,False
70,3,OHRC,TMC-2,controlled_synthetic,synthetic_fixed_global_transformation,True,False
70,4,OHRC,TMC-2,controlled_synthetic,synthetic_fixed_global_transformation,True,False
71,0,OHRC,TMC-2,controlled_synthetic,synthetic_fixed_global_transformation,True,False
71,1,OHRC,TMC-2,controlled_synthetic,synthetic_fixed_global_transformation,True,False
71,2,OHRC,TMC-2,controlled_synthetic,synthetic_fixed_global_transformation,True,False
71,3,OHRC,TMC-2,controlled_synthetic,synthetic_fixed_global_transformation,True,False
71,4,OHRC,TMC-2,controlled_synthetic,synthetic_fixed_global_transformation,True,False
72,0,OHRC,TMC-2,controlled_synthetic,synthetic_fixed_global_transformation,True,False
72,1,OHRC,TMC-2,controlled_synthetic,synthetic_fixed_global_transformation,True,False
72,2,OHRC,TMC-2,controlled_synthetic,synthetic_fixed_global_transformation,True,False
72,3,OHRC,TMC-2,controlled_synthetic,synthetic_fixed_global_transformation,True,False
72,4,OHRC,TMC-2,controlled_synthetic,synthetic_fixed_global_transformation,True,False
73,0,OHRC,TMC-2,controlled_synthetic,synthetic_fixed_global_transformation,True,False
73,1,OHRC,TMC-2,controlled_synthetic,synthetic_fixed_global_transformation,True,False
73,2,OHRC,TMC-2,controlled_synthetic,synthetic_fixed_global_transformation,True,False
73,3,OHRC,TMC-2,controlled_synthetic,synthetic_fixed_global_transformation,True,False
73,4,OHRC,TMC-2,controlled_synthetic,synthetic_fixed_global_transformation,True,False
74,0,OHRC,TMC-2,controlled_synthetic,synthetic_fixed_global_transformation,True,False
74,1,OHRC,TMC-2,controlled_synthetic,synthetic_fixed_global_transformation,True,False
74,2,OHRC,TMC-2,controlled_synthetic,synthetic_fixed_global_transformation,True,False
74,3,OHRC,TMC-2,controlled_synthetic,synthetic_fixed_global_transformation,True,False
74,4,OHRC,TMC-2,controlled_synthetic,synthetic_fixed_global_transformation,True,False
75,0,OHRC,TMC-2,controlled_synthetic,synthetic_fixed_global_transformation,True,False
75,1,OHRC,TMC-2,controlled_synthetic,synthetic_fixed_global_transformation,True,False
75,2,OHRC,TMC-2,controlled_synthetic,synthetic_fixed_global_transformation,True,False
75,3,OHRC,TMC-2,controlled_synthetic,synthetic_fixed_global_transformation,True,False
75,4,OHRC,TMC-2,controlled_synthetic,synthetic_fixed_global_transformation,True,False
76,0,OHRC,TMC-2,controlled_synthetic,synthetic_fixed_global_transformation,True,False
76,1,OHRC,TMC-2,controlled_synthetic,synthetic_fixed_global_transformation,True,False
76,2,OHRC,TMC-2,controlled_synthetic,synthetic_fixed_global_transformation,True,False
76,3,OHRC,TMC-2,controlled_synthetic,synthetic_fixed_global_transformation,True,False
76,4,OHRC,TMC-2,controlled_synthetic,synthetic_fixed_global_transformation,True,False
77,0,OHRC,TMC-2,controlled_synthetic,synthetic_fixed_global_transformation,True,False
77,1,OHRC,TMC-2,controlled_synthetic,synthetic_fixed_global_transformation,True,False
77,2,OHRC,TMC-2,controlled_synthetic,synthetic_fixed_global_transformation,True,False
77,3,OHRC,TMC-2,controlled_synthetic,synthetic_fixed_global_transformation,True,False
77,4,OHRC,TMC-2,controlled_synthetic,synthetic_fixed_global_transformation,True,False
78,0,OHRC,TMC-2,controlled_synthetic,synthetic_fixed_global_transformation,True,False
78,1,OHRC,TMC-2,controlled_synthetic,synthetic_fixed_global_transformation,True,False
78,2,OHRC,TMC-2,controlled_synthetic,synthetic_fixed_global_transformation,True,False
78,3,OHRC,TMC-2,controlled_synthetic,synthetic_fixed_global_transformation,True,False
78,4,OHRC,TMC-2,controlled_synthetic,synthetic_fixed_global_transformation,True,False
79,0,OHRC,TMC-2,controlled_synthetic,synthetic_fixed_global_transformation,True,False
79,1,OHRC,TMC-2,controlled_synthetic,synthetic_fixed_global_transformation,True,False
79,2,OHRC,TMC-2,controlled_synthetic,synthetic_fixed_global_transformation,True,False
79,3,OHRC,TMC-2,controlled_synthetic,synthetic_fixed_global_transformation,True,False
79,4,OHRC,TMC-2,controlled_synthetic,synthetic_fixed_global_transformation,True,False
80,0,OHRC,TMC-2,controlled_synthetic,synthetic_fixed_global_transformation,True,False
80,1,OHRC,TMC-2,controlled_synthetic,synthetic_fixed_global_transformation,True,False
80,2,OHRC,TMC-2,controlled_synthetic,synthetic_fixed_global_transformation,True,False
80,3,OHRC,TMC-2,controlled_synthetic,synthetic_fixed_global_transformation,True,False
80,4,OHRC,TMC-2,controlled_synthetic,synthetic_fixed_global_transformation,True,False
81,0,OHRC,TMC-2,controlled_synthetic,synthetic_fixed_global_transformation,True,False
81,1,OHRC,TMC-2,controlled_synthetic,synthetic_fixed_global_transformation,True,False
81,2,OHRC,TMC-2,controlled_synthetic,synthetic_fixed_global_transformation,True,False
81,3,OHRC,TMC-2,controlled_synthetic,synthetic_fixed_global_transformation,True,False
81,4,OHRC,TMC-2,controlled_synthetic,synthetic_fixed_global_transformation,True,False
82,0,OHRC,TMC-2,controlled_synthetic,synthetic_fixed_global_transformation,True,False
82,1,OHRC,TMC-2,controlled_synthetic,synthetic_fixed_global_transformation,True,False
82,2,OHRC,TMC-2,controlled_synthetic,synthetic_fixed_global_transformation,True,False
82,3,OHRC,TMC-2,controlled_synthetic,synthetic_fixed_global_transformation,True,False
82,4,OHRC,TMC-2,controlled_synthetic,synthetic_fixed_global_transformation,True,False
83,0,OHRC,TMC-2,controlled_synthetic,synthetic_fixed_global_transformation,True,False
83,1,OHRC,TMC-2,controlled_synthetic,synthetic_fixed_global_transformation,True,False
83,2,OHRC,TMC-2,controlled_synthetic,synthetic_fixed_global_transformation,True,False
83,3,OHRC,TMC-2,controlled_synthetic,synthetic_fixed_global_transformation,True,False
83,4,OHRC,TMC-2,controlled_synthetic,synthetic_fixed_global_transformation,True,False
84,0,OHRC,TMC-2,controlled_synthetic,synthetic_fixed_global_transformation,True,False
84,1,OHRC,TMC-2,controlled_synthetic,synthetic_fixed_global_transformation,True,False
84,2,OHRC,TMC-2,controlled_synthetic,synthetic_fixed_global_transformation,True,False
84,3,OHRC,TMC-2,controlled_synthetic,synthetic_fixed_global_transformation,True,False
84,4,OHRC,TMC-2,controlled_synthetic,synthetic_fixed_global_transformation,True,False
85,0,OHRC,TMC-2,controlled_synthetic,synthetic_fixed_global_transformation,True,False
85,1,OHRC,TMC-2,controlled_synthetic,synthetic_fixed_global_transformation,True,False
85,2,OHRC,TMC-2,controlled_synthetic,synthetic_fixed_global_transformation,True,False
85,3,OHRC,TMC-2,controlled_synthetic,synthetic_fixed_global_transformation,True,False
85,4,OHRC,TMC-2,controlled_synthetic,synthetic_fixed_global_transformation,True,False
86,0,OHRC,TMC-2,controlled_synthetic,synthetic_fixed_global_transformation,True,False
86,1,OHRC,TMC-2,controlled_synthetic,synthetic_fixed_global_transformation,True,False
86,2,OHRC,TMC-2,controlled_synthetic,synthetic_fixed_global_transformation,True,False
86,3,OHRC,TMC-2,controlled_synthetic,synthetic_fixed_global_transformation,True,False
86,4,OHRC,TMC-2,controlled_synthetic,synthetic_fixed_global_transformation,True,False
87,0,OHRC,TMC-2,controlled_synthetic,synthetic_fixed_global_transformation,True,False
87,1,OHRC,TMC-2,controlled_synthetic,synthetic_fixed_global_transformation,True,False
87,2,OHRC,TMC-2,controlled_synthetic,synthetic_fixed_global_transformation,True,False
87,3,OHRC,TMC-2,controlled_synthetic,synthetic_fixed_global_transformation,True,False
87,4,OHRC,TMC-2,controlled_synthetic,synthetic_fixed_global_transformation,True,False
88,0,OHRC,TMC-2,controlled_synthetic,synthetic_fixed_global_transformation,True,False
88,1,OHRC,TMC-2,controlled_synthetic,synthetic_fixed_global_transformation,True,False
88,2,OHRC,TMC-2,controlled_synthetic,synthetic_fixed_global_transformation,True,False
88,3,OHRC,TMC-2,controlled_synthetic,synthetic_fixed_global_transformation,True,False
88,4,OHRC,TMC-2,controlled_synthetic,synthetic_fixed_global_transformation,True,False
89,0,OHRC,TMC-2,controlled_synthetic,synthetic_fixed_global_transformation,True,False
89,1,OHRC,TMC-2,controlled_synthetic,synthetic_fixed_global_transformation,True,False
89,2,OHRC,TMC-2,controlled_synthetic,synthetic_fixed_global_transformation,True,False
89,3,OHRC,TMC-2,controlled_synthetic,synthetic_fixed_global_transformation,True,False
89,4,OHRC,TMC-2,controlled_synthetic,synthetic_fixed_global_transformation,True,False
90,0,OHRC,TMC-2,controlled_synthetic,synthetic_fixed_global_transformation,True,False
90,1,OHRC,TMC-2,controlled_synthetic,synthetic_fixed_global_transformation,True,False
90,2,OHRC,TMC-2,controlled_synthetic,synthetic_fixed_global_transformation,True,False
90,3,OHRC,TMC-2,controlled_synthetic,synthetic_fixed_global_transformation,True,False
90,4,OHRC,TMC-2,controlled_synthetic,synthetic_fixed_global_transformation,True,False
91,0,OHRC,TMC-2,controlled_synthetic,synthetic_fixed_global_transformation,True,False
91,1,OHRC,TMC-2,controlled_synthetic,synthetic_fixed_global_transformation,True,False
91,2,OHRC,TMC-2,controlled_synthetic,synthetic_fixed_global_transformation,True,False
91,3,OHRC,TMC-2,controlled_synthetic,synthetic_fixed_global_transformation,True,False
91,4,OHRC,TMC-2,controlled_synthetic,synthetic_fixed_global_transformation,True,False
92,0,OHRC,TMC-2,controlled_synthetic,synthetic_fixed_global_transformation,True,False
92,1,OHRC,TMC-2,controlled_synthetic,synthetic_fixed_global_transformation,True,False
92,2,OHRC,TMC-2,controlled_synthetic,synthetic_fixed_global_transformation,True,False
92,3,OHRC,TMC-2,controlled_synthetic,synthetic_fixed_global_transformation,True,False
92,4,OHRC,TMC-2,controlled_synthetic,synthetic_fixed_global_transformation,True,False
93,0,OHRC,TMC-2,controlled_synthetic,synthetic_fixed_global_transformation,True,False
93,1,OHRC,TMC-2,controlled_synthetic,synthetic_fixed_global_transformation,True,False
93,2,OHRC,TMC-2,controlled_synthetic,synthetic_fixed_global_transformation,True,False
93,3,OHRC,TMC-2,controlled_synthetic,synthetic_fixed_global_transformation,True,False
93,4,OHRC,TMC-2,controlled_synthetic,synthetic_fixed_global_transformation,True,False
94,0,OHRC,TMC-2,controlled_synthetic,synthetic_fixed_global_transformation,True,False
94,1,OHRC,TMC-2,controlled_synthetic,synthetic_fixed_global_transformation,True,False
94,2,OHRC,TMC-2,controlled_synthetic,synthetic_fixed_global_transformation,True,False
94,3,OHRC,TMC-2,controlled_synthetic,synthetic_fixed_global_transformation,True,False
94,4,OHRC,TMC-2,controlled_synthetic,synthetic_fixed_global_transformation,True,False
95,0,OHRC,TMC-2,controlled_synthetic,synthetic_fixed_global_transformation,True,False
95,1,OHRC,TMC-2,controlled_synthetic,synthetic_fixed_global_transformation,True,False
95,2,OHRC,TMC-2,controlled_synthetic,synthetic_fixed_global_transformation,True,False
95,3,OHRC,TMC-2,controlled_synthetic,synthetic_fixed_global_transformation,True,False
95,4,OHRC,TMC-2,controlled_synthetic,synthetic_fixed_global_transformation,True,False
96,0,OHRC,TMC-2,controlled_synthetic,synthetic_fixed_global_transformation,True,False
96,1,OHRC,TMC-2,controlled_synthetic,synthetic_fixed_global_transformation,True,False
96,2,OHRC,TMC-2,controlled_synthetic,synthetic_fixed_global_transformation,True,False
96,3,OHRC,TMC-2,controlled_synthetic,synthetic_fixed_global_transformation,True,False
96,4,OHRC,TMC-2,controlled_synthetic,synthetic_fixed_global_transformation,True,False
97,0,OHRC,TMC-2,controlled_synthetic,synthetic_fixed_global_transformation,True,False
97,1,OHRC,TMC-2,controlled_synthetic,synthetic_fixed_global_transformation,True,False
97,2,OHRC,TMC-2,controlled_synthetic,synthetic_fixed_global_transformation,True,False
97,3,OHRC,TMC-2,controlled_synthetic,synthetic_fixed_global_transformation,True,False
97,4,OHRC,TMC-2,controlled_synthetic,synthetic_fixed_global_transformation,True,False
98,0,OHRC,TMC-2,controlled_synthetic,synthetic_fixed_global_transformation,True,False
98,1,OHRC,TMC-2,controlled_synthetic,synthetic_fixed_global_transformation,True,False
98,2,OHRC,TMC-2,controlled_synthetic,synthetic_fixed_global_transformation,True,False
98,3,OHRC,TMC-2,controlled_synthetic,synthetic_fixed_global_transformation,True,False
98,4,OHRC,TMC-2,controlled_synthetic,synthetic_fixed_global_transformation,True,False
99,0,OHRC,TMC-2,controlled_synthetic,synthetic_fixed_global_transformation,True,False
99,1,OHRC,TMC-2,controlled_synthetic,synthetic_fixed_global_transformation,True,False
99,2,OHRC,TMC-2,controlled_synthetic,synthetic_fixed_global_transformation,True,False
99,3,OHRC,TMC-2,controlled_synthetic,synthetic_fixed_global_transformation,True,False
99,4,OHRC,TMC-2,controlled_synthetic,synthetic_fixed_global_transformation,True,False
100,0,OHRC,TMC-2,controlled_synthetic,synthetic_fixed_global_transformation,True,False
100,1,OHRC,TMC-2,controlled_synthetic,synthetic_fixed_global_transformation,True,False
100,2,OHRC,TMC-2,controlled_synthetic,synthetic_fixed_global_transformation,True,False
100,3,OHRC,TMC-2,controlled_synthetic,synthetic_fixed_global_transformation,True,False
100,4,OHRC,TMC-2,controlled_synthetic,synthetic_fixed_global_transformation,True,False
101,0,OHRC,TMC-2,controlled_synthetic,synthetic_fixed_global_transformation,True,False
101,1,OHRC,TMC-2,controlled_synthetic,synthetic_fixed_global_transformation,True,False
101,2,OHRC,TMC-2,controlled_synthetic,synthetic_fixed_global_transformation,True,False
101,3,OHRC,TMC-2,controlled_synthetic,synthetic_fixed_global_transformation,True,False
101,4,OHRC,TMC-2,controlled_synthetic,synthetic_fixed_global_transformation,True,False
102,0,OHRC,TMC-2,controlled_synthetic,synthetic_fixed_global_transformation,True,False
102,1,OHRC,TMC-2,controlled_synthetic,synthetic_fixed_global_transformation,True,False
102,2,OHRC,TMC-2,controlled_synthetic,synthetic_fixed_global_transformation,True,False
102,3,OHRC,TMC-2,controlled_synthetic,synthetic_fixed_global_transformation,True,False
102,4,OHRC,TMC-2,controlled_synthetic,synthetic_fixed_global_transformation,True,False
103,0,OHRC,TMC-2,controlled_synthetic,synthetic_fixed_global_transformation,True,False
103,1,OHRC,TMC-2,controlled_synthetic,synthetic_fixed_global_transformation,True,False
103,2,OHRC,TMC-2,controlled_synthetic,synthetic_fixed_global_transformation,True,False
103,3,OHRC,TMC-2,controlled_synthetic,synthetic_fixed_global_transformation,True,False
103,4,OHRC,TMC-2,controlled_synthetic,synthetic_fixed_global_transformation,True,False
104,0,OHRC,TMC-2,controlled_synthetic,synthetic_fixed_global_transformation,True,False
104,1,OHRC,TMC-2,controlled_synthetic,synthetic_fixed_global_transformation,True,False
104,2,OHRC,TMC-2,controlled_synthetic,synthetic_fixed_global_transformation,True,False
104,3,OHRC,TMC-2,controlled_synthetic,synthetic_fixed_global_transformation,True,False
104,4,OHRC,TMC-2,controlled_synthetic,synthetic_fixed_global_transformation,True,False
105,0,OHRC,TMC-2,controlled_synthetic,synthetic_fixed_global_transformation,True,False
105,1,OHRC,TMC-2,controlled_synthetic,synthetic_fixed_global_transformation,True,False
105,2,OHRC,TMC-2,controlled_synthetic,synthetic_fixed_global_transformation,True,False
105,3,OHRC,TMC-2,controlled_synthetic,synthetic_fixed_global_transformation,True,False
105,4,OHRC,TMC-2,controlled_synthetic,synthetic_fixed_global_transformation,True,False
106,0,OHRC,TMC-2,controlled_synthetic,synthetic_fixed_global_transformation,True,False
106,1,OHRC,TMC-2,controlled_synthetic,synthetic_fixed_global_transformation,True,False
106,2,OHRC,TMC-2,controlled_synthetic,synthetic_fixed_global_transformation,True,False
106,3,OHRC,TMC-2,controlled_synthetic,synthetic_fixed_global_transformation,True,False
106,4,OHRC,TMC-2,controlled_synthetic,synthetic_fixed_global_transformation,True,False
107,0,OHRC,TMC-2,controlled_synthetic,synthetic_fixed_global_transformation,True,False
107,1,OHRC,TMC-2,controlled_synthetic,synthetic_fixed_global_transformation,True,False
107,2,OHRC,TMC-2,controlled_synthetic,synthetic_fixed_global_transformation,True,False
107,3,OHRC,TMC-2,controlled_synthetic,synthetic_fixed_global_transformation,True,False
107,4,OHRC,TMC-2,controlled_synthetic,synthetic_fixed_global_transformation,True,False
108,0,OHRC,TMC-2,controlled_synthetic,synthetic_fixed_global_transformation,True,False
108,1,OHRC,TMC-2,controlled_synthetic,synthetic_fixed_global_transformation,True,False
108,2,OHRC,TMC-2,controlled_synthetic,synthetic_fixed_global_transformation,True,False
108,3,OHRC,TMC-2,controlled_synthetic,synthetic_fixed_global_transformation,True,False
108,4,OHRC,TMC-2,controlled_synthetic,synthetic_fixed_global_transformation,True,False
109,0,OHRC,TMC-2,controlled_synthetic,synthetic_fixed_global_transformation,True,False
109,1,OHRC,TMC-2,controlled_synthetic,synthetic_fixed_global_transformation,True,False
109,2,OHRC,TMC-2,controlled_synthetic,synthetic_fixed_global_transformation,True,False
109,3,OHRC,TMC-2,controlled_synthetic,synthetic_fixed_global_transformation,True,False
109,4,OHRC,TMC-2,controlled_synthetic,synthetic_fixed_global_transformation,True,False
110,0,OHRC,TMC-2,controlled_synthetic,synthetic_fixed_global_transformation,True,False
110,1,OHRC,TMC-2,controlled_synthetic,synthetic_fixed_global_transformation,True,False
110,2,OHRC,TMC-2,controlled_synthetic,synthetic_fixed_global_transformation,True,False
110,3,OHRC,TMC-2,controlled_synthetic,synthetic_fixed_global_transformation,True,False
110,4,OHRC,TMC-2,controlled_synthetic,synthetic_fixed_global_transformation,True,False
111,0,OHRC,TMC-2,controlled_synthetic,synthetic_fixed_global_transformation,True,False
111,1,OHRC,TMC-2,controlled_synthetic,synthetic_fixed_global_transformation,True,False
111,2,OHRC,TMC-2,controlled_synthetic,synthetic_fixed_global_transformation,True,False
111,3,OHRC,TMC-2,controlled_synthetic,synthetic_fixed_global_transformation,True,False
111,4,OHRC,TMC-2,controlled_synthetic,synthetic_fixed_global_transformation,True,False
112,0,OHRC,TMC-2,controlled_synthetic,synthetic_fixed_global_transformation,True,False
112,1,OHRC,TMC-2,controlled_synthetic,synthetic_fixed_global_transformation,True,False
112,2,OHRC,TMC-2,controlled_synthetic,synthetic_fixed_global_transformation,True,False
112,3,OHRC,TMC-2,controlled_synthetic,synthetic_fixed_global_transformation,True,False
112,4,OHRC,TMC-2,controlled_synthetic,synthetic_fixed_global_transformation,True,False
113,0,OHRC,TMC-2,controlled_synthetic,synthetic_fixed_global_transformation,True,False
113,1,OHRC,TMC-2,controlled_synthetic,synthetic_fixed_global_transformation,True,False
113,2,OHRC,TMC-2,controlled_synthetic,synthetic_fixed_global_transformation,True,False
113,3,OHRC,TMC-2,controlled_synthetic,synthetic_fixed_global_transformation,True,False
113,4,OHRC,TMC-2,controlled_synthetic,synthetic_fixed_global_transformation,True,False
114,0,OHRC,TMC-2,controlled_synthetic,synthetic_fixed_global_transformation,True,False
114,1,OHRC,TMC-2,controlled_synthetic,synthetic_fixed_global_transformation,True,False
114,2,OHRC,TMC-2,controlled_synthetic,synthetic_fixed_global_transformation,True,False
114,3,OHRC,TMC-2,controlled_synthetic,synthetic_fixed_global_transformation,True,False
114,4,OHRC,TMC-2,controlled_synthetic,synthetic_fixed_global_transformation,True,False
115,0,OHRC,TMC-2,controlled_synthetic,synthetic_fixed_global_transformation,True,False
115,1,OHRC,TMC-2,controlled_synthetic,synthetic_fixed_global_transformation,True,False
115,2,OHRC,TMC-2,controlled_synthetic,synthetic_fixed_global_transformation,True,False
115,3,OHRC,TMC-2,controlled_synthetic,synthetic_fixed_global_transformation,True,False
115,4,OHRC,TMC-2,controlled_synthetic,synthetic_fixed_global_transformation,True,False
116,0,OHRC,TMC-2,controlled_synthetic,synthetic_fixed_global_transformation,True,False
116,1,OHRC,TMC-2,controlled_synthetic,synthetic_fixed_global_transformation,True,False
116,2,OHRC,TMC-2,controlled_synthetic,synthetic_fixed_global_transformation,True,False
116,3,OHRC,TMC-2,controlled_synthetic,synthetic_fixed_global_transformation,True,False
116,4,OHRC,TMC-2,controlled_synthetic,synthetic_fixed_global_transformation,True,False
117,0,OHRC,TMC-2,controlled_synthetic,synthetic_fixed_global_transformation,True,False
117,1,OHRC,TMC-2,controlled_synthetic,synthetic_fixed_global_transformation,True,False
117,2,OHRC,TMC-2,controlled_synthetic,synthetic_fixed_global_transformation,True,False
117,3,OHRC,TMC-2,controlled_synthetic,synthetic_fixed_global_transformation,True,False
117,4,OHRC,TMC-2,controlled_synthetic,synthetic_fixed_global_transformation,True,False
118,0,OHRC,TMC-2,controlled_synthetic,synthetic_fixed_global_transformation,True,False
118,1,OHRC,TMC-2,controlled_synthetic,synthetic_fixed_global_transformation,True,False
118,2,OHRC,TMC-2,controlled_synthetic,synthetic_fixed_global_transformation,True,False
118,3,OHRC,TMC-2,controlled_synthetic,synthetic_fixed_global_transformation,True,False
118,4,OHRC,TMC-2,controlled_synthetic,synthetic_fixed_global_transformation,True,False
119,0,OHRC,TMC-2,controlled_synthetic,synthetic_fixed_global_transformation,True,False
119,1,OHRC,TMC-2,controlled_synthetic,synthetic_fixed_global_transformation,True,False
119,2,OHRC,TMC-2,controlled_synthetic,synthetic_fixed_global_transformation,True,False
119,3,OHRC,TMC-2,controlled_synthetic,synthetic_fixed_global_transformation,True,False
119,4,OHRC,TMC-2,controlled_synthetic,synthetic_fixed_global_transformation,True,False
120,0,OHRC,TMC-2,controlled_synthetic,synthetic_fixed_global_transformation,True,False
120,1,OHRC,TMC-2,controlled_synthetic,synthetic_fixed_global_transformation,True,False
120,2,OHRC,TMC-2,controlled_synthetic,synthetic_fixed_global_transformation,True,False
120,3,OHRC,TMC-2,controlled_synthetic,synthetic_fixed_global_transformation,True,False
120,4,OHRC,TMC-2,controlled_synthetic,synthetic_fixed_global_transformation,True,False
121,0,OHRC,TMC-2,controlled_synthetic,synthetic_fixed_global_transformation,True,False
121,1,OHRC,TMC-2,controlled_synthetic,synthetic_fixed_global_transformation,True,False
121,2,OHRC,TMC-2,controlled_synthetic,synthetic_fixed_global_transformation,True,False
121,3,OHRC,TMC-2,controlled_synthetic,synthetic_fixed_global_transformation,True,False
121,4,OHRC,TMC-2,controlled_synthetic,synthetic_fixed_global_transformation,True,False
122,0,OHRC,TMC-2,controlled_synthetic,synthetic_fixed_global_transformation,True,False
122,1,OHRC,TMC-2,controlled_synthetic,synthetic_fixed_global_transformation,True,False
122,2,OHRC,TMC-2,controlled_synthetic,synthetic_fixed_global_transformation,True,False
122,3,OHRC,TMC-2,controlled_synthetic,synthetic_fixed_global_transformation,True,False
122,4,OHRC,TMC-2,controlled_synthetic,synthetic_fixed_global_transformation,True,False
123,0,OHRC,TMC-2,controlled_synthetic,synthetic_fixed_global_transformation,True,False
123,1,OHRC,TMC-2,controlled_synthetic,synthetic_fixed_global_transformation,True,False
123,2,OHRC,TMC-2,controlled_synthetic,synthetic_fixed_global_transformation,True,False
123,3,OHRC,TMC-2,controlled_synthetic,synthetic_fixed_global_transformation,True,False
123,4,OHRC,TMC-2,controlled_synthetic,synthetic_fixed_global_transformation,True,False
124,0,OHRC,TMC-2,controlled_synthetic,synthetic_fixed_global_transformation,True,False
124,1,OHRC,TMC-2,controlled_synthetic,synthetic_fixed_global_transformation,True,False
124,2,OHRC,TMC-2,controlled_synthetic,synthetic_fixed_global_transformation,True,False
124,3,OHRC,TMC-2,controlled_synthetic,synthetic_fixed_global_transformation,True,False
124,4,OHRC,TMC-2,controlled_synthetic,synthetic_fixed_global_transformation,True,False
125,0,OHRC,TMC-2,controlled_synthetic,synthetic_fixed_global_transformation,True,False
125,1,OHRC,TMC-2,controlled_synthetic,synthetic_fixed_global_transformation,True,False
125,2,OHRC,TMC-2,controlled_synthetic,synthetic_fixed_global_transformation,True,False
125,3,OHRC,TMC-2,controlled_synthetic,synthetic_fixed_global_transformation,True,False
125,4,OHRC,TMC-2,controlled_synthetic,synthetic_fixed_global_transformation,True,False
126,0,OHRC,TMC-2,controlled_synthetic,synthetic_fixed_global_transformation,True,False
126,1,OHRC,TMC-2,controlled_synthetic,synthetic_fixed_global_transformation,True,False
126,2,OHRC,TMC-2,controlled_synthetic,synthetic_fixed_global_transformation,True,False
126,3,OHRC,TMC-2,controlled_synthetic,synthetic_fixed_global_transformation,True,False
126,4,OHRC,TMC-2,controlled_synthetic,synthetic_fixed_global_transformation,True,False
127,0,OHRC,TMC-2,controlled_synthetic,synthetic_fixed_global_transformation,True,False
127,1,OHRC,TMC-2,controlled_synthetic,synthetic_fixed_global_transformation,True,False
127,2,OHRC,TMC-2,controlled_synthetic,synthetic_fixed_global_transformation,True,False
127,3,OHRC,TMC-2,controlled_synthetic,synthetic_fixed_global_transformation,True,False
127,4,OHRC,TMC-2,controlled_synthetic,synthetic_fixed_global_transformation,True,False
128,0,OHRC,TMC-2,controlled_synthetic,synthetic_fixed_global_transformation,True,False
128,1,OHRC,TMC-2,controlled_synthetic,synthetic_fixed_global_transformation,True,False
128,2,OHRC,TMC-2,controlled_synthetic,synthetic_fixed_global_transformation,True,False
128,3,OHRC,TMC-2,controlled_synthetic,synthetic_fixed_global_transformation,True,False
128,4,OHRC,TMC-2,controlled_synthetic,synthetic_fixed_global_transformation,True,False
129,0,OHRC,TMC-2,controlled_synthetic,synthetic_fixed_global_transformation,True,False
129,1,OHRC,TMC-2,controlled_synthetic,synthetic_fixed_global_transformation,True,False
129,2,OHRC,TMC-2,controlled_synthetic,synthetic_fixed_global_transformation,True,False
129,3,OHRC,TMC-2,controlled_synthetic,synthetic_fixed_global_transformation,True,False
129,4,OHRC,TMC-2,controlled_synthetic,synthetic_fixed_global_transformation,True,False
130,0,OHRC,TMC-2,controlled_synthetic,synthetic_fixed_global_transformation,True,False
130,1,OHRC,TMC-2,controlled_synthetic,synthetic_fixed_global_transformation,True,False
130,2,OHRC,TMC-2,controlled_synthetic,synthetic_fixed_global_transformation,True,False
130,3,OHRC,TMC-2,controlled_synthetic,synthetic_fixed_global_transformation,True,False
130,4,OHRC,TMC-2,controlled_synthetic,synthetic_fixed_global_transformation,True,False
131,0,OHRC,TMC-2,controlled_synthetic,synthetic_fixed_global_transformation,True,False
131,1,OHRC,TMC-2,controlled_synthetic,synthetic_fixed_global_transformation,True,False
131,2,OHRC,TMC-2,controlled_synthetic,synthetic_fixed_global_transformation,True,False
131,3,OHRC,TMC-2,controlled_synthetic,synthetic_fixed_global_transformation,True,False
131,4,OHRC,TMC-2,controlled_synthetic,synthetic_fixed_global_transformation,True,False
132,0,OHRC,TMC-2,controlled_synthetic,synthetic_fixed_global_transformation,True,False
132,1,OHRC,TMC-2,controlled_synthetic,synthetic_fixed_global_transformation,True,False
132,2,OHRC,TMC-2,controlled_synthetic,synthetic_fixed_global_transformation,True,False
132,3,OHRC,TMC-2,controlled_synthetic,synthetic_fixed_global_transformation,True,False
132,4,OHRC,TMC-2,controlled_synthetic,synthetic_fixed_global_transformation,True,False
133,0,OHRC,TMC-2,controlled_synthetic,synthetic_fixed_global_transformation,True,False
133,1,OHRC,TMC-2,controlled_synthetic,synthetic_fixed_global_transformation,True,False
133,2,OHRC,TMC-2,controlled_synthetic,synthetic_fixed_global_transformation,True,False
133,3,OHRC,TMC-2,controlled_synthetic,synthetic_fixed_global_transformation,True,False
133,4,OHRC,TMC-2,controlled_synthetic,synthetic_fixed_global_transformation,True,False
134,0,OHRC,TMC-2,controlled_synthetic,synthetic_fixed_global_transformation,True,False
134,1,OHRC,TMC-2,controlled_synthetic,synthetic_fixed_global_transformation,True,False
134,2,OHRC,TMC-2,controlled_synthetic,synthetic_fixed_global_transformation,True,False
134,3,OHRC,TMC-2,controlled_synthetic,synthetic_fixed_global_transformation,True,False
134,4,OHRC,TMC-2,controlled_synthetic,synthetic_fixed_global_transformation,True,False
135,0,OHRC,TMC-2,controlled_synthetic,synthetic_fixed_global_transformation,True,False
135,1,OHRC,TMC-2,controlled_synthetic,synthetic_fixed_global_transformation,True,False
135,2,OHRC,TMC-2,controlled_synthetic,synthetic_fixed_global_transformation,True,False
135,3,OHRC,TMC-2,controlled_synthetic,synthetic_fixed_global_transformation,True,False
135,4,OHRC,TMC-2,controlled_synthetic,synthetic_fixed_global_transformation,True,False
136,0,OHRC,TMC-2,controlled_synthetic,synthetic_fixed_global_transformation,True,False
136,1,OHRC,TMC-2,controlled_synthetic,synthetic_fixed_global_transformation,True,False
136,2,OHRC,TMC-2,controlled_synthetic,synthetic_fixed_global_transformation,True,False
136,3,OHRC,TMC-2,controlled_synthetic,synthetic_fixed_global_transformation,True,False
136,4,OHRC,TMC-2,controlled_synthetic,synthetic_fixed_global_transformation,True,False
137,0,OHRC,TMC-2,controlled_synthetic,synthetic_fixed_global_transformation,True,False
137,1,OHRC,TMC-2,controlled_synthetic,synthetic_fixed_global_transformation,True,False
137,2,OHRC,TMC-2,controlled_synthetic,synthetic_fixed_global_transformation,True,False
137,3,OHRC,TMC-2,controlled_synthetic,synthetic_fixed_global_transformation,True,False
137,4,OHRC,TMC-2,controlled_synthetic,synthetic_fixed_global_transformation,True,False
138,0,OHRC,TMC-2,controlled_synthetic,synthetic_fixed_global_transformation,True,False
138,1,OHRC,TMC-2,controlled_synthetic,synthetic_fixed_global_transformation,True,False
138,2,OHRC,TMC-2,controlled_synthetic,synthetic_fixed_global_transformation,True,False
138,3,OHRC,TMC-2,controlled_synthetic,synthetic_fixed_global_transformation,True,False
138,4,OHRC,TMC-2,controlled_synthetic,synthetic_fixed_global_transformation,True,False
139,0,OHRC,TMC-2,controlled_synthetic,synthetic_fixed_global_transformation,True,False
139,1,OHRC,TMC-2,controlled_synthetic,synthetic_fixed_global_transformation,True,False
139,2,OHRC,TMC-2,controlled_synthetic,synthetic_fixed_global_transformation,True,False
139,3,OHRC,TMC-2,controlled_synthetic,synthetic_fixed_global_transformation,True,False
139,4,OHRC,TMC-2,controlled_synthetic,synthetic_fixed_global_transformation,True,False
140,0,OHRC,TMC-2,controlled_synthetic,synthetic_fixed_global_transformation,True,False
140,1,OHRC,TMC-2,controlled_synthetic,synthetic_fixed_global_transformation,True,False
140,2,OHRC,TMC-2,controlled_synthetic,synthetic_fixed_global_transformation,True,False
140,3,OHRC,TMC-2,controlled_synthetic,synthetic_fixed_global_transformation,True,False
140,4,OHRC,TMC-2,controlled_synthetic,synthetic_fixed_global_transformation,True,False
141,0,OHRC,TMC-2,controlled_synthetic,synthetic_fixed_global_transformation,True,False
141,1,OHRC,TMC-2,controlled_synthetic,synthetic_fixed_global_transformation,True,False
141,2,OHRC,TMC-2,controlled_synthetic,synthetic_fixed_global_transformation,True,False
141,3,OHRC,TMC-2,controlled_synthetic,synthetic_fixed_global_transformation,True,False
141,4,OHRC,TMC-2,controlled_synthetic,synthetic_fixed_global_transformation,True,False
142,0,OHRC,TMC-2,controlled_synthetic,synthetic_fixed_global_transformation,True,False
142,1,OHRC,TMC-2,controlled_synthetic,synthetic_fixed_global_transformation,True,False
142,2,OHRC,TMC-2,controlled_synthetic,synthetic_fixed_global_transformation,True,False
142,3,OHRC,TMC-2,controlled_synthetic,synthetic_fixed_global_transformation,True,False
142,4,OHRC,TMC-2,controlled_synthetic,synthetic_fixed_global_transformation,True,False
143,0,OHRC,TMC-2,controlled_synthetic,synthetic_fixed_global_transformation,True,False
143,1,OHRC,TMC-2,controlled_synthetic,synthetic_fixed_global_transformation,True,False
143,2,OHRC,TMC-2,controlled_synthetic,synthetic_fixed_global_transformation,True,False
143,3,OHRC,TMC-2,controlled_synthetic,synthetic_fixed_global_transformation,True,False
143,4,OHRC,TMC-2,controlled_synthetic,synthetic_fixed_global_transformation,True,False
144,0,OHRC,TMC-2,controlled_synthetic,synthetic_fixed_global_transformation,True,False
144,1,OHRC,TMC-2,controlled_synthetic,synthetic_fixed_global_transformation,True,False
144,2,OHRC,TMC-2,controlled_synthetic,synthetic_fixed_global_transformation,True,False
144,3,OHRC,TMC-2,controlled_synthetic,synthetic_fixed_global_transformation,True,False
144,4,OHRC,TMC-2,controlled_synthetic,synthetic_fixed_global_transformation,True,False
145,0,OHRC,TMC-2,controlled_synthetic,synthetic_fixed_global_transformation,True,False
145,1,OHRC,TMC-2,controlled_synthetic,synthetic_fixed_global_transformation,True,False
145,2,OHRC,TMC-2,controlled_synthetic,synthetic_fixed_global_transformation,True,False
145,3,OHRC,TMC-2,controlled_synthetic,synthetic_fixed_global_transformation,True,False
145,4,OHRC,TMC-2,controlled_synthetic,synthetic_fixed_global_transformation,True,False
146,0,OHRC,TMC-2,controlled_synthetic,synthetic_fixed_global_transformation,True,False
146,1,OHRC,TMC-2,controlled_synthetic,synthetic_fixed_global_transformation,True,False
146,2,OHRC,TMC-2,controlled_synthetic,synthetic_fixed_global_transformation,True,False
146,3,OHRC,TMC-2,controlled_synthetic,synthetic_fixed_global_transformation,True,False
146,4,OHRC,TMC-2,controlled_synthetic,synthetic_fixed_global_transformation,True,False
147,0,OHRC,TMC-2,controlled_synthetic,synthetic_fixed_global_transformation,True,False
147,1,OHRC,TMC-2,controlled_synthetic,synthetic_fixed_global_transformation,True,False
147,2,OHRC,TMC-2,controlled_synthetic,synthetic_fixed_global_transformation,True,False
147,3,OHRC,TMC-2,controlled_synthetic,synthetic_fixed_global_transformation,True,False
147,4,OHRC,TMC-2,controlled_synthetic,synthetic_fixed_global_transformation,True,False
148,0,OHRC,TMC-2,controlled_synthetic,synthetic_fixed_global_transformation,True,False
148,1,OHRC,TMC-2,controlled_synthetic,synthetic_fixed_global_transformation,True,False
148,2,OHRC,TMC-2,controlled_synthetic,synthetic_fixed_global_transformation,True,False
148,3,OHRC,TMC-2,controlled_synthetic,synthetic_fixed_global_transformation,True,False
148,4,OHRC,TMC-2,controlled_synthetic,synthetic_fixed_global_transformation,True,False
149,0,OHRC,TMC-2,controlled_synthetic,synthetic_fixed_global_transformation,True,False
149,1,OHRC,TMC-2,controlled_synthetic,synthetic_fixed_global_transformation,True,False
149,2,OHRC,TMC-2,controlled_synthetic,synthetic_fixed_global_transformation,True,False
149,3,OHRC,TMC-2,controlled_synthetic,synthetic_fixed_global_transformation,True,False
149,4,OHRC,TMC-2,controlled_synthetic,synthetic_fixed_global_transformation,True,False
150,0,OHRC,TMC-2,controlled_synthetic,synthetic_fixed_global_transformation,True,False
150,1,OHRC,TMC-2,controlled_synthetic,synthetic_fixed_global_transformation,True,False
150,2,OHRC,TMC-2,controlled_synthetic,synthetic_fixed_global_transformation,True,False
150,3,OHRC,TMC-2,controlled_synthetic,synthetic_fixed_global_transformation,True,False
150,4,OHRC,TMC-2,controlled_synthetic,synthetic_fixed_global_transformation,True,False
151,0,OHRC,TMC-2,controlled_synthetic,synthetic_fixed_global_transformation,True,False
151,1,OHRC,TMC-2,controlled_synthetic,synthetic_fixed_global_transformation,True,False
151,2,OHRC,TMC-2,controlled_synthetic,synthetic_fixed_global_transformation,True,False
151,3,OHRC,TMC-2,controlled_synthetic,synthetic_fixed_global_transformation,True,False
151,4,OHRC,TMC-2,controlled_synthetic,synthetic_fixed_global_transformation,True,False
152,0,OHRC,TMC-2,controlled_synthetic,synthetic_fixed_global_transformation,True,False
152,1,OHRC,TMC-2,controlled_synthetic,synthetic_fixed_global_transformation,True,False
152,2,OHRC,TMC-2,controlled_synthetic,synthetic_fixed_global_transformation,True,False
152,3,OHRC,TMC-2,controlled_synthetic,synthetic_fixed_global_transformation,True,False
152,4,OHRC,TMC-2,controlled_synthetic,synthetic_fixed_global_transformation,True,False
153,0,OHRC,TMC-2,controlled_synthetic,synthetic_fixed_global_transformation,True,False
153,1,OHRC,TMC-2,controlled_synthetic,synthetic_fixed_global_transformation,True,False
153,2,OHRC,TMC-2,controlled_synthetic,synthetic_fixed_global_transformation,True,False
153,3,OHRC,TMC-2,controlled_synthetic,synthetic_fixed_global_transformation,True,False
153,4,OHRC,TMC-2,controlled_synthetic,synthetic_fixed_global_transformation,True,False
154,0,OHRC,TMC-2,controlled_synthetic,synthetic_fixed_global_transformation,True,False
154,1,OHRC,TMC-2,controlled_synthetic,synthetic_fixed_global_transformation,True,False
154,2,OHRC,TMC-2,controlled_synthetic,synthetic_fixed_global_transformation,True,False
154,3,OHRC,TMC-2,controlled_synthetic,synthetic_fixed_global_transformation,True,False
154,4,OHRC,TMC-2,controlled_synthetic,synthetic_fixed_global_transformation,True,False
155,0,OHRC,TMC-2,controlled_synthetic,synthetic_fixed_global_transformation,True,False
155,1,OHRC,TMC-2,controlled_synthetic,synthetic_fixed_global_transformation,True,False
155,2,OHRC,TMC-2,controlled_synthetic,synthetic_fixed_global_transformation,True,False
155,3,OHRC,TMC-2,controlled_synthetic,synthetic_fixed_global_transformation,True,False
155,4,OHRC,TMC-2,controlled_synthetic,synthetic_fixed_global_transformation,True,False
156,0,OHRC,TMC-2,controlled_synthetic,synthetic_fixed_global_transformation,True,False
156,1,OHRC,TMC-2,controlled_synthetic,synthetic_fixed_global_transformation,True,False
156,2,OHRC,TMC-2,controlled_synthetic,synthetic_fixed_global_transformation,True,False
156,3,OHRC,TMC-2,controlled_synthetic,synthetic_fixed_global_transformation,True,False
156,4,OHRC,TMC-2,controlled_synthetic,synthetic_fixed_global_transformation,True,False
157,0,OHRC,TMC-2,controlled_synthetic,synthetic_fixed_global_transformation,True,False
157,1,OHRC,TMC-2,controlled_synthetic,synthetic_fixed_global_transformation,True,False
157,2,OHRC,TMC-2,controlled_synthetic,synthetic_fixed_global_transformation,True,False
157,3,OHRC,TMC-2,controlled_synthetic,synthetic_fixed_global_transformation,True,False
157,4,OHRC,TMC-2,controlled_synthetic,synthetic_fixed_global_transformation,True,False
158,0,OHRC,TMC-2,controlled_synthetic,synthetic_fixed_global_transformation,True,False
158,1,OHRC,TMC-2,controlled_synthetic,synthetic_fixed_global_transformation,True,False
158,2,OHRC,TMC-2,controlled_synthetic,synthetic_fixed_global_transformation,True,False
158,3,OHRC,TMC-2,controlled_synthetic,synthetic_fixed_global_transformation,True,False
158,4,OHRC,TMC-2,controlled_synthetic,synthetic_fixed_global_transformation,True,False
159,0,OHRC,TMC-2,controlled_synthetic,synthetic_fixed_global_transformation,True,False
159,1,OHRC,TMC-2,controlled_synthetic,synthetic_fixed_global_transformation,True,False
159,2,OHRC,TMC-2,controlled_synthetic,synthetic_fixed_global_transformation,True,False
159,3,OHRC,TMC-2,controlled_synthetic,synthetic_fixed_global_transformation,True,False
159,4,OHRC,TMC-2,controlled_synthetic,synthetic_fixed_global_transformation,True,False
160,0,OHRC,TMC-2,controlled_synthetic,synthetic_fixed_global_transformation,True,False
160,1,OHRC,TMC-2,controlled_synthetic,synthetic_fixed_global_transformation,True,False
160,2,OHRC,TMC-2,controlled_synthetic,synthetic_fixed_global_transformation,True,False
160,3,OHRC,TMC-2,controlled_synthetic,synthetic_fixed_global_transformation,True,False
160,4,OHRC,TMC-2,controlled_synthetic,synthetic_fixed_global_transformation,True,False
161,0,OHRC,TMC-2,controlled_synthetic,synthetic_fixed_global_transformation,True,False
161,1,OHRC,TMC-2,controlled_synthetic,synthetic_fixed_global_transformation,True,False
161,2,OHRC,TMC-2,controlled_synthetic,synthetic_fixed_global_transformation,True,False
161,3,OHRC,TMC-2,controlled_synthetic,synthetic_fixed_global_transformation,True,False
161,4,OHRC,TMC-2,controlled_synthetic,synthetic_fixed_global_transformation,True,False
162,0,OHRC,TMC-2,controlled_synthetic,synthetic_fixed_global_transformation,True,False
162,1,OHRC,TMC-2,controlled_synthetic,synthetic_fixed_global_transformation,True,False
162,2,OHRC,TMC-2,controlled_synthetic,synthetic_fixed_global_transformation,True,False
162,3,OHRC,TMC-2,controlled_synthetic,synthetic_fixed_global_transformation,True,False
162,4,OHRC,TMC-2,controlled_synthetic,synthetic_fixed_global_transformation,True,False
163,0,OHRC,TMC-2,controlled_synthetic,synthetic_fixed_global_transformation,True,False
163,1,OHRC,TMC-2,controlled_synthetic,synthetic_fixed_global_transformation,True,False
163,2,OHRC,TMC-2,controlled_synthetic,synthetic_fixed_global_transformation,True,False
163,3,OHRC,TMC-2,controlled_synthetic,synthetic_fixed_global_transformation,True,False
163,4,OHRC,TMC-2,controlled_synthetic,synthetic_fixed_global_transformation,True,False
164,0,OHRC,TMC-2,controlled_synthetic,synthetic_fixed_global_transformation,True,False
164,1,OHRC,TMC-2,controlled_synthetic,synthetic_fixed_global_transformation,True,False
164,2,OHRC,TMC-2,controlled_synthetic,synthetic_fixed_global_transformation,True,False
164,3,OHRC,TMC-2,controlled_synthetic,synthetic_fixed_global_transformation,True,False
164,4,OHRC,TMC-2,controlled_synthetic,synthetic_fixed_global_transformation,True,False
165,0,OHRC,TMC-2,controlled_synthetic,synthetic_fixed_global_transformation,True,False
165,1,OHRC,TMC-2,controlled_synthetic,synthetic_fixed_global_transformation,True,False
165,2,OHRC,TMC-2,controlled_synthetic,synthetic_fixed_global_transformation,True,False
165,3,OHRC,TMC-2,controlled_synthetic,synthetic_fixed_global_transformation,True,False
165,4,OHRC,TMC-2,controlled_synthetic,synthetic_fixed_global_transformation,True,False
166,0,OHRC,TMC-2,controlled_synthetic,synthetic_fixed_global_transformation,True,False
166,1,OHRC,TMC-2,controlled_synthetic,synthetic_fixed_global_transformation,True,False
166,2,OHRC,TMC-2,controlled_synthetic,synthetic_fixed_global_transformation,True,False
166,3,OHRC,TMC-2,controlled_synthetic,synthetic_fixed_global_transformation,True,False
166,4,OHRC,TMC-2,controlled_synthetic,synthetic_fixed_global_transformation,True,False
167,0,OHRC,TMC-2,controlled_synthetic,synthetic_fixed_global_transformation,True,False
167,1,OHRC,TMC-2,controlled_synthetic,synthetic_fixed_global_transformation,True,False
167,2,OHRC,TMC-2,controlled_synthetic,synthetic_fixed_global_transformation,True,False
167,3,OHRC,TMC-2,controlled_synthetic,synthetic_fixed_global_transformation,True,False
167,4,OHRC,TMC-2,controlled_synthetic,synthetic_fixed_global_transformation,True,False
168,0,OHRC,TMC-2,controlled_synthetic,synthetic_fixed_global_transformation,True,False
168,1,OHRC,TMC-2,controlled_synthetic,synthetic_fixed_global_transformation,True,False
168,2,OHRC,TMC-2,controlled_synthetic,synthetic_fixed_global_transformation,True,False
168,3,OHRC,TMC-2,controlled_synthetic,synthetic_fixed_global_transformation,True,False
168,4,OHRC,TMC-2,controlled_synthetic,synthetic_fixed_global_transformation,True,False
169,0,OHRC,TMC-2,controlled_synthetic,synthetic_fixed_global_transformation,True,False
169,1,OHRC,TMC-2,controlled_synthetic,synthetic_fixed_global_transformation,True,False
169,2,OHRC,TMC-2,controlled_synthetic,synthetic_fixed_global_transformation,True,False
169,3,OHRC,TMC-2,controlled_synthetic,synthetic_fixed_global_transformation,True,False
169,4,OHRC,TMC-2,controlled_synthetic,synthetic_fixed_global_transformation,True,False
170,0,OHRC,TMC-2,controlled_synthetic,synthetic_fixed_global_transformation,True,False
170,1,OHRC,TMC-2,controlled_synthetic,synthetic_fixed_global_transformation,True,False
170,2,OHRC,TMC-2,controlled_synthetic,synthetic_fixed_global_transformation,True,False
170,3,OHRC,TMC-2,controlled_synthetic,synthetic_fixed_global_transformation,True,False
170,4,OHRC,TMC-2,controlled_synthetic,synthetic_fixed_global_transformation,True,False
171,0,OHRC,TMC-2,controlled_synthetic,synthetic_fixed_global_transformation,True,False
171,1,OHRC,TMC-2,controlled_synthetic,synthetic_fixed_global_transformation,True,False
171,2,OHRC,TMC-2,controlled_synthetic,synthetic_fixed_global_transformation,True,False
171,3,OHRC,TMC-2,controlled_synthetic,synthetic_fixed_global_transformation,True,False
171,4,OHRC,TMC-2,controlled_synthetic,synthetic_fixed_global_transformation,True,False
172,0,OHRC,TMC-2,controlled_synthetic,synthetic_fixed_global_transformation,True,False
172,1,OHRC,TMC-2,controlled_synthetic,synthetic_fixed_global_transformation,True,False
172,2,OHRC,TMC-2,controlled_synthetic,synthetic_fixed_global_transformation,True,False
172,3,OHRC,TMC-2,controlled_synthetic,synthetic_fixed_global_transformation,True,False
172,4,OHRC,TMC-2,controlled_synthetic,synthetic_fixed_global_transformation,True,False
173,0,OHRC,TMC-2,controlled_synthetic,synthetic_fixed_global_transformation,True,False
173,1,OHRC,TMC-2,controlled_synthetic,synthetic_fixed_global_transformation,True,False
173,2,OHRC,TMC-2,controlled_synthetic,synthetic_fixed_global_transformation,True,False
173,3,OHRC,TMC-2,controlled_synthetic,synthetic_fixed_global_transformation,True,False
173,4,OHRC,TMC-2,controlled_synthetic,synthetic_fixed_global_transformation,True,False
174,0,OHRC,TMC-2,controlled_synthetic,synthetic_fixed_global_transformation,True,False
174,1,OHRC,TMC-2,controlled_synthetic,synthetic_fixed_global_transformation,True,False
174,2,OHRC,TMC-2,controlled_synthetic,synthetic_fixed_global_transformation,True,False
174,3,OHRC,TMC-2,controlled_synthetic,synthetic_fixed_global_transformation,True,False
174,4,OHRC,TMC-2,controlled_synthetic,synthetic_fixed_global_transformation,True,False
175,0,OHRC,TMC-2,controlled_synthetic,synthetic_fixed_global_transformation,True,False
175,1,OHRC,TMC-2,controlled_synthetic,synthetic_fixed_global_transformation,True,False
175,2,OHRC,TMC-2,controlled_synthetic,synthetic_fixed_global_transformation,True,False
175,3,OHRC,TMC-2,controlled_synthetic,synthetic_fixed_global_transformation,True,False
175,4,OHRC,TMC-2,controlled_synthetic,synthetic_fixed_global_transformation,True,False
176,0,OHRC,TMC-2,controlled_synthetic,synthetic_fixed_global_transformation,True,False
176,1,OHRC,TMC-2,controlled_synthetic,synthetic_fixed_global_transformation,True,False
176,2,OHRC,TMC-2,controlled_synthetic,synthetic_fixed_global_transformation,True,False
176,3,OHRC,TMC-2,controlled_synthetic,synthetic_fixed_global_transformation,True,False
176,4,OHRC,TMC-2,controlled_synthetic,synthetic_fixed_global_transformation,True,False
177,0,OHRC,TMC-2,controlled_synthetic,synthetic_fixed_global_transformation,True,False
177,1,OHRC,TMC-2,controlled_synthetic,synthetic_fixed_global_transformation,True,False
177,2,OHRC,TMC-2,controlled_synthetic,synthetic_fixed_global_transformation,True,False
177,3,OHRC,TMC-2,controlled_synthetic,synthetic_fixed_global_transformation,True,False
177,4,OHRC,TMC-2,controlled_synthetic,synthetic_fixed_global_transformation,True,False
178,0,OHRC,TMC-2,controlled_synthetic,synthetic_fixed_global_transformation,True,False
178,1,OHRC,TMC-2,controlled_synthetic,synthetic_fixed_global_transformation,True,False
178,2,OHRC,TMC-2,controlled_synthetic,synthetic_fixed_global_transformation,True,False
178,3,OHRC,TMC-2,controlled_synthetic,synthetic_fixed_global_transformation,True,False
178,4,OHRC,TMC-2,controlled_synthetic,synthetic_fixed_global_transformation,True,False
179,0,OHRC,TMC-2,controlled_synthetic,synthetic_fixed_global_transformation,True,False
179,1,OHRC,TMC-2,controlled_synthetic,synthetic_fixed_global_transformation,True,False
179,2,OHRC,TMC-2,controlled_synthetic,synthetic_fixed_global_transformation,True,False
179,3,OHRC,TMC-2,controlled_synthetic,synthetic_fixed_global_transformation,True,False
179,4,OHRC,TMC-2,controlled_synthetic,synthetic_fixed_global_transformation,True,False
180,0,OHRC,TMC-2,controlled_synthetic,synthetic_fixed_global_transformation,True,False
180,1,OHRC,TMC-2,controlled_synthetic,synthetic_fixed_global_transformation,True,False
180,2,OHRC,TMC-2,controlled_synthetic,synthetic_fixed_global_transformation,True,False
180,3,OHRC,TMC-2,controlled_synthetic,synthetic_fixed_global_transformation,True,False
180,4,OHRC,TMC-2,controlled_synthetic,synthetic_fixed_global_transformation,True,False
181,0,OHRC,TMC-2,controlled_synthetic,synthetic_fixed_global_transformation,True,False
181,1,OHRC,TMC-2,controlled_synthetic,synthetic_fixed_global_transformation,True,False
181,2,OHRC,TMC-2,controlled_synthetic,synthetic_fixed_global_transformation,True,False
181,3,OHRC,TMC-2,controlled_synthetic,synthetic_fixed_global_transformation,True,False
181,4,OHRC,TMC-2,controlled_synthetic,synthetic_fixed_global_transformation,True,False
182,0,OHRC,TMC-2,controlled_synthetic,synthetic_fixed_global_transformation,True,False
182,1,OHRC,TMC-2,controlled_synthetic,synthetic_fixed_global_transformation,True,False
182,2,OHRC,TMC-2,controlled_synthetic,synthetic_fixed_global_transformation,True,False
182,3,OHRC,TMC-2,controlled_synthetic,synthetic_fixed_global_transformation,True,False
182,4,OHRC,TMC-2,controlled_synthetic,synthetic_fixed_global_transformation,True,False
183,0,OHRC,TMC-2,controlled_synthetic,synthetic_fixed_global_transformation,True,False
183,1,OHRC,TMC-2,controlled_synthetic,synthetic_fixed_global_transformation,True,False
183,2,OHRC,TMC-2,controlled_synthetic,synthetic_fixed_global_transformation,True,False
183,3,OHRC,TMC-2,controlled_synthetic,synthetic_fixed_global_transformation,True,False
183,4,OHRC,TMC-2,controlled_synthetic,synthetic_fixed_global_transformation,True,False
184,0,OHRC,TMC-2,controlled_synthetic,synthetic_fixed_global_transformation,True,False
184,1,OHRC,TMC-2,controlled_synthetic,synthetic_fixed_global_transformation,True,False
184,2,OHRC,TMC-2,controlled_synthetic,synthetic_fixed_global_transformation,True,False
184,3,OHRC,TMC-2,controlled_synthetic,synthetic_fixed_global_transformation,True,False
184,4,OHRC,TMC-2,controlled_synthetic,synthetic_fixed_global_transformation,True,False
185,0,OHRC,TMC-2,controlled_synthetic,synthetic_fixed_global_transformation,True,False
185,1,OHRC,TMC-2,controlled_synthetic,synthetic_fixed_global_transformation,True,False
185,2,OHRC,TMC-2,controlled_synthetic,synthetic_fixed_global_transformation,True,False
185,3,OHRC,TMC-2,controlled_synthetic,synthetic_fixed_global_transformation,True,False
185,4,OHRC,TMC-2,controlled_synthetic,synthetic_fixed_global_transformation,True,False
186,0,OHRC,TMC-2,controlled_synthetic,synthetic_fixed_global_transformation,True,False
186,1,OHRC,TMC-2,controlled_synthetic,synthetic_fixed_global_transformation,True,False
186,2,OHRC,TMC-2,controlled_synthetic,synthetic_fixed_global_transformation,True,False
186,3,OHRC,TMC-2,controlled_synthetic,synthetic_fixed_global_transformation,True,False
186,4,OHRC,TMC-2,controlled_synthetic,synthetic_fixed_global_transformation,True,False
187,0,OHRC,TMC-2,controlled_synthetic,synthetic_fixed_global_transformation,True,False
187,1,OHRC,TMC-2,controlled_synthetic,synthetic_fixed_global_transformation,True,False
187,2,OHRC,TMC-2,controlled_synthetic,synthetic_fixed_global_transformation,True,False
187,3,OHRC,TMC-2,controlled_synthetic,synthetic_fixed_global_transformation,True,False
187,4,OHRC,TMC-2,controlled_synthetic,synthetic_fixed_global_transformation,True,False
188,0,OHRC,TMC-2,controlled_synthetic,synthetic_fixed_global_transformation,True,False
188,1,OHRC,TMC-2,controlled_synthetic,synthetic_fixed_global_transformation,True,False
188,2,OHRC,TMC-2,controlled_synthetic,synthetic_fixed_global_transformation,True,False
188,3,OHRC,TMC-2,controlled_synthetic,synthetic_fixed_global_transformation,True,False
188,4,OHRC,TMC-2,controlled_synthetic,synthetic_fixed_global_transformation,True,False
189,0,OHRC,TMC-2,controlled_synthetic,synthetic_fixed_global_transformation,True,False
189,1,OHRC,TMC-2,controlled_synthetic,synthetic_fixed_global_transformation,True,False
189,2,OHRC,TMC-2,controlled_synthetic,synthetic_fixed_global_transformation,True,False
189,3,OHRC,TMC-2,controlled_synthetic,synthetic_fixed_global_transformation,True,False
189,4,OHRC,TMC-2,controlled_synthetic,synthetic_fixed_global_transformation,True,False
190,0,OHRC,TMC-2,controlled_synthetic,synthetic_fixed_global_transformation,True,False
190,1,OHRC,TMC-2,controlled_synthetic,synthetic_fixed_global_transformation,True,False
190,2,OHRC,TMC-2,controlled_synthetic,synthetic_fixed_global_transformation,True,False
190,3,OHRC,TMC-2,controlled_synthetic,synthetic_fixed_global_transformation,True,False
190,4,OHRC,TMC-2,controlled_synthetic,synthetic_fixed_global_transformation,True,False
191,0,OHRC,TMC-2,controlled_synthetic,synthetic_fixed_global_transformation,True,False
191,1,OHRC,TMC-2,controlled_synthetic,synthetic_fixed_global_transformation,True,False
191,2,OHRC,TMC-2,controlled_synthetic,synthetic_fixed_global_transformation,True,False
191,3,OHRC,TMC-2,controlled_synthetic,synthetic_fixed_global_transformation,True,False
191,4,OHRC,TMC-2,controlled_synthetic,synthetic_fixed_global_transformation,True,False
192,0,OHRC,TMC-2,controlled_synthetic,synthetic_fixed_global_transformation,True,False
192,1,OHRC,TMC-2,controlled_synthetic,synthetic_fixed_global_transformation,True,False
192,2,OHRC,TMC-2,controlled_synthetic,synthetic_fixed_global_transformation,True,False
192,3,OHRC,TMC-2,controlled_synthetic,synthetic_fixed_global_transformation,True,False
192,4,OHRC,TMC-2,controlled_synthetic,synthetic_fixed_global_transformation,True,False
193,0,OHRC,TMC-2,controlled_synthetic,synthetic_fixed_global_transformation,True,False
193,1,OHRC,TMC-2,controlled_synthetic,synthetic_fixed_global_transformation,True,False
193,2,OHRC,TMC-2,controlled_synthetic,synthetic_fixed_global_transformation,True,False
193,3,OHRC,TMC-2,controlled_synthetic,synthetic_fixed_global_transformation,True,False
193,4,OHRC,TMC-2,controlled_synthetic,synthetic_fixed_global_transformation,True,False
194,0,OHRC,TMC-2,controlled_synthetic,synthetic_fixed_global_transformation,True,False
194,1,OHRC,TMC-2,controlled_synthetic,synthetic_fixed_global_transformation,True,False
194,2,OHRC,TMC-2,controlled_synthetic,synthetic_fixed_global_transformation,True,False
194,3,OHRC,TMC-2,controlled_synthetic,synthetic_fixed_global_transformation,True,False
194,4,OHRC,TMC-2,controlled_synthetic,synthetic_fixed_global_transformation,True,False
195,0,OHRC,TMC-2,controlled_synthetic,synthetic_fixed_global_transformation,True,False
195,1,OHRC,TMC-2,controlled_synthetic,synthetic_fixed_global_transformation,True,False
195,2,OHRC,TMC-2,controlled_synthetic,synthetic_fixed_global_transformation,True,False
195,3,OHRC,TMC-2,controlled_synthetic,synthetic_fixed_global_transformation,True,False
195,4,OHRC,TMC-2,controlled_synthetic,synthetic_fixed_global_transformation,True,False
196,0,OHRC,TMC-2,controlled_synthetic,synthetic_fixed_global_transformation,True,False
196,1,OHRC,TMC-2,controlled_synthetic,synthetic_fixed_global_transformation,True,False
196,2,OHRC,TMC-2,controlled_synthetic,synthetic_fixed_global_transformation,True,False
196,3,OHRC,TMC-2,controlled_synthetic,synthetic_fixed_global_transformation,True,False
196,4,OHRC,TMC-2,controlled_synthetic,synthetic_fixed_global_transformation,True,False
197,0,OHRC,TMC-2,controlled_synthetic,synthetic_fixed_global_transformation,True,False
197,1,OHRC,TMC-2,controlled_synthetic,synthetic_fixed_global_transformation,True,False
197,2,OHRC,TMC-2,controlled_synthetic,synthetic_fixed_global_transformation,True,False
197,3,OHRC,TMC-2,controlled_synthetic,synthetic_fixed_global_transformation,True,False
197,4,OHRC,TMC-2,controlled_synthetic,synthetic_fixed_global_transformation,True,False
198,0,OHRC,TMC-2,controlled_synthetic,synthetic_fixed_global_transformation,True,False
198,1,OHRC,TMC-2,controlled_synthetic,synthetic_fixed_global_transformation,True,False
198,2,OHRC,TMC-2,controlled_synthetic,synthetic_fixed_global_transformation,True,False
198,3,OHRC,TMC-2,controlled_synthetic,synthetic_fixed_global_transformation,True,False
198,4,OHRC,TMC-2,controlled_synthetic,synthetic_fixed_global_transformation,True,False
199,0,OHRC,TMC-2,controlled_synthetic,synthetic_fixed_global_transformation,True,False
199,1,OHRC,TMC-2,controlled_synthetic,synthetic_fixed_global_transformation,True,False
199,2,OHRC,TMC-2,controlled_synthetic,synthetic_fixed_global_transformation,True,False
199,3,OHRC,TMC-2,controlled_synthetic,synthetic_fixed_global_transformation,True,False
199,4,OHRC,TMC-2,controlled_synthetic,synthetic_fixed_global_transformation,True,False
200,0,OHRC,TMC-2,controlled_synthetic,synthetic_fixed_global_transformation,True,False
200,1,OHRC,TMC-2,controlled_synthetic,synthetic_fixed_global_transformation,True,False
200,2,OHRC,TMC-2,controlled_synthetic,synthetic_fixed_global_transformation,True,False
200,3,OHRC,TMC-2,controlled_synthetic,synthetic_fixed_global_transformation,True,False
200,4,OHRC,TMC-2,controlled_synthetic,synthetic_fixed_global_transformation,True,False
201,0,OHRC,TMC-2,controlled_synthetic,synthetic_fixed_global_transformation,True,False
201,1,OHRC,TMC-2,controlled_synthetic,synthetic_fixed_global_transformation,True,False
201,2,OHRC,TMC-2,controlled_synthetic,synthetic_fixed_global_transformation,True,False
201,3,OHRC,TMC-2,controlled_synthetic,synthetic_fixed_global_transformation,True,False
201,4,OHRC,TMC-2,controlled_synthetic,synthetic_fixed_global_transformation,True,False
202,0,OHRC,TMC-2,controlled_synthetic,synthetic_fixed_global_transformation,True,False
202,1,OHRC,TMC-2,controlled_synthetic,synthetic_fixed_global_transformation,True,False
202,2,OHRC,TMC-2,controlled_synthetic,synthetic_fixed_global_transformation,True,False
202,3,OHRC,TMC-2,controlled_synthetic,synthetic_fixed_global_transformation,True,False
202,4,OHRC,TMC-2,controlled_synthetic,synthetic_fixed_global_transformation,True,False
203,0,OHRC,TMC-2,controlled_synthetic,synthetic_fixed_global_transformation,True,False
203,1,OHRC,TMC-2,controlled_synthetic,synthetic_fixed_global_transformation,True,False
203,2,OHRC,TMC-2,controlled_synthetic,synthetic_fixed_global_transformation,True,False
203,3,OHRC,TMC-2,controlled_synthetic,synthetic_fixed_global_transformation,True,False
203,4,OHRC,TMC-2,controlled_synthetic,synthetic_fixed_global_transformation,True,False
204,0,OHRC,TMC-2,controlled_synthetic,synthetic_fixed_global_transformation,True,False
204,1,OHRC,TMC-2,controlled_synthetic,synthetic_fixed_global_transformation,True,False
204,2,OHRC,TMC-2,controlled_synthetic,synthetic_fixed_global_transformation,True,False
204,3,OHRC,TMC-2,controlled_synthetic,synthetic_fixed_global_transformation,True,False
204,4,OHRC,TMC-2,controlled_synthetic,synthetic_fixed_global_transformation,True,False
205,0,OHRC,TMC-2,controlled_synthetic,synthetic_fixed_global_transformation,True,False
205,1,OHRC,TMC-2,controlled_synthetic,synthetic_fixed_global_transformation,True,False
205,2,OHRC,TMC-2,controlled_synthetic,synthetic_fixed_global_transformation,True,False
205,3,OHRC,TMC-2,controlled_synthetic,synthetic_fixed_global_transformation,True,False
205,4,OHRC,TMC-2,controlled_synthetic,synthetic_fixed_global_transformation,True,False
206,0,OHRC,TMC-2,controlled_synthetic,synthetic_fixed_global_transformation,True,False
206,1,OHRC,TMC-2,controlled_synthetic,synthetic_fixed_global_transformation,True,False
206,2,OHRC,TMC-2,controlled_synthetic,synthetic_fixed_global_transformation,True,False
206,3,OHRC,TMC-2,controlled_synthetic,synthetic_fixed_global_transformation,True,False
206,4,OHRC,TMC-2,controlled_synthetic,synthetic_fixed_global_transformation,True,False
207,0,OHRC,TMC-2,controlled_synthetic,synthetic_fixed_global_transformation,True,False
207,1,OHRC,TMC-2,controlled_synthetic,synthetic_fixed_global_transformation,True,False
207,2,OHRC,TMC-2,controlled_synthetic,synthetic_fixed_global_transformation,True,False
207,3,OHRC,TMC-2,controlled_synthetic,synthetic_fixed_global_transformation,True,False
207,4,OHRC,TMC-2,controlled_synthetic,synthetic_fixed_global_transformation,True,False
208,0,OHRC,TMC-2,controlled_synthetic,synthetic_fixed_global_transformation,True,False
208,1,OHRC,TMC-2,controlled_synthetic,synthetic_fixed_global_transformation,True,False
208,2,OHRC,TMC-2,controlled_synthetic,synthetic_fixed_global_transformation,True,False
208,3,OHRC,TMC-2,controlled_synthetic,synthetic_fixed_global_transformation,True,False
208,4,OHRC,TMC-2,controlled_synthetic,synthetic_fixed_global_transformation,True,False
209,0,OHRC,TMC-2,controlled_synthetic,synthetic_fixed_global_transformation,True,False
209,1,OHRC,TMC-2,controlled_synthetic,synthetic_fixed_global_transformation,True,False
209,2,OHRC,TMC-2,controlled_synthetic,synthetic_fixed_global_transformation,True,False
209,3,OHRC,TMC-2,controlled_synthetic,synthetic_fixed_global_transformation,True,False
209,4,OHRC,TMC-2,controlled_synthetic,synthetic_fixed_global_transformation,True,False
210,0,OHRC,TMC-2,controlled_synthetic,synthetic_fixed_global_transformation,True,False
210,1,OHRC,TMC-2,controlled_synthetic,synthetic_fixed_global_transformation,True,False
210,2,OHRC,TMC-2,controlled_synthetic,synthetic_fixed_global_transformation,True,False
210,3,OHRC,TMC-2,controlled_synthetic,synthetic_fixed_global_transformation,True,False
210,4,OHRC,TMC-2,controlled_synthetic,synthetic_fixed_global_transformation,True,False
211,0,OHRC,TMC-2,controlled_synthetic,synthetic_fixed_global_transformation,True,False
211,1,OHRC,TMC-2,controlled_synthetic,synthetic_fixed_global_transformation,True,False
211,2,OHRC,TMC-2,controlled_synthetic,synthetic_fixed_global_transformation,True,False
211,3,OHRC,TMC-2,controlled_synthetic,synthetic_fixed_global_transformation,True,False
211,4,OHRC,TMC-2,controlled_synthetic,synthetic_fixed_global_transformation,True,False
212,0,OHRC,TMC-2,controlled_synthetic,synthetic_fixed_global_transformation,True,False
212,1,OHRC,TMC-2,controlled_synthetic,synthetic_fixed_global_transformation,True,False
212,2,OHRC,TMC-2,controlled_synthetic,synthetic_fixed_global_transformation,True,False
212,3,OHRC,TMC-2,controlled_synthetic,synthetic_fixed_global_transformation,True,False
212,4,OHRC,TMC-2,controlled_synthetic,synthetic_fixed_global_transformation,True,False
213,0,OHRC,TMC-2,controlled_synthetic,synthetic_fixed_global_transformation,True,False
213,1,OHRC,TMC-2,controlled_synthetic,synthetic_fixed_global_transformation,True,False
213,2,OHRC,TMC-2,controlled_synthetic,synthetic_fixed_global_transformation,True,False
213,3,OHRC,TMC-2,controlled_synthetic,synthetic_fixed_global_transformation,True,False
213,4,OHRC,TMC-2,controlled_synthetic,synthetic_fixed_global_transformation,True,False
214,0,OHRC,TMC-2,controlled_synthetic,synthetic_fixed_global_transformation,True,False
214,1,OHRC,TMC-2,controlled_synthetic,synthetic_fixed_global_transformation,True,False
214,2,OHRC,TMC-2,controlled_synthetic,synthetic_fixed_global_transformation,True,False
214,3,OHRC,TMC-2,controlled_synthetic,synthetic_fixed_global_transformation,True,False
214,4,OHRC,TMC-2,controlled_synthetic,synthetic_fixed_global_transformation,True,False
215,0,OHRC,TMC-2,controlled_synthetic,synthetic_fixed_global_transformation,True,False
215,1,OHRC,TMC-2,controlled_synthetic,synthetic_fixed_global_transformation,True,False
215,2,OHRC,TMC-2,controlled_synthetic,synthetic_fixed_global_transformation,True,False
215,3,OHRC,TMC-2,controlled_synthetic,synthetic_fixed_global_transformation,True,False
215,4,OHRC,TMC-2,controlled_synthetic,synthetic_fixed_global_transformation,True,False
216,0,OHRC,TMC-2,controlled_synthetic,synthetic_fixed_global_transformation,True,False
216,1,OHRC,TMC-2,controlled_synthetic,synthetic_fixed_global_transformation,True,False
216,2,OHRC,TMC-2,controlled_synthetic,synthetic_fixed_global_transformation,True,False
216,3,OHRC,TMC-2,controlled_synthetic,synthetic_fixed_global_transformation,True,False
216,4,OHRC,TMC-2,controlled_synthetic,synthetic_fixed_global_transformation,True,False
217,0,OHRC,TMC-2,controlled_synthetic,synthetic_fixed_global_transformation,True,False
217,1,OHRC,TMC-2,controlled_synthetic,synthetic_fixed_global_transformation,True,False
217,2,OHRC,TMC-2,controlled_synthetic,synthetic_fixed_global_transformation,True,False
217,3,OHRC,TMC-2,controlled_synthetic,synthetic_fixed_global_transformation,True,False
217,4,OHRC,TMC-2,controlled_synthetic,synthetic_fixed_global_transformation,True,False
218,0,OHRC,TMC-2,controlled_synthetic,synthetic_fixed_global_transformation,True,False
218,1,OHRC,TMC-2,controlled_synthetic,synthetic_fixed_global_transformation,True,False
218,2,OHRC,TMC-2,controlled_synthetic,synthetic_fixed_global_transformation,True,False
218,3,OHRC,TMC-2,controlled_synthetic,synthetic_fixed_global_transformation,True,False
218,4,OHRC,TMC-2,controlled_synthetic,synthetic_fixed_global_transformation,True,False
219,0,OHRC,TMC-2,controlled_synthetic,synthetic_fixed_global_transformation,True,False
219,1,OHRC,TMC-2,controlled_synthetic,synthetic_fixed_global_transformation,True,False
219,2,OHRC,TMC-2,controlled_synthetic,synthetic_fixed_global_transformation,True,False
219,3,OHRC,TMC-2,controlled_synthetic,synthetic_fixed_global_transformation,True,False
219,4,OHRC,TMC-2,controlled_synthetic,synthetic_fixed_global_transformation,True,False
220,0,OHRC,TMC-2,controlled_synthetic,synthetic_fixed_global_transformation,True,False
220,1,OHRC,TMC-2,controlled_synthetic,synthetic_fixed_global_transformation,True,False
220,2,OHRC,TMC-2,controlled_synthetic,synthetic_fixed_global_transformation,True,False
220,3,OHRC,TMC-2,controlled_synthetic,synthetic_fixed_global_transformation,True,False
220,4,OHRC,TMC-2,controlled_synthetic,synthetic_fixed_global_transformation,True,False
221,0,OHRC,TMC-2,controlled_synthetic,synthetic_fixed_global_transformation,True,False
221,1,OHRC,TMC-2,controlled_synthetic,synthetic_fixed_global_transformation,True,False
221,2,OHRC,TMC-2,controlled_synthetic,synthetic_fixed_global_transformation,True,False
221,3,OHRC,TMC-2,controlled_synthetic,synthetic_fixed_global_transformation,True,False
221,4,OHRC,TMC-2,controlled_synthetic,synthetic_fixed_global_transformation,True,False
222,0,OHRC,TMC-2,controlled_synthetic,synthetic_fixed_global_transformation,True,False
222,1,OHRC,TMC-2,controlled_synthetic,synthetic_fixed_global_transformation,True,False
222,2,OHRC,TMC-2,controlled_synthetic,synthetic_fixed_global_transformation,True,False
222,3,OHRC,TMC-2,controlled_synthetic,synthetic_fixed_global_transformation,True,False
222,4,OHRC,TMC-2,controlled_synthetic,synthetic_fixed_global_transformation,True,False
223,0,OHRC,TMC-2,controlled_synthetic,synthetic_fixed_global_transformation,True,False
223,1,OHRC,TMC-2,controlled_synthetic,synthetic_fixed_global_transformation,True,False
223,2,OHRC,TMC-2,controlled_synthetic,synthetic_fixed_global_transformation,True,False
223,3,OHRC,TMC-2,controlled_synthetic,synthetic_fixed_global_transformation,True,False
223,4,OHRC,TMC-2,controlled_synthetic,synthetic_fixed_global_transformation,True,False
224,0,OHRC,TMC-2,controlled_synthetic,synthetic_fixed_global_transformation,True,False
224,1,OHRC,TMC-2,controlled_synthetic,synthetic_fixed_global_transformation,True,False
224,2,OHRC,TMC-2,controlled_synthetic,synthetic_fixed_global_transformation,True,False
224,3,OHRC,TMC-2,controlled_synthetic,synthetic_fixed_global_transformation,True,False
224,4,OHRC,TMC-2,controlled_synthetic,synthetic_fixed_global_transformation,True,False
225,0,OHRC,TMC-2,controlled_synthetic,synthetic_fixed_global_transformation,True,False
225,1,OHRC,TMC-2,controlled_synthetic,synthetic_fixed_global_transformation,True,False
225,2,OHRC,TMC-2,controlled_synthetic,synthetic_fixed_global_transformation,True,False
225,3,OHRC,TMC-2,controlled_synthetic,synthetic_fixed_global_transformation,True,False
225,4,OHRC,TMC-2,controlled_synthetic,synthetic_fixed_global_transformation,True,False
226,0,OHRC,TMC-2,controlled_synthetic,synthetic_fixed_global_transformation,True,False
226,1,OHRC,TMC-2,controlled_synthetic,synthetic_fixed_global_transformation,True,False
226,2,OHRC,TMC-2,controlled_synthetic,synthetic_fixed_global_transformation,True,False
226,3,OHRC,TMC-2,controlled_synthetic,synthetic_fixed_global_transformation,True,False
226,4,OHRC,TMC-2,controlled_synthetic,synthetic_fixed_global_transformation,True,False
227,0,OHRC,TMC-2,controlled_synthetic,synthetic_fixed_global_transformation,True,False
227,1,OHRC,TMC-2,controlled_synthetic,synthetic_fixed_global_transformation,True,False
227,2,OHRC,TMC-2,controlled_synthetic,synthetic_fixed_global_transformation,True,False
227,3,OHRC,TMC-2,controlled_synthetic,synthetic_fixed_global_transformation,True,False
227,4,OHRC,TMC-2,controlled_synthetic,synthetic_fixed_global_transformation,True,False
228,0,OHRC,TMC-2,controlled_synthetic,synthetic_fixed_global_transformation,True,False
228,1,OHRC,TMC-2,controlled_synthetic,synthetic_fixed_global_transformation,True,False
228,2,OHRC,TMC-2,controlled_synthetic,synthetic_fixed_global_transformation,True,False
228,3,OHRC,TMC-2,controlled_synthetic,synthetic_fixed_global_transformation,True,False
228,4,OHRC,TMC-2,controlled_synthetic,synthetic_fixed_global_transformation,True,False
229,0,OHRC,TMC-2,controlled_synthetic,synthetic_fixed_global_transformation,True,False
229,1,OHRC,TMC-2,controlled_synthetic,synthetic_fixed_global_transformation,True,False
229,2,OHRC,TMC-2,controlled_synthetic,synthetic_fixed_global_transformation,True,False
229,3,OHRC,TMC-2,controlled_synthetic,synthetic_fixed_global_transformation,True,False
229,4,OHRC,TMC-2,controlled_synthetic,synthetic_fixed_global_transformation,True,False
230,0,OHRC,TMC-2,controlled_synthetic,synthetic_fixed_global_transformation,True,False
230,1,OHRC,TMC-2,controlled_synthetic,synthetic_fixed_global_transformation,True,False
230,2,OHRC,TMC-2,controlled_synthetic,synthetic_fixed_global_transformation,True,False
230,3,OHRC,TMC-2,controlled_synthetic,synthetic_fixed_global_transformation,True,False
230,4,OHRC,TMC-2,controlled_synthetic,synthetic_fixed_global_transformation,True,False
231,0,OHRC,TMC-2,controlled_synthetic,synthetic_fixed_global_transformation,True,False
231,1,OHRC,TMC-2,controlled_synthetic,synthetic_fixed_global_transformation,True,False
231,2,OHRC,TMC-2,controlled_synthetic,synthetic_fixed_global_transformation,True,False
231,3,OHRC,TMC-2,controlled_synthetic,synthetic_fixed_global_transformation,True,False
231,4,OHRC,TMC-2,controlled_synthetic,synthetic_fixed_global_transformation,True,False
232,0,OHRC,TMC-2,controlled_synthetic,synthetic_fixed_global_transformation,True,False
232,1,OHRC,TMC-2,controlled_synthetic,synthetic_fixed_global_transformation,True,False
232,2,OHRC,TMC-2,controlled_synthetic,synthetic_fixed_global_transformation,True,False
232,3,OHRC,TMC-2,controlled_synthetic,synthetic_fixed_global_transformation,True,False
232,4,OHRC,TMC-2,controlled_synthetic,synthetic_fixed_global_transformation,True,False
233,0,OHRC,TMC-2,controlled_synthetic,synthetic_fixed_global_transformation,True,False
233,1,OHRC,TMC-2,controlled_synthetic,synthetic_fixed_global_transformation,True,False
233,2,OHRC,TMC-2,controlled_synthetic,synthetic_fixed_global_transformation,True,False
233,3,OHRC,TMC-2,controlled_synthetic,synthetic_fixed_global_transformation,True,False
233,4,OHRC,TMC-2,controlled_synthetic,synthetic_fixed_global_transformation,True,False
234,0,OHRC,TMC-2,controlled_synthetic,synthetic_fixed_global_transformation,True,False
234,1,OHRC,TMC-2,controlled_synthetic,synthetic_fixed_global_transformation,True,False
234,2,OHRC,TMC-2,controlled_synthetic,synthetic_fixed_global_transformation,True,False
234,3,OHRC,TMC-2,controlled_synthetic,synthetic_fixed_global_transformation,True,False
234,4,OHRC,TMC-2,controlled_synthetic,synthetic_fixed_global_transformation,True,False
235,0,OHRC,TMC-2,controlled_synthetic,synthetic_fixed_global_transformation,True,False
235,1,OHRC,TMC-2,controlled_synthetic,synthetic_fixed_global_transformation,True,False
235,2,OHRC,TMC-2,controlled_synthetic,synthetic_fixed_global_transformation,True,False
235,3,OHRC,TMC-2,controlled_synthetic,synthetic_fixed_global_transformation,True,False
235,4,OHRC,TMC-2,controlled_synthetic,synthetic_fixed_global_transformation,True,False
236,0,OHRC,TMC-2,controlled_synthetic,synthetic_fixed_global_transformation,True,False
236,1,OHRC,TMC-2,controlled_synthetic,synthetic_fixed_global_transformation,True,False
236,2,OHRC,TMC-2,controlled_synthetic,synthetic_fixed_global_transformation,True,False
236,3,OHRC,TMC-2,controlled_synthetic,synthetic_fixed_global_transformation,True,False
236,4,OHRC,TMC-2,controlled_synthetic,synthetic_fixed_global_transformation,True,False
237,0,OHRC,TMC-2,controlled_synthetic,synthetic_fixed_global_transformation,True,False
237,1,OHRC,TMC-2,controlled_synthetic,synthetic_fixed_global_transformation,True,False
237,2,OHRC,TMC-2,controlled_synthetic,synthetic_fixed_global_transformation,True,False
237,3,OHRC,TMC-2,controlled_synthetic,synthetic_fixed_global_transformation,True,False
237,4,OHRC,TMC-2,controlled_synthetic,synthetic_fixed_global_transformation,True,False
238,0,OHRC,TMC-2,controlled_synthetic,synthetic_fixed_global_transformation,True,False
238,1,OHRC,TMC-2,controlled_synthetic,synthetic_fixed_global_transformation,True,False
238,2,OHRC,TMC-2,controlled_synthetic,synthetic_fixed_global_transformation,True,False
238,3,OHRC,TMC-2,controlled_synthetic,synthetic_fixed_global_transformation,True,False
238,4,OHRC,TMC-2,controlled_synthetic,synthetic_fixed_global_transformation,True,False
239,0,OHRC,TMC-2,controlled_synthetic,synthetic_fixed_global_transformation,True,False
239,1,OHRC,TMC-2,controlled_synthetic,synthetic_fixed_global_transformation,True,False
239,2,OHRC,TMC-2,controlled_synthetic,synthetic_fixed_global_transformation,True,False
239,3,OHRC,TMC-2,controlled_synthetic,synthetic_fixed_global_transformation,True,False
239,4,OHRC,TMC-2,controlled_synthetic,synthetic_fixed_global_transformation,True,False
240,0,OHRC,TMC-2,controlled_synthetic,synthetic_fixed_global_transformation,True,False
240,1,OHRC,TMC-2,controlled_synthetic,synthetic_fixed_global_transformation,True,False
240,2,OHRC,TMC-2,controlled_synthetic,synthetic_fixed_global_transformation,True,False
240,3,OHRC,TMC-2,controlled_synthetic,synthetic_fixed_global_transformation,True,False
240,4,OHRC,TMC-2,controlled_synthetic,synthetic_fixed_global_transformation,True,False
241,0,OHRC,TMC-2,controlled_synthetic,synthetic_fixed_global_transformation,True,False
241,1,OHRC,TMC-2,controlled_synthetic,synthetic_fixed_global_transformation,True,False
241,2,OHRC,TMC-2,controlled_synthetic,synthetic_fixed_global_transformation,True,False
241,3,OHRC,TMC-2,controlled_synthetic,synthetic_fixed_global_transformation,True,False
241,4,OHRC,TMC-2,controlled_synthetic,synthetic_fixed_global_transformation,True,False
242,0,OHRC,TMC-2,controlled_synthetic,synthetic_fixed_global_transformation,True,False
242,1,OHRC,TMC-2,controlled_synthetic,synthetic_fixed_global_transformation,True,False
242,2,OHRC,TMC-2,controlled_synthetic,synthetic_fixed_global_transformation,True,False
242,3,OHRC,TMC-2,controlled_synthetic,synthetic_fixed_global_transformation,True,False
242,4,OHRC,TMC-2,controlled_synthetic,synthetic_fixed_global_transformation,True,False
243,0,OHRC,TMC-2,controlled_synthetic,synthetic_fixed_global_transformation,True,False
243,1,OHRC,TMC-2,controlled_synthetic,synthetic_fixed_global_transformation,True,False
243,2,OHRC,TMC-2,controlled_synthetic,synthetic_fixed_global_transformation,True,False
243,3,OHRC,TMC-2,controlled_synthetic,synthetic_fixed_global_transformation,True,False
243,4,OHRC,TMC-2,controlled_synthetic,synthetic_fixed_global_transformation,True,False
244,0,OHRC,TMC-2,controlled_synthetic,synthetic_fixed_global_transformation,True,False
244,1,OHRC,TMC-2,controlled_synthetic,synthetic_fixed_global_transformation,True,False
244,2,OHRC,TMC-2,controlled_synthetic,synthetic_fixed_global_transformation,True,False
244,3,OHRC,TMC-2,controlled_synthetic,synthetic_fixed_global_transformation,True,False
244,4,OHRC,TMC-2,controlled_synthetic,synthetic_fixed_global_transformation,True,False
245,0,OHRC,TMC-2,controlled_synthetic,synthetic_fixed_global_transformation,True,False
245,1,OHRC,TMC-2,controlled_synthetic,synthetic_fixed_global_transformation,True,False
245,2,OHRC,TMC-2,controlled_synthetic,synthetic_fixed_global_transformation,True,False
245,3,OHRC,TMC-2,controlled_synthetic,synthetic_fixed_global_transformation,True,False
245,4,OHRC,TMC-2,controlled_synthetic,synthetic_fixed_global_transformation,True,False
246,0,OHRC,TMC-2,controlled_synthetic,synthetic_fixed_global_transformation,True,False
246,1,OHRC,TMC-2,controlled_synthetic,synthetic_fixed_global_transformation,True,False
246,2,OHRC,TMC-2,controlled_synthetic,synthetic_fixed_global_transformation,True,False
246,3,OHRC,TMC-2,controlled_synthetic,synthetic_fixed_global_transformation,True,False
246,4,OHRC,TMC-2,controlled_synthetic,synthetic_fixed_global_transformation,True,False
247,0,OHRC,TMC-2,controlled_synthetic,synthetic_fixed_global_transformation,True,False
247,1,OHRC,TMC-2,controlled_synthetic,synthetic_fixed_global_transformation,True,False
247,2,OHRC,TMC-2,controlled_synthetic,synthetic_fixed_global_transformation,True,False
247,3,OHRC,TMC-2,controlled_synthetic,synthetic_fixed_global_transformation,True,False
247,4,OHRC,TMC-2,controlled_synthetic,synthetic_fixed_global_transformation,True,False
248,0,OHRC,TMC-2,controlled_synthetic,synthetic_fixed_global_transformation,True,False
248,1,OHRC,TMC-2,controlled_synthetic,synthetic_fixed_global_transformation,True,False
248,2,OHRC,TMC-2,controlled_synthetic,synthetic_fixed_global_transformation,True,False
248,3,OHRC,TMC-2,controlled_synthetic,synthetic_fixed_global_transformation,True,False
248,4,OHRC,TMC-2,controlled_synthetic,synthetic_fixed_global_transformation,True,False
249,0,OHRC,TMC-2,controlled_synthetic,synthetic_fixed_global_transformation,True,False
249,1,OHRC,TMC-2,controlled_synthetic,synthetic_fixed_global_transformation,True,False
249,2,OHRC,TMC-2,controlled_synthetic,synthetic_fixed_global_transformation,True,False
249,3,OHRC,TMC-2,controlled_synthetic,synthetic_fixed_global_transformation,True,False
249,4,OHRC,TMC-2,controlled_synthetic,synthetic_fixed_global_transformation,True,False
250,0,OHRC,TMC-2,controlled_synthetic,synthetic_fixed_global_transformation,True,False
250,1,OHRC,TMC-2,controlled_synthetic,synthetic_fixed_global_transformation,True,False
250,2,OHRC,TMC-2,controlled_synthetic,synthetic_fixed_global_transformation,True,False
250,3,OHRC,TMC-2,controlled_synthetic,synthetic_fixed_global_transformation,True,False
250,4,OHRC,TMC-2,controlled_synthetic,synthetic_fixed_global_transformation,True,False
251,0,OHRC,TMC-2,controlled_synthetic,synthetic_fixed_global_transformation,True,False
251,1,OHRC,TMC-2,controlled_synthetic,synthetic_fixed_global_transformation,True,False
251,2,OHRC,TMC-2,controlled_synthetic,synthetic_fixed_global_transformation,True,False
251,3,OHRC,TMC-2,controlled_synthetic,synthetic_fixed_global_transformation,True,False
251,4,OHRC,TMC-2,controlled_synthetic,synthetic_fixed_global_transformation,True,False
252,0,OHRC,TMC-2,controlled_synthetic,synthetic_fixed_global_transformation,True,False
252,1,OHRC,TMC-2,controlled_synthetic,synthetic_fixed_global_transformation,True,False
252,2,OHRC,TMC-2,controlled_synthetic,synthetic_fixed_global_transformation,True,False
252,3,OHRC,TMC-2,controlled_synthetic,synthetic_fixed_global_transformation,True,False
252,4,OHRC,TMC-2,controlled_synthetic,synthetic_fixed_global_transformation,True,False
253,0,OHRC,TMC-2,controlled_synthetic,synthetic_fixed_global_transformation,True,False
253,1,OHRC,TMC-2,controlled_synthetic,synthetic_fixed_global_transformation,True,False
253,2,OHRC,TMC-2,controlled_synthetic,synthetic_fixed_global_transformation,True,False
253,3,OHRC,TMC-2,controlled_synthetic,synthetic_fixed_global_transformation,True,False
253,4,OHRC,TMC-2,controlled_synthetic,synthetic_fixed_global_transformation,True,False
254,0,OHRC,TMC-2,controlled_synthetic,synthetic_fixed_global_transformation,True,False
254,1,OHRC,TMC-2,controlled_synthetic,synthetic_fixed_global_transformation,True,False
254,2,OHRC,TMC-2,controlled_synthetic,synthetic_fixed_global_transformation,True,False
254,3,OHRC,TMC-2,controlled_synthetic,synthetic_fixed_global_transformation,True,False
254,4,OHRC,TMC-2,controlled_synthetic,synthetic_fixed_global_transformation,True,False
255,0,OHRC,TMC-2,controlled_synthetic,synthetic_fixed_global_transformation,True,False
255,1,OHRC,TMC-2,controlled_synthetic,synthetic_fixed_global_transformation,True,False
255,2,OHRC,TMC-2,controlled_synthetic,synthetic_fixed_global_transformation,True,False
255,3,OHRC,TMC-2,controlled_synthetic,synthetic_fixed_global_transformation,True,False
255,4,OHRC,TMC-2,controlled_synthetic,synthetic_fixed_global_transformation,True,False
256,0,OHRC,TMC-2,controlled_synthetic,synthetic_fixed_global_transformation,True,False
256,1,OHRC,TMC-2,controlled_synthetic,synthetic_fixed_global_transformation,True,False
256,2,OHRC,TMC-2,controlled_synthetic,synthetic_fixed_global_transformation,True,False
256,3,OHRC,TMC-2,controlled_synthetic,synthetic_fixed_global_transformation,True,False
256,4,OHRC,TMC-2,controlled_synthetic,synthetic_fixed_global_transformation,True,False
257,0,OHRC,TMC-2,controlled_synthetic,synthetic_fixed_global_transformation,True,False
257,1,OHRC,TMC-2,controlled_synthetic,synthetic_fixed_global_transformation,True,False
257,2,OHRC,TMC-2,controlled_synthetic,synthetic_fixed_global_transformation,True,False
257,3,OHRC,TMC-2,controlled_synthetic,synthetic_fixed_global_transformation,True,False
257,4,OHRC,TMC-2,controlled_synthetic,synthetic_fixed_global_transformation,True,False
258,0,OHRC,TMC-2,controlled_synthetic,synthetic_fixed_global_transformation,True,False
258,1,OHRC,TMC-2,controlled_synthetic,synthetic_fixed_global_transformation,True,False
258,2,OHRC,TMC-2,controlled_synthetic,synthetic_fixed_global_transformation,True,False
258,3,OHRC,TMC-2,controlled_synthetic,synthetic_fixed_global_transformation,True,False
258,4,OHRC,TMC-2,controlled_synthetic,synthetic_fixed_global_transformation,True,False
259,0,OHRC,TMC-2,controlled_synthetic,synthetic_fixed_global_transformation,True,False
259,1,OHRC,TMC-2,controlled_synthetic,synthetic_fixed_global_transformation,True,False
259,2,OHRC,TMC-2,controlled_synthetic,synthetic_fixed_global_transformation,True,False
259,3,OHRC,TMC-2,controlled_synthetic,synthetic_fixed_global_transformation,True,False
259,4,OHRC,TMC-2,controlled_synthetic,synthetic_fixed_global_transformation,True,False
260,0,OHRC,TMC-2,controlled_synthetic,synthetic_fixed_global_transformation,True,False
260,1,OHRC,TMC-2,controlled_synthetic,synthetic_fixed_global_transformation,True,False
260,2,OHRC,TMC-2,controlled_synthetic,synthetic_fixed_global_transformation,True,False
260,3,OHRC,TMC-2,controlled_synthetic,synthetic_fixed_global_transformation,True,False
260,4,OHRC,TMC-2,controlled_synthetic,synthetic_fixed_global_transformation,True,False
261,0,OHRC,TMC-2,controlled_synthetic,synthetic_fixed_global_transformation,True,False
261,1,OHRC,TMC-2,controlled_synthetic,synthetic_fixed_global_transformation,True,False
261,2,OHRC,TMC-2,controlled_synthetic,synthetic_fixed_global_transformation,True,False
261,3,OHRC,TMC-2,controlled_synthetic,synthetic_fixed_global_transformation,True,False
261,4,OHRC,TMC-2,controlled_synthetic,synthetic_fixed_global_transformation,True,False
262,0,OHRC,TMC-2,controlled_synthetic,synthetic_fixed_global_transformation,True,False
262,1,OHRC,TMC-2,controlled_synthetic,synthetic_fixed_global_transformation,True,False
262,2,OHRC,TMC-2,controlled_synthetic,synthetic_fixed_global_transformation,True,False
262,3,OHRC,TMC-2,controlled_synthetic,synthetic_fixed_global_transformation,True,False
262,4,OHRC,TMC-2,controlled_synthetic,synthetic_fixed_global_transformation,True,False
263,0,OHRC,TMC-2,controlled_synthetic,synthetic_fixed_global_transformation,True,False
263,1,OHRC,TMC-2,controlled_synthetic,synthetic_fixed_global_transformation,True,False
263,2,OHRC,TMC-2,controlled_synthetic,synthetic_fixed_global_transformation,True,False
263,3,OHRC,TMC-2,controlled_synthetic,synthetic_fixed_global_transformation,True,False
263,4,OHRC,TMC-2,controlled_synthetic,synthetic_fixed_global_transformation,True,False
264,0,OHRC,TMC-2,controlled_synthetic,synthetic_fixed_global_transformation,True,False
264,1,OHRC,TMC-2,controlled_synthetic,synthetic_fixed_global_transformation,True,False
264,2,OHRC,TMC-2,controlled_synthetic,synthetic_fixed_global_transformation,True,False
264,3,OHRC,TMC-2,controlled_synthetic,synthetic_fixed_global_transformation,True,False
264,4,OHRC,TMC-2,controlled_synthetic,synthetic_fixed_global_transformation,True,False
265,0,OHRC,TMC-2,controlled_synthetic,synthetic_fixed_global_transformation,True,False
265,1,OHRC,TMC-2,controlled_synthetic,synthetic_fixed_global_transformation,True,False
265,2,OHRC,TMC-2,controlled_synthetic,synthetic_fixed_global_transformation,True,False
265,3,OHRC,TMC-2,controlled_synthetic,synthetic_fixed_global_transformation,True,False
265,4,OHRC,TMC-2,controlled_synthetic,synthetic_fixed_global_transformation,True,False
266,0,OHRC,TMC-2,controlled_synthetic,synthetic_fixed_global_transformation,True,False
266,1,OHRC,TMC-2,controlled_synthetic,synthetic_fixed_global_transformation,True,False
266,2,OHRC,TMC-2,controlled_synthetic,synthetic_fixed_global_transformation,True,False
266,3,OHRC,TMC-2,controlled_synthetic,synthetic_fixed_global_transformation,True,False
266,4,OHRC,TMC-2,controlled_synthetic,synthetic_fixed_global_transformation,True,False
267,0,OHRC,TMC-2,controlled_synthetic,synthetic_fixed_global_transformation,True,False
267,1,OHRC,TMC-2,controlled_synthetic,synthetic_fixed_global_transformation,True,False
267,2,OHRC,TMC-2,controlled_synthetic,synthetic_fixed_global_transformation,True,False
267,3,OHRC,TMC-2,controlled_synthetic,synthetic_fixed_global_transformation,True,False
267,4,OHRC,TMC-2,controlled_synthetic,synthetic_fixed_global_transformation,True,False
268,0,OHRC,TMC-2,controlled_synthetic,synthetic_fixed_global_transformation,True,False
268,1,OHRC,TMC-2,controlled_synthetic,synthetic_fixed_global_transformation,True,False
268,2,OHRC,TMC-2,controlled_synthetic,synthetic_fixed_global_transformation,True,False
268,3,OHRC,TMC-2,controlled_synthetic,synthetic_fixed_global_transformation,True,False
268,4,OHRC,TMC-2,controlled_synthetic,synthetic_fixed_global_transformation,True,False
269,0,OHRC,TMC-2,controlled_synthetic,synthetic_fixed_global_transformation,True,False
269,1,OHRC,TMC-2,controlled_synthetic,synthetic_fixed_global_transformation,True,False
269,2,OHRC,TMC-2,controlled_synthetic,synthetic_fixed_global_transformation,True,False
269,3,OHRC,TMC-2,controlled_synthetic,synthetic_fixed_global_transformation,True,False
269,4,OHRC,TMC-2,controlled_synthetic,synthetic_fixed_global_transformation,True,False
270,0,OHRC,TMC-2,controlled_synthetic,synthetic_fixed_global_transformation,True,False
270,1,OHRC,TMC-2,controlled_synthetic,synthetic_fixed_global_transformation,True,False
270,2,OHRC,TMC-2,controlled_synthetic,synthetic_fixed_global_transformation,True,False
270,3,OHRC,TMC-2,controlled_synthetic,synthetic_fixed_global_transformation,True,False
270,4,OHRC,TMC-2,controlled_synthetic,synthetic_fixed_global_transformation,True,False
271,0,OHRC,TMC-2,controlled_synthetic,synthetic_fixed_global_transformation,True,False
271,1,OHRC,TMC-2,controlled_synthetic,synthetic_fixed_global_transformation,True,False
271,2,OHRC,TMC-2,controlled_synthetic,synthetic_fixed_global_transformation,True,False
271,3,OHRC,TMC-2,controlled_synthetic,synthetic_fixed_global_transformation,True,False
271,4,OHRC,TMC-2,controlled_synthetic,synthetic_fixed_global_transformation,True,False
272,0,OHRC,TMC-2,controlled_synthetic,synthetic_fixed_global_transformation,True,False
272,1,OHRC,TMC-2,controlled_synthetic,synthetic_fixed_global_transformation,True,False
272,2,OHRC,TMC-2,controlled_synthetic,synthetic_fixed_global_transformation,True,False
272,3,OHRC,TMC-2,controlled_synthetic,synthetic_fixed_global_transformation,True,False
272,4,OHRC,TMC-2,controlled_synthetic,synthetic_fixed_global_transformation,True,False
273,0,OHRC,TMC-2,controlled_synthetic,synthetic_fixed_global_transformation,True,False
273,1,OHRC,TMC-2,controlled_synthetic,synthetic_fixed_global_transformation,True,False
273,2,OHRC,TMC-2,controlled_synthetic,synthetic_fixed_global_transformation,True,False
273,3,OHRC,TMC-2,controlled_synthetic,synthetic_fixed_global_transformation,True,False
273,4,OHRC,TMC-2,controlled_synthetic,synthetic_fixed_global_transformation,True,False
274,0,OHRC,TMC-2,controlled_synthetic,synthetic_fixed_global_transformation,True,False
274,1,OHRC,TMC-2,controlled_synthetic,synthetic_fixed_global_transformation,True,False
274,2,OHRC,TMC-2,controlled_synthetic,synthetic_fixed_global_transformation,True,False
274,3,OHRC,TMC-2,controlled_synthetic,synthetic_fixed_global_transformation,True,False
274,4,OHRC,TMC-2,controlled_synthetic,synthetic_fixed_global_transformation,True,False
275,0,OHRC,TMC-2,controlled_synthetic,synthetic_fixed_global_transformation,True,False
275,1,OHRC,TMC-2,controlled_synthetic,synthetic_fixed_global_transformation,True,False
275,2,OHRC,TMC-2,controlled_synthetic,synthetic_fixed_global_transformation,True,False
275,3,OHRC,TMC-2,controlled_synthetic,synthetic_fixed_global_transformation,True,False
275,4,OHRC,TMC-2,controlled_synthetic,synthetic_fixed_global_transformation,True,False
276,0,OHRC,TMC-2,controlled_synthetic,synthetic_fixed_global_transformation,True,False
276,1,OHRC,TMC-2,controlled_synthetic,synthetic_fixed_global_transformation,True,False
276,2,OHRC,TMC-2,controlled_synthetic,synthetic_fixed_global_transformation,True,False
276,3,OHRC,TMC-2,controlled_synthetic,synthetic_fixed_global_transformation,True,False
276,4,OHRC,TMC-2,controlled_synthetic,synthetic_fixed_global_transformation,True,False
277,0,OHRC,TMC-2,controlled_synthetic,synthetic_fixed_global_transformation,True,False
277,1,OHRC,TMC-2,controlled_synthetic,synthetic_fixed_global_transformation,True,False
277,2,OHRC,TMC-2,controlled_synthetic,synthetic_fixed_global_transformation,True,False
277,3,OHRC,TMC-2,controlled_synthetic,synthetic_fixed_global_transformation,True,False
277,4,OHRC,TMC-2,controlled_synthetic,synthetic_fixed_global_transformation,True,False
278,0,OHRC,TMC-2,controlled_synthetic,synthetic_fixed_global_transformation,True,False
278,1,OHRC,TMC-2,controlled_synthetic,synthetic_fixed_global_transformation,True,False
278,2,OHRC,TMC-2,controlled_synthetic,synthetic_fixed_global_transformation,True,False
278,3,OHRC,TMC-2,controlled_synthetic,synthetic_fixed_global_transformation,True,False
278,4,OHRC,TMC-2,controlled_synthetic,synthetic_fixed_global_transformation,True,False
279,0,OHRC,TMC-2,controlled_synthetic,synthetic_fixed_global_transformation,True,False
279,1,OHRC,TMC-2,controlled_synthetic,synthetic_fixed_global_transformation,True,False
279,2,OHRC,TMC-2,controlled_synthetic,synthetic_fixed_global_transformation,True,False
279,3,OHRC,TMC-2,controlled_synthetic,synthetic_fixed_global_transformation,True,False
279,4,OHRC,TMC-2,controlled_synthetic,synthetic_fixed_global_transformation,True,False
280,0,OHRC,TMC-2,controlled_synthetic,synthetic_fixed_global_transformation,True,False
280,1,OHRC,TMC-2,controlled_synthetic,synthetic_fixed_global_transformation,True,False
280,2,OHRC,TMC-2,controlled_synthetic,synthetic_fixed_global_transformation,True,False
280,3,OHRC,TMC-2,controlled_synthetic,synthetic_fixed_global_transformation,True,False
280,4,OHRC,TMC-2,controlled_synthetic,synthetic_fixed_global_transformation,True,False
281,0,OHRC,TMC-2,controlled_synthetic,synthetic_fixed_global_transformation,True,False
281,1,OHRC,TMC-2,controlled_synthetic,synthetic_fixed_global_transformation,True,False
281,2,OHRC,TMC-2,controlled_synthetic,synthetic_fixed_global_transformation,True,False
281,3,OHRC,TMC-2,controlled_synthetic,synthetic_fixed_global_transformation,True,False
281,4,OHRC,TMC-2,controlled_synthetic,synthetic_fixed_global_transformation,True,False
282,0,OHRC,TMC-2,controlled_synthetic,synthetic_fixed_global_transformation,True,False
282,1,OHRC,TMC-2,controlled_synthetic,synthetic_fixed_global_transformation,True,False
282,2,OHRC,TMC-2,controlled_synthetic,synthetic_fixed_global_transformation,True,False
282,3,OHRC,TMC-2,controlled_synthetic,synthetic_fixed_global_transformation,True,False
282,4,OHRC,TMC-2,controlled_synthetic,synthetic_fixed_global_transformation,True,False
283,0,OHRC,TMC-2,controlled_synthetic,synthetic_fixed_global_transformation,True,False
283,1,OHRC,TMC-2,controlled_synthetic,synthetic_fixed_global_transformation,True,False
283,2,OHRC,TMC-2,controlled_synthetic,synthetic_fixed_global_transformation,True,False
283,3,OHRC,TMC-2,controlled_synthetic,synthetic_fixed_global_transformation,True,False
283,4,OHRC,TMC-2,controlled_synthetic,synthetic_fixed_global_transformation,True,False
284,0,OHRC,TMC-2,controlled_synthetic,synthetic_fixed_global_transformation,True,False
284,1,OHRC,TMC-2,controlled_synthetic,synthetic_fixed_global_transformation,True,False
284,2,OHRC,TMC-2,controlled_synthetic,synthetic_fixed_global_transformation,True,False
284,3,OHRC,TMC-2,controlled_synthetic,synthetic_fixed_global_transformation,True,False
284,4,OHRC,TMC-2,controlled_synthetic,synthetic_fixed_global_transformation,True,False
285,0,OHRC,TMC-2,controlled_synthetic,synthetic_fixed_global_transformation,True,False
285,1,OHRC,TMC-2,controlled_synthetic,synthetic_fixed_global_transformation,True,False
285,2,OHRC,TMC-2,controlled_synthetic,synthetic_fixed_global_transformation,True,False
285,3,OHRC,TMC-2,controlled_synthetic,synthetic_fixed_global_transformation,True,False
285,4,OHRC,TMC-2,controlled_synthetic,synthetic_fixed_global_transformation,True,False
286,0,OHRC,TMC-2,controlled_synthetic,synthetic_fixed_global_transformation,True,False
286,1,OHRC,TMC-2,controlled_synthetic,synthetic_fixed_global_transformation,True,False
286,2,OHRC,TMC-2,controlled_synthetic,synthetic_fixed_global_transformation,True,False
286,3,OHRC,TMC-2,controlled_synthetic,synthetic_fixed_global_transformation,True,False
286,4,OHRC,TMC-2,controlled_synthetic,synthetic_fixed_global_transformation,True,False
287,0,OHRC,TMC-2,controlled_synthetic,synthetic_fixed_global_transformation,True,False
287,1,OHRC,TMC-2,controlled_synthetic,synthetic_fixed_global_transformation,True,False
287,2,OHRC,TMC-2,controlled_synthetic,synthetic_fixed_global_transformation,True,False
287,3,OHRC,TMC-2,controlled_synthetic,synthetic_fixed_global_transformation,True,False
287,4,OHRC,TMC-2,controlled_synthetic,synthetic_fixed_global_transformation,True,False
288,0,OHRC,TMC-2,controlled_synthetic,synthetic_fixed_global_transformation,True,False
288,1,OHRC,TMC-2,controlled_synthetic,synthetic_fixed_global_transformation,True,False
288,2,OHRC,TMC-2,controlled_synthetic,synthetic_fixed_global_transformation,True,False
288,3,OHRC,TMC-2,controlled_synthetic,synthetic_fixed_global_transformation,True,False
288,4,OHRC,TMC-2,controlled_synthetic,synthetic_fixed_global_transformation,True,False
289,0,OHRC,TMC-2,controlled_synthetic,synthetic_fixed_global_transformation,True,False
289,1,OHRC,TMC-2,controlled_synthetic,synthetic_fixed_global_transformation,True,False
289,2,OHRC,TMC-2,controlled_synthetic,synthetic_fixed_global_transformation,True,False
289,3,OHRC,TMC-2,controlled_synthetic,synthetic_fixed_global_transformation,True,False
289,4,OHRC,TMC-2,controlled_synthetic,synthetic_fixed_global_transformation,True,False
290,0,OHRC,TMC-2,controlled_synthetic,synthetic_fixed_global_transformation,True,False
290,1,OHRC,TMC-2,controlled_synthetic,synthetic_fixed_global_transformation,True,False
290,2,OHRC,TMC-2,controlled_synthetic,synthetic_fixed_global_transformation,True,False
290,3,OHRC,TMC-2,controlled_synthetic,synthetic_fixed_global_transformation,True,False
290,4,OHRC,TMC-2,controlled_synthetic,synthetic_fixed_global_transformation,True,False
291,0,OHRC,TMC-2,controlled_synthetic,synthetic_fixed_global_transformation,True,False
291,1,OHRC,TMC-2,controlled_synthetic,synthetic_fixed_global_transformation,True,False
291,2,OHRC,TMC-2,controlled_synthetic,synthetic_fixed_global_transformation,True,False
291,3,OHRC,TMC-2,controlled_synthetic,synthetic_fixed_global_transformation,True,False
291,4,OHRC,TMC-2,controlled_synthetic,synthetic_fixed_global_transformation,True,False
292,0,OHRC,TMC-2,controlled_synthetic,synthetic_fixed_global_transformation,True,False
292,1,OHRC,TMC-2,controlled_synthetic,synthetic_fixed_global_transformation,True,False
292,2,OHRC,TMC-2,controlled_synthetic,synthetic_fixed_global_transformation,True,False
292,3,OHRC,TMC-2,controlled_synthetic,synthetic_fixed_global_transformation,True,False
292,4,OHRC,TMC-2,controlled_synthetic,synthetic_fixed_global_transformation,True,False
293,0,OHRC,TMC-2,controlled_synthetic,synthetic_fixed_global_transformation,True,False
293,1,OHRC,TMC-2,controlled_synthetic,synthetic_fixed_global_transformation,True,False
293,2,OHRC,TMC-2,controlled_synthetic,synthetic_fixed_global_transformation,True,False
293,3,OHRC,TMC-2,controlled_synthetic,synthetic_fixed_global_transformation,True,False
293,4,OHRC,TMC-2,controlled_synthetic,synthetic_fixed_global_transformation,True,False
294,0,OHRC,TMC-2,controlled_synthetic,synthetic_fixed_global_transformation,True,False
294,1,OHRC,TMC-2,controlled_synthetic,synthetic_fixed_global_transformation,True,False
294,2,OHRC,TMC-2,controlled_synthetic,synthetic_fixed_global_transformation,True,False
294,3,OHRC,TMC-2,controlled_synthetic,synthetic_fixed_global_transformation,True,False
294,4,OHRC,TMC-2,controlled_synthetic,synthetic_fixed_global_transformation,True,False
295,0,OHRC,TMC-2,controlled_synthetic,synthetic_fixed_global_transformation,True,False
295,1,OHRC,TMC-2,controlled_synthetic,synthetic_fixed_global_transformation,True,False
295,2,OHRC,TMC-2,controlled_synthetic,synthetic_fixed_global_transformation,True,False
295,3,OHRC,TMC-2,controlled_synthetic,synthetic_fixed_global_transformation,True,False
295,4,OHRC,TMC-2,controlled_synthetic,synthetic_fixed_global_transformation,True,False
296,0,OHRC,TMC-2,controlled_synthetic,synthetic_fixed_global_transformation,True,False
296,1,OHRC,TMC-2,controlled_synthetic,synthetic_fixed_global_transformation,True,False
296,2,OHRC,TMC-2,controlled_synthetic,synthetic_fixed_global_transformation,True,False
296,3,OHRC,TMC-2,controlled_synthetic,synthetic_fixed_global_transformation,True,False
296,4,OHRC,TMC-2,controlled_synthetic,synthetic_fixed_global_transformation,True,False
297,0,OHRC,TMC-2,controlled_synthetic,synthetic_fixed_global_transformation,True,False
297,1,OHRC,TMC-2,controlled_synthetic,synthetic_fixed_global_transformation,True,False
297,2,OHRC,TMC-2,controlled_synthetic,synthetic_fixed_global_transformation,True,False
297,3,OHRC,TMC-2,controlled_synthetic,synthetic_fixed_global_transformation,True,False
297,4,OHRC,TMC-2,controlled_synthetic,synthetic_fixed_global_transformation,True,False
298,0,OHRC,TMC-2,controlled_synthetic,synthetic_fixed_global_transformation,True,False
298,1,OHRC,TMC-2,controlled_synthetic,synthetic_fixed_global_transformation,True,False
298,2,OHRC,TMC-2,controlled_synthetic,synthetic_fixed_global_transformation,True,False
298,3,OHRC,TMC-2,controlled_synthetic,synthetic_fixed_global_transformation,True,False
298,4,OHRC,TMC-2,controlled_synthetic,synthetic_fixed_global_transformation,True,False
299,0,OHRC,TMC-2,controlled_synthetic,synthetic_fixed_global_transformation,True,False
299,1,OHRC,TMC-2,controlled_synthetic,synthetic_fixed_global_transformation,True,False
299,2,OHRC,TMC-2,controlled_synthetic,synthetic_fixed_global_transformation,True,False
299,3,OHRC,TMC-2,controlled_synthetic,synthetic_fixed_global_transformation,True,False
299,4,OHRC,TMC-2,controlled_synthetic,synthetic_fixed_global_transformation,True,False
300,0,OHRC,TMC-2,controlled_synthetic,synthetic_fixed_global_transformation,True,False
300,1,OHRC,TMC-2,controlled_synthetic,synthetic_fixed_global_transformation,True,False
300,2,OHRC,TMC-2,controlled_synthetic,synthetic_fixed_global_transformation,True,False
300,3,OHRC,TMC-2,controlled_synthetic,synthetic_fixed_global_transformation,True,False
300,4,OHRC,TMC-2,controlled_synthetic,synthetic_fixed_global_transformation,True,False
301,0,OHRC,TMC-2,controlled_synthetic,synthetic_fixed_global_transformation,True,False
301,1,OHRC,TMC-2,controlled_synthetic,synthetic_fixed_global_transformation,True,False
301,2,OHRC,TMC-2,controlled_synthetic,synthetic_fixed_global_transformation,True,False
301,3,OHRC,TMC-2,controlled_synthetic,synthetic_fixed_global_transformation,True,False
301,4,OHRC,TMC-2,controlled_synthetic,synthetic_fixed_global_transformation,True,False
302,0,OHRC,TMC-2,controlled_synthetic,synthetic_fixed_global_transformation,True,False
302,1,OHRC,TMC-2,controlled_synthetic,synthetic_fixed_global_transformation,True,False
302,2,OHRC,TMC-2,controlled_synthetic,synthetic_fixed_global_transformation,True,False
302,3,OHRC,TMC-2,controlled_synthetic,synthetic_fixed_global_transformation,True,False
302,4,OHRC,TMC-2,controlled_synthetic,synthetic_fixed_global_transformation,True,False
303,0,OHRC,TMC-2,controlled_synthetic,synthetic_fixed_global_transformation,True,False
303,1,OHRC,TMC-2,controlled_synthetic,synthetic_fixed_global_transformation,True,False
303,2,OHRC,TMC-2,controlled_synthetic,synthetic_fixed_global_transformation,True,False
303,3,OHRC,TMC-2,controlled_synthetic,synthetic_fixed_global_transformation,True,False
303,4,OHRC,TMC-2,controlled_synthetic,synthetic_fixed_global_transformation,True,False
304,0,OHRC,TMC-2,controlled_synthetic,synthetic_fixed_global_transformation,True,False
304,1,OHRC,TMC-2,controlled_synthetic,synthetic_fixed_global_transformation,True,False
304,2,OHRC,TMC-2,controlled_synthetic,synthetic_fixed_global_transformation,True,False
304,3,OHRC,TMC-2,controlled_synthetic,synthetic_fixed_global_transformation,True,False
304,4,OHRC,TMC-2,controlled_synthetic,synthetic_fixed_global_transformation,True,False
305,0,OHRC,TMC-2,controlled_synthetic,synthetic_fixed_global_transformation,True,False
305,1,OHRC,TMC-2,controlled_synthetic,synthetic_fixed_global_transformation,True,False
305,2,OHRC,TMC-2,controlled_synthetic,synthetic_fixed_global_transformation,True,False
305,3,OHRC,TMC-2,controlled_synthetic,synthetic_fixed_global_transformation,True,False
305,4,OHRC,TMC-2,controlled_synthetic,synthetic_fixed_global_transformation,True,False
306,0,OHRC,TMC-2,controlled_synthetic,synthetic_fixed_global_transformation,True,False
306,1,OHRC,TMC-2,controlled_synthetic,synthetic_fixed_global_transformation,True,False
306,2,OHRC,TMC-2,controlled_synthetic,synthetic_fixed_global_transformation,True,False
306,3,OHRC,TMC-2,controlled_synthetic,synthetic_fixed_global_transformation,True,False
306,4,OHRC,TMC-2,controlled_synthetic,synthetic_fixed_global_transformation,True,False
307,0,OHRC,TMC-2,controlled_synthetic,synthetic_fixed_global_transformation,True,False
307,1,OHRC,TMC-2,controlled_synthetic,synthetic_fixed_global_transformation,True,False
307,2,OHRC,TMC-2,controlled_synthetic,synthetic_fixed_global_transformation,True,False
307,3,OHRC,TMC-2,controlled_synthetic,synthetic_fixed_global_transformation,True,False
307,4,OHRC,TMC-2,controlled_synthetic,synthetic_fixed_global_transformation,True,False
308,0,OHRC,TMC-2,controlled_synthetic,synthetic_fixed_global_transformation,True,False
308,1,OHRC,TMC-2,controlled_synthetic,synthetic_fixed_global_transformation,True,False
308,2,OHRC,TMC-2,controlled_synthetic,synthetic_fixed_global_transformation,True,False
308,3,OHRC,TMC-2,controlled_synthetic,synthetic_fixed_global_transformation,True,False
308,4,OHRC,TMC-2,controlled_synthetic,synthetic_fixed_global_transformation,True,False
309,0,OHRC,TMC-2,controlled_synthetic,synthetic_fixed_global_transformation,True,False
309,1,OHRC,TMC-2,controlled_synthetic,synthetic_fixed_global_transformation,True,False
309,2,OHRC,TMC-2,controlled_synthetic,synthetic_fixed_global_transformation,True,False
309,3,OHRC,TMC-2,controlled_synthetic,synthetic_fixed_global_transformation,True,False
309,4,OHRC,TMC-2,controlled_synthetic,synthetic_fixed_global_transformation,True,False
310,0,OHRC,TMC-2,controlled_synthetic,synthetic_fixed_global_transformation,True,False
310,1,OHRC,TMC-2,controlled_synthetic,synthetic_fixed_global_transformation,True,False
310,2,OHRC,TMC-2,controlled_synthetic,synthetic_fixed_global_transformation,True,False
310,3,OHRC,TMC-2,controlled_synthetic,synthetic_fixed_global_transformation,True,False
310,4,OHRC,TMC-2,controlled_synthetic,synthetic_fixed_global_transformation,True,False
311,0,OHRC,TMC-2,controlled_synthetic,synthetic_fixed_global_transformation,True,False
311,1,OHRC,TMC-2,controlled_synthetic,synthetic_fixed_global_transformation,True,False
311,2,OHRC,TMC-2,controlled_synthetic,synthetic_fixed_global_transformation,True,False
311,3,OHRC,TMC-2,controlled_synthetic,synthetic_fixed_global_transformation,True,False
311,4,OHRC,TMC-2,controlled_synthetic,synthetic_fixed_global_transformation,True,False
312,0,OHRC,TMC-2,controlled_synthetic,synthetic_fixed_global_transformation,True,False
312,1,OHRC,TMC-2,controlled_synthetic,synthetic_fixed_global_transformation,True,False
312,2,OHRC,TMC-2,controlled_synthetic,synthetic_fixed_global_transformation,True,False
312,3,OHRC,TMC-2,controlled_synthetic,synthetic_fixed_global_transformation,True,False
312,4,OHRC,TMC-2,controlled_synthetic,synthetic_fixed_global_transformation,True,False
313,0,OHRC,TMC-2,controlled_synthetic,synthetic_fixed_global_transformation,True,False
313,1,OHRC,TMC-2,controlled_synthetic,synthetic_fixed_global_transformation,True,False
313,2,OHRC,TMC-2,controlled_synthetic,synthetic_fixed_global_transformation,True,False
313,3,OHRC,TMC-2,controlled_synthetic,synthetic_fixed_global_transformation,True,False
313,4,OHRC,TMC-2,controlled_synthetic,synthetic_fixed_global_transformation,True,False
314,0,OHRC,TMC-2,controlled_synthetic,synthetic_fixed_global_transformation,True,False
314,1,OHRC,TMC-2,controlled_synthetic,synthetic_fixed_global_transformation,True,False
314,2,OHRC,TMC-2,controlled_synthetic,synthetic_fixed_global_transformation,True,False
314,3,OHRC,TMC-2,controlled_synthetic,synthetic_fixed_global_transformation,True,False
314,4,OHRC,TMC-2,controlled_synthetic,synthetic_fixed_global_transformation,True,False
315,0,OHRC,TMC-2,controlled_synthetic,synthetic_fixed_global_transformation,True,False
315,1,OHRC,TMC-2,controlled_synthetic,synthetic_fixed_global_transformation,True,False
315,2,OHRC,TMC-2,controlled_synthetic,synthetic_fixed_global_transformation,True,False
315,3,OHRC,TMC-2,controlled_synthetic,synthetic_fixed_global_transformation,True,False
315,4,OHRC,TMC-2,controlled_synthetic,synthetic_fixed_global_transformation,True,False
316,0,OHRC,TMC-2,controlled_synthetic,synthetic_fixed_global_transformation,True,False
316,1,OHRC,TMC-2,controlled_synthetic,synthetic_fixed_global_transformation,True,False
316,2,OHRC,TMC-2,controlled_synthetic,synthetic_fixed_global_transformation,True,False
316,3,OHRC,TMC-2,controlled_synthetic,synthetic_fixed_global_transformation,True,False
316,4,OHRC,TMC-2,controlled_synthetic,synthetic_fixed_global_transformation,True,False
317,0,OHRC,TMC-2,controlled_synthetic,synthetic_fixed_global_transformation,True,False
317,1,OHRC,TMC-2,controlled_synthetic,synthetic_fixed_global_transformation,True,False
317,2,OHRC,TMC-2,controlled_synthetic,synthetic_fixed_global_transformation,True,False
317,3,OHRC,TMC-2,controlled_synthetic,synthetic_fixed_global_transformation,True,False
317,4,OHRC,TMC-2,controlled_synthetic,synthetic_fixed_global_transformation,True,False
318,0,OHRC,TMC-2,controlled_synthetic,synthetic_fixed_global_transformation,True,False
318,1,OHRC,TMC-2,controlled_synthetic,synthetic_fixed_global_transformation,True,False
318,2,OHRC,TMC-2,controlled_synthetic,synthetic_fixed_global_transformation,True,False
318,3,OHRC,TMC-2,controlled_synthetic,synthetic_fixed_global_transformation,True,False
318,4,OHRC,TMC-2,controlled_synthetic,synthetic_fixed_global_transformation,True,False
319,0,OHRC,TMC-2,controlled_synthetic,synthetic_fixed_global_transformation,True,False
319,1,OHRC,TMC-2,controlled_synthetic,synthetic_fixed_global_transformation,True,False
319,2,OHRC,TMC-2,controlled_synthetic,synthetic_fixed_global_transformation,True,False
319,3,OHRC,TMC-2,controlled_synthetic,synthetic_fixed_global_transformation,True,False
319,4,OHRC,TMC-2,controlled_synthetic,synthetic_fixed_global_transformation,True,False
320,0,OHRC,TMC-2,controlled_synthetic,synthetic_fixed_global_transformation,True,False
320,1,OHRC,TMC-2,controlled_synthetic,synthetic_fixed_global_transformation,True,False
320,2,OHRC,TMC-2,controlled_synthetic,synthetic_fixed_global_transformation,True,False
320,3,OHRC,TMC-2,controlled_synthetic,synthetic_fixed_global_transformation,True,False
320,4,OHRC,TMC-2,controlled_synthetic,synthetic_fixed_global_transformation,True,False
321,0,OHRC,TMC-2,controlled_synthetic,synthetic_fixed_global_transformation,True,False
321,1,OHRC,TMC-2,controlled_synthetic,synthetic_fixed_global_transformation,True,False
321,2,OHRC,TMC-2,controlled_synthetic,synthetic_fixed_global_transformation,True,False
321,3,OHRC,TMC-2,controlled_synthetic,synthetic_fixed_global_transformation,True,False
321,4,OHRC,TMC-2,controlled_synthetic,synthetic_fixed_global_transformation,True,False
322,0,OHRC,TMC-2,controlled_synthetic,synthetic_fixed_global_transformation,True,False
322,1,OHRC,TMC-2,controlled_synthetic,synthetic_fixed_global_transformation,True,False
322,2,OHRC,TMC-2,controlled_synthetic,synthetic_fixed_global_transformation,True,False
322,3,OHRC,TMC-2,controlled_synthetic,synthetic_fixed_global_transformation,True,False
322,4,OHRC,TMC-2,controlled_synthetic,synthetic_fixed_global_transformation,True,False
323,0,OHRC,TMC-2,controlled_synthetic,synthetic_fixed_global_transformation,True,False
323,1,OHRC,TMC-2,controlled_synthetic,synthetic_fixed_global_transformation,True,False
323,2,OHRC,TMC-2,controlled_synthetic,synthetic_fixed_global_transformation,True,False
323,3,OHRC,TMC-2,controlled_synthetic,synthetic_fixed_global_transformation,True,False
323,4,OHRC,TMC-2,controlled_synthetic,synthetic_fixed_global_transformation,True,False
324,0,OHRC,TMC-2,controlled_synthetic,synthetic_fixed_global_transformation,True,False
324,1,OHRC,TMC-2,controlled_synthetic,synthetic_fixed_global_transformation,True,False
324,2,OHRC,TMC-2,controlled_synthetic,synthetic_fixed_global_transformation,True,False
324,3,OHRC,TMC-2,controlled_synthetic,synthetic_fixed_global_transformation,True,False
324,4,OHRC,TMC-2,controlled_synthetic,synthetic_fixed_global_transformation,True,False
325,0,OHRC,TMC-2,controlled_synthetic,synthetic_fixed_global_transformation,True,False
325,1,OHRC,TMC-2,controlled_synthetic,synthetic_fixed_global_transformation,True,False
325,2,OHRC,TMC-2,controlled_synthetic,synthetic_fixed_global_transformation,True,False
325,3,OHRC,TMC-2,controlled_synthetic,synthetic_fixed_global_transformation,True,False
325,4,OHRC,TMC-2,controlled_synthetic,synthetic_fixed_global_transformation,True,False
326,0,OHRC,TMC-2,controlled_synthetic,synthetic_fixed_global_transformation,True,False
326,1,OHRC,TMC-2,controlled_synthetic,synthetic_fixed_global_transformation,True,False
326,2,OHRC,TMC-2,controlled_synthetic,synthetic_fixed_global_transformation,True,False
326,3,OHRC,TMC-2,controlled_synthetic,synthetic_fixed_global_transformation,True,False
326,4,OHRC,TMC-2,controlled_synthetic,synthetic_fixed_global_transformation,True,False
327,0,OHRC,TMC-2,controlled_synthetic,synthetic_fixed_global_transformation,True,False
327,1,OHRC,TMC-2,controlled_synthetic,synthetic_fixed_global_transformation,True,False
327,2,OHRC,TMC-2,controlled_synthetic,synthetic_fixed_global_transformation,True,False
327,3,OHRC,TMC-2,controlled_synthetic,synthetic_fixed_global_transformation,True,False
327,4,OHRC,TMC-2,controlled_synthetic,synthetic_fixed_global_transformation,True,False
328,0,OHRC,TMC-2,controlled_synthetic,synthetic_fixed_global_transformation,True,False
328,1,OHRC,TMC-2,controlled_synthetic,synthetic_fixed_global_transformation,True,False
328,2,OHRC,TMC-2,controlled_synthetic,synthetic_fixed_global_transformation,True,False
328,3,OHRC,TMC-2,controlled_synthetic,synthetic_fixed_global_transformation,True,False
328,4,OHRC,TMC-2,controlled_synthetic,synthetic_fixed_global_transformation,True,False
329,0,OHRC,TMC-2,controlled_synthetic,synthetic_fixed_global_transformation,True,False
329,1,OHRC,TMC-2,controlled_synthetic,synthetic_fixed_global_transformation,True,False
329,2,OHRC,TMC-2,controlled_synthetic,synthetic_fixed_global_transformation,True,False
329,3,OHRC,TMC-2,controlled_synthetic,synthetic_fixed_global_transformation,True,False
329,4,OHRC,TMC-2,controlled_synthetic,synthetic_fixed_global_transformation,True,False
330,0,OHRC,TMC-2,controlled_synthetic,synthetic_fixed_global_transformation,True,False
330,1,OHRC,TMC-2,controlled_synthetic,synthetic_fixed_global_transformation,True,False
330,2,OHRC,TMC-2,controlled_synthetic,synthetic_fixed_global_transformation,True,False
330,3,OHRC,TMC-2,controlled_synthetic,synthetic_fixed_global_transformation,True,False
330,4,OHRC,TMC-2,controlled_synthetic,synthetic_fixed_global_transformation,True,False
331,0,OHRC,TMC-2,controlled_synthetic,synthetic_fixed_global_transformation,True,False
331,1,OHRC,TMC-2,controlled_synthetic,synthetic_fixed_global_transformation,True,False
331,2,OHRC,TMC-2,controlled_synthetic,synthetic_fixed_global_transformation,True,False
331,3,OHRC,TMC-2,controlled_synthetic,synthetic_fixed_global_transformation,True,False
331,4,OHRC,TMC-2,controlled_synthetic,synthetic_fixed_global_transformation,True,False
332,0,OHRC,TMC-2,controlled_synthetic,synthetic_fixed_global_transformation,True,False
332,1,OHRC,TMC-2,controlled_synthetic,synthetic_fixed_global_transformation,True,False
332,2,OHRC,TMC-2,controlled_synthetic,synthetic_fixed_global_transformation,True,False
332,3,OHRC,TMC-2,controlled_synthetic,synthetic_fixed_global_transformation,True,False
332,4,OHRC,TMC-2,controlled_synthetic,synthetic_fixed_global_transformation,True,False
333,0,OHRC,TMC-2,controlled_synthetic,synthetic_fixed_global_transformation,True,False
333,1,OHRC,TMC-2,controlled_synthetic,synthetic_fixed_global_transformation,True,False
333,2,OHRC,TMC-2,controlled_synthetic,synthetic_fixed_global_transformation,True,False
333,3,OHRC,TMC-2,controlled_synthetic,synthetic_fixed_global_transformation,True,False
333,4,OHRC,TMC-2,controlled_synthetic,synthetic_fixed_global_transformation,True,False
334,0,OHRC,TMC-2,controlled_synthetic,synthetic_fixed_global_transformation,True,False
334,1,OHRC,TMC-2,controlled_synthetic,synthetic_fixed_global_transformation,True,False
334,2,OHRC,TMC-2,controlled_synthetic,synthetic_fixed_global_transformation,True,False
334,3,OHRC,TMC-2,controlled_synthetic,synthetic_fixed_global_transformation,True,False
334,4,OHRC,TMC-2,controlled_synthetic,synthetic_fixed_global_transformation,True,False
335,0,OHRC,TMC-2,controlled_synthetic,synthetic_fixed_global_transformation,True,False
335,1,OHRC,TMC-2,controlled_synthetic,synthetic_fixed_global_transformation,True,False
335,2,OHRC,TMC-2,controlled_synthetic,synthetic_fixed_global_transformation,True,False
335,3,OHRC,TMC-2,controlled_synthetic,synthetic_fixed_global_transformation,True,False
335,4,OHRC,TMC-2,controlled_synthetic,synthetic_fixed_global_transformation,True,False
336,0,OHRC,TMC-2,controlled_synthetic,synthetic_fixed_global_transformation,True,False
336,1,OHRC,TMC-2,controlled_synthetic,synthetic_fixed_global_transformation,True,False
336,2,OHRC,TMC-2,controlled_synthetic,synthetic_fixed_global_transformation,True,False
336,3,OHRC,TMC-2,controlled_synthetic,synthetic_fixed_global_transformation,True,False
336,4,OHRC,TMC-2,controlled_synthetic,synthetic_fixed_global_transformation,True,False
337,0,OHRC,TMC-2,controlled_synthetic,synthetic_fixed_global_transformation,True,False
337,1,OHRC,TMC-2,controlled_synthetic,synthetic_fixed_global_transformation,True,False
337,2,OHRC,TMC-2,controlled_synthetic,synthetic_fixed_global_transformation,True,False
337,3,OHRC,TMC-2,controlled_synthetic,synthetic_fixed_global_transformation,True,False
337,4,OHRC,TMC-2,controlled_synthetic,synthetic_fixed_global_transformation,True,False
338,0,OHRC,TMC-2,controlled_synthetic,synthetic_fixed_global_transformation,True,False
338,1,OHRC,TMC-2,controlled_synthetic,synthetic_fixed_global_transformation,True,False
338,2,OHRC,TMC-2,controlled_synthetic,synthetic_fixed_global_transformation,True,False
338,3,OHRC,TMC-2,controlled_synthetic,synthetic_fixed_global_transformation,True,False
338,4,OHRC,TMC-2,controlled_synthetic,synthetic_fixed_global_transformation,True,False
339,0,OHRC,TMC-2,controlled_synthetic,synthetic_fixed_global_transformation,True,False
339,1,OHRC,TMC-2,controlled_synthetic,synthetic_fixed_global_transformation,True,False
339,2,OHRC,TMC-2,controlled_synthetic,synthetic_fixed_global_transformation,True,False
339,3,OHRC,TMC-2,controlled_synthetic,synthetic_fixed_global_transformation,True,False
339,4,OHRC,TMC-2,controlled_synthetic,synthetic_fixed_global_transformation,True,False
340,0,OHRC,TMC-2,controlled_synthetic,synthetic_fixed_global_transformation,True,False
340,1,OHRC,TMC-2,controlled_synthetic,synthetic_fixed_global_transformation,True,False
340,2,OHRC,TMC-2,controlled_synthetic,synthetic_fixed_global_transformation,True,False
340,3,OHRC,TMC-2,controlled_synthetic,synthetic_fixed_global_transformation,True,False
340,4,OHRC,TMC-2,controlled_synthetic,synthetic_fixed_global_transformation,True,False
341,0,OHRC,TMC-2,controlled_synthetic,synthetic_fixed_global_transformation,True,False
341,1,OHRC,TMC-2,controlled_synthetic,synthetic_fixed_global_transformation,True,False
341,2,OHRC,TMC-2,controlled_synthetic,synthetic_fixed_global_transformation,True,False
341,3,OHRC,TMC-2,controlled_synthetic,synthetic_fixed_global_transformation,True,False
341,4,OHRC,TMC-2,controlled_synthetic,synthetic_fixed_global_transformation,True,False
342,0,OHRC,TMC-2,controlled_synthetic,synthetic_fixed_global_transformation,True,False
342,1,OHRC,TMC-2,controlled_synthetic,synthetic_fixed_global_transformation,True,False
342,2,OHRC,TMC-2,controlled_synthetic,synthetic_fixed_global_transformation,True,False
342,3,OHRC,TMC-2,controlled_synthetic,synthetic_fixed_global_transformation,True,False
342,4,OHRC,TMC-2,controlled_synthetic,synthetic_fixed_global_transformation,True,False
343,0,OHRC,TMC-2,controlled_synthetic,synthetic_fixed_global_transformation,True,False
343,1,OHRC,TMC-2,controlled_synthetic,synthetic_fixed_global_transformation,True,False
343,2,OHRC,TMC-2,controlled_synthetic,synthetic_fixed_global_transformation,True,False
343,3,OHRC,TMC-2,controlled_synthetic,synthetic_fixed_global_transformation,True,False
343,4,OHRC,TMC-2,controlled_synthetic,synthetic_fixed_global_transformation,True,False
344,0,OHRC,TMC-2,controlled_synthetic,synthetic_fixed_global_transformation,True,False
344,1,OHRC,TMC-2,controlled_synthetic,synthetic_fixed_global_transformation,True,False
344,2,OHRC,TMC-2,controlled_synthetic,synthetic_fixed_global_transformation,True,False
344,3,OHRC,TMC-2,controlled_synthetic,synthetic_fixed_global_transformation,True,False
344,4,OHRC,TMC-2,controlled_synthetic,synthetic_fixed_global_transformation,True,False
345,0,OHRC,TMC-2,controlled_synthetic,synthetic_fixed_global_transformation,True,False
345,1,OHRC,TMC-2,controlled_synthetic,synthetic_fixed_global_transformation,True,False
345,2,OHRC,TMC-2,controlled_synthetic,synthetic_fixed_global_transformation,True,False
345,3,OHRC,TMC-2,controlled_synthetic,synthetic_fixed_global_transformation,True,False
345,4,OHRC,TMC-2,controlled_synthetic,synthetic_fixed_global_transformation,True,False
346,0,OHRC,TMC-2,controlled_synthetic,synthetic_fixed_global_transformation,True,False
346,1,OHRC,TMC-2,controlled_synthetic,synthetic_fixed_global_transformation,True,False
346,2,OHRC,TMC-2,controlled_synthetic,synthetic_fixed_global_transformation,True,False
346,3,OHRC,TMC-2,controlled_synthetic,synthetic_fixed_global_transformation,True,False
346,4,OHRC,TMC-2,controlled_synthetic,synthetic_fixed_global_transformation,True,False
347,0,OHRC,TMC-2,controlled_synthetic,synthetic_fixed_global_transformation,True,False
347,1,OHRC,TMC-2,controlled_synthetic,synthetic_fixed_global_transformation,True,False
347,2,OHRC,TMC-2,controlled_synthetic,synthetic_fixed_global_transformation,True,False
347,3,OHRC,TMC-2,controlled_synthetic,synthetic_fixed_global_transformation,True,False
347,4,OHRC,TMC-2,controlled_synthetic,synthetic_fixed_global_transformation,True,False
348,0,OHRC,TMC-2,controlled_synthetic,synthetic_fixed_global_transformation,True,False
348,1,OHRC,TMC-2,controlled_synthetic,synthetic_fixed_global_transformation,True,False
348,2,OHRC,TMC-2,controlled_synthetic,synthetic_fixed_global_transformation,True,False
348,3,OHRC,TMC-2,controlled_synthetic,synthetic_fixed_global_transformation,True,False
348,4,OHRC,TMC-2,controlled_synthetic,synthetic_fixed_global_transformation,True,False
349,0,OHRC,TMC-2,controlled_synthetic,synthetic_fixed_global_transformation,True,False
349,1,OHRC,TMC-2,controlled_synthetic,synthetic_fixed_global_transformation,True,False
349,2,OHRC,TMC-2,controlled_synthetic,synthetic_fixed_global_transformation,True,False
349,3,OHRC,TMC-2,controlled_synthetic,synthetic_fixed_global_transformation,True,False
349,4,OHRC,TMC-2,controlled_synthetic,synthetic_fixed_global_transformation,True,False
350,0,OHRC,TMC-2,controlled_synthetic,synthetic_fixed_global_transformation,True,False
350,1,OHRC,TMC-2,controlled_synthetic,synthetic_fixed_global_transformation,True,False
350,2,OHRC,TMC-2,controlled_synthetic,synthetic_fixed_global_transformation,True,False
350,3,OHRC,TMC-2,controlled_synthetic,synthetic_fixed_global_transformation,True,False
350,4,OHRC,TMC-2,controlled_synthetic,synthetic_fixed_global_transformation,True,False
351,0,OHRC,TMC-2,controlled_synthetic,synthetic_fixed_global_transformation,True,False
351,1,OHRC,TMC-2,controlled_synthetic,synthetic_fixed_global_transformation,True,False
351,2,OHRC,TMC-2,controlled_synthetic,synthetic_fixed_global_transformation,True,False
351,3,OHRC,TMC-2,controlled_synthetic,synthetic_fixed_global_transformation,True,False
351,4,OHRC,TMC-2,controlled_synthetic,synthetic_fixed_global_transformation,True,False
352,0,OHRC,TMC-2,controlled_synthetic,synthetic_fixed_global_transformation,True,False
352,1,OHRC,TMC-2,controlled_synthetic,synthetic_fixed_global_transformation,True,False
352,2,OHRC,TMC-2,controlled_synthetic,synthetic_fixed_global_transformation,True,False
352,3,OHRC,TMC-2,controlled_synthetic,synthetic_fixed_global_transformation,True,False
352,4,OHRC,TMC-2,controlled_synthetic,synthetic_fixed_global_transformation,True,False
353,0,OHRC,TMC-2,controlled_synthetic,synthetic_fixed_global_transformation,True,False
353,1,OHRC,TMC-2,controlled_synthetic,synthetic_fixed_global_transformation,True,False
353,2,OHRC,TMC-2,controlled_synthetic,synthetic_fixed_global_transformation,True,False
353,3,OHRC,TMC-2,controlled_synthetic,synthetic_fixed_global_transformation,True,False
353,4,OHRC,TMC-2,controlled_synthetic,synthetic_fixed_global_transformation,True,False
354,0,OHRC,TMC-2,controlled_synthetic,synthetic_fixed_global_transformation,True,False
354,1,OHRC,TMC-2,controlled_synthetic,synthetic_fixed_global_transformation,True,False
354,2,OHRC,TMC-2,controlled_synthetic,synthetic_fixed_global_transformation,True,False
354,3,OHRC,TMC-2,controlled_synthetic,synthetic_fixed_global_transformation,True,False
354,4,OHRC,TMC-2,controlled_synthetic,synthetic_fixed_global_transformation,True,False
355,0,OHRC,TMC-2,controlled_synthetic,synthetic_fixed_global_transformation,True,False
355,1,OHRC,TMC-2,controlled_synthetic,synthetic_fixed_global_transformation,True,False
355,2,OHRC,TMC-2,controlled_synthetic,synthetic_fixed_global_transformation,True,False
355,3,OHRC,TMC-2,controlled_synthetic,synthetic_fixed_global_transformation,True,False
355,4,OHRC,TMC-2,controlled_synthetic,synthetic_fixed_global_transformation,True,False
356,0,OHRC,TMC-2,controlled_synthetic,synthetic_fixed_global_transformation,True,False
356,1,OHRC,TMC-2,controlled_synthetic,synthetic_fixed_global_transformation,True,False
356,2,OHRC,TMC-2,controlled_synthetic,synthetic_fixed_global_transformation,True,False
356,3,OHRC,TMC-2,controlled_synthetic,synthetic_fixed_global_transformation,True,False
356,4,OHRC,TMC-2,controlled_synthetic,synthetic_fixed_global_transformation,True,False
357,0,OHRC,TMC-2,controlled_synthetic,synthetic_fixed_global_transformation,True,False
357,1,OHRC,TMC-2,controlled_synthetic,synthetic_fixed_global_transformation,True,False
357,2,OHRC,TMC-2,controlled_synthetic,synthetic_fixed_global_transformation,True,False
357,3,OHRC,TMC-2,controlled_synthetic,synthetic_fixed_global_transformation,True,False
357,4,OHRC,TMC-2,controlled_synthetic,synthetic_fixed_global_transformation,True,False
358,0,OHRC,TMC-2,controlled_synthetic,synthetic_fixed_global_transformation,True,False
358,1,OHRC,TMC-2,controlled_synthetic,synthetic_fixed_global_transformation,True,False
358,2,OHRC,TMC-2,controlled_synthetic,synthetic_fixed_global_transformation,True,False
358,3,OHRC,TMC-2,controlled_synthetic,synthetic_fixed_global_transformation,True,False
358,4,OHRC,TMC-2,controlled_synthetic,synthetic_fixed_global_transformation,True,False
359,0,OHRC,TMC-2,controlled_synthetic,synthetic_fixed_global_transformation,True,False
359,1,OHRC,TMC-2,controlled_synthetic,synthetic_fixed_global_transformation,True,False
359,2,OHRC,TMC-2,controlled_synthetic,synthetic_fixed_global_transformation,True,False
359,3,OHRC,TMC-2,controlled_synthetic,synthetic_fixed_global_transformation,True,False
359,4,OHRC,TMC-2,controlled_synthetic,synthetic_fixed_global_transformation,True,False
360,0,OHRC,TMC-2,controlled_synthetic,synthetic_fixed_global_transformation,True,False
360,1,OHRC,TMC-2,controlled_synthetic,synthetic_fixed_global_transformation,True,False
360,2,OHRC,TMC-2,controlled_synthetic,synthetic_fixed_global_transformation,True,False
360,3,OHRC,TMC-2,controlled_synthetic,synthetic_fixed_global_transformation,True,False
360,4,OHRC,TMC-2,controlled_synthetic,synthetic_fixed_global_transformation,True,False
361,0,OHRC,TMC-2,controlled_synthetic,synthetic_fixed_global_transformation,True,False
361,1,OHRC,TMC-2,controlled_synthetic,synthetic_fixed_global_transformation,True,False
361,2,OHRC,TMC-2,controlled_synthetic,synthetic_fixed_global_transformation,True,False
361,3,OHRC,TMC-2,controlled_synthetic,synthetic_fixed_global_transformation,True,False
361,4,OHRC,TMC-2,controlled_synthetic,synthetic_fixed_global_transformation,True,False
362,0,OHRC,TMC-2,controlled_synthetic,synthetic_fixed_global_transformation,True,False
362,1,OHRC,TMC-2,controlled_synthetic,synthetic_fixed_global_transformation,True,False
362,2,OHRC,TMC-2,controlled_synthetic,synthetic_fixed_global_transformation,True,False
362,3,OHRC,TMC-2,controlled_synthetic,synthetic_fixed_global_transformation,True,False
362,4,OHRC,TMC-2,controlled_synthetic,synthetic_fixed_global_transformation,True,False
363,0,OHRC,TMC-2,controlled_synthetic,synthetic_fixed_global_transformation,True,False
363,1,OHRC,TMC-2,controlled_synthetic,synthetic_fixed_global_transformation,True,False
363,2,OHRC,TMC-2,controlled_synthetic,synthetic_fixed_global_transformation,True,False
363,3,OHRC,TMC-2,controlled_synthetic,synthetic_fixed_global_transformation,True,False
363,4,OHRC,TMC-2,controlled_synthetic,synthetic_fixed_global_transformation,True,False
364,0,OHRC,TMC-2,controlled_synthetic,synthetic_fixed_global_transformation,True,False
364,1,OHRC,TMC-2,controlled_synthetic,synthetic_fixed_global_transformation,True,False
364,2,OHRC,TMC-2,controlled_synthetic,synthetic_fixed_global_transformation,True,False
364,3,OHRC,TMC-2,controlled_synthetic,synthetic_fixed_global_transformation,True,False
364,4,OHRC,TMC-2,controlled_synthetic,synthetic_fixed_global_transformation,True,False
365,0,OHRC,TMC-2,controlled_synthetic,synthetic_fixed_global_transformation,True,False
365,1,OHRC,TMC-2,controlled_synthetic,synthetic_fixed_global_transformation,True,False
365,2,OHRC,TMC-2,controlled_synthetic,synthetic_fixed_global_transformation,True,False
365,3,OHRC,TMC-2,controlled_synthetic,synthetic_fixed_global_transformation,True,False
365,4,OHRC,TMC-2,controlled_synthetic,synthetic_fixed_global_transformation,True,False
366,0,OHRC,TMC-2,controlled_synthetic,synthetic_fixed_global_transformation,True,False
366,1,OHRC,TMC-2,controlled_synthetic,synthetic_fixed_global_transformation,True,False
366,2,OHRC,TMC-2,controlled_synthetic,synthetic_fixed_global_transformation,True,False
366,3,OHRC,TMC-2,controlled_synthetic,synthetic_fixed_global_transformation,True,False
366,4,OHRC,TMC-2,controlled_synthetic,synthetic_fixed_global_transformation,True,False
367,0,OHRC,TMC-2,controlled_synthetic,synthetic_fixed_global_transformation,True,False
367,1,OHRC,TMC-2,controlled_synthetic,synthetic_fixed_global_transformation,True,False
367,2,OHRC,TMC-2,controlled_synthetic,synthetic_fixed_global_transformation,True,False
367,3,OHRC,TMC-2,controlled_synthetic,synthetic_fixed_global_transformation,True,False
367,4,OHRC,TMC-2,controlled_synthetic,synthetic_fixed_global_transformation,True,False
368,0,OHRC,TMC-2,controlled_synthetic,synthetic_fixed_global_transformation,True,False
368,1,OHRC,TMC-2,controlled_synthetic,synthetic_fixed_global_transformation,True,False
368,2,OHRC,TMC-2,controlled_synthetic,synthetic_fixed_global_transformation,True,False
368,3,OHRC,TMC-2,controlled_synthetic,synthetic_fixed_global_transformation,True,False
368,4,OHRC,TMC-2,controlled_synthetic,synthetic_fixed_global_transformation,True,False
369,0,OHRC,TMC-2,controlled_synthetic,synthetic_fixed_global_transformation,True,False
369,1,OHRC,TMC-2,controlled_synthetic,synthetic_fixed_global_transformation,True,False
369,2,OHRC,TMC-2,controlled_synthetic,synthetic_fixed_global_transformation,True,False
369,3,OHRC,TMC-2,controlled_synthetic,synthetic_fixed_global_transformation,True,False
369,4,OHRC,TMC-2,controlled_synthetic,synthetic_fixed_global_transformation,True,False
370,0,OHRC,TMC-2,controlled_synthetic,synthetic_fixed_global_transformation,True,False
370,1,OHRC,TMC-2,controlled_synthetic,synthetic_fixed_global_transformation,True,False
370,2,OHRC,TMC-2,controlled_synthetic,synthetic_fixed_global_transformation,True,False
370,3,OHRC,TMC-2,controlled_synthetic,synthetic_fixed_global_transformation,True,False
370,4,OHRC,TMC-2,controlled_synthetic,synthetic_fixed_global_transformation,True,False
371,0,OHRC,TMC-2,controlled_synthetic,synthetic_fixed_global_transformation,True,False
371,1,OHRC,TMC-2,controlled_synthetic,synthetic_fixed_global_transformation,True,False
371,2,OHRC,TMC-2,controlled_synthetic,synthetic_fixed_global_transformation,True,False
371,3,OHRC,TMC-2,controlled_synthetic,synthetic_fixed_global_transformation,True,False
371,4,OHRC,TMC-2,controlled_synthetic,synthetic_fixed_global_transformation,True,False
372,0,OHRC,TMC-2,controlled_synthetic,synthetic_fixed_global_transformation,True,False
372,1,OHRC,TMC-2,controlled_synthetic,synthetic_fixed_global_transformation,True,False
372,2,OHRC,TMC-2,controlled_synthetic,synthetic_fixed_global_transformation,True,False
372,3,OHRC,TMC-2,controlled_synthetic,synthetic_fixed_global_transformation,True,False
372,4,OHRC,TMC-2,controlled_synthetic,synthetic_fixed_global_transformation,True,False
373,0,OHRC,TMC-2,controlled_synthetic,synthetic_fixed_global_transformation,True,False
373,1,OHRC,TMC-2,controlled_synthetic,synthetic_fixed_global_transformation,True,False
373,2,OHRC,TMC-2,controlled_synthetic,synthetic_fixed_global_transformation,True,False
373,3,OHRC,TMC-2,controlled_synthetic,synthetic_fixed_global_transformation,True,False
373,4,OHRC,TMC-2,controlled_synthetic,synthetic_fixed_global_transformation,True,False
374,0,OHRC,TMC-2,controlled_synthetic,synthetic_fixed_global_transformation,True,False
374,1,OHRC,TMC-2,controlled_synthetic,synthetic_fixed_global_transformation,True,False
374,2,OHRC,TMC-2,controlled_synthetic,synthetic_fixed_global_transformation,True,False
374,3,OHRC,TMC-2,controlled_synthetic,synthetic_fixed_global_transformation,True,False
374,4,OHRC,TMC-2,controlled_synthetic,synthetic_fixed_global_transformation,True,False
375,0,OHRC,TMC-2,controlled_synthetic,synthetic_fixed_global_transformation,True,False
375,1,OHRC,TMC-2,controlled_synthetic,synthetic_fixed_global_transformation,True,False
375,2,OHRC,TMC-2,controlled_synthetic,synthetic_fixed_global_transformation,True,False
375,3,OHRC,TMC-2,controlled_synthetic,synthetic_fixed_global_transformation,True,False
375,4,OHRC,TMC-2,controlled_synthetic,synthetic_fixed_global_transformation,True,False
376,0,OHRC,TMC-2,controlled_synthetic,synthetic_fixed_global_transformation,True,False
376,1,OHRC,TMC-2,controlled_synthetic,synthetic_fixed_global_transformation,True,False
376,2,OHRC,TMC-2,controlled_synthetic,synthetic_fixed_global_transformation,True,False
376,3,OHRC,TMC-2,controlled_synthetic,synthetic_fixed_global_transformation,True,False
376,4,OHRC,TMC-2,controlled_synthetic,synthetic_fixed_global_transformation,True,False
377,0,OHRC,TMC-2,controlled_synthetic,synthetic_fixed_global_transformation,True,False
377,1,OHRC,TMC-2,controlled_synthetic,synthetic_fixed_global_transformation,True,False
377,2,OHRC,TMC-2,controlled_synthetic,synthetic_fixed_global_transformation,True,False
377,3,OHRC,TMC-2,controlled_synthetic,synthetic_fixed_global_transformation,True,False
377,4,OHRC,TMC-2,controlled_synthetic,synthetic_fixed_global_transformation,True,False
378,0,OHRC,TMC-2,controlled_synthetic,synthetic_fixed_global_transformation,True,False
378,1,OHRC,TMC-2,controlled_synthetic,synthetic_fixed_global_transformation,True,False
378,2,OHRC,TMC-2,controlled_synthetic,synthetic_fixed_global_transformation,True,False
378,3,OHRC,TMC-2,controlled_synthetic,synthetic_fixed_global_transformation,True,False
378,4,OHRC,TMC-2,controlled_synthetic,synthetic_fixed_global_transformation,True,False
379,0,OHRC,TMC-2,controlled_synthetic,synthetic_fixed_global_transformation,True,False
379,1,OHRC,TMC-2,controlled_synthetic,synthetic_fixed_global_transformation,True,False
379,2,OHRC,TMC-2,controlled_synthetic,synthetic_fixed_global_transformation,True,False
379,3,OHRC,TMC-2,controlled_synthetic,synthetic_fixed_global_transformation,True,False
379,4,OHRC,TMC-2,controlled_synthetic,synthetic_fixed_global_transformation,True,False
380,0,OHRC,TMC-2,controlled_synthetic,synthetic_fixed_global_transformation,True,False
380,1,OHRC,TMC-2,controlled_synthetic,synthetic_fixed_global_transformation,True,False
380,2,OHRC,TMC-2,controlled_synthetic,synthetic_fixed_global_transformation,True,False
380,3,OHRC,TMC-2,controlled_synthetic,synthetic_fixed_global_transformation,True,False
380,4,OHRC,TMC-2,controlled_synthetic,synthetic_fixed_global_transformation,True,False
381,0,OHRC,TMC-2,controlled_synthetic,synthetic_fixed_global_transformation,True,False
381,1,OHRC,TMC-2,controlled_synthetic,synthetic_fixed_global_transformation,True,False
381,2,OHRC,TMC-2,controlled_synthetic,synthetic_fixed_global_transformation,True,False
381,3,OHRC,TMC-2,controlled_synthetic,synthetic_fixed_global_transformation,True,False
381,4,OHRC,TMC-2,controlled_synthetic,synthetic_fixed_global_transformation,True,False
382,0,OHRC,TMC-2,controlled_synthetic,synthetic_fixed_global_transformation,True,False
382,1,OHRC,TMC-2,controlled_synthetic,synthetic_fixed_global_transformation,True,False
382,2,OHRC,TMC-2,controlled_synthetic,synthetic_fixed_global_transformation,True,False
382,3,OHRC,TMC-2,controlled_synthetic,synthetic_fixed_global_transformation,True,False
382,4,OHRC,TMC-2,controlled_synthetic,synthetic_fixed_global_transformation,True,False
383,0,OHRC,TMC-2,controlled_synthetic,synthetic_fixed_global_transformation,True,False
383,1,OHRC,TMC-2,controlled_synthetic,synthetic_fixed_global_transformation,True,False
383,2,OHRC,TMC-2,controlled_synthetic,synthetic_fixed_global_transformation,True,False
383,3,OHRC,TMC-2,controlled_synthetic,synthetic_fixed_global_transformation,True,False
383,4,OHRC,TMC-2,controlled_synthetic,synthetic_fixed_global_transformation,True,False
384,0,OHRC,TMC-2,controlled_synthetic,synthetic_fixed_global_transformation,True,False
384,1,OHRC,TMC-2,controlled_synthetic,synthetic_fixed_global_transformation,True,False
384,2,OHRC,TMC-2,controlled_synthetic,synthetic_fixed_global_transformation,True,False
384,3,OHRC,TMC-2,controlled_synthetic,synthetic_fixed_global_transformation,True,False
384,4,OHRC,TMC-2,controlled_synthetic,synthetic_fixed_global_transformation,True,False
385,0,OHRC,TMC-2,controlled_synthetic,synthetic_fixed_global_transformation,True,False
385,1,OHRC,TMC-2,controlled_synthetic,synthetic_fixed_global_transformation,True,False
385,2,OHRC,TMC-2,controlled_synthetic,synthetic_fixed_global_transformation,True,False
385,3,OHRC,TMC-2,controlled_synthetic,synthetic_fixed_global_transformation,True,False
385,4,OHRC,TMC-2,controlled_synthetic,synthetic_fixed_global_transformation,True,False
386,0,OHRC,TMC-2,controlled_synthetic,synthetic_fixed_global_transformation,True,False
386,1,OHRC,TMC-2,controlled_synthetic,synthetic_fixed_global_transformation,True,False
386,2,OHRC,TMC-2,controlled_synthetic,synthetic_fixed_global_transformation,True,False
386,3,OHRC,TMC-2,controlled_synthetic,synthetic_fixed_global_transformation,True,False
386,4,OHRC,TMC-2,controlled_synthetic,synthetic_fixed_global_transformation,True,False
387,0,OHRC,TMC-2,controlled_synthetic,synthetic_fixed_global_transformation,True,False
387,1,OHRC,TMC-2,controlled_synthetic,synthetic_fixed_global_transformation,True,False
387,2,OHRC,TMC-2,controlled_synthetic,synthetic_fixed_global_transformation,True,False
387,3,OHRC,TMC-2,controlled_synthetic,synthetic_fixed_global_transformation,True,False
387,4,OHRC,TMC-2,controlled_synthetic,synthetic_fixed_global_transformation,True,False
388,0,OHRC,TMC-2,controlled_synthetic,synthetic_fixed_global_transformation,True,False
388,1,OHRC,TMC-2,controlled_synthetic,synthetic_fixed_global_transformation,True,False
388,2,OHRC,TMC-2,controlled_synthetic,synthetic_fixed_global_transformation,True,False
388,3,OHRC,TMC-2,controlled_synthetic,synthetic_fixed_global_transformation,True,False
388,4,OHRC,TMC-2,controlled_synthetic,synthetic_fixed_global_transformation,True,False
389,0,OHRC,TMC-2,controlled_synthetic,synthetic_fixed_global_transformation,True,False
389,1,OHRC,TMC-2,controlled_synthetic,synthetic_fixed_global_transformation,True,False
389,2,OHRC,TMC-2,controlled_synthetic,synthetic_fixed_global_transformation,True,False
389,3,OHRC,TMC-2,controlled_synthetic,synthetic_fixed_global_transformation,True,False
389,4,OHRC,TMC-2,controlled_synthetic,synthetic_fixed_global_transformation,True,False
390,0,OHRC,TMC-2,controlled_synthetic,synthetic_fixed_global_transformation,True,False
390,1,OHRC,TMC-2,controlled_synthetic,synthetic_fixed_global_transformation,True,False
390,2,OHRC,TMC-2,controlled_synthetic,synthetic_fixed_global_transformation,True,False
390,3,OHRC,TMC-2,controlled_synthetic,synthetic_fixed_global_transformation,True,False
390,4,OHRC,TMC-2,controlled_synthetic,synthetic_fixed_global_transformation,True,False
391,0,OHRC,TMC-2,controlled_synthetic,synthetic_fixed_global_transformation,True,False
391,1,OHRC,TMC-2,controlled_synthetic,synthetic_fixed_global_transformation,True,False
391,2,OHRC,TMC-2,controlled_synthetic,synthetic_fixed_global_transformation,True,False
391,3,OHRC,TMC-2,controlled_synthetic,synthetic_fixed_global_transformation,True,False
391,4,OHRC,TMC-2,controlled_synthetic,synthetic_fixed_global_transformation,True,False
392,0,OHRC,TMC-2,controlled_synthetic,synthetic_fixed_global_transformation,True,False
392,1,OHRC,TMC-2,controlled_synthetic,synthetic_fixed_global_transformation,True,False
392,2,OHRC,TMC-2,controlled_synthetic,synthetic_fixed_global_transformation,True,False
392,3,OHRC,TMC-2,controlled_synthetic,synthetic_fixed_global_transformation,True,False
392,4,OHRC,TMC-2,controlled_synthetic,synthetic_fixed_global_transformation,True,False
393,0,OHRC,TMC-2,controlled_synthetic,synthetic_fixed_global_transformation,True,False
393,1,OHRC,TMC-2,controlled_synthetic,synthetic_fixed_global_transformation,True,False
393,2,OHRC,TMC-2,controlled_synthetic,synthetic_fixed_global_transformation,True,False
393,3,OHRC,TMC-2,controlled_synthetic,synthetic_fixed_global_transformation,True,False
393,4,OHRC,TMC-2,controlled_synthetic,synthetic_fixed_global_transformation,True,False
394,0,OHRC,TMC-2,controlled_synthetic,synthetic_fixed_global_transformation,True,False
394,1,OHRC,TMC-2,controlled_synthetic,synthetic_fixed_global_transformation,True,False
394,2,OHRC,TMC-2,controlled_synthetic,synthetic_fixed_global_transformation,True,False
394,3,OHRC,TMC-2,controlled_synthetic,synthetic_fixed_global_transformation,True,False
394,4,OHRC,TMC-2,controlled_synthetic,synthetic_fixed_global_transformation,True,False
395,0,OHRC,TMC-2,controlled_synthetic,synthetic_fixed_global_transformation,True,False
395,1,OHRC,TMC-2,controlled_synthetic,synthetic_fixed_global_transformation,True,False
395,2,OHRC,TMC-2,controlled_synthetic,synthetic_fixed_global_transformation,True,False
395,3,OHRC,TMC-2,controlled_synthetic,synthetic_fixed_global_transformation,True,False
395,4,OHRC,TMC-2,controlled_synthetic,synthetic_fixed_global_transformation,True,False
396,0,OHRC,TMC-2,controlled_synthetic,synthetic_fixed_global_transformation,True,False
396,1,OHRC,TMC-2,controlled_synthetic,synthetic_fixed_global_transformation,True,False
396,2,OHRC,TMC-2,controlled_synthetic,synthetic_fixed_global_transformation,True,False
396,3,OHRC,TMC-2,controlled_synthetic,synthetic_fixed_global_transformation,True,False
396,4,OHRC,TMC-2,controlled_synthetic,synthetic_fixed_global_transformation,True,False
397,0,OHRC,TMC-2,controlled_synthetic,synthetic_fixed_global_transformation,True,False
397,1,OHRC,TMC-2,controlled_synthetic,synthetic_fixed_global_transformation,True,False
397,2,OHRC,TMC-2,controlled_synthetic,synthetic_fixed_global_transformation,True,False
397,3,OHRC,TMC-2,controlled_synthetic,synthetic_fixed_global_transformation,True,False
397,4,OHRC,TMC-2,controlled_synthetic,synthetic_fixed_global_transformation,True,False
398,0,OHRC,TMC-2,controlled_synthetic,synthetic_fixed_global_transformation,True,False
398,1,OHRC,TMC-2,controlled_synthetic,synthetic_fixed_global_transformation,True,False
398,2,OHRC,TMC-2,controlled_synthetic,synthetic_fixed_global_transformation,True,False
398,3,OHRC,TMC-2,controlled_synthetic,synthetic_fixed_global_transformation,True,False
398,4,OHRC,TMC-2,controlled_synthetic,synthetic_fixed_global_transformation,True,False
399,0,OHRC,TMC-2,controlled_synthetic,synthetic_fixed_global_transformation,True,False
399,1,OHRC,TMC-2,controlled_synthetic,synthetic_fixed_global_transformation,True,False
399,2,OHRC,TMC-2,controlled_synthetic,synthetic_fixed_global_transformation,True,False
399,3,OHRC,TMC-2,controlled_synthetic,synthetic_fixed_global_transformation,True,False
399,4,OHRC,TMC-2,controlled_synthetic,synthetic_fixed_global_transformation,True,False
