synthetic_id,source_patch_id,source_index,view_index,sample_type,correspondence_type,source_modality,target_modality,ground_truth_available,real_geographic_correspondence,transformation,noise_level
iirs_tmc2_fixed_00000,ch2_tmc_nca_20260813T1023298778_d_img_d18_r025344_c000512,257,0,controlled_synthetic,fixed_global_domain_transform,synthetic_source_domain,TMC-2,True,False,fixed_rotation_scale_bias_nonlinearity,0.01
iirs_tmc2_fixed_00001,ch2_tmc_nca_20260813T1023298778_d_img_d18_r025344_c000512,257,1,controlled_synthetic,fixed_global_domain_transform,synthetic_source_domain,TMC-2,True,False,fixed_rotation_scale_bias_nonlinearity,0.02
iirs_tmc2_fixed_00002,ch2_tmc_nca_20260813T1023298778_d_img_d18_r025344_c000512,257,2,controlled_synthetic,fixed_global_domain_transform,synthetic_source_domain,TMC-2,True,False,fixed_rotation_scale_bias_nonlinearity,0.03
iirs_tmc2_fixed_00003,ch2_tmc_nca_20260813T1023298778_d_img_d18_r025344_c000512,257,3,controlled_synthetic,fixed_global_domain_transform,synthetic_source_domain,TMC-2,True,False,fixed_rotation_scale_bias_nonlinearity,0.02
iirs_tmc2_fixed_00004,ch2_tmc_nca_20260813T1023298778_d_img_d18_r025344_c000512,257,4,controlled_synthetic,fixed_global_domain_transform,synthetic_source_domain,TMC-2,True,False,fixed_rotation_scale_bias_nonlinearity,0.01
iirs_tmc2_fixed_00005,ch2_tmc_nca_20260813T1023298778_d_img_d18_r001280_c001792,304,0,controlled_synthetic,fixed_global_domain_transform,synthetic_source_domain,TMC-2,True,False,fixed_rotation_scale_bias_nonlinearity,0.01
iirs_tmc2_fixed_00006,ch2_tmc_nca_20260813T1023298778_d_img_d18_r001280_c001792,304,1,controlled_synthetic,fixed_global_domain_transform,synthetic_source_domain,TMC-2,True,False,fixed_rotation_scale_bias_nonlinearity,0.02
iirs_tmc2_fixed_00007,ch2_tmc_nca_20260813T1023298778_d_img_d18_r001280_c001792,304,2,controlled_synthetic,fixed_global_domain_transform,synthetic_source_domain,TMC-2,True,False,fixed_rotation_scale_bias_nonlinearity,0.03
iirs_tmc2_fixed_00008,ch2_tmc_nca_20260813T1023298778_d_img_d18_r001280_c001792,304,3,controlled_synthetic,fixed_global_domain_transform,synthetic_source_domain,TMC-2,True,False,fixed_rotation_scale_bias_nonlinearity,0.02
iirs_tmc2_fixed_00009,ch2_tmc_nca_20260813T1023298778_d_img_d18_r001280_c001792,304,4,controlled_synthetic,fixed_global_domain_transform,synthetic_source_domain,TMC-2,True,False,fixed_rotation_scale_bias_nonlinearity,0.01
iirs_tmc2_fixed_00010,ch2_tmc_nca_20260813T1023298778_d_img_d18_r023296_c002048,189,0,controlled_synthetic,fixed_global_domain_transform,synthetic_source_domain,TMC-2,True,False,fixed_rotation_scale_bias_nonlinearity,0.01
iirs_tmc2_fixed_00011,ch2_tmc_nca_20260813T1023298778_d_img_d18_r023296_c002048,189,1,controlled_synthetic,fixed_global_domain_transform,synthetic_source_domain,TMC-2,True,False,fixed_rotation_scale_bias_nonlinearity,0.02
iirs_tmc2_fixed_00012,ch2_tmc_nca_20260813T1023298778_d_img_d18_r023296_c002048,189,2,controlled_synthetic,fixed_global_domain_transform,synthetic_source_domain,TMC-2,True,False,fixed_rotation_scale_bias_nonlinearity,0.03
iirs_tmc2_fixed_00013,ch2_tmc_nca_20260813T1023298778_d_img_d18_r023296_c002048,189,3,controlled_synthetic,fixed_global_domain_transform,synthetic_source_domain,TMC-2,True,False,fixed_rotation_scale_bias_nonlinearity,0.02
iirs_tmc2_fixed_00014,ch2_tmc_nca_20260813T1023298778_d_img_d18_r023296_c002048,189,4,controlled_synthetic,fixed_global_domain_transform,synthetic_source_domain,TMC-2,True,False,fixed_rotation_scale_bias_nonlinearity,0.01
iirs_tmc2_fixed_00015,ch2_tmc_nca_20260813T1023298778_d_img_d18_r039424_c000512,142,0,controlled_synthetic,fixed_global_domain_transform,synthetic_source_domain,TMC-2,True,False,fixed_rotation_scale_bias_nonlinearity,0.01
iirs_tmc2_fixed_00016,ch2_tmc_nca_20260813T1023298778_d_img_d18_r039424_c000512,142,1,controlled_synthetic,fixed_global_domain_transform,synthetic_source_domain,TMC-2,True,False,fixed_rotation_scale_bias_nonlinearity,0.02
iirs_tmc2_fixed_00017,ch2_tmc_nca_20260813T1023298778_d_img_d18_r039424_c000512,142,2,controlled_synthetic,fixed_global_domain_transform,synthetic_source_domain,TMC-2,True,False,fixed_rotation_scale_bias_nonlinearity,0.03
iirs_tmc2_fixed_00018,ch2_tmc_nca_20260813T1023298778_d_img_d18_r039424_c000512,142,3,controlled_synthetic,fixed_global_domain_transform,synthetic_source_domain,TMC-2,True,False,fixed_rotation_scale_bias_nonlinearity,0.02
iirs_tmc2_fixed_00019,ch2_tmc_nca_20260813T1023298778_d_img_d18_r039424_c000512,142,4,controlled_synthetic,fixed_global_domain_transform,synthetic_source_domain,TMC-2,True,False,fixed_rotation_scale_bias_nonlinearity,0.01
iirs_tmc2_fixed_00020,ch2_tmc_nca_20260813T1023298778_d_img_d18_r047872_c002048,179,0,controlled_synthetic,fixed_global_domain_transform,synthetic_source_domain,TMC-2,True,False,fixed_rotation_scale_bias_nonlinearity,0.01
iirs_tmc2_fixed_00021,ch2_tmc_nca_20260813T1023298778_d_img_d18_r047872_c002048,179,1,controlled_synthetic,fixed_global_domain_transform,synthetic_source_domain,TMC-2,True,False,fixed_rotation_scale_bias_nonlinearity,0.02
iirs_tmc2_fixed_00022,ch2_tmc_nca_20260813T1023298778_d_img_d18_r047872_c002048,179,2,controlled_synthetic,fixed_global_domain_transform,synthetic_source_domain,TMC-2,True,False,fixed_rotation_scale_bias_nonlinearity,0.03
iirs_tmc2_fixed_00023,ch2_tmc_nca_20260813T1023298778_d_img_d18_r047872_c002048,179,3,controlled_synthetic,fixed_global_domain_transform,synthetic_source_domain,TMC-2,True,False,fixed_rotation_scale_bias_nonlinearity,0.02
iirs_tmc2_fixed_00024,ch2_tmc_nca_20260813T1023298778_d_img_d18_r047872_c002048,179,4,controlled_synthetic,fixed_global_domain_transform,synthetic_source_domain,TMC-2,True,False,fixed_rotation_scale_bias_nonlinearity,0.01
iirs_tmc2_fixed_00025,ch2_tmc_nca_20260813T1023298778_d_img_d18_r100864_c001024,164,0,controlled_synthetic,fixed_global_domain_transform,synthetic_source_domain,TMC-2,True,False,fixed_rotation_scale_bias_nonlinearity,0.01
iirs_tmc2_fixed_00026,ch2_tmc_nca_20260813T1023298778_d_img_d18_r100864_c001024,164,1,controlled_synthetic,fixed_global_domain_transform,synthetic_source_domain,TMC-2,True,False,fixed_rotation_scale_bias_nonlinearity,0.02
iirs_tmc2_fixed_00027,ch2_tmc_nca_20260813T1023298778_d_img_d18_r100864_c001024,164,2,controlled_synthetic,fixed_global_domain_transform,synthetic_source_domain,TMC-2,True,False,fixed_rotation_scale_bias_nonlinearity,0.03
iirs_tmc2_fixed_00028,ch2_tmc_nca_20260813T1023298778_d_img_d18_r100864_c001024,164,3,controlled_synthetic,fixed_global_domain_transform,synthetic_source_domain,TMC-2,True,False,fixed_rotation_scale_bias_nonlinearity,0.02
iirs_tmc2_fixed_00029,ch2_tmc_nca_20260813T1023298778_d_img_d18_r100864_c001024,164,4,controlled_synthetic,fixed_global_domain_transform,synthetic_source_domain,TMC-2,True,False,fixed_rotation_scale_bias_nonlinearity,0.01
iirs_tmc2_fixed_00030,ch2_tmc_nca_20260813T1023298778_d_img_d18_r025600_c000512,84,0,controlled_synthetic,fixed_global_domain_transform,synthetic_source_domain,TMC-2,True,False,fixed_rotation_scale_bias_nonlinearity,0.01
iirs_tmc2_fixed_00031,ch2_tmc_nca_20260813T1023298778_d_img_d18_r025600_c000512,84,1,controlled_synthetic,fixed_global_domain_transform,synthetic_source_domain,TMC-2,True,False,fixed_rotation_scale_bias_nonlinearity,0.02
iirs_tmc2_fixed_00032,ch2_tmc_nca_20260813T1023298778_d_img_d18_r025600_c000512,84,2,controlled_synthetic,fixed_global_domain_transform,synthetic_source_domain,TMC-2,True,False,fixed_rotation_scale_bias_nonlinearity,0.03
iirs_tmc2_fixed_00033,ch2_tmc_nca_20260813T1023298778_d_img_d18_r025600_c000512,84,3,controlled_synthetic,fixed_global_domain_transform,synthetic_source_domain,TMC-2,True,False,fixed_rotation_scale_bias_nonlinearity,0.02
iirs_tmc2_fixed_00034,ch2_tmc_nca_20260813T1023298778_d_img_d18_r025600_c000512,84,4,controlled_synthetic,fixed_global_domain_transform,synthetic_source_domain,TMC-2,True,False,fixed_rotation_scale_bias_nonlinearity,0.01
iirs_tmc2_fixed_00035,ch2_tmc_nca_20260813T1023298778_d_img_d18_r060160_c001792,3,0,controlled_synthetic,fixed_global_domain_transform,synthetic_source_domain,TMC-2,True,False,fixed_rotation_scale_bias_nonlinearity,0.01
iirs_tmc2_fixed_00036,ch2_tmc_nca_20260813T1023298778_d_img_d18_r060160_c001792,3,1,controlled_synthetic,fixed_global_domain_transform,synthetic_source_domain,TMC-2,True,False,fixed_rotation_scale_bias_nonlinearity,0.02
iirs_tmc2_fixed_00037,ch2_tmc_nca_20260813T1023298778_d_img_d18_r060160_c001792,3,2,controlled_synthetic,fixed_global_domain_transform,synthetic_source_domain,TMC-2,True,False,fixed_rotation_scale_bias_nonlinearity,0.03
iirs_tmc2_fixed_00038,ch2_tmc_nca_20260813T1023298778_d_img_d18_r060160_c001792,3,3,controlled_synthetic,fixed_global_domain_transform,synthetic_source_domain,TMC-2,True,False,fixed_rotation_scale_bias_nonlinearity,0.02
iirs_tmc2_fixed_00039,ch2_tmc_nca_20260813T1023298778_d_img_d18_r060160_c001792,3,4,controlled_synthetic,fixed_global_domain_transform,synthetic_source_domain,TMC-2,True,False,fixed_rotation_scale_bias_nonlinearity,0.01
iirs_tmc2_fixed_00040,ch2_tmc_nca_20260813T1023298778_d_img_d18_r045312_c003584,341,0,controlled_synthetic,fixed_global_domain_transform,synthetic_source_domain,TMC-2,True,False,fixed_rotation_scale_bias_nonlinearity,0.01
iirs_tmc2_fixed_00041,ch2_tmc_nca_20260813T1023298778_d_img_d18_r045312_c003584,341,1,controlled_synthetic,fixed_global_domain_transform,synthetic_source_domain,TMC-2,True,False,fixed_rotation_scale_bias_nonlinearity,0.02
iirs_tmc2_fixed_00042,ch2_tmc_nca_20260813T1023298778_d_img_d18_r045312_c003584,341,2,controlled_synthetic,fixed_global_domain_transform,synthetic_source_domain,TMC-2,True,False,fixed_rotation_scale_bias_nonlinearity,0.03
iirs_tmc2_fixed_00043,ch2_tmc_nca_20260813T1023298778_d_img_d18_r045312_c003584,341,3,controlled_synthetic,fixed_global_domain_transform,synthetic_source_domain,TMC-2,True,False,fixed_rotation_scale_bias_nonlinearity,0.02
iirs_tmc2_fixed_00044,ch2_tmc_nca_20260813T1023298778_d_img_d18_r045312_c003584,341,4,controlled_synthetic,fixed_global_domain_transform,synthetic_source_domain,TMC-2,True,False,fixed_rotation_scale_bias_nonlinearity,0.01
iirs_tmc2_fixed_00045,ch2_tmc_nca_20260813T1023298778_d_img_d18_r006656_c003328,325,0,controlled_synthetic,fixed_global_domain_transform,synthetic_source_domain,TMC-2,True,False,fixed_rotation_scale_bias_nonlinearity,0.01
iirs_tmc2_fixed_00046,ch2_tmc_nca_20260813T1023298778_d_img_d18_r006656_c003328,325,1,controlled_synthetic,fixed_global_domain_transform,synthetic_source_domain,TMC-2,True,False,fixed_rotation_scale_bias_nonlinearity,0.02
iirs_tmc2_fixed_00047,ch2_tmc_nca_20260813T1023298778_d_img_d18_r006656_c003328,325,2,controlled_synthetic,fixed_global_domain_transform,synthetic_source_domain,TMC-2,True,False,fixed_rotation_scale_bias_nonlinearity,0.03
iirs_tmc2_fixed_00048,ch2_tmc_nca_20260813T1023298778_d_img_d18_r006656_c003328,325,3,controlled_synthetic,fixed_global_domain_transform,synthetic_source_domain,TMC-2,True,False,fixed_rotation_scale_bias_nonlinearity,0.02
iirs_tmc2_fixed_00049,ch2_tmc_nca_20260813T1023298778_d_img_d18_r006656_c003328,325,4,controlled_synthetic,fixed_global_domain_transform,synthetic_source_domain,TMC-2,True,False,fixed_rotation_scale_bias_nonlinearity,0.01
iirs_tmc2_fixed_00050,ch2_tmc_nca_20260813T1023298778_d_img_d18_r012800_c000512,32,0,controlled_synthetic,fixed_global_domain_transform,synthetic_source_domain,TMC-2,True,False,fixed_rotation_scale_bias_nonlinearity,0.01
iirs_tmc2_fixed_00051,ch2_tmc_nca_20260813T1023298778_d_img_d18_r012800_c000512,32,1,controlled_synthetic,fixed_global_domain_transform,synthetic_source_domain,TMC-2,True,False,fixed_rotation_scale_bias_nonlinearity,0.02
iirs_tmc2_fixed_00052,ch2_tmc_nca_20260813T1023298778_d_img_d18_r012800_c000512,32,2,controlled_synthetic,fixed_global_domain_transform,synthetic_source_domain,TMC-2,True,False,fixed_rotation_scale_bias_nonlinearity,0.03
iirs_tmc2_fixed_00053,ch2_tmc_nca_20260813T1023298778_d_img_d18_r012800_c000512,32,3,controlled_synthetic,fixed_global_domain_transform,synthetic_source_domain,TMC-2,True,False,fixed_rotation_scale_bias_nonlinearity,0.02
iirs_tmc2_fixed_00054,ch2_tmc_nca_20260813T1023298778_d_img_d18_r012800_c000512,32,4,controlled_synthetic,fixed_global_domain_transform,synthetic_source_domain,TMC-2,True,False,fixed_rotation_scale_bias_nonlinearity,0.01
iirs_tmc2_fixed_00055,ch2_tmc_nca_20260813T1023298778_d_img_d18_r049920_c002304,226,0,controlled_synthetic,fixed_global_domain_transform,synthetic_source_domain,TMC-2,True,False,fixed_rotation_scale_bias_nonlinearity,0.01
iirs_tmc2_fixed_00056,ch2_tmc_nca_20260813T1023298778_d_img_d18_r049920_c002304,226,1,controlled_synthetic,fixed_global_domain_transform,synthetic_source_domain,TMC-2,True,False,fixed_rotation_scale_bias_nonlinearity,0.02
iirs_tmc2_fixed_00057,ch2_tmc_nca_20260813T1023298778_d_img_d18_r049920_c002304,226,2,controlled_synthetic,fixed_global_domain_transform,synthetic_source_domain,TMC-2,True,False,fixed_rotation_scale_bias_nonlinearity,0.03
iirs_tmc2_fixed_00058,ch2_tmc_nca_20260813T1023298778_d_img_d18_r049920_c002304,226,3,controlled_synthetic,fixed_global_domain_transform,synthetic_source_domain,TMC-2,True,False,fixed_rotation_scale_bias_nonlinearity,0.02
iirs_tmc2_fixed_00059,ch2_tmc_nca_20260813T1023298778_d_img_d18_r049920_c002304,226,4,controlled_synthetic,fixed_global_domain_transform,synthetic_source_domain,TMC-2,True,False,fixed_rotation_scale_bias_nonlinearity,0.01
iirs_tmc2_fixed_00060,ch2_tmc_nca_20260813T1023298778_d_img_d18_r132096_c000768,391,0,controlled_synthetic,fixed_global_domain_transform,synthetic_source_domain,TMC-2,True,False,fixed_rotation_scale_bias_nonlinearity,0.01
iirs_tmc2_fixed_00061,ch2_tmc_nca_20260813T1023298778_d_img_d18_r132096_c000768,391,1,controlled_synthetic,fixed_global_domain_transform,synthetic_source_domain,TMC-2,True,False,fixed_rotation_scale_bias_nonlinearity,0.02
iirs_tmc2_fixed_00062,ch2_tmc_nca_20260813T1023298778_d_img_d18_r132096_c000768,391,2,controlled_synthetic,fixed_global_domain_transform,synthetic_source_domain,TMC-2,True,False,fixed_rotation_scale_bias_nonlinearity,0.03
iirs_tmc2_fixed_00063,ch2_tmc_nca_20260813T1023298778_d_img_d18_r132096_c000768,391,3,controlled_synthetic,fixed_global_domain_transform,synthetic_source_domain,TMC-2,True,False,fixed_rotation_scale_bias_nonlinearity,0.02
iirs_tmc2_fixed_00064,ch2_tmc_nca_20260813T1023298778_d_img_d18_r132096_c000768,391,4,controlled_synthetic,fixed_global_domain_transform,synthetic_source_domain,TMC-2,True,False,fixed_rotation_scale_bias_nonlinearity,0.01
iirs_tmc2_fixed_00065,ch2_tmc_nca_20260813T1023298778_d_img_d18_r025856_c001536,175,0,controlled_synthetic,fixed_global_domain_transform,synthetic_source_domain,TMC-2,True,False,fixed_rotation_scale_bias_nonlinearity,0.01
iirs_tmc2_fixed_00066,ch2_tmc_nca_20260813T1023298778_d_img_d18_r025856_c001536,175,1,controlled_synthetic,fixed_global_domain_transform,synthetic_source_domain,TMC-2,True,False,fixed_rotation_scale_bias_nonlinearity,0.02
iirs_tmc2_fixed_00067,ch2_tmc_nca_20260813T1023298778_d_img_d18_r025856_c001536,175,2,controlled_synthetic,fixed_global_domain_transform,synthetic_source_domain,TMC-2,True,False,fixed_rotation_scale_bias_nonlinearity,0.03
iirs_tmc2_fixed_00068,ch2_tmc_nca_20260813T1023298778_d_img_d18_r025856_c001536,175,3,controlled_synthetic,fixed_global_domain_transform,synthetic_source_domain,TMC-2,True,False,fixed_rotation_scale_bias_nonlinearity,0.02
iirs_tmc2_fixed_00069,ch2_tmc_nca_20260813T1023298778_d_img_d18_r025856_c001536,175,4,controlled_synthetic,fixed_global_domain_transform,synthetic_source_domain,TMC-2,True,False,fixed_rotation_scale_bias_nonlinearity,0.01
iirs_tmc2_fixed_00070,ch2_tmc_nca_20260813T1023298778_d_img_d18_r051712_c000256,102,0,controlled_synthetic,fixed_global_domain_transform,synthetic_source_domain,TMC-2,True,False,fixed_rotation_scale_bias_nonlinearity,0.01
iirs_tmc2_fixed_00071,ch2_tmc_nca_20260813T1023298778_d_img_d18_r051712_c000256,102,1,controlled_synthetic,fixed_global_domain_transform,synthetic_source_domain,TMC-2,True,False,fixed_rotation_scale_bias_nonlinearity,0.02
iirs_tmc2_fixed_00072,ch2_tmc_nca_20260813T1023298778_d_img_d18_r051712_c000256,102,2,controlled_synthetic,fixed_global_domain_transform,synthetic_source_domain,TMC-2,True,False,fixed_rotation_scale_bias_nonlinearity,0.03
iirs_tmc2_fixed_00073,ch2_tmc_nca_20260813T1023298778_d_img_d18_r051712_c000256,102,3,controlled_synthetic,fixed_global_domain_transform,synthetic_source_domain,TMC-2,True,False,fixed_rotation_scale_bias_nonlinearity,0.02
iirs_tmc2_fixed_00074,ch2_tmc_nca_20260813T1023298778_d_img_d18_r051712_c000256,102,4,controlled_synthetic,fixed_global_domain_transform,synthetic_source_domain,TMC-2,True,False,fixed_rotation_scale_bias_nonlinearity,0.01
iirs_tmc2_fixed_00075,ch2_tmc_nca_20260813T1023298778_d_img_d18_r069888_c002304,224,0,controlled_synthetic,fixed_global_domain_transform,synthetic_source_domain,TMC-2,True,False,fixed_rotation_scale_bias_nonlinearity,0.01
iirs_tmc2_fixed_00076,ch2_tmc_nca_20260813T1023298778_d_img_d18_r069888_c002304,224,1,controlled_synthetic,fixed_global_domain_transform,synthetic_source_domain,TMC-2,True,False,fixed_rotation_scale_bias_nonlinearity,0.02
iirs_tmc2_fixed_00077,ch2_tmc_nca_20260813T1023298778_d_img_d18_r069888_c002304,224,2,controlled_synthetic,fixed_global_domain_transform,synthetic_source_domain,TMC-2,True,False,fixed_rotation_scale_bias_nonlinearity,0.03
iirs_tmc2_fixed_00078,ch2_tmc_nca_20260813T1023298778_d_img_d18_r069888_c002304,224,3,controlled_synthetic,fixed_global_domain_transform,synthetic_source_domain,TMC-2,True,False,fixed_rotation_scale_bias_nonlinearity,0.02
iirs_tmc2_fixed_00079,ch2_tmc_nca_20260813T1023298778_d_img_d18_r069888_c002304,224,4,controlled_synthetic,fixed_global_domain_transform,synthetic_source_domain,TMC-2,True,False,fixed_rotation_scale_bias_nonlinearity,0.01
iirs_tmc2_fixed_00080,ch2_tmc_nca_20260813T1023298778_d_img_d18_r023552_c001280,306,0,controlled_synthetic,fixed_global_domain_transform,synthetic_source_domain,TMC-2,True,False,fixed_rotation_scale_bias_nonlinearity,0.01
iirs_tmc2_fixed_00081,ch2_tmc_nca_20260813T1023298778_d_img_d18_r023552_c001280,306,1,controlled_synthetic,fixed_global_domain_transform,synthetic_source_domain,TMC-2,True,False,fixed_rotation_scale_bias_nonlinearity,0.02
iirs_tmc2_fixed_00082,ch2_tmc_nca_20260813T1023298778_d_img_d18_r023552_c001280,306,2,controlled_synthetic,fixed_global_domain_transform,synthetic_source_domain,TMC-2,True,False,fixed_rotation_scale_bias_nonlinearity,0.03
iirs_tmc2_fixed_00083,ch2_tmc_nca_20260813T1023298778_d_img_d18_r023552_c001280,306,3,controlled_synthetic,fixed_global_domain_transform,synthetic_source_domain,TMC-2,True,False,fixed_rotation_scale_bias_nonlinearity,0.02
iirs_tmc2_fixed_00084,ch2_tmc_nca_20260813T1023298778_d_img_d18_r023552_c001280,306,4,controlled_synthetic,fixed_global_domain_transform,synthetic_source_domain,TMC-2,True,False,fixed_rotation_scale_bias_nonlinearity,0.01
iirs_tmc2_fixed_00085,ch2_tmc_nca_20260813T1023298778_d_img_d18_r023808_c001024,367,0,controlled_synthetic,fixed_global_domain_transform,synthetic_source_domain,TMC-2,True,False,fixed_rotation_scale_bias_nonlinearity,0.01
iirs_tmc2_fixed_00086,ch2_tmc_nca_20260813T1023298778_d_img_d18_r023808_c001024,367,1,controlled_synthetic,fixed_global_domain_transform,synthetic_source_domain,TMC-2,True,False,fixed_rotation_scale_bias_nonlinearity,0.02
iirs_tmc2_fixed_00087,ch2_tmc_nca_20260813T1023298778_d_img_d18_r023808_c001024,367,2,controlled_synthetic,fixed_global_domain_transform,synthetic_source_domain,TMC-2,True,False,fixed_rotation_scale_bias_nonlinearity,0.03
iirs_tmc2_fixed_00088,ch2_tmc_nca_20260813T1023298778_d_img_d18_r023808_c001024,367,3,controlled_synthetic,fixed_global_domain_transform,synthetic_source_domain,TMC-2,True,False,fixed_rotation_scale_bias_nonlinearity,0.02
iirs_tmc2_fixed_00089,ch2_tmc_nca_20260813T1023298778_d_img_d18_r023808_c001024,367,4,controlled_synthetic,fixed_global_domain_transform,synthetic_source_domain,TMC-2,True,False,fixed_rotation_scale_bias_nonlinearity,0.01
iirs_tmc2_fixed_00090,ch2_tmc_nca_20260813T1023298778_d_img_d18_r123648_c000512,243,0,controlled_synthetic,fixed_global_domain_transform,synthetic_source_domain,TMC-2,True,False,fixed_rotation_scale_bias_nonlinearity,0.01
iirs_tmc2_fixed_00091,ch2_tmc_nca_20260813T1023298778_d_img_d18_r123648_c000512,243,1,controlled_synthetic,fixed_global_domain_transform,synthetic_source_domain,TMC-2,True,False,fixed_rotation_scale_bias_nonlinearity,0.02
iirs_tmc2_fixed_00092,ch2_tmc_nca_20260813T1023298778_d_img_d18_r123648_c000512,243,2,controlled_synthetic,fixed_global_domain_transform,synthetic_source_domain,TMC-2,True,False,fixed_rotation_scale_bias_nonlinearity,0.03
iirs_tmc2_fixed_00093,ch2_tmc_nca_20260813T1023298778_d_img_d18_r123648_c000512,243,3,controlled_synthetic,fixed_global_domain_transform,synthetic_source_domain,TMC-2,True,False,fixed_rotation_scale_bias_nonlinearity,0.02
iirs_tmc2_fixed_00094,ch2_tmc_nca_20260813T1023298778_d_img_d18_r123648_c000512,243,4,controlled_synthetic,fixed_global_domain_transform,synthetic_source_domain,TMC-2,True,False,fixed_rotation_scale_bias_nonlinearity,0.01
iirs_tmc2_fixed_00095,ch2_tmc_nca_20260813T1023298778_d_img_d18_r016640_c002048,250,0,controlled_synthetic,fixed_global_domain_transform,synthetic_source_domain,TMC-2,True,False,fixed_rotation_scale_bias_nonlinearity,0.01
iirs_tmc2_fixed_00096,ch2_tmc_nca_20260813T1023298778_d_img_d18_r016640_c002048,250,1,controlled_synthetic,fixed_global_domain_transform,synthetic_source_domain,TMC-2,True,False,fixed_rotation_scale_bias_nonlinearity,0.02
iirs_tmc2_fixed_00097,ch2_tmc_nca_20260813T1023298778_d_img_d18_r016640_c002048,250,2,controlled_synthetic,fixed_global_domain_transform,synthetic_source_domain,TMC-2,True,False,fixed_rotation_scale_bias_nonlinearity,0.03
iirs_tmc2_fixed_00098,ch2_tmc_nca_20260813T1023298778_d_img_d18_r016640_c002048,250,3,controlled_synthetic,fixed_global_domain_transform,synthetic_source_domain,TMC-2,True,False,fixed_rotation_scale_bias_nonlinearity,0.02
iirs_tmc2_fixed_00099,ch2_tmc_nca_20260813T1023298778_d_img_d18_r016640_c002048,250,4,controlled_synthetic,fixed_global_domain_transform,synthetic_source_domain,TMC-2,True,False,fixed_rotation_scale_bias_nonlinearity,0.01
iirs_tmc2_fixed_00100,ch2_tmc_nca_20260813T1023298778_d_img_d18_r051456_c002048,159,0,controlled_synthetic,fixed_global_domain_transform,synthetic_source_domain,TMC-2,True,False,fixed_rotation_scale_bias_nonlinearity,0.01
iirs_tmc2_fixed_00101,ch2_tmc_nca_20260813T1023298778_d_img_d18_r051456_c002048,159,1,controlled_synthetic,fixed_global_domain_transform,synthetic_source_domain,TMC-2,True,False,fixed_rotation_scale_bias_nonlinearity,0.02
iirs_tmc2_fixed_00102,ch2_tmc_nca_20260813T1023298778_d_img_d18_r051456_c002048,159,2,controlled_synthetic,fixed_global_domain_transform,synthetic_source_domain,TMC-2,True,False,fixed_rotation_scale_bias_nonlinearity,0.03
iirs_tmc2_fixed_00103,ch2_tmc_nca_20260813T1023298778_d_img_d18_r051456_c002048,159,3,controlled_synthetic,fixed_global_domain_transform,synthetic_source_domain,TMC-2,True,False,fixed_rotation_scale_bias_nonlinearity,0.02
iirs_tmc2_fixed_00104,ch2_tmc_nca_20260813T1023298778_d_img_d18_r051456_c002048,159,4,controlled_synthetic,fixed_global_domain_transform,synthetic_source_domain,TMC-2,True,False,fixed_rotation_scale_bias_nonlinearity,0.01
iirs_tmc2_fixed_00105,ch2_tmc_nca_20260813T1023298778_d_img_d18_r110336_c000000,334,0,controlled_synthetic,fixed_global_domain_transform,synthetic_source_domain,TMC-2,True,False,fixed_rotation_scale_bias_nonlinearity,0.01
iirs_tmc2_fixed_00106,ch2_tmc_nca_20260813T1023298778_d_img_d18_r110336_c000000,334,1,controlled_synthetic,fixed_global_domain_transform,synthetic_source_domain,TMC-2,True,False,fixed_rotation_scale_bias_nonlinearity,0.02
iirs_tmc2_fixed_00107,ch2_tmc_nca_20260813T1023298778_d_img_d18_r110336_c000000,334,2,controlled_synthetic,fixed_global_domain_transform,synthetic_source_domain,TMC-2,True,False,fixed_rotation_scale_bias_nonlinearity,0.03
iirs_tmc2_fixed_00108,ch2_tmc_nca_20260813T1023298778_d_img_d18_r110336_c000000,334,3,controlled_synthetic,fixed_global_domain_transform,synthetic_source_domain,TMC-2,True,False,fixed_rotation_scale_bias_nonlinearity,0.02
iirs_tmc2_fixed_00109,ch2_tmc_nca_20260813T1023298778_d_img_d18_r110336_c000000,334,4,controlled_synthetic,fixed_global_domain_transform,synthetic_source_domain,TMC-2,True,False,fixed_rotation_scale_bias_nonlinearity,0.01
iirs_tmc2_fixed_00110,ch2_tmc_nca_20260813T1023298778_d_img_d18_r042496_c003584,292,0,controlled_synthetic,fixed_global_domain_transform,synthetic_source_domain,TMC-2,True,False,fixed_rotation_scale_bias_nonlinearity,0.01
iirs_tmc2_fixed_00111,ch2_tmc_nca_20260813T1023298778_d_img_d18_r042496_c003584,292,1,controlled_synthetic,fixed_global_domain_transform,synthetic_source_domain,TMC-2,True,False,fixed_rotation_scale_bias_nonlinearity,0.02
iirs_tmc2_fixed_00112,ch2_tmc_nca_20260813T1023298778_d_img_d18_r042496_c003584,292,2,controlled_synthetic,fixed_global_domain_transform,synthetic_source_domain,TMC-2,True,False,fixed_rotation_scale_bias_nonlinearity,0.03
iirs_tmc2_fixed_00113,ch2_tmc_nca_20260813T1023298778_d_img_d18_r042496_c003584,292,3,controlled_synthetic,fixed_global_domain_transform,synthetic_source_domain,TMC-2,True,False,fixed_rotation_scale_bias_nonlinearity,0.02
iirs_tmc2_fixed_00114,ch2_tmc_nca_20260813T1023298778_d_img_d18_r042496_c003584,292,4,controlled_synthetic,fixed_global_domain_transform,synthetic_source_domain,TMC-2,True,False,fixed_rotation_scale_bias_nonlinearity,0.01
iirs_tmc2_fixed_00115,ch2_tmc_nca_20260813T1023298778_d_img_d18_r029952_c003584,219,0,controlled_synthetic,fixed_global_domain_transform,synthetic_source_domain,TMC-2,True,False,fixed_rotation_scale_bias_nonlinearity,0.01
iirs_tmc2_fixed_00116,ch2_tmc_nca_20260813T1023298778_d_img_d18_r029952_c003584,219,1,controlled_synthetic,fixed_global_domain_transform,synthetic_source_domain,TMC-2,True,False,fixed_rotation_scale_bias_nonlinearity,0.02
iirs_tmc2_fixed_00117,ch2_tmc_nca_20260813T1023298778_d_img_d18_r029952_c003584,219,2,controlled_synthetic,fixed_global_domain_transform,synthetic_source_domain,TMC-2,True,False,fixed_rotation_scale_bias_nonlinearity,0.03
iirs_tmc2_fixed_00118,ch2_tmc_nca_20260813T1023298778_d_img_d18_r029952_c003584,219,3,controlled_synthetic,fixed_global_domain_transform,synthetic_source_domain,TMC-2,True,False,fixed_rotation_scale_bias_nonlinearity,0.02
iirs_tmc2_fixed_00119,ch2_tmc_nca_20260813T1023298778_d_img_d18_r029952_c003584,219,4,controlled_synthetic,fixed_global_domain_transform,synthetic_source_domain,TMC-2,True,False,fixed_rotation_scale_bias_nonlinearity,0.01
iirs_tmc2_fixed_00120,ch2_tmc_nca_20260813T1023298778_d_img_d18_r034048_c001792,37,0,controlled_synthetic,fixed_global_domain_transform,synthetic_source_domain,TMC-2,True,False,fixed_rotation_scale_bias_nonlinearity,0.01
iirs_tmc2_fixed_00121,ch2_tmc_nca_20260813T1023298778_d_img_d18_r034048_c001792,37,1,controlled_synthetic,fixed_global_domain_transform,synthetic_source_domain,TMC-2,True,False,fixed_rotation_scale_bias_nonlinearity,0.02
iirs_tmc2_fixed_00122,ch2_tmc_nca_20260813T1023298778_d_img_d18_r034048_c001792,37,2,controlled_synthetic,fixed_global_domain_transform,synthetic_source_domain,TMC-2,True,False,fixed_rotation_scale_bias_nonlinearity,0.03
iirs_tmc2_fixed_00123,ch2_tmc_nca_20260813T1023298778_d_img_d18_r034048_c001792,37,3,controlled_synthetic,fixed_global_domain_transform,synthetic_source_domain,TMC-2,True,False,fixed_rotation_scale_bias_nonlinearity,0.02
iirs_tmc2_fixed_00124,ch2_tmc_nca_20260813T1023298778_d_img_d18_r034048_c001792,37,4,controlled_synthetic,fixed_global_domain_transform,synthetic_source_domain,TMC-2,True,False,fixed_rotation_scale_bias_nonlinearity,0.01
iirs_tmc2_fixed_00125,ch2_tmc_nca_20260813T1023298778_d_img_d18_r104192_c000256,168,0,controlled_synthetic,fixed_global_domain_transform,synthetic_source_domain,TMC-2,True,False,fixed_rotation_scale_bias_nonlinearity,0.01
iirs_tmc2_fixed_00126,ch2_tmc_nca_20260813T1023298778_d_img_d18_r104192_c000256,168,1,controlled_synthetic,fixed_global_domain_transform,synthetic_source_domain,TMC-2,True,False,fixed_rotation_scale_bias_nonlinearity,0.02
iirs_tmc2_fixed_00127,ch2_tmc_nca_20260813T1023298778_d_img_d18_r104192_c000256,168,2,controlled_synthetic,fixed_global_domain_transform,synthetic_source_domain,TMC-2,True,False,fixed_rotation_scale_bias_nonlinearity,0.03
iirs_tmc2_fixed_00128,ch2_tmc_nca_20260813T1023298778_d_img_d18_r104192_c000256,168,3,controlled_synthetic,fixed_global_domain_transform,synthetic_source_domain,TMC-2,True,False,fixed_rotation_scale_bias_nonlinearity,0.02
iirs_tmc2_fixed_00129,ch2_tmc_nca_20260813T1023298778_d_img_d18_r104192_c000256,168,4,controlled_synthetic,fixed_global_domain_transform,synthetic_source_domain,TMC-2,True,False,fixed_rotation_scale_bias_nonlinearity,0.01
iirs_tmc2_fixed_00130,ch2_tmc_nca_20260813T1023298778_d_img_d18_r139264_c000000,92,0,controlled_synthetic,fixed_global_domain_transform,synthetic_source_domain,TMC-2,True,False,fixed_rotation_scale_bias_nonlinearity,0.01
iirs_tmc2_fixed_00131,ch2_tmc_nca_20260813T1023298778_d_img_d18_r139264_c000000,92,1,controlled_synthetic,fixed_global_domain_transform,synthetic_source_domain,TMC-2,True,False,fixed_rotation_scale_bias_nonlinearity,0.02
iirs_tmc2_fixed_00132,ch2_tmc_nca_20260813T1023298778_d_img_d18_r139264_c000000,92,2,controlled_synthetic,fixed_global_domain_transform,synthetic_source_domain,TMC-2,True,False,fixed_rotation_scale_bias_nonlinearity,0.03
iirs_tmc2_fixed_00133,ch2_tmc_nca_20260813T1023298778_d_img_d18_r139264_c000000,92,3,controlled_synthetic,fixed_global_domain_transform,synthetic_source_domain,TMC-2,True,False,fixed_rotation_scale_bias_nonlinearity,0.02
iirs_tmc2_fixed_00134,ch2_tmc_nca_20260813T1023298778_d_img_d18_r139264_c000000,92,4,controlled_synthetic,fixed_global_domain_transform,synthetic_source_domain,TMC-2,True,False,fixed_rotation_scale_bias_nonlinearity,0.01
iirs_tmc2_fixed_00135,ch2_tmc_nca_20260813T1023298778_d_img_d18_r057856_c002560,135,0,controlled_synthetic,fixed_global_domain_transform,synthetic_source_domain,TMC-2,True,False,fixed_rotation_scale_bias_nonlinearity,0.01
iirs_tmc2_fixed_00136,ch2_tmc_nca_20260813T1023298778_d_img_d18_r057856_c002560,135,1,controlled_synthetic,fixed_global_domain_transform,synthetic_source_domain,TMC-2,True,False,fixed_rotation_scale_bias_nonlinearity,0.02
iirs_tmc2_fixed_00137,ch2_tmc_nca_20260813T1023298778_d_img_d18_r057856_c002560,135,2,controlled_synthetic,fixed_global_domain_transform,synthetic_source_domain,TMC-2,True,False,fixed_rotation_scale_bias_nonlinearity,0.03
iirs_tmc2_fixed_00138,ch2_tmc_nca_20260813T1023298778_d_img_d18_r057856_c002560,135,3,controlled_synthetic,fixed_global_domain_transform,synthetic_source_domain,TMC-2,True,False,fixed_rotation_scale_bias_nonlinearity,0.02
iirs_tmc2_fixed_00139,ch2_tmc_nca_20260813T1023298778_d_img_d18_r057856_c002560,135,4,controlled_synthetic,fixed_global_domain_transform,synthetic_source_domain,TMC-2,True,False,fixed_rotation_scale_bias_nonlinearity,0.01
iirs_tmc2_fixed_00140,ch2_tmc_nca_20260813T1023298778_d_img_d18_r001280_c003072,281,0,controlled_synthetic,fixed_global_domain_transform,synthetic_source_domain,TMC-2,True,False,fixed_rotation_scale_bias_nonlinearity,0.01
iirs_tmc2_fixed_00141,ch2_tmc_nca_20260813T1023298778_d_img_d18_r001280_c003072,281,1,controlled_synthetic,fixed_global_domain_transform,synthetic_source_domain,TMC-2,True,False,fixed_rotation_scale_bias_nonlinearity,0.02
iirs_tmc2_fixed_00142,ch2_tmc_nca_20260813T1023298778_d_img_d18_r001280_c003072,281,2,controlled_synthetic,fixed_global_domain_transform,synthetic_source_domain,TMC-2,True,False,fixed_rotation_scale_bias_nonlinearity,0.03
iirs_tmc2_fixed_00143,ch2_tmc_nca_20260813T1023298778_d_img_d18_r001280_c003072,281,3,controlled_synthetic,fixed_global_domain_transform,synthetic_source_domain,TMC-2,True,False,fixed_rotation_scale_bias_nonlinearity,0.02
iirs_tmc2_fixed_00144,ch2_tmc_nca_20260813T1023298778_d_img_d18_r001280_c003072,281,4,controlled_synthetic,fixed_global_domain_transform,synthetic_source_domain,TMC-2,True,False,fixed_rotation_scale_bias_nonlinearity,0.01
iirs_tmc2_fixed_00145,ch2_tmc_nca_20260813T1023298778_d_img_d18_r102144_c002816,366,0,controlled_synthetic,fixed_global_domain_transform,synthetic_source_domain,TMC-2,True,False,fixed_rotation_scale_bias_nonlinearity,0.01
iirs_tmc2_fixed_00146,ch2_tmc_nca_20260813T1023298778_d_img_d18_r102144_c002816,366,1,controlled_synthetic,fixed_global_domain_transform,synthetic_source_domain,TMC-2,True,False,fixed_rotation_scale_bias_nonlinearity,0.02
iirs_tmc2_fixed_00147,ch2_tmc_nca_20260813T1023298778_d_img_d18_r102144_c002816,366,2,controlled_synthetic,fixed_global_domain_transform,synthetic_source_domain,TMC-2,True,False,fixed_rotation_scale_bias_nonlinearity,0.03
iirs_tmc2_fixed_00148,ch2_tmc_nca_20260813T1023298778_d_img_d18_r102144_c002816,366,3,controlled_synthetic,fixed_global_domain_transform,synthetic_source_domain,TMC-2,True,False,fixed_rotation_scale_bias_nonlinearity,0.02
iirs_tmc2_fixed_00149,ch2_tmc_nca_20260813T1023298778_d_img_d18_r102144_c002816,366,4,controlled_synthetic,fixed_global_domain_transform,synthetic_source_domain,TMC-2,True,False,fixed_rotation_scale_bias_nonlinearity,0.01
iirs_tmc2_fixed_00150,ch2_tmc_nca_20260813T1023298778_d_img_d18_r017920_c000512,311,0,controlled_synthetic,fixed_global_domain_transform,synthetic_source_domain,TMC-2,True,False,fixed_rotation_scale_bias_nonlinearity,0.01
iirs_tmc2_fixed_00151,ch2_tmc_nca_20260813T1023298778_d_img_d18_r017920_c000512,311,1,controlled_synthetic,fixed_global_domain_transform,synthetic_source_domain,TMC-2,True,False,fixed_rotation_scale_bias_nonlinearity,0.02
iirs_tmc2_fixed_00152,ch2_tmc_nca_20260813T1023298778_d_img_d18_r017920_c000512,311,2,controlled_synthetic,fixed_global_domain_transform,synthetic_source_domain,TMC-2,True,False,fixed_rotation_scale_bias_nonlinearity,0.03
iirs_tmc2_fixed_00153,ch2_tmc_nca_20260813T1023298778_d_img_d18_r017920_c000512,311,3,controlled_synthetic,fixed_global_domain_transform,synthetic_source_domain,TMC-2,True,False,fixed_rotation_scale_bias_nonlinearity,0.02
iirs_tmc2_fixed_00154,ch2_tmc_nca_20260813T1023298778_d_img_d18_r017920_c000512,311,4,controlled_synthetic,fixed_global_domain_transform,synthetic_source_domain,TMC-2,True,False,fixed_rotation_scale_bias_nonlinearity,0.01
iirs_tmc2_fixed_00155,ch2_tmc_nca_20260813T1023298778_d_img_d18_r129024_c001792,289,0,controlled_synthetic,fixed_global_domain_transform,synthetic_source_domain,TMC-2,True,False,fixed_rotation_scale_bias_nonlinearity,0.01
iirs_tmc2_fixed_00156,ch2_tmc_nca_20260813T1023298778_d_img_d18_r129024_c001792,289,1,controlled_synthetic,fixed_global_domain_transform,synthetic_source_domain,TMC-2,True,False,fixed_rotation_scale_bias_nonlinearity,0.02
iirs_tmc2_fixed_00157,ch2_tmc_nca_20260813T1023298778_d_img_d18_r129024_c001792,289,2,controlled_synthetic,fixed_global_domain_transform,synthetic_source_domain,TMC-2,True,False,fixed_rotation_scale_bias_nonlinearity,0.03
iirs_tmc2_fixed_00158,ch2_tmc_nca_20260813T1023298778_d_img_d18_r129024_c001792,289,3,controlled_synthetic,fixed_global_domain_transform,synthetic_source_domain,TMC-2,True,False,fixed_rotation_scale_bias_nonlinearity,0.02
iirs_tmc2_fixed_00159,ch2_tmc_nca_20260813T1023298778_d_img_d18_r129024_c001792,289,4,controlled_synthetic,fixed_global_domain_transform,synthetic_source_domain,TMC-2,True,False,fixed_rotation_scale_bias_nonlinearity,0.01
iirs_tmc2_fixed_00160,ch2_tmc_nca_20260813T1023298778_d_img_d18_r052224_c000768,115,0,controlled_synthetic,fixed_global_domain_transform,synthetic_source_domain,TMC-2,True,False,fixed_rotation_scale_bias_nonlinearity,0.01
iirs_tmc2_fixed_00161,ch2_tmc_nca_20260813T1023298778_d_img_d18_r052224_c000768,115,1,controlled_synthetic,fixed_global_domain_transform,synthetic_source_domain,TMC-2,True,False,fixed_rotation_scale_bias_nonlinearity,0.02
iirs_tmc2_fixed_00162,ch2_tmc_nca_20260813T1023298778_d_img_d18_r052224_c000768,115,2,controlled_synthetic,fixed_global_domain_transform,synthetic_source_domain,TMC-2,True,False,fixed_rotation_scale_bias_nonlinearity,0.03
iirs_tmc2_fixed_00163,ch2_tmc_nca_20260813T1023298778_d_img_d18_r052224_c000768,115,3,controlled_synthetic,fixed_global_domain_transform,synthetic_source_domain,TMC-2,True,False,fixed_rotation_scale_bias_nonlinearity,0.02
iirs_tmc2_fixed_00164,ch2_tmc_nca_20260813T1023298778_d_img_d18_r052224_c000768,115,4,controlled_synthetic,fixed_global_domain_transform,synthetic_source_domain,TMC-2,True,False,fixed_rotation_scale_bias_nonlinearity,0.01
iirs_tmc2_fixed_00165,ch2_tmc_nca_20260813T1023298778_d_img_d18_r046336_c001536,193,0,controlled_synthetic,fixed_global_domain_transform,synthetic_source_domain,TMC-2,True,False,fixed_rotation_scale_bias_nonlinearity,0.01
iirs_tmc2_fixed_00166,ch2_tmc_nca_20260813T1023298778_d_img_d18_r046336_c001536,193,1,controlled_synthetic,fixed_global_domain_transform,synthetic_source_domain,TMC-2,True,False,fixed_rotation_scale_bias_nonlinearity,0.02
iirs_tmc2_fixed_00167,ch2_tmc_nca_20260813T1023298778_d_img_d18_r046336_c001536,193,2,controlled_synthetic,fixed_global_domain_transform,synthetic_source_domain,TMC-2,True,False,fixed_rotation_scale_bias_nonlinearity,0.03
iirs_tmc2_fixed_00168,ch2_tmc_nca_20260813T1023298778_d_img_d18_r046336_c001536,193,3,controlled_synthetic,fixed_global_domain_transform,synthetic_source_domain,TMC-2,True,False,fixed_rotation_scale_bias_nonlinearity,0.02
iirs_tmc2_fixed_00169,ch2_tmc_nca_20260813T1023298778_d_img_d18_r046336_c001536,193,4,controlled_synthetic,fixed_global_domain_transform,synthetic_source_domain,TMC-2,True,False,fixed_rotation_scale_bias_nonlinearity,0.01
iirs_tmc2_fixed_00170,ch2_tmc_nca_20260813T1023298778_d_img_d18_r004096_c003584,275,0,controlled_synthetic,fixed_global_domain_transform,synthetic_source_domain,TMC-2,True,False,fixed_rotation_scale_bias_nonlinearity,0.01
iirs_tmc2_fixed_00171,ch2_tmc_nca_20260813T1023298778_d_img_d18_r004096_c003584,275,1,controlled_synthetic,fixed_global_domain_transform,synthetic_source_domain,TMC-2,True,False,fixed_rotation_scale_bias_nonlinearity,0.02
iirs_tmc2_fixed_00172,ch2_tmc_nca_20260813T1023298778_d_img_d18_r004096_c003584,275,2,controlled_synthetic,fixed_global_domain_transform,synthetic_source_domain,TMC-2,True,False,fixed_rotation_scale_bias_nonlinearity,0.03
iirs_tmc2_fixed_00173,ch2_tmc_nca_20260813T1023298778_d_img_d18_r004096_c003584,275,3,controlled_synthetic,fixed_global_domain_transform,synthetic_source_domain,TMC-2,True,False,fixed_rotation_scale_bias_nonlinearity,0.02
iirs_tmc2_fixed_00174,ch2_tmc_nca_20260813T1023298778_d_img_d18_r004096_c003584,275,4,controlled_synthetic,fixed_global_domain_transform,synthetic_source_domain,TMC-2,True,False,fixed_rotation_scale_bias_nonlinearity,0.01
iirs_tmc2_fixed_00175,ch2_tmc_nca_20260813T1023298778_d_img_d18_r068352_c003584,33,0,controlled_synthetic,fixed_global_domain_transform,synthetic_source_domain,TMC-2,True,False,fixed_rotation_scale_bias_nonlinearity,0.01
iirs_tmc2_fixed_00176,ch2_tmc_nca_20260813T1023298778_d_img_d18_r068352_c003584,33,1,controlled_synthetic,fixed_global_domain_transform,synthetic_source_domain,TMC-2,True,False,fixed_rotation_scale_bias_nonlinearity,0.02
iirs_tmc2_fixed_00177,ch2_tmc_nca_20260813T1023298778_d_img_d18_r068352_c003584,33,2,controlled_synthetic,fixed_global_domain_transform,synthetic_source_domain,TMC-2,True,False,fixed_rotation_scale_bias_nonlinearity,0.03
iirs_tmc2_fixed_00178,ch2_tmc_nca_20260813T1023298778_d_img_d18_r068352_c003584,33,3,controlled_synthetic,fixed_global_domain_transform,synthetic_source_domain,TMC-2,True,False,fixed_rotation_scale_bias_nonlinearity,0.02
iirs_tmc2_fixed_00179,ch2_tmc_nca_20260813T1023298778_d_img_d18_r068352_c003584,33,4,controlled_synthetic,fixed_global_domain_transform,synthetic_source_domain,TMC-2,True,False,fixed_rotation_scale_bias_nonlinearity,0.01
iirs_tmc2_fixed_00180,ch2_tmc_nca_20260813T1023298778_d_img_d18_r027904_c000512,35,0,controlled_synthetic,fixed_global_domain_transform,synthetic_source_domain,TMC-2,True,False,fixed_rotation_scale_bias_nonlinearity,0.01
iirs_tmc2_fixed_00181,ch2_tmc_nca_20260813T1023298778_d_img_d18_r027904_c000512,35,1,controlled_synthetic,fixed_global_domain_transform,synthetic_source_domain,TMC-2,True,False,fixed_rotation_scale_bias_nonlinearity,0.02
iirs_tmc2_fixed_00182,ch2_tmc_nca_20260813T1023298778_d_img_d18_r027904_c000512,35,2,controlled_synthetic,fixed_global_domain_transform,synthetic_source_domain,TMC-2,True,False,fixed_rotation_scale_bias_nonlinearity,0.03
iirs_tmc2_fixed_00183,ch2_tmc_nca_20260813T1023298778_d_img_d18_r027904_c000512,35,3,controlled_synthetic,fixed_global_domain_transform,synthetic_source_domain,TMC-2,True,False,fixed_rotation_scale_bias_nonlinearity,0.02
iirs_tmc2_fixed_00184,ch2_tmc_nca_20260813T1023298778_d_img_d18_r027904_c000512,35,4,controlled_synthetic,fixed_global_domain_transform,synthetic_source_domain,TMC-2,True,False,fixed_rotation_scale_bias_nonlinearity,0.01
iirs_tmc2_fixed_00185,ch2_tmc_nca_20260813T1023298778_d_img_d18_r118016_c001280,244,0,controlled_synthetic,fixed_global_domain_transform,synthetic_source_domain,TMC-2,True,False,fixed_rotation_scale_bias_nonlinearity,0.01
iirs_tmc2_fixed_00186,ch2_tmc_nca_20260813T1023298778_d_img_d18_r118016_c001280,244,1,controlled_synthetic,fixed_global_domain_transform,synthetic_source_domain,TMC-2,True,False,fixed_rotation_scale_bias_nonlinearity,0.02
iirs_tmc2_fixed_00187,ch2_tmc_nca_20260813T1023298778_d_img_d18_r118016_c001280,244,2,controlled_synthetic,fixed_global_domain_transform,synthetic_source_domain,TMC-2,True,False,fixed_rotation_scale_bias_nonlinearity,0.03
iirs_tmc2_fixed_00188,ch2_tmc_nca_20260813T1023298778_d_img_d18_r118016_c001280,244,3,controlled_synthetic,fixed_global_domain_transform,synthetic_source_domain,TMC-2,True,False,fixed_rotation_scale_bias_nonlinearity,0.02
iirs_tmc2_fixed_00189,ch2_tmc_nca_20260813T1023298778_d_img_d18_r118016_c001280,244,4,controlled_synthetic,fixed_global_domain_transform,synthetic_source_domain,TMC-2,True,False,fixed_rotation_scale_bias_nonlinearity,0.01
iirs_tmc2_fixed_00190,ch2_tmc_nca_20260813T1023298778_d_img_d18_r140800_c000000,269,0,controlled_synthetic,fixed_global_domain_transform,synthetic_source_domain,TMC-2,True,False,fixed_rotation_scale_bias_nonlinearity,0.01
iirs_tmc2_fixed_00191,ch2_tmc_nca_20260813T1023298778_d_img_d18_r140800_c000000,269,1,controlled_synthetic,fixed_global_domain_transform,synthetic_source_domain,TMC-2,True,False,fixed_rotation_scale_bias_nonlinearity,0.02
iirs_tmc2_fixed_00192,ch2_tmc_nca_20260813T1023298778_d_img_d18_r140800_c000000,269,2,controlled_synthetic,fixed_global_domain_transform,synthetic_source_domain,TMC-2,True,False,fixed_rotation_scale_bias_nonlinearity,0.03
iirs_tmc2_fixed_00193,ch2_tmc_nca_20260813T1023298778_d_img_d18_r140800_c000000,269,3,controlled_synthetic,fixed_global_domain_transform,synthetic_source_domain,TMC-2,True,False,fixed_rotation_scale_bias_nonlinearity,0.02
iirs_tmc2_fixed_00194,ch2_tmc_nca_20260813T1023298778_d_img_d18_r140800_c000000,269,4,controlled_synthetic,fixed_global_domain_transform,synthetic_source_domain,TMC-2,True,False,fixed_rotation_scale_bias_nonlinearity,0.01
iirs_tmc2_fixed_00195,ch2_tmc_nca_20260813T1023298778_d_img_d18_r118016_c002304,186,0,controlled_synthetic,fixed_global_domain_transform,synthetic_source_domain,TMC-2,True,False,fixed_rotation_scale_bias_nonlinearity,0.01
iirs_tmc2_fixed_00196,ch2_tmc_nca_20260813T1023298778_d_img_d18_r118016_c002304,186,1,controlled_synthetic,fixed_global_domain_transform,synthetic_source_domain,TMC-2,True,False,fixed_rotation_scale_bias_nonlinearity,0.02
iirs_tmc2_fixed_00197,ch2_tmc_nca_20260813T1023298778_d_img_d18_r118016_c002304,186,2,controlled_synthetic,fixed_global_domain_transform,synthetic_source_domain,TMC-2,True,False,fixed_rotation_scale_bias_nonlinearity,0.03
iirs_tmc2_fixed_00198,ch2_tmc_nca_20260813T1023298778_d_img_d18_r118016_c002304,186,3,controlled_synthetic,fixed_global_domain_transform,synthetic_source_domain,TMC-2,True,False,fixed_rotation_scale_bias_nonlinearity,0.02
iirs_tmc2_fixed_00199,ch2_tmc_nca_20260813T1023298778_d_img_d18_r118016_c002304,186,4,controlled_synthetic,fixed_global_domain_transform,synthetic_source_domain,TMC-2,True,False,fixed_rotation_scale_bias_nonlinearity,0.01
iirs_tmc2_fixed_00200,ch2_tmc_nca_20260813T1023298778_d_img_d18_r046592_c001280,174,0,controlled_synthetic,fixed_global_domain_transform,synthetic_source_domain,TMC-2,True,False,fixed_rotation_scale_bias_nonlinearity,0.01
iirs_tmc2_fixed_00201,ch2_tmc_nca_20260813T1023298778_d_img_d18_r046592_c001280,174,1,controlled_synthetic,fixed_global_domain_transform,synthetic_source_domain,TMC-2,True,False,fixed_rotation_scale_bias_nonlinearity,0.02
iirs_tmc2_fixed_00202,ch2_tmc_nca_20260813T1023298778_d_img_d18_r046592_c001280,174,2,controlled_synthetic,fixed_global_domain_transform,synthetic_source_domain,TMC-2,True,False,fixed_rotation_scale_bias_nonlinearity,0.03
iirs_tmc2_fixed_00203,ch2_tmc_nca_20260813T1023298778_d_img_d18_r046592_c001280,174,3,controlled_synthetic,fixed_global_domain_transform,synthetic_source_domain,TMC-2,True,False,fixed_rotation_scale_bias_nonlinearity,0.02
iirs_tmc2_fixed_00204,ch2_tmc_nca_20260813T1023298778_d_img_d18_r046592_c001280,174,4,controlled_synthetic,fixed_global_domain_transform,synthetic_source_domain,TMC-2,True,False,fixed_rotation_scale_bias_nonlinearity,0.01
iirs_tmc2_fixed_00205,ch2_tmc_nca_20260813T1023298778_d_img_d18_r029440_c003584,359,0,controlled_synthetic,fixed_global_domain_transform,synthetic_source_domain,TMC-2,True,False,fixed_rotation_scale_bias_nonlinearity,0.01
iirs_tmc2_fixed_00206,ch2_tmc_nca_20260813T1023298778_d_img_d18_r029440_c003584,359,1,controlled_synthetic,fixed_global_domain_transform,synthetic_source_domain,TMC-2,True,False,fixed_rotation_scale_bias_nonlinearity,0.02
iirs_tmc2_fixed_00207,ch2_tmc_nca_20260813T1023298778_d_img_d18_r029440_c003584,359,2,controlled_synthetic,fixed_global_domain_transform,synthetic_source_domain,TMC-2,True,False,fixed_rotation_scale_bias_nonlinearity,0.03
iirs_tmc2_fixed_00208,ch2_tmc_nca_20260813T1023298778_d_img_d18_r029440_c003584,359,3,controlled_synthetic,fixed_global_domain_transform,synthetic_source_domain,TMC-2,True,False,fixed_rotation_scale_bias_nonlinearity,0.02
iirs_tmc2_fixed_00209,ch2_tmc_nca_20260813T1023298778_d_img_d18_r029440_c003584,359,4,controlled_synthetic,fixed_global_domain_transform,synthetic_source_domain,TMC-2,True,False,fixed_rotation_scale_bias_nonlinearity,0.01
iirs_tmc2_fixed_00210,ch2_tmc_nca_20260813T1023298778_d_img_d18_r131584_c002816,368,0,controlled_synthetic,fixed_global_domain_transform,synthetic_source_domain,TMC-2,True,False,fixed_rotation_scale_bias_nonlinearity,0.01
iirs_tmc2_fixed_00211,ch2_tmc_nca_20260813T1023298778_d_img_d18_r131584_c002816,368,1,controlled_synthetic,fixed_global_domain_transform,synthetic_source_domain,TMC-2,True,False,fixed_rotation_scale_bias_nonlinearity,0.02
iirs_tmc2_fixed_00212,ch2_tmc_nca_20260813T1023298778_d_img_d18_r131584_c002816,368,2,controlled_synthetic,fixed_global_domain_transform,synthetic_source_domain,TMC-2,True,False,fixed_rotation_scale_bias_nonlinearity,0.03
iirs_tmc2_fixed_00213,ch2_tmc_nca_20260813T1023298778_d_img_d18_r131584_c002816,368,3,controlled_synthetic,fixed_global_domain_transform,synthetic_source_domain,TMC-2,True,False,fixed_rotation_scale_bias_nonlinearity,0.02
iirs_tmc2_fixed_00214,ch2_tmc_nca_20260813T1023298778_d_img_d18_r131584_c002816,368,4,controlled_synthetic,fixed_global_domain_transform,synthetic_source_domain,TMC-2,True,False,fixed_rotation_scale_bias_nonlinearity,0.01
iirs_tmc2_fixed_00215,ch2_tmc_nca_20260813T1023298778_d_img_d18_r087808_c001792,59,0,controlled_synthetic,fixed_global_domain_transform,synthetic_source_domain,TMC-2,True,False,fixed_rotation_scale_bias_nonlinearity,0.01
iirs_tmc2_fixed_00216,ch2_tmc_nca_20260813T1023298778_d_img_d18_r087808_c001792,59,1,controlled_synthetic,fixed_global_domain_transform,synthetic_source_domain,TMC-2,True,False,fixed_rotation_scale_bias_nonlinearity,0.02
iirs_tmc2_fixed_00217,ch2_tmc_nca_20260813T1023298778_d_img_d18_r087808_c001792,59,2,controlled_synthetic,fixed_global_domain_transform,synthetic_source_domain,TMC-2,True,False,fixed_rotation_scale_bias_nonlinearity,0.03
iirs_tmc2_fixed_00218,ch2_tmc_nca_20260813T1023298778_d_img_d18_r087808_c001792,59,3,controlled_synthetic,fixed_global_domain_transform,synthetic_source_domain,TMC-2,True,False,fixed_rotation_scale_bias_nonlinearity,0.02
iirs_tmc2_fixed_00219,ch2_tmc_nca_20260813T1023298778_d_img_d18_r087808_c001792,59,4,controlled_synthetic,fixed_global_domain_transform,synthetic_source_domain,TMC-2,True,False,fixed_rotation_scale_bias_nonlinearity,0.01
iirs_tmc2_fixed_00220,ch2_tmc_nca_20260813T1023298778_d_img_d18_r103168_c002816,138,0,controlled_synthetic,fixed_global_domain_transform,synthetic_source_domain,TMC-2,True,False,fixed_rotation_scale_bias_nonlinearity,0.01
iirs_tmc2_fixed_00221,ch2_tmc_nca_20260813T1023298778_d_img_d18_r103168_c002816,138,1,controlled_synthetic,fixed_global_domain_transform,synthetic_source_domain,TMC-2,True,False,fixed_rotation_scale_bias_nonlinearity,0.02
iirs_tmc2_fixed_00222,ch2_tmc_nca_20260813T1023298778_d_img_d18_r103168_c002816,138,2,controlled_synthetic,fixed_global_domain_transform,synthetic_source_domain,TMC-2,True,False,fixed_rotation_scale_bias_nonlinearity,0.03
iirs_tmc2_fixed_00223,ch2_tmc_nca_20260813T1023298778_d_img_d18_r103168_c002816,138,3,controlled_synthetic,fixed_global_domain_transform,synthetic_source_domain,TMC-2,True,False,fixed_rotation_scale_bias_nonlinearity,0.02
iirs_tmc2_fixed_00224,ch2_tmc_nca_20260813T1023298778_d_img_d18_r103168_c002816,138,4,controlled_synthetic,fixed_global_domain_transform,synthetic_source_domain,TMC-2,True,False,fixed_rotation_scale_bias_nonlinearity,0.01
iirs_tmc2_fixed_00225,ch2_tmc_nca_20260813T1023298778_d_img_d18_r123136_c000256,54,0,controlled_synthetic,fixed_global_domain_transform,synthetic_source_domain,TMC-2,True,False,fixed_rotation_scale_bias_nonlinearity,0.01
iirs_tmc2_fixed_00226,ch2_tmc_nca_20260813T1023298778_d_img_d18_r123136_c000256,54,1,controlled_synthetic,fixed_global_domain_transform,synthetic_source_domain,TMC-2,True,False,fixed_rotation_scale_bias_nonlinearity,0.02
iirs_tmc2_fixed_00227,ch2_tmc_nca_20260813T1023298778_d_img_d18_r123136_c000256,54,2,controlled_synthetic,fixed_global_domain_transform,synthetic_source_domain,TMC-2,True,False,fixed_rotation_scale_bias_nonlinearity,0.03
iirs_tmc2_fixed_00228,ch2_tmc_nca_20260813T1023298778_d_img_d18_r123136_c000256,54,3,controlled_synthetic,fixed_global_domain_transform,synthetic_source_domain,TMC-2,True,False,fixed_rotation_scale_bias_nonlinearity,0.02
iirs_tmc2_fixed_00229,ch2_tmc_nca_20260813T1023298778_d_img_d18_r123136_c000256,54,4,controlled_synthetic,fixed_global_domain_transform,synthetic_source_domain,TMC-2,True,False,fixed_rotation_scale_bias_nonlinearity,0.01
iirs_tmc2_fixed_00230,ch2_tmc_nca_20260813T1023298778_d_img_d18_r116480_c002816,136,0,controlled_synthetic,fixed_global_domain_transform,synthetic_source_domain,TMC-2,True,False,fixed_rotation_scale_bias_nonlinearity,0.01
iirs_tmc2_fixed_00231,ch2_tmc_nca_20260813T1023298778_d_img_d18_r116480_c002816,136,1,controlled_synthetic,fixed_global_domain_transform,synthetic_source_domain,TMC-2,True,False,fixed_rotation_scale_bias_nonlinearity,0.02
iirs_tmc2_fixed_00232,ch2_tmc_nca_20260813T1023298778_d_img_d18_r116480_c002816,136,2,controlled_synthetic,fixed_global_domain_transform,synthetic_source_domain,TMC-2,True,False,fixed_rotation_scale_bias_nonlinearity,0.03
iirs_tmc2_fixed_00233,ch2_tmc_nca_20260813T1023298778_d_img_d18_r116480_c002816,136,3,controlled_synthetic,fixed_global_domain_transform,synthetic_source_domain,TMC-2,True,False,fixed_rotation_scale_bias_nonlinearity,0.02
iirs_tmc2_fixed_00234,ch2_tmc_nca_20260813T1023298778_d_img_d18_r116480_c002816,136,4,controlled_synthetic,fixed_global_domain_transform,synthetic_source_domain,TMC-2,True,False,fixed_rotation_scale_bias_nonlinearity,0.01
iirs_tmc2_fixed_00235,ch2_tmc_nca_20260813T1023298778_d_img_d18_r059648_c002048,352,0,controlled_synthetic,fixed_global_domain_transform,synthetic_source_domain,TMC-2,True,False,fixed_rotation_scale_bias_nonlinearity,0.01
iirs_tmc2_fixed_00236,ch2_tmc_nca_20260813T1023298778_d_img_d18_r059648_c002048,352,1,controlled_synthetic,fixed_global_domain_transform,synthetic_source_domain,TMC-2,True,False,fixed_rotation_scale_bias_nonlinearity,0.02
iirs_tmc2_fixed_00237,ch2_tmc_nca_20260813T1023298778_d_img_d18_r059648_c002048,352,2,controlled_synthetic,fixed_global_domain_transform,synthetic_source_domain,TMC-2,True,False,fixed_rotation_scale_bias_nonlinearity,0.03
iirs_tmc2_fixed_00238,ch2_tmc_nca_20260813T1023298778_d_img_d18_r059648_c002048,352,3,controlled_synthetic,fixed_global_domain_transform,synthetic_source_domain,TMC-2,True,False,fixed_rotation_scale_bias_nonlinearity,0.02
iirs_tmc2_fixed_00239,ch2_tmc_nca_20260813T1023298778_d_img_d18_r059648_c002048,352,4,controlled_synthetic,fixed_global_domain_transform,synthetic_source_domain,TMC-2,True,False,fixed_rotation_scale_bias_nonlinearity,0.01
iirs_tmc2_fixed_00240,ch2_tmc_nca_20260813T1023298778_d_img_d18_r105216_c003072,316,0,controlled_synthetic,fixed_global_domain_transform,synthetic_source_domain,TMC-2,True,False,fixed_rotation_scale_bias_nonlinearity,0.01
iirs_tmc2_fixed_00241,ch2_tmc_nca_20260813T1023298778_d_img_d18_r105216_c003072,316,1,controlled_synthetic,fixed_global_domain_transform,synthetic_source_domain,TMC-2,True,False,fixed_rotation_scale_bias_nonlinearity,0.02
iirs_tmc2_fixed_00242,ch2_tmc_nca_20260813T1023298778_d_img_d18_r105216_c003072,316,2,controlled_synthetic,fixed_global_domain_transform,synthetic_source_domain,TMC-2,True,False,fixed_rotation_scale_bias_nonlinearity,0.03
iirs_tmc2_fixed_00243,ch2_tmc_nca_20260813T1023298778_d_img_d18_r105216_c003072,316,3,controlled_synthetic,fixed_global_domain_transform,synthetic_source_domain,TMC-2,True,False,fixed_rotation_scale_bias_nonlinearity,0.02
iirs_tmc2_fixed_00244,ch2_tmc_nca_20260813T1023298778_d_img_d18_r105216_c003072,316,4,controlled_synthetic,fixed_global_domain_transform,synthetic_source_domain,TMC-2,True,False,fixed_rotation_scale_bias_nonlinearity,0.01
iirs_tmc2_fixed_00245,ch2_tmc_nca_20260813T1023298778_d_img_d18_r049920_c001792,7,0,controlled_synthetic,fixed_global_domain_transform,synthetic_source_domain,TMC-2,True,False,fixed_rotation_scale_bias_nonlinearity,0.01
iirs_tmc2_fixed_00246,ch2_tmc_nca_20260813T1023298778_d_img_d18_r049920_c001792,7,1,controlled_synthetic,fixed_global_domain_transform,synthetic_source_domain,TMC-2,True,False,fixed_rotation_scale_bias_nonlinearity,0.02
iirs_tmc2_fixed_00247,ch2_tmc_nca_20260813T1023298778_d_img_d18_r049920_c001792,7,2,controlled_synthetic,fixed_global_domain_transform,synthetic_source_domain,TMC-2,True,False,fixed_rotation_scale_bias_nonlinearity,0.03
iirs_tmc2_fixed_00248,ch2_tmc_nca_20260813T1023298778_d_img_d18_r049920_c001792,7,3,controlled_synthetic,fixed_global_domain_transform,synthetic_source_domain,TMC-2,True,False,fixed_rotation_scale_bias_nonlinearity,0.02
iirs_tmc2_fixed_00249,ch2_tmc_nca_20260813T1023298778_d_img_d18_r049920_c001792,7,4,controlled_synthetic,fixed_global_domain_transform,synthetic_source_domain,TMC-2,True,False,fixed_rotation_scale_bias_nonlinearity,0.01
iirs_tmc2_fixed_00250,ch2_tmc_nca_20260813T1023298778_d_img_d18_r145152_c003584,353,0,controlled_synthetic,fixed_global_domain_transform,synthetic_source_domain,TMC-2,True,False,fixed_rotation_scale_bias_nonlinearity,0.01
iirs_tmc2_fixed_00251,ch2_tmc_nca_20260813T1023298778_d_img_d18_r145152_c003584,353,1,controlled_synthetic,fixed_global_domain_transform,synthetic_source_domain,TMC-2,True,False,fixed_rotation_scale_bias_nonlinearity,0.02
iirs_tmc2_fixed_00252,ch2_tmc_nca_20260813T1023298778_d_img_d18_r145152_c003584,353,2,controlled_synthetic,fixed_global_domain_transform,synthetic_source_domain,TMC-2,True,False,fixed_rotation_scale_bias_nonlinearity,0.03
iirs_tmc2_fixed_00253,ch2_tmc_nca_20260813T1023298778_d_img_d18_r145152_c003584,353,3,controlled_synthetic,fixed_global_domain_transform,synthetic_source_domain,TMC-2,True,False,fixed_rotation_scale_bias_nonlinearity,0.02
iirs_tmc2_fixed_00254,ch2_tmc_nca_20260813T1023298778_d_img_d18_r145152_c003584,353,4,controlled_synthetic,fixed_global_domain_transform,synthetic_source_domain,TMC-2,True,False,fixed_rotation_scale_bias_nonlinearity,0.01
iirs_tmc2_fixed_00255,ch2_tmc_nca_20260813T1023298778_d_img_d18_r096000_c001024,95,0,controlled_synthetic,fixed_global_domain_transform,synthetic_source_domain,TMC-2,True,False,fixed_rotation_scale_bias_nonlinearity,0.01
iirs_tmc2_fixed_00256,ch2_tmc_nca_20260813T1023298778_d_img_d18_r096000_c001024,95,1,controlled_synthetic,fixed_global_domain_transform,synthetic_source_domain,TMC-2,True,False,fixed_rotation_scale_bias_nonlinearity,0.02
iirs_tmc2_fixed_00257,ch2_tmc_nca_20260813T1023298778_d_img_d18_r096000_c001024,95,2,controlled_synthetic,fixed_global_domain_transform,synthetic_source_domain,TMC-2,True,False,fixed_rotation_scale_bias_nonlinearity,0.03
iirs_tmc2_fixed_00258,ch2_tmc_nca_20260813T1023298778_d_img_d18_r096000_c001024,95,3,controlled_synthetic,fixed_global_domain_transform,synthetic_source_domain,TMC-2,True,False,fixed_rotation_scale_bias_nonlinearity,0.02
iirs_tmc2_fixed_00259,ch2_tmc_nca_20260813T1023298778_d_img_d18_r096000_c001024,95,4,controlled_synthetic,fixed_global_domain_transform,synthetic_source_domain,TMC-2,True,False,fixed_rotation_scale_bias_nonlinearity,0.01
iirs_tmc2_fixed_00260,ch2_tmc_nca_20260813T1023298778_d_img_d18_r043008_c002560,223,0,controlled_synthetic,fixed_global_domain_transform,synthetic_source_domain,TMC-2,True,False,fixed_rotation_scale_bias_nonlinearity,0.01
iirs_tmc2_fixed_00261,ch2_tmc_nca_20260813T1023298778_d_img_d18_r043008_c002560,223,1,controlled_synthetic,fixed_global_domain_transform,synthetic_source_domain,TMC-2,True,False,fixed_rotation_scale_bias_nonlinearity,0.02
iirs_tmc2_fixed_00262,ch2_tmc_nca_20260813T1023298778_d_img_d18_r043008_c002560,223,2,controlled_synthetic,fixed_global_domain_transform,synthetic_source_domain,TMC-2,True,False,fixed_rotation_scale_bias_nonlinearity,0.03
iirs_tmc2_fixed_00263,ch2_tmc_nca_20260813T1023298778_d_img_d18_r043008_c002560,223,3,controlled_synthetic,fixed_global_domain_transform,synthetic_source_domain,TMC-2,True,False,fixed_rotation_scale_bias_nonlinearity,0.02
iirs_tmc2_fixed_00264,ch2_tmc_nca_20260813T1023298778_d_img_d18_r043008_c002560,223,4,controlled_synthetic,fixed_global_domain_transform,synthetic_source_domain,TMC-2,True,False,fixed_rotation_scale_bias_nonlinearity,0.01
iirs_tmc2_fixed_00265,ch2_tmc_nca_20260813T1023298778_d_img_d18_r057088_c000256,343,0,controlled_synthetic,fixed_global_domain_transform,synthetic_source_domain,TMC-2,True,False,fixed_rotation_scale_bias_nonlinearity,0.01
iirs_tmc2_fixed_00266,ch2_tmc_nca_20260813T1023298778_d_img_d18_r057088_c000256,343,1,controlled_synthetic,fixed_global_domain_transform,synthetic_source_domain,TMC-2,True,False,fixed_rotation_scale_bias_nonlinearity,0.02
iirs_tmc2_fixed_00267,ch2_tmc_nca_20260813T1023298778_d_img_d18_r057088_c000256,343,2,controlled_synthetic,fixed_global_domain_transform,synthetic_source_domain,TMC-2,True,False,fixed_rotation_scale_bias_nonlinearity,0.03
iirs_tmc2_fixed_00268,ch2_tmc_nca_20260813T1023298778_d_img_d18_r057088_c000256,343,3,controlled_synthetic,fixed_global_domain_transform,synthetic_source_domain,TMC-2,True,False,fixed_rotation_scale_bias_nonlinearity,0.02
iirs_tmc2_fixed_00269,ch2_tmc_nca_20260813T1023298778_d_img_d18_r057088_c000256,343,4,controlled_synthetic,fixed_global_domain_transform,synthetic_source_domain,TMC-2,True,False,fixed_rotation_scale_bias_nonlinearity,0.01
iirs_tmc2_fixed_00270,ch2_tmc_nca_20260813T1023298778_d_img_d18_r130048_c003072,90,0,controlled_synthetic,fixed_global_domain_transform,synthetic_source_domain,TMC-2,True,False,fixed_rotation_scale_bias_nonlinearity,0.01
iirs_tmc2_fixed_00271,ch2_tmc_nca_20260813T1023298778_d_img_d18_r130048_c003072,90,1,controlled_synthetic,fixed_global_domain_transform,synthetic_source_domain,TMC-2,True,False,fixed_rotation_scale_bias_nonlinearity,0.02
iirs_tmc2_fixed_00272,ch2_tmc_nca_20260813T1023298778_d_img_d18_r130048_c003072,90,2,controlled_synthetic,fixed_global_domain_transform,synthetic_source_domain,TMC-2,True,False,fixed_rotation_scale_bias_nonlinearity,0.03
iirs_tmc2_fixed_00273,ch2_tmc_nca_20260813T1023298778_d_img_d18_r130048_c003072,90,3,controlled_synthetic,fixed_global_domain_transform,synthetic_source_domain,TMC-2,True,False,fixed_rotation_scale_bias_nonlinearity,0.02
iirs_tmc2_fixed_00274,ch2_tmc_nca_20260813T1023298778_d_img_d18_r130048_c003072,90,4,controlled_synthetic,fixed_global_domain_transform,synthetic_source_domain,TMC-2,True,False,fixed_rotation_scale_bias_nonlinearity,0.01
iirs_tmc2_fixed_00275,ch2_tmc_nca_20260813T1023298778_d_img_d18_r028160_c002816,15,0,controlled_synthetic,fixed_global_domain_transform,synthetic_source_domain,TMC-2,True,False,fixed_rotation_scale_bias_nonlinearity,0.01
iirs_tmc2_fixed_00276,ch2_tmc_nca_20260813T1023298778_d_img_d18_r028160_c002816,15,1,controlled_synthetic,fixed_global_domain_transform,synthetic_source_domain,TMC-2,True,False,fixed_rotation_scale_bias_nonlinearity,0.02
iirs_tmc2_fixed_00277,ch2_tmc_nca_20260813T1023298778_d_img_d18_r028160_c002816,15,2,controlled_synthetic,fixed_global_domain_transform,synthetic_source_domain,TMC-2,True,False,fixed_rotation_scale_bias_nonlinearity,0.03
iirs_tmc2_fixed_00278,ch2_tmc_nca_20260813T1023298778_d_img_d18_r028160_c002816,15,3,controlled_synthetic,fixed_global_domain_transform,synthetic_source_domain,TMC-2,True,False,fixed_rotation_scale_bias_nonlinearity,0.02
iirs_tmc2_fixed_00279,ch2_tmc_nca_20260813T1023298778_d_img_d18_r028160_c002816,15,4,controlled_synthetic,fixed_global_domain_transform,synthetic_source_domain,TMC-2,True,False,fixed_rotation_scale_bias_nonlinearity,0.01
iirs_tmc2_fixed_00280,ch2_tmc_nca_20260813T1023298778_d_img_d18_r099840_c003072,302,0,controlled_synthetic,fixed_global_domain_transform,synthetic_source_domain,TMC-2,True,False,fixed_rotation_scale_bias_nonlinearity,0.01
iirs_tmc2_fixed_00281,ch2_tmc_nca_20260813T1023298778_d_img_d18_r099840_c003072,302,1,controlled_synthetic,fixed_global_domain_transform,synthetic_source_domain,TMC-2,True,False,fixed_rotation_scale_bias_nonlinearity,0.02
iirs_tmc2_fixed_00282,ch2_tmc_nca_20260813T1023298778_d_img_d18_r099840_c003072,302,2,controlled_synthetic,fixed_global_domain_transform,synthetic_source_domain,TMC-2,True,False,fixed_rotation_scale_bias_nonlinearity,0.03
iirs_tmc2_fixed_00283,ch2_tmc_nca_20260813T1023298778_d_img_d18_r099840_c003072,302,3,controlled_synthetic,fixed_global_domain_transform,synthetic_source_domain,TMC-2,True,False,fixed_rotation_scale_bias_nonlinearity,0.02
iirs_tmc2_fixed_00284,ch2_tmc_nca_20260813T1023298778_d_img_d18_r099840_c003072,302,4,controlled_synthetic,fixed_global_domain_transform,synthetic_source_domain,TMC-2,True,False,fixed_rotation_scale_bias_nonlinearity,0.01
iirs_tmc2_fixed_00285,ch2_tmc_nca_20260813T1023298778_d_img_d18_r085504_c002304,255,0,controlled_synthetic,fixed_global_domain_transform,synthetic_source_domain,TMC-2,True,False,fixed_rotation_scale_bias_nonlinearity,0.01
iirs_tmc2_fixed_00286,ch2_tmc_nca_20260813T1023298778_d_img_d18_r085504_c002304,255,1,controlled_synthetic,fixed_global_domain_transform,synthetic_source_domain,TMC-2,True,False,fixed_rotation_scale_bias_nonlinearity,0.02
iirs_tmc2_fixed_00287,ch2_tmc_nca_20260813T1023298778_d_img_d18_r085504_c002304,255,2,controlled_synthetic,fixed_global_domain_transform,synthetic_source_domain,TMC-2,True,False,fixed_rotation_scale_bias_nonlinearity,0.03
iirs_tmc2_fixed_00288,ch2_tmc_nca_20260813T1023298778_d_img_d18_r085504_c002304,255,3,controlled_synthetic,fixed_global_domain_transform,synthetic_source_domain,TMC-2,True,False,fixed_rotation_scale_bias_nonlinearity,0.02
iirs_tmc2_fixed_00289,ch2_tmc_nca_20260813T1023298778_d_img_d18_r085504_c002304,255,4,controlled_synthetic,fixed_global_domain_transform,synthetic_source_domain,TMC-2,True,False,fixed_rotation_scale_bias_nonlinearity,0.01
iirs_tmc2_fixed_00290,ch2_tmc_nca_20260813T1023298778_d_img_d18_r084480_c000512,297,0,controlled_synthetic,fixed_global_domain_transform,synthetic_source_domain,TMC-2,True,False,fixed_rotation_scale_bias_nonlinearity,0.01
iirs_tmc2_fixed_00291,ch2_tmc_nca_20260813T1023298778_d_img_d18_r084480_c000512,297,1,controlled_synthetic,fixed_global_domain_transform,synthetic_source_domain,TMC-2,True,False,fixed_rotation_scale_bias_nonlinearity,0.02
iirs_tmc2_fixed_00292,ch2_tmc_nca_20260813T1023298778_d_img_d18_r084480_c000512,297,2,controlled_synthetic,fixed_global_domain_transform,synthetic_source_domain,TMC-2,True,False,fixed_rotation_scale_bias_nonlinearity,0.03
iirs_tmc2_fixed_00293,ch2_tmc_nca_20260813T1023298778_d_img_d18_r084480_c000512,297,3,controlled_synthetic,fixed_global_domain_transform,synthetic_source_domain,TMC-2,True,False,fixed_rotation_scale_bias_nonlinearity,0.02
iirs_tmc2_fixed_00294,ch2_tmc_nca_20260813T1023298778_d_img_d18_r084480_c000512,297,4,controlled_synthetic,fixed_global_domain_transform,synthetic_source_domain,TMC-2,True,False,fixed_rotation_scale_bias_nonlinearity,0.01
iirs_tmc2_fixed_00295,ch2_tmc_nca_20260813T1023298778_d_img_d18_r105728_c001024,280,0,controlled_synthetic,fixed_global_domain_transform,synthetic_source_domain,TMC-2,True,False,fixed_rotation_scale_bias_nonlinearity,0.01
iirs_tmc2_fixed_00296,ch2_tmc_nca_20260813T1023298778_d_img_d18_r105728_c001024,280,1,controlled_synthetic,fixed_global_domain_transform,synthetic_source_domain,TMC-2,True,False,fixed_rotation_scale_bias_nonlinearity,0.02
iirs_tmc2_fixed_00297,ch2_tmc_nca_20260813T1023298778_d_img_d18_r105728_c001024,280,2,controlled_synthetic,fixed_global_domain_transform,synthetic_source_domain,TMC-2,True,False,fixed_rotation_scale_bias_nonlinearity,0.03
iirs_tmc2_fixed_00298,ch2_tmc_nca_20260813T1023298778_d_img_d18_r105728_c001024,280,3,controlled_synthetic,fixed_global_domain_transform,synthetic_source_domain,TMC-2,True,False,fixed_rotation_scale_bias_nonlinearity,0.02
iirs_tmc2_fixed_00299,ch2_tmc_nca_20260813T1023298778_d_img_d18_r105728_c001024,280,4,controlled_synthetic,fixed_global_domain_transform,synthetic_source_domain,TMC-2,True,False,fixed_rotation_scale_bias_nonlinearity,0.01
iirs_tmc2_fixed_00300,ch2_tmc_nca_20260813T1023298778_d_img_d18_r024832_c001792,207,0,controlled_synthetic,fixed_global_domain_transform,synthetic_source_domain,TMC-2,True,False,fixed_rotation_scale_bias_nonlinearity,0.01
iirs_tmc2_fixed_00301,ch2_tmc_nca_20260813T1023298778_d_img_d18_r024832_c001792,207,1,controlled_synthetic,fixed_global_domain_transform,synthetic_source_domain,TMC-2,True,False,fixed_rotation_scale_bias_nonlinearity,0.02
iirs_tmc2_fixed_00302,ch2_tmc_nca_20260813T1023298778_d_img_d18_r024832_c001792,207,2,controlled_synthetic,fixed_global_domain_transform,synthetic_source_domain,TMC-2,True,False,fixed_rotation_scale_bias_nonlinearity,0.03
iirs_tmc2_fixed_00303,ch2_tmc_nca_20260813T1023298778_d_img_d18_r024832_c001792,207,3,controlled_synthetic,fixed_global_domain_transform,synthetic_source_domain,TMC-2,True,False,fixed_rotation_scale_bias_nonlinearity,0.02
iirs_tmc2_fixed_00304,ch2_tmc_nca_20260813T1023298778_d_img_d18_r024832_c001792,207,4,controlled_synthetic,fixed_global_domain_transform,synthetic_source_domain,TMC-2,True,False,fixed_rotation_scale_bias_nonlinearity,0.01
iirs_tmc2_fixed_00305,ch2_tmc_nca_20260813T1023298778_d_img_d18_r019456_c001536,375,0,controlled_synthetic,fixed_global_domain_transform,synthetic_source_domain,TMC-2,True,False,fixed_rotation_scale_bias_nonlinearity,0.01
iirs_tmc2_fixed_00306,ch2_tmc_nca_20260813T1023298778_d_img_d18_r019456_c001536,375,1,controlled_synthetic,fixed_global_domain_transform,synthetic_source_domain,TMC-2,True,False,fixed_rotation_scale_bias_nonlinearity,0.02
iirs_tmc2_fixed_00307,ch2_tmc_nca_20260813T1023298778_d_img_d18_r019456_c001536,375,2,controlled_synthetic,fixed_global_domain_transform,synthetic_source_domain,TMC-2,True,False,fixed_rotation_scale_bias_nonlinearity,0.03
iirs_tmc2_fixed_00308,ch2_tmc_nca_20260813T1023298778_d_img_d18_r019456_c001536,375,3,controlled_synthetic,fixed_global_domain_transform,synthetic_source_domain,TMC-2,True,False,fixed_rotation_scale_bias_nonlinearity,0.02
iirs_tmc2_fixed_00309,ch2_tmc_nca_20260813T1023298778_d_img_d18_r019456_c001536,375,4,controlled_synthetic,fixed_global_domain_transform,synthetic_source_domain,TMC-2,True,False,fixed_rotation_scale_bias_nonlinearity,0.01
iirs_tmc2_fixed_00310,ch2_tmc_nca_20260813T1023298778_d_img_d18_r121856_c000768,69,0,controlled_synthetic,fixed_global_domain_transform,synthetic_source_domain,TMC-2,True,False,fixed_rotation_scale_bias_nonlinearity,0.01
iirs_tmc2_fixed_00311,ch2_tmc_nca_20260813T1023298778_d_img_d18_r121856_c000768,69,1,controlled_synthetic,fixed_global_domain_transform,synthetic_source_domain,TMC-2,True,False,fixed_rotation_scale_bias_nonlinearity,0.02
iirs_tmc2_fixed_00312,ch2_tmc_nca_20260813T1023298778_d_img_d18_r121856_c000768,69,2,controlled_synthetic,fixed_global_domain_transform,synthetic_source_domain,TMC-2,True,False,fixed_rotation_scale_bias_nonlinearity,0.03
iirs_tmc2_fixed_00313,ch2_tmc_nca_20260813T1023298778_d_img_d18_r121856_c000768,69,3,controlled_synthetic,fixed_global_domain_transform,synthetic_source_domain,TMC-2,True,False,fixed_rotation_scale_bias_nonlinearity,0.02
iirs_tmc2_fixed_00314,ch2_tmc_nca_20260813T1023298778_d_img_d18_r121856_c000768,69,4,controlled_synthetic,fixed_global_domain_transform,synthetic_source_domain,TMC-2,True,False,fixed_rotation_scale_bias_nonlinearity,0.01
iirs_tmc2_fixed_00315,ch2_tmc_nca_20260813T1023298778_d_img_d18_r094720_c000000,82,0,controlled_synthetic,fixed_global_domain_transform,synthetic_source_domain,TMC-2,True,False,fixed_rotation_scale_bias_nonlinearity,0.01
iirs_tmc2_fixed_00316,ch2_tmc_nca_20260813T1023298778_d_img_d18_r094720_c000000,82,1,controlled_synthetic,fixed_global_domain_transform,synthetic_source_domain,TMC-2,True,False,fixed_rotation_scale_bias_nonlinearity,0.02
iirs_tmc2_fixed_00317,ch2_tmc_nca_20260813T1023298778_d_img_d18_r094720_c000000,82,2,controlled_synthetic,fixed_global_domain_transform,synthetic_source_domain,TMC-2,True,False,fixed_rotation_scale_bias_nonlinearity,0.03
iirs_tmc2_fixed_00318,ch2_tmc_nca_20260813T1023298778_d_img_d18_r094720_c000000,82,3,controlled_synthetic,fixed_global_domain_transform,synthetic_source_domain,TMC-2,True,False,fixed_rotation_scale_bias_nonlinearity,0.02
iirs_tmc2_fixed_00319,ch2_tmc_nca_20260813T1023298778_d_img_d18_r094720_c000000,82,4,controlled_synthetic,fixed_global_domain_transform,synthetic_source_domain,TMC-2,True,False,fixed_rotation_scale_bias_nonlinearity,0.01
iirs_tmc2_fixed_00320,ch2_tmc_nca_20260813T1023298778_d_img_d18_r085504_c000256,253,0,controlled_synthetic,fixed_global_domain_transform,synthetic_source_domain,TMC-2,True,False,fixed_rotation_scale_bias_nonlinearity,0.01
iirs_tmc2_fixed_00321,ch2_tmc_nca_20260813T1023298778_d_img_d18_r085504_c000256,253,1,controlled_synthetic,fixed_global_domain_transform,synthetic_source_domain,TMC-2,True,False,fixed_rotation_scale_bias_nonlinearity,0.02
iirs_tmc2_fixed_00322,ch2_tmc_nca_20260813T1023298778_d_img_d18_r085504_c000256,253,2,controlled_synthetic,fixed_global_domain_transform,synthetic_source_domain,TMC-2,True,False,fixed_rotation_scale_bias_nonlinearity,0.03
iirs_tmc2_fixed_00323,ch2_tmc_nca_20260813T1023298778_d_img_d18_r085504_c000256,253,3,controlled_synthetic,fixed_global_domain_transform,synthetic_source_domain,TMC-2,True,False,fixed_rotation_scale_bias_nonlinearity,0.02
iirs_tmc2_fixed_00324,ch2_tmc_nca_20260813T1023298778_d_img_d18_r085504_c000256,253,4,controlled_synthetic,fixed_global_domain_transform,synthetic_source_domain,TMC-2,True,False,fixed_rotation_scale_bias_nonlinearity,0.01
iirs_tmc2_fixed_00325,ch2_tmc_nca_20260813T1023298778_d_img_d18_r102144_c002304,240,0,controlled_synthetic,fixed_global_domain_transform,synthetic_source_domain,TMC-2,True,False,fixed_rotation_scale_bias_nonlinearity,0.01
iirs_tmc2_fixed_00326,ch2_tmc_nca_20260813T1023298778_d_img_d18_r102144_c002304,240,1,controlled_synthetic,fixed_global_domain_transform,synthetic_source_domain,TMC-2,True,False,fixed_rotation_scale_bias_nonlinearity,0.02
iirs_tmc2_fixed_00327,ch2_tmc_nca_20260813T1023298778_d_img_d18_r102144_c002304,240,2,controlled_synthetic,fixed_global_domain_transform,synthetic_source_domain,TMC-2,True,False,fixed_rotation_scale_bias_nonlinearity,0.03
iirs_tmc2_fixed_00328,ch2_tmc_nca_20260813T1023298778_d_img_d18_r102144_c002304,240,3,controlled_synthetic,fixed_global_domain_transform,synthetic_source_domain,TMC-2,True,False,fixed_rotation_scale_bias_nonlinearity,0.02
iirs_tmc2_fixed_00329,ch2_tmc_nca_20260813T1023298778_d_img_d18_r102144_c002304,240,4,controlled_synthetic,fixed_global_domain_transform,synthetic_source_domain,TMC-2,True,False,fixed_rotation_scale_bias_nonlinearity,0.01
iirs_tmc2_fixed_00330,ch2_tmc_nca_20260813T1023298778_d_img_d18_r009728_c001024,61,0,controlled_synthetic,fixed_global_domain_transform,synthetic_source_domain,TMC-2,True,False,fixed_rotation_scale_bias_nonlinearity,0.01
iirs_tmc2_fixed_00331,ch2_tmc_nca_20260813T1023298778_d_img_d18_r009728_c001024,61,1,controlled_synthetic,fixed_global_domain_transform,synthetic_source_domain,TMC-2,True,False,fixed_rotation_scale_bias_nonlinearity,0.02
iirs_tmc2_fixed_00332,ch2_tmc_nca_20260813T1023298778_d_img_d18_r009728_c001024,61,2,controlled_synthetic,fixed_global_domain_transform,synthetic_source_domain,TMC-2,True,False,fixed_rotation_scale_bias_nonlinearity,0.03
iirs_tmc2_fixed_00333,ch2_tmc_nca_20260813T1023298778_d_img_d18_r009728_c001024,61,3,controlled_synthetic,fixed_global_domain_transform,synthetic_source_domain,TMC-2,True,False,fixed_rotation_scale_bias_nonlinearity,0.02
iirs_tmc2_fixed_00334,ch2_tmc_nca_20260813T1023298778_d_img_d18_r009728_c001024,61,4,controlled_synthetic,fixed_global_domain_transform,synthetic_source_domain,TMC-2,True,False,fixed_rotation_scale_bias_nonlinearity,0.01
iirs_tmc2_fixed_00335,ch2_tmc_nca_20260813T1023298778_d_img_d18_r102144_c000256,28,0,controlled_synthetic,fixed_global_domain_transform,synthetic_source_domain,TMC-2,True,False,fixed_rotation_scale_bias_nonlinearity,0.01
iirs_tmc2_fixed_00336,ch2_tmc_nca_20260813T1023298778_d_img_d18_r102144_c000256,28,1,controlled_synthetic,fixed_global_domain_transform,synthetic_source_domain,TMC-2,True,False,fixed_rotation_scale_bias_nonlinearity,0.02
iirs_tmc2_fixed_00337,ch2_tmc_nca_20260813T1023298778_d_img_d18_r102144_c000256,28,2,controlled_synthetic,fixed_global_domain_transform,synthetic_source_domain,TMC-2,True,False,fixed_rotation_scale_bias_nonlinearity,0.03
iirs_tmc2_fixed_00338,ch2_tmc_nca_20260813T1023298778_d_img_d18_r102144_c000256,28,3,controlled_synthetic,fixed_global_domain_transform,synthetic_source_domain,TMC-2,True,False,fixed_rotation_scale_bias_nonlinearity,0.02
iirs_tmc2_fixed_00339,ch2_tmc_nca_20260813T1023298778_d_img_d18_r102144_c000256,28,4,controlled_synthetic,fixed_global_domain_transform,synthetic_source_domain,TMC-2,True,False,fixed_rotation_scale_bias_nonlinearity,0.01
iirs_tmc2_fixed_00340,ch2_tmc_nca_20260813T1023298778_d_img_d18_r074240_c000768,369,0,controlled_synthetic,fixed_global_domain_transform,synthetic_source_domain,TMC-2,True,False,fixed_rotation_scale_bias_nonlinearity,0.01
iirs_tmc2_fixed_00341,ch2_tmc_nca_20260813T1023298778_d_img_d18_r074240_c000768,369,1,controlled_synthetic,fixed_global_domain_transform,synthetic_source_domain,TMC-2,True,False,fixed_rotation_scale_bias_nonlinearity,0.02
iirs_tmc2_fixed_00342,ch2_tmc_nca_20260813T1023298778_d_img_d18_r074240_c000768,369,2,controlled_synthetic,fixed_global_domain_transform,synthetic_source_domain,TMC-2,True,False,fixed_rotation_scale_bias_nonlinearity,0.03
iirs_tmc2_fixed_00343,ch2_tmc_nca_20260813T1023298778_d_img_d18_r074240_c000768,369,3,controlled_synthetic,fixed_global_domain_transform,synthetic_source_domain,TMC-2,True,False,fixed_rotation_scale_bias_nonlinearity,0.02
iirs_tmc2_fixed_00344,ch2_tmc_nca_20260813T1023298778_d_img_d18_r074240_c000768,369,4,controlled_synthetic,fixed_global_domain_transform,synthetic_source_domain,TMC-2,True,False,fixed_rotation_scale_bias_nonlinearity,0.01
iirs_tmc2_fixed_00345,ch2_tmc_nca_20260813T1023298778_d_img_d18_r083456_c001536,381,0,controlled_synthetic,fixed_global_domain_transform,synthetic_source_domain,TMC-2,True,False,fixed_rotation_scale_bias_nonlinearity,0.01
iirs_tmc2_fixed_00346,ch2_tmc_nca_20260813T1023298778_d_img_d18_r083456_c001536,381,1,controlled_synthetic,fixed_global_domain_transform,synthetic_source_domain,TMC-2,True,False,fixed_rotation_scale_bias_nonlinearity,0.02
iirs_tmc2_fixed_00347,ch2_tmc_nca_20260813T1023298778_d_img_d18_r083456_c001536,381,2,controlled_synthetic,fixed_global_domain_transform,synthetic_source_domain,TMC-2,True,False,fixed_rotation_scale_bias_nonlinearity,0.03
iirs_tmc2_fixed_00348,ch2_tmc_nca_20260813T1023298778_d_img_d18_r083456_c001536,381,3,controlled_synthetic,fixed_global_domain_transform,synthetic_source_domain,TMC-2,True,False,fixed_rotation_scale_bias_nonlinearity,0.02
iirs_tmc2_fixed_00349,ch2_tmc_nca_20260813T1023298778_d_img_d18_r083456_c001536,381,4,controlled_synthetic,fixed_global_domain_transform,synthetic_source_domain,TMC-2,True,False,fixed_rotation_scale_bias_nonlinearity,0.01
iirs_tmc2_fixed_00350,ch2_tmc_nca_20260813T1023298778_d_img_d18_r067584_c001536,298,0,controlled_synthetic,fixed_global_domain_transform,synthetic_source_domain,TMC-2,True,False,fixed_rotation_scale_bias_nonlinearity,0.01
iirs_tmc2_fixed_00351,ch2_tmc_nca_20260813T1023298778_d_img_d18_r067584_c001536,298,1,controlled_synthetic,fixed_global_domain_transform,synthetic_source_domain,TMC-2,True,False,fixed_rotation_scale_bias_nonlinearity,0.02
iirs_tmc2_fixed_00352,ch2_tmc_nca_20260813T1023298778_d_img_d18_r067584_c001536,298,2,controlled_synthetic,fixed_global_domain_transform,synthetic_source_domain,TMC-2,True,False,fixed_rotation_scale_bias_nonlinearity,0.03
iirs_tmc2_fixed_00353,ch2_tmc_nca_20260813T1023298778_d_img_d18_r067584_c001536,298,3,controlled_synthetic,fixed_global_domain_transform,synthetic_source_domain,TMC-2,True,False,fixed_rotation_scale_bias_nonlinearity,0.02
iirs_tmc2_fixed_00354,ch2_tmc_nca_20260813T1023298778_d_img_d18_r067584_c001536,298,4,controlled_synthetic,fixed_global_domain_transform,synthetic_source_domain,TMC-2,True,False,fixed_rotation_scale_bias_nonlinearity,0.01
iirs_tmc2_fixed_00355,ch2_tmc_nca_20260813T1023298778_d_img_d18_r043008_c001024,395,0,controlled_synthetic,fixed_global_domain_transform,synthetic_source_domain,TMC-2,True,False,fixed_rotation_scale_bias_nonlinearity,0.01
iirs_tmc2_fixed_00356,ch2_tmc_nca_20260813T1023298778_d_img_d18_r043008_c001024,395,1,controlled_synthetic,fixed_global_domain_transform,synthetic_source_domain,TMC-2,True,False,fixed_rotation_scale_bias_nonlinearity,0.02
iirs_tmc2_fixed_00357,ch2_tmc_nca_20260813T1023298778_d_img_d18_r043008_c001024,395,2,controlled_synthetic,fixed_global_domain_transform,synthetic_source_domain,TMC-2,True,False,fixed_rotation_scale_bias_nonlinearity,0.03
iirs_tmc2_fixed_00358,ch2_tmc_nca_20260813T1023298778_d_img_d18_r043008_c001024,395,3,controlled_synthetic,fixed_global_domain_transform,synthetic_source_domain,TMC-2,True,False,fixed_rotation_scale_bias_nonlinearity,0.02
iirs_tmc2_fixed_00359,ch2_tmc_nca_20260813T1023298778_d_img_d18_r043008_c001024,395,4,controlled_synthetic,fixed_global_domain_transform,synthetic_source_domain,TMC-2,True,False,fixed_rotation_scale_bias_nonlinearity,0.01
iirs_tmc2_fixed_00360,ch2_tmc_nca_20260813T1023298778_d_img_d18_r130304_c001024,229,0,controlled_synthetic,fixed_global_domain_transform,synthetic_source_domain,TMC-2,True,False,fixed_rotation_scale_bias_nonlinearity,0.01
iirs_tmc2_fixed_00361,ch2_tmc_nca_20260813T1023298778_d_img_d18_r130304_c001024,229,1,controlled_synthetic,fixed_global_domain_transform,synthetic_source_domain,TMC-2,True,False,fixed_rotation_scale_bias_nonlinearity,0.02
iirs_tmc2_fixed_00362,ch2_tmc_nca_20260813T1023298778_d_img_d18_r130304_c001024,229,2,controlled_synthetic,fixed_global_domain_transform,synthetic_source_domain,TMC-2,True,False,fixed_rotation_scale_bias_nonlinearity,0.03
iirs_tmc2_fixed_00363,ch2_tmc_nca_20260813T1023298778_d_img_d18_r130304_c001024,229,3,controlled_synthetic,fixed_global_domain_transform,synthetic_source_domain,TMC-2,True,False,fixed_rotation_scale_bias_nonlinearity,0.02
iirs_tmc2_fixed_00364,ch2_tmc_nca_20260813T1023298778_d_img_d18_r130304_c001024,229,4,controlled_synthetic,fixed_global_domain_transform,synthetic_source_domain,TMC-2,True,False,fixed_rotation_scale_bias_nonlinearity,0.01
iirs_tmc2_fixed_00365,ch2_tmc_nca_20260813T1023298778_d_img_d18_r075008_c003584,345,0,controlled_synthetic,fixed_global_domain_transform,synthetic_source_domain,TMC-2,True,False,fixed_rotation_scale_bias_nonlinearity,0.01
iirs_tmc2_fixed_00366,ch2_tmc_nca_20260813T1023298778_d_img_d18_r075008_c003584,345,1,controlled_synthetic,fixed_global_domain_transform,synthetic_source_domain,TMC-2,True,False,fixed_rotation_scale_bias_nonlinearity,0.02
iirs_tmc2_fixed_00367,ch2_tmc_nca_20260813T1023298778_d_img_d18_r075008_c003584,345,2,controlled_synthetic,fixed_global_domain_transform,synthetic_source_domain,TMC-2,True,False,fixed_rotation_scale_bias_nonlinearity,0.03
iirs_tmc2_fixed_00368,ch2_tmc_nca_20260813T1023298778_d_img_d18_r075008_c003584,345,3,controlled_synthetic,fixed_global_domain_transform,synthetic_source_domain,TMC-2,True,False,fixed_rotation_scale_bias_nonlinearity,0.02
iirs_tmc2_fixed_00369,ch2_tmc_nca_20260813T1023298778_d_img_d18_r075008_c003584,345,4,controlled_synthetic,fixed_global_domain_transform,synthetic_source_domain,TMC-2,True,False,fixed_rotation_scale_bias_nonlinearity,0.01
iirs_tmc2_fixed_00370,ch2_tmc_nca_20260813T1023298778_d_img_d18_r088576_c000000,172,0,controlled_synthetic,fixed_global_domain_transform,synthetic_source_domain,TMC-2,True,False,fixed_rotation_scale_bias_nonlinearity,0.01
iirs_tmc2_fixed_00371,ch2_tmc_nca_20260813T1023298778_d_img_d18_r088576_c000000,172,1,controlled_synthetic,fixed_global_domain_transform,synthetic_source_domain,TMC-2,True,False,fixed_rotation_scale_bias_nonlinearity,0.02
iirs_tmc2_fixed_00372,ch2_tmc_nca_20260813T1023298778_d_img_d18_r088576_c000000,172,2,controlled_synthetic,fixed_global_domain_transform,synthetic_source_domain,TMC-2,True,False,fixed_rotation_scale_bias_nonlinearity,0.03
iirs_tmc2_fixed_00373,ch2_tmc_nca_20260813T1023298778_d_img_d18_r088576_c000000,172,3,controlled_synthetic,fixed_global_domain_transform,synthetic_source_domain,TMC-2,True,False,fixed_rotation_scale_bias_nonlinearity,0.02
iirs_tmc2_fixed_00374,ch2_tmc_nca_20260813T1023298778_d_img_d18_r088576_c000000,172,4,controlled_synthetic,fixed_global_domain_transform,synthetic_source_domain,TMC-2,True,False,fixed_rotation_scale_bias_nonlinearity,0.01
iirs_tmc2_fixed_00375,ch2_tmc_nca_20260813T1023298778_d_img_d18_r115456_c001792,364,0,controlled_synthetic,fixed_global_domain_transform,synthetic_source_domain,TMC-2,True,False,fixed_rotation_scale_bias_nonlinearity,0.01
iirs_tmc2_fixed_00376,ch2_tmc_nca_20260813T1023298778_d_img_d18_r115456_c001792,364,1,controlled_synthetic,fixed_global_domain_transform,synthetic_source_domain,TMC-2,True,False,fixed_rotation_scale_bias_nonlinearity,0.02
iirs_tmc2_fixed_00377,ch2_tmc_nca_20260813T1023298778_d_img_d18_r115456_c001792,364,2,controlled_synthetic,fixed_global_domain_transform,synthetic_source_domain,TMC-2,True,False,fixed_rotation_scale_bias_nonlinearity,0.03
iirs_tmc2_fixed_00378,ch2_tmc_nca_20260813T1023298778_d_img_d18_r115456_c001792,364,3,controlled_synthetic,fixed_global_domain_transform,synthetic_source_domain,TMC-2,True,False,fixed_rotation_scale_bias_nonlinearity,0.02
iirs_tmc2_fixed_00379,ch2_tmc_nca_20260813T1023298778_d_img_d18_r115456_c001792,364,4,controlled_synthetic,fixed_global_domain_transform,synthetic_source_domain,TMC-2,True,False,fixed_rotation_scale_bias_nonlinearity,0.01
iirs_tmc2_fixed_00380,ch2_tmc_nca_20260813T1023298778_d_img_d18_r040960_c003584,357,0,controlled_synthetic,fixed_global_domain_transform,synthetic_source_domain,TMC-2,True,False,fixed_rotation_scale_bias_nonlinearity,0.01
iirs_tmc2_fixed_00381,ch2_tmc_nca_20260813T1023298778_d_img_d18_r040960_c003584,357,1,controlled_synthetic,fixed_global_domain_transform,synthetic_source_domain,TMC-2,True,False,fixed_rotation_scale_bias_nonlinearity,0.02
iirs_tmc2_fixed_00382,ch2_tmc_nca_20260813T1023298778_d_img_d18_r040960_c003584,357,2,controlled_synthetic,fixed_global_domain_transform,synthetic_source_domain,TMC-2,True,False,fixed_rotation_scale_bias_nonlinearity,0.03
iirs_tmc2_fixed_00383,ch2_tmc_nca_20260813T1023298778_d_img_d18_r040960_c003584,357,3,controlled_synthetic,fixed_global_domain_transform,synthetic_source_domain,TMC-2,True,False,fixed_rotation_scale_bias_nonlinearity,0.02
iirs_tmc2_fixed_00384,ch2_tmc_nca_20260813T1023298778_d_img_d18_r040960_c003584,357,4,controlled_synthetic,fixed_global_domain_transform,synthetic_source_domain,TMC-2,True,False,fixed_rotation_scale_bias_nonlinearity,0.01
iirs_tmc2_fixed_00385,ch2_tmc_nca_20260813T1023298778_d_img_d18_r111360_c001024,230,0,controlled_synthetic,fixed_global_domain_transform,synthetic_source_domain,TMC-2,True,False,fixed_rotation_scale_bias_nonlinearity,0.01
iirs_tmc2_fixed_00386,ch2_tmc_nca_20260813T1023298778_d_img_d18_r111360_c001024,230,1,controlled_synthetic,fixed_global_domain_transform,synthetic_source_domain,TMC-2,True,False,fixed_rotation_scale_bias_nonlinearity,0.02
iirs_tmc2_fixed_00387,ch2_tmc_nca_20260813T1023298778_d_img_d18_r111360_c001024,230,2,controlled_synthetic,fixed_global_domain_transform,synthetic_source_domain,TMC-2,True,False,fixed_rotation_scale_bias_nonlinearity,0.03
iirs_tmc2_fixed_00388,ch2_tmc_nca_20260813T1023298778_d_img_d18_r111360_c001024,230,3,controlled_synthetic,fixed_global_domain_transform,synthetic_source_domain,TMC-2,True,False,fixed_rotation_scale_bias_nonlinearity,0.02
iirs_tmc2_fixed_00389,ch2_tmc_nca_20260813T1023298778_d_img_d18_r111360_c001024,230,4,controlled_synthetic,fixed_global_domain_transform,synthetic_source_domain,TMC-2,True,False,fixed_rotation_scale_bias_nonlinearity,0.01
iirs_tmc2_fixed_00390,ch2_tmc_nca_20260813T1023298778_d_img_d18_r048384_c001792,121,0,controlled_synthetic,fixed_global_domain_transform,synthetic_source_domain,TMC-2,True,False,fixed_rotation_scale_bias_nonlinearity,0.01
iirs_tmc2_fixed_00391,ch2_tmc_nca_20260813T1023298778_d_img_d18_r048384_c001792,121,1,controlled_synthetic,fixed_global_domain_transform,synthetic_source_domain,TMC-2,True,False,fixed_rotation_scale_bias_nonlinearity,0.02
iirs_tmc2_fixed_00392,ch2_tmc_nca_20260813T1023298778_d_img_d18_r048384_c001792,121,2,controlled_synthetic,fixed_global_domain_transform,synthetic_source_domain,TMC-2,True,False,fixed_rotation_scale_bias_nonlinearity,0.03
iirs_tmc2_fixed_00393,ch2_tmc_nca_20260813T1023298778_d_img_d18_r048384_c001792,121,3,controlled_synthetic,fixed_global_domain_transform,synthetic_source_domain,TMC-2,True,False,fixed_rotation_scale_bias_nonlinearity,0.02
iirs_tmc2_fixed_00394,ch2_tmc_nca_20260813T1023298778_d_img_d18_r048384_c001792,121,4,controlled_synthetic,fixed_global_domain_transform,synthetic_source_domain,TMC-2,True,False,fixed_rotation_scale_bias_nonlinearity,0.01
iirs_tmc2_fixed_00395,ch2_tmc_nca_20260813T1023298778_d_img_d18_r071424_c003072,337,0,controlled_synthetic,fixed_global_domain_transform,synthetic_source_domain,TMC-2,True,False,fixed_rotation_scale_bias_nonlinearity,0.01
iirs_tmc2_fixed_00396,ch2_tmc_nca_20260813T1023298778_d_img_d18_r071424_c003072,337,1,controlled_synthetic,fixed_global_domain_transform,synthetic_source_domain,TMC-2,True,False,fixed_rotation_scale_bias_nonlinearity,0.02
iirs_tmc2_fixed_00397,ch2_tmc_nca_20260813T1023298778_d_img_d18_r071424_c003072,337,2,controlled_synthetic,fixed_global_domain_transform,synthetic_source_domain,TMC-2,True,False,fixed_rotation_scale_bias_nonlinearity,0.03
iirs_tmc2_fixed_00398,ch2_tmc_nca_20260813T1023298778_d_img_d18_r071424_c003072,337,3,controlled_synthetic,fixed_global_domain_transform,synthetic_source_domain,TMC-2,True,False,fixed_rotation_scale_bias_nonlinearity,0.02
iirs_tmc2_fixed_00399,ch2_tmc_nca_20260813T1023298778_d_img_d18_r071424_c003072,337,4,controlled_synthetic,fixed_global_domain_transform,synthetic_source_domain,TMC-2,True,False,fixed_rotation_scale_bias_nonlinearity,0.01
iirs_tmc2_fixed_00400,ch2_tmc_nca_20260813T1023298778_d_img_d18_r123648_c001536,114,0,controlled_synthetic,fixed_global_domain_transform,synthetic_source_domain,TMC-2,True,False,fixed_rotation_scale_bias_nonlinearity,0.01
iirs_tmc2_fixed_00401,ch2_tmc_nca_20260813T1023298778_d_img_d18_r123648_c001536,114,1,controlled_synthetic,fixed_global_domain_transform,synthetic_source_domain,TMC-2,True,False,fixed_rotation_scale_bias_nonlinearity,0.02
iirs_tmc2_fixed_00402,ch2_tmc_nca_20260813T1023298778_d_img_d18_r123648_c001536,114,2,controlled_synthetic,fixed_global_domain_transform,synthetic_source_domain,TMC-2,True,False,fixed_rotation_scale_bias_nonlinearity,0.03
iirs_tmc2_fixed_00403,ch2_tmc_nca_20260813T1023298778_d_img_d18_r123648_c001536,114,3,controlled_synthetic,fixed_global_domain_transform,synthetic_source_domain,TMC-2,True,False,fixed_rotation_scale_bias_nonlinearity,0.02
iirs_tmc2_fixed_00404,ch2_tmc_nca_20260813T1023298778_d_img_d18_r123648_c001536,114,4,controlled_synthetic,fixed_global_domain_transform,synthetic_source_domain,TMC-2,True,False,fixed_rotation_scale_bias_nonlinearity,0.01
iirs_tmc2_fixed_00405,ch2_tmc_nca_20260813T1023298778_d_img_d18_r129280_c001280,139,0,controlled_synthetic,fixed_global_domain_transform,synthetic_source_domain,TMC-2,True,False,fixed_rotation_scale_bias_nonlinearity,0.01
iirs_tmc2_fixed_00406,ch2_tmc_nca_20260813T1023298778_d_img_d18_r129280_c001280,139,1,controlled_synthetic,fixed_global_domain_transform,synthetic_source_domain,TMC-2,True,False,fixed_rotation_scale_bias_nonlinearity,0.02
iirs_tmc2_fixed_00407,ch2_tmc_nca_20260813T1023298778_d_img_d18_r129280_c001280,139,2,controlled_synthetic,fixed_global_domain_transform,synthetic_source_domain,TMC-2,True,False,fixed_rotation_scale_bias_nonlinearity,0.03
iirs_tmc2_fixed_00408,ch2_tmc_nca_20260813T1023298778_d_img_d18_r129280_c001280,139,3,controlled_synthetic,fixed_global_domain_transform,synthetic_source_domain,TMC-2,True,False,fixed_rotation_scale_bias_nonlinearity,0.02
iirs_tmc2_fixed_00409,ch2_tmc_nca_20260813T1023298778_d_img_d18_r129280_c001280,139,4,controlled_synthetic,fixed_global_domain_transform,synthetic_source_domain,TMC-2,True,False,fixed_rotation_scale_bias_nonlinearity,0.01
iirs_tmc2_fixed_00410,ch2_tmc_nca_20260813T1023298778_d_img_d18_r107776_c003584,235,0,controlled_synthetic,fixed_global_domain_transform,synthetic_source_domain,TMC-2,True,False,fixed_rotation_scale_bias_nonlinearity,0.01
iirs_tmc2_fixed_00411,ch2_tmc_nca_20260813T1023298778_d_img_d18_r107776_c003584,235,1,controlled_synthetic,fixed_global_domain_transform,synthetic_source_domain,TMC-2,True,False,fixed_rotation_scale_bias_nonlinearity,0.02
iirs_tmc2_fixed_00412,ch2_tmc_nca_20260813T1023298778_d_img_d18_r107776_c003584,235,2,controlled_synthetic,fixed_global_domain_transform,synthetic_source_domain,TMC-2,True,False,fixed_rotation_scale_bias_nonlinearity,0.03
iirs_tmc2_fixed_00413,ch2_tmc_nca_20260813T1023298778_d_img_d18_r107776_c003584,235,3,controlled_synthetic,fixed_global_domain_transform,synthetic_source_domain,TMC-2,True,False,fixed_rotation_scale_bias_nonlinearity,0.02
iirs_tmc2_fixed_00414,ch2_tmc_nca_20260813T1023298778_d_img_d18_r107776_c003584,235,4,controlled_synthetic,fixed_global_domain_transform,synthetic_source_domain,TMC-2,True,False,fixed_rotation_scale_bias_nonlinearity,0.01
iirs_tmc2_fixed_00415,ch2_tmc_nca_20260813T1023298778_d_img_d18_r061696_c002816,388,0,controlled_synthetic,fixed_global_domain_transform,synthetic_source_domain,TMC-2,True,False,fixed_rotation_scale_bias_nonlinearity,0.01
iirs_tmc2_fixed_00416,ch2_tmc_nca_20260813T1023298778_d_img_d18_r061696_c002816,388,1,controlled_synthetic,fixed_global_domain_transform,synthetic_source_domain,TMC-2,True,False,fixed_rotation_scale_bias_nonlinearity,0.02
iirs_tmc2_fixed_00417,ch2_tmc_nca_20260813T1023298778_d_img_d18_r061696_c002816,388,2,controlled_synthetic,fixed_global_domain_transform,synthetic_source_domain,TMC-2,True,False,fixed_rotation_scale_bias_nonlinearity,0.03
iirs_tmc2_fixed_00418,ch2_tmc_nca_20260813T1023298778_d_img_d18_r061696_c002816,388,3,controlled_synthetic,fixed_global_domain_transform,synthetic_source_domain,TMC-2,True,False,fixed_rotation_scale_bias_nonlinearity,0.02
iirs_tmc2_fixed_00419,ch2_tmc_nca_20260813T1023298778_d_img_d18_r061696_c002816,388,4,controlled_synthetic,fixed_global_domain_transform,synthetic_source_domain,TMC-2,True,False,fixed_rotation_scale_bias_nonlinearity,0.01
iirs_tmc2_fixed_00420,ch2_tmc_nca_20260813T1023298778_d_img_d18_r030464_c001792,149,0,controlled_synthetic,fixed_global_domain_transform,synthetic_source_domain,TMC-2,True,False,fixed_rotation_scale_bias_nonlinearity,0.01
iirs_tmc2_fixed_00421,ch2_tmc_nca_20260813T1023298778_d_img_d18_r030464_c001792,149,1,controlled_synthetic,fixed_global_domain_transform,synthetic_source_domain,TMC-2,True,False,fixed_rotation_scale_bias_nonlinearity,0.02
iirs_tmc2_fixed_00422,ch2_tmc_nca_20260813T1023298778_d_img_d18_r030464_c001792,149,2,controlled_synthetic,fixed_global_domain_transform,synthetic_source_domain,TMC-2,True,False,fixed_rotation_scale_bias_nonlinearity,0.03
iirs_tmc2_fixed_00423,ch2_tmc_nca_20260813T1023298778_d_img_d18_r030464_c001792,149,3,controlled_synthetic,fixed_global_domain_transform,synthetic_source_domain,TMC-2,True,False,fixed_rotation_scale_bias_nonlinearity,0.02
iirs_tmc2_fixed_00424,ch2_tmc_nca_20260813T1023298778_d_img_d18_r030464_c001792,149,4,controlled_synthetic,fixed_global_domain_transform,synthetic_source_domain,TMC-2,True,False,fixed_rotation_scale_bias_nonlinearity,0.01
iirs_tmc2_fixed_00425,ch2_tmc_nca_20260813T1023298778_d_img_d18_r082432_c002816,239,0,controlled_synthetic,fixed_global_domain_transform,synthetic_source_domain,TMC-2,True,False,fixed_rotation_scale_bias_nonlinearity,0.01
iirs_tmc2_fixed_00426,ch2_tmc_nca_20260813T1023298778_d_img_d18_r082432_c002816,239,1,controlled_synthetic,fixed_global_domain_transform,synthetic_source_domain,TMC-2,True,False,fixed_rotation_scale_bias_nonlinearity,0.02
iirs_tmc2_fixed_00427,ch2_tmc_nca_20260813T1023298778_d_img_d18_r082432_c002816,239,2,controlled_synthetic,fixed_global_domain_transform,synthetic_source_domain,TMC-2,True,False,fixed_rotation_scale_bias_nonlinearity,0.03
iirs_tmc2_fixed_00428,ch2_tmc_nca_20260813T1023298778_d_img_d18_r082432_c002816,239,3,controlled_synthetic,fixed_global_domain_transform,synthetic_source_domain,TMC-2,True,False,fixed_rotation_scale_bias_nonlinearity,0.02
iirs_tmc2_fixed_00429,ch2_tmc_nca_20260813T1023298778_d_img_d18_r082432_c002816,239,4,controlled_synthetic,fixed_global_domain_transform,synthetic_source_domain,TMC-2,True,False,fixed_rotation_scale_bias_nonlinearity,0.01
iirs_tmc2_fixed_00430,ch2_tmc_nca_20260813T1023298778_d_img_d18_r066304_c000512,130,0,controlled_synthetic,fixed_global_domain_transform,synthetic_source_domain,TMC-2,True,False,fixed_rotation_scale_bias_nonlinearity,0.01
iirs_tmc2_fixed_00431,ch2_tmc_nca_20260813T1023298778_d_img_d18_r066304_c000512,130,1,controlled_synthetic,fixed_global_domain_transform,synthetic_source_domain,TMC-2,True,False,fixed_rotation_scale_bias_nonlinearity,0.02
iirs_tmc2_fixed_00432,ch2_tmc_nca_20260813T1023298778_d_img_d18_r066304_c000512,130,2,controlled_synthetic,fixed_global_domain_transform,synthetic_source_domain,TMC-2,True,False,fixed_rotation_scale_bias_nonlinearity,0.03
iirs_tmc2_fixed_00433,ch2_tmc_nca_20260813T1023298778_d_img_d18_r066304_c000512,130,3,controlled_synthetic,fixed_global_domain_transform,synthetic_source_domain,TMC-2,True,False,fixed_rotation_scale_bias_nonlinearity,0.02
iirs_tmc2_fixed_00434,ch2_tmc_nca_20260813T1023298778_d_img_d18_r066304_c000512,130,4,controlled_synthetic,fixed_global_domain_transform,synthetic_source_domain,TMC-2,True,False,fixed_rotation_scale_bias_nonlinearity,0.01
iirs_tmc2_fixed_00435,ch2_tmc_nca_20260813T1023298778_d_img_d18_r037888_c003328,221,0,controlled_synthetic,fixed_global_domain_transform,synthetic_source_domain,TMC-2,True,False,fixed_rotation_scale_bias_nonlinearity,0.01
iirs_tmc2_fixed_00436,ch2_tmc_nca_20260813T1023298778_d_img_d18_r037888_c003328,221,1,controlled_synthetic,fixed_global_domain_transform,synthetic_source_domain,TMC-2,True,False,fixed_rotation_scale_bias_nonlinearity,0.02
iirs_tmc2_fixed_00437,ch2_tmc_nca_20260813T1023298778_d_img_d18_r037888_c003328,221,2,controlled_synthetic,fixed_global_domain_transform,synthetic_source_domain,TMC-2,True,False,fixed_rotation_scale_bias_nonlinearity,0.03
iirs_tmc2_fixed_00438,ch2_tmc_nca_20260813T1023298778_d_img_d18_r037888_c003328,221,3,controlled_synthetic,fixed_global_domain_transform,synthetic_source_domain,TMC-2,True,False,fixed_rotation_scale_bias_nonlinearity,0.02
iirs_tmc2_fixed_00439,ch2_tmc_nca_20260813T1023298778_d_img_d18_r037888_c003328,221,4,controlled_synthetic,fixed_global_domain_transform,synthetic_source_domain,TMC-2,True,False,fixed_rotation_scale_bias_nonlinearity,0.01
iirs_tmc2_fixed_00440,ch2_tmc_nca_20260813T1023298778_d_img_d18_r028160_c001536,247,0,controlled_synthetic,fixed_global_domain_transform,synthetic_source_domain,TMC-2,True,False,fixed_rotation_scale_bias_nonlinearity,0.01
iirs_tmc2_fixed_00441,ch2_tmc_nca_20260813T1023298778_d_img_d18_r028160_c001536,247,1,controlled_synthetic,fixed_global_domain_transform,synthetic_source_domain,TMC-2,True,False,fixed_rotation_scale_bias_nonlinearity,0.02
iirs_tmc2_fixed_00442,ch2_tmc_nca_20260813T1023298778_d_img_d18_r028160_c001536,247,2,controlled_synthetic,fixed_global_domain_transform,synthetic_source_domain,TMC-2,True,False,fixed_rotation_scale_bias_nonlinearity,0.03
iirs_tmc2_fixed_00443,ch2_tmc_nca_20260813T1023298778_d_img_d18_r028160_c001536,247,3,controlled_synthetic,fixed_global_domain_transform,synthetic_source_domain,TMC-2,True,False,fixed_rotation_scale_bias_nonlinearity,0.02
iirs_tmc2_fixed_00444,ch2_tmc_nca_20260813T1023298778_d_img_d18_r028160_c001536,247,4,controlled_synthetic,fixed_global_domain_transform,synthetic_source_domain,TMC-2,True,False,fixed_rotation_scale_bias_nonlinearity,0.01
iirs_tmc2_fixed_00445,ch2_tmc_nca_20260813T1023298778_d_img_d18_r126720_c000512,266,0,controlled_synthetic,fixed_global_domain_transform,synthetic_source_domain,TMC-2,True,False,fixed_rotation_scale_bias_nonlinearity,0.01
iirs_tmc2_fixed_00446,ch2_tmc_nca_20260813T1023298778_d_img_d18_r126720_c000512,266,1,controlled_synthetic,fixed_global_domain_transform,synthetic_source_domain,TMC-2,True,False,fixed_rotation_scale_bias_nonlinearity,0.02
iirs_tmc2_fixed_00447,ch2_tmc_nca_20260813T1023298778_d_img_d18_r126720_c000512,266,2,controlled_synthetic,fixed_global_domain_transform,synthetic_source_domain,TMC-2,True,False,fixed_rotation_scale_bias_nonlinearity,0.03
iirs_tmc2_fixed_00448,ch2_tmc_nca_20260813T1023298778_d_img_d18_r126720_c000512,266,3,controlled_synthetic,fixed_global_domain_transform,synthetic_source_domain,TMC-2,True,False,fixed_rotation_scale_bias_nonlinearity,0.02
iirs_tmc2_fixed_00449,ch2_tmc_nca_20260813T1023298778_d_img_d18_r126720_c000512,266,4,controlled_synthetic,fixed_global_domain_transform,synthetic_source_domain,TMC-2,True,False,fixed_rotation_scale_bias_nonlinearity,0.01
iirs_tmc2_fixed_00450,ch2_tmc_nca_20260813T1023298778_d_img_d18_r140800_c001792,43,0,controlled_synthetic,fixed_global_domain_transform,synthetic_source_domain,TMC-2,True,False,fixed_rotation_scale_bias_nonlinearity,0.01
iirs_tmc2_fixed_00451,ch2_tmc_nca_20260813T1023298778_d_img_d18_r140800_c001792,43,1,controlled_synthetic,fixed_global_domain_transform,synthetic_source_domain,TMC-2,True,False,fixed_rotation_scale_bias_nonlinearity,0.02
iirs_tmc2_fixed_00452,ch2_tmc_nca_20260813T1023298778_d_img_d18_r140800_c001792,43,2,controlled_synthetic,fixed_global_domain_transform,synthetic_source_domain,TMC-2,True,False,fixed_rotation_scale_bias_nonlinearity,0.03
iirs_tmc2_fixed_00453,ch2_tmc_nca_20260813T1023298778_d_img_d18_r140800_c001792,43,3,controlled_synthetic,fixed_global_domain_transform,synthetic_source_domain,TMC-2,True,False,fixed_rotation_scale_bias_nonlinearity,0.02
iirs_tmc2_fixed_00454,ch2_tmc_nca_20260813T1023298778_d_img_d18_r140800_c001792,43,4,controlled_synthetic,fixed_global_domain_transform,synthetic_source_domain,TMC-2,True,False,fixed_rotation_scale_bias_nonlinearity,0.01
iirs_tmc2_fixed_00455,ch2_tmc_nca_20260813T1023298778_d_img_d18_r066048_c000256,52,0,controlled_synthetic,fixed_global_domain_transform,synthetic_source_domain,TMC-2,True,False,fixed_rotation_scale_bias_nonlinearity,0.01
iirs_tmc2_fixed_00456,ch2_tmc_nca_20260813T1023298778_d_img_d18_r066048_c000256,52,1,controlled_synthetic,fixed_global_domain_transform,synthetic_source_domain,TMC-2,True,False,fixed_rotation_scale_bias_nonlinearity,0.02
iirs_tmc2_fixed_00457,ch2_tmc_nca_20260813T1023298778_d_img_d18_r066048_c000256,52,2,controlled_synthetic,fixed_global_domain_transform,synthetic_source_domain,TMC-2,True,False,fixed_rotation_scale_bias_nonlinearity,0.03
iirs_tmc2_fixed_00458,ch2_tmc_nca_20260813T1023298778_d_img_d18_r066048_c000256,52,3,controlled_synthetic,fixed_global_domain_transform,synthetic_source_domain,TMC-2,True,False,fixed_rotation_scale_bias_nonlinearity,0.02
iirs_tmc2_fixed_00459,ch2_tmc_nca_20260813T1023298778_d_img_d18_r066048_c000256,52,4,controlled_synthetic,fixed_global_domain_transform,synthetic_source_domain,TMC-2,True,False,fixed_rotation_scale_bias_nonlinearity,0.01
iirs_tmc2_fixed_00460,ch2_tmc_nca_20260813T1023298778_d_img_d18_r137984_c001024,0,0,controlled_synthetic,fixed_global_domain_transform,synthetic_source_domain,TMC-2,True,False,fixed_rotation_scale_bias_nonlinearity,0.01
iirs_tmc2_fixed_00461,ch2_tmc_nca_20260813T1023298778_d_img_d18_r137984_c001024,0,1,controlled_synthetic,fixed_global_domain_transform,synthetic_source_domain,TMC-2,True,False,fixed_rotation_scale_bias_nonlinearity,0.02
iirs_tmc2_fixed_00462,ch2_tmc_nca_20260813T1023298778_d_img_d18_r137984_c001024,0,2,controlled_synthetic,fixed_global_domain_transform,synthetic_source_domain,TMC-2,True,False,fixed_rotation_scale_bias_nonlinearity,0.03
iirs_tmc2_fixed_00463,ch2_tmc_nca_20260813T1023298778_d_img_d18_r137984_c001024,0,3,controlled_synthetic,fixed_global_domain_transform,synthetic_source_domain,TMC-2,True,False,fixed_rotation_scale_bias_nonlinearity,0.02
iirs_tmc2_fixed_00464,ch2_tmc_nca_20260813T1023298778_d_img_d18_r137984_c001024,0,4,controlled_synthetic,fixed_global_domain_transform,synthetic_source_domain,TMC-2,True,False,fixed_rotation_scale_bias_nonlinearity,0.01
iirs_tmc2_fixed_00465,ch2_tmc_nca_20260813T1023298778_d_img_d18_r111360_c000768,232,0,controlled_synthetic,fixed_global_domain_transform,synthetic_source_domain,TMC-2,True,False,fixed_rotation_scale_bias_nonlinearity,0.01
iirs_tmc2_fixed_00466,ch2_tmc_nca_20260813T1023298778_d_img_d18_r111360_c000768,232,1,controlled_synthetic,fixed_global_domain_transform,synthetic_source_domain,TMC-2,True,False,fixed_rotation_scale_bias_nonlinearity,0.02
iirs_tmc2_fixed_00467,ch2_tmc_nca_20260813T1023298778_d_img_d18_r111360_c000768,232,2,controlled_synthetic,fixed_global_domain_transform,synthetic_source_domain,TMC-2,True,False,fixed_rotation_scale_bias_nonlinearity,0.03
iirs_tmc2_fixed_00468,ch2_tmc_nca_20260813T1023298778_d_img_d18_r111360_c000768,232,3,controlled_synthetic,fixed_global_domain_transform,synthetic_source_domain,TMC-2,True,False,fixed_rotation_scale_bias_nonlinearity,0.02
iirs_tmc2_fixed_00469,ch2_tmc_nca_20260813T1023298778_d_img_d18_r111360_c000768,232,4,controlled_synthetic,fixed_global_domain_transform,synthetic_source_domain,TMC-2,True,False,fixed_rotation_scale_bias_nonlinearity,0.01
iirs_tmc2_fixed_00470,ch2_tmc_nca_20260813T1023298778_d_img_d18_r139264_c001024,12,0,controlled_synthetic,fixed_global_domain_transform,synthetic_source_domain,TMC-2,True,False,fixed_rotation_scale_bias_nonlinearity,0.01
iirs_tmc2_fixed_00471,ch2_tmc_nca_20260813T1023298778_d_img_d18_r139264_c001024,12,1,controlled_synthetic,fixed_global_domain_transform,synthetic_source_domain,TMC-2,True,False,fixed_rotation_scale_bias_nonlinearity,0.02
iirs_tmc2_fixed_00472,ch2_tmc_nca_20260813T1023298778_d_img_d18_r139264_c001024,12,2,controlled_synthetic,fixed_global_domain_transform,synthetic_source_domain,TMC-2,True,False,fixed_rotation_scale_bias_nonlinearity,0.03
iirs_tmc2_fixed_00473,ch2_tmc_nca_20260813T1023298778_d_img_d18_r139264_c001024,12,3,controlled_synthetic,fixed_global_domain_transform,synthetic_source_domain,TMC-2,True,False,fixed_rotation_scale_bias_nonlinearity,0.02
iirs_tmc2_fixed_00474,ch2_tmc_nca_20260813T1023298778_d_img_d18_r139264_c001024,12,4,controlled_synthetic,fixed_global_domain_transform,synthetic_source_domain,TMC-2,True,False,fixed_rotation_scale_bias_nonlinearity,0.01
iirs_tmc2_fixed_00475,ch2_tmc_nca_20260813T1023298778_d_img_d18_r111616_c003072,147,0,controlled_synthetic,fixed_global_domain_transform,synthetic_source_domain,TMC-2,True,False,fixed_rotation_scale_bias_nonlinearity,0.01
iirs_tmc2_fixed_00476,ch2_tmc_nca_20260813T1023298778_d_img_d18_r111616_c003072,147,1,controlled_synthetic,fixed_global_domain_transform,synthetic_source_domain,TMC-2,True,False,fixed_rotation_scale_bias_nonlinearity,0.02
iirs_tmc2_fixed_00477,ch2_tmc_nca_20260813T1023298778_d_img_d18_r111616_c003072,147,2,controlled_synthetic,fixed_global_domain_transform,synthetic_source_domain,TMC-2,True,False,fixed_rotation_scale_bias_nonlinearity,0.03
iirs_tmc2_fixed_00478,ch2_tmc_nca_20260813T1023298778_d_img_d18_r111616_c003072,147,3,controlled_synthetic,fixed_global_domain_transform,synthetic_source_domain,TMC-2,True,False,fixed_rotation_scale_bias_nonlinearity,0.02
iirs_tmc2_fixed_00479,ch2_tmc_nca_20260813T1023298778_d_img_d18_r111616_c003072,147,4,controlled_synthetic,fixed_global_domain_transform,synthetic_source_domain,TMC-2,True,False,fixed_rotation_scale_bias_nonlinearity,0.01
iirs_tmc2_fixed_00480,ch2_tmc_nca_20260813T1023298778_d_img_d18_r109056_c003328,150,0,controlled_synthetic,fixed_global_domain_transform,synthetic_source_domain,TMC-2,True,False,fixed_rotation_scale_bias_nonlinearity,0.01
iirs_tmc2_fixed_00481,ch2_tmc_nca_20260813T1023298778_d_img_d18_r109056_c003328,150,1,controlled_synthetic,fixed_global_domain_transform,synthetic_source_domain,TMC-2,True,False,fixed_rotation_scale_bias_nonlinearity,0.02
iirs_tmc2_fixed_00482,ch2_tmc_nca_20260813T1023298778_d_img_d18_r109056_c003328,150,2,controlled_synthetic,fixed_global_domain_transform,synthetic_source_domain,TMC-2,True,False,fixed_rotation_scale_bias_nonlinearity,0.03
iirs_tmc2_fixed_00483,ch2_tmc_nca_20260813T1023298778_d_img_d18_r109056_c003328,150,3,controlled_synthetic,fixed_global_domain_transform,synthetic_source_domain,TMC-2,True,False,fixed_rotation_scale_bias_nonlinearity,0.02
iirs_tmc2_fixed_00484,ch2_tmc_nca_20260813T1023298778_d_img_d18_r109056_c003328,150,4,controlled_synthetic,fixed_global_domain_transform,synthetic_source_domain,TMC-2,True,False,fixed_rotation_scale_bias_nonlinearity,0.01
iirs_tmc2_fixed_00485,ch2_tmc_nca_20260813T1023298778_d_img_d18_r056064_c003072,137,0,controlled_synthetic,fixed_global_domain_transform,synthetic_source_domain,TMC-2,True,False,fixed_rotation_scale_bias_nonlinearity,0.01
iirs_tmc2_fixed_00486,ch2_tmc_nca_20260813T1023298778_d_img_d18_r056064_c003072,137,1,controlled_synthetic,fixed_global_domain_transform,synthetic_source_domain,TMC-2,True,False,fixed_rotation_scale_bias_nonlinearity,0.02
iirs_tmc2_fixed_00487,ch2_tmc_nca_20260813T1023298778_d_img_d18_r056064_c003072,137,2,controlled_synthetic,fixed_global_domain_transform,synthetic_source_domain,TMC-2,True,False,fixed_rotation_scale_bias_nonlinearity,0.03
iirs_tmc2_fixed_00488,ch2_tmc_nca_20260813T1023298778_d_img_d18_r056064_c003072,137,3,controlled_synthetic,fixed_global_domain_transform,synthetic_source_domain,TMC-2,True,False,fixed_rotation_scale_bias_nonlinearity,0.02
iirs_tmc2_fixed_00489,ch2_tmc_nca_20260813T1023298778_d_img_d18_r056064_c003072,137,4,controlled_synthetic,fixed_global_domain_transform,synthetic_source_domain,TMC-2,True,False,fixed_rotation_scale_bias_nonlinearity,0.01
iirs_tmc2_fixed_00490,ch2_tmc_nca_20260813T1023298778_d_img_d18_r021760_c001792,51,0,controlled_synthetic,fixed_global_domain_transform,synthetic_source_domain,TMC-2,True,False,fixed_rotation_scale_bias_nonlinearity,0.01
iirs_tmc2_fixed_00491,ch2_tmc_nca_20260813T1023298778_d_img_d18_r021760_c001792,51,1,controlled_synthetic,fixed_global_domain_transform,synthetic_source_domain,TMC-2,True,False,fixed_rotation_scale_bias_nonlinearity,0.02
iirs_tmc2_fixed_00492,ch2_tmc_nca_20260813T1023298778_d_img_d18_r021760_c001792,51,2,controlled_synthetic,fixed_global_domain_transform,synthetic_source_domain,TMC-2,True,False,fixed_rotation_scale_bias_nonlinearity,0.03
iirs_tmc2_fixed_00493,ch2_tmc_nca_20260813T1023298778_d_img_d18_r021760_c001792,51,3,controlled_synthetic,fixed_global_domain_transform,synthetic_source_domain,TMC-2,True,False,fixed_rotation_scale_bias_nonlinearity,0.02
iirs_tmc2_fixed_00494,ch2_tmc_nca_20260813T1023298778_d_img_d18_r021760_c001792,51,4,controlled_synthetic,fixed_global_domain_transform,synthetic_source_domain,TMC-2,True,False,fixed_rotation_scale_bias_nonlinearity,0.01
iirs_tmc2_fixed_00495,ch2_tmc_nca_20260813T1023298778_d_img_d18_r071936_c000512,312,0,controlled_synthetic,fixed_global_domain_transform,synthetic_source_domain,TMC-2,True,False,fixed_rotation_scale_bias_nonlinearity,0.01
iirs_tmc2_fixed_00496,ch2_tmc_nca_20260813T1023298778_d_img_d18_r071936_c000512,312,1,controlled_synthetic,fixed_global_domain_transform,synthetic_source_domain,TMC-2,True,False,fixed_rotation_scale_bias_nonlinearity,0.02
iirs_tmc2_fixed_00497,ch2_tmc_nca_20260813T1023298778_d_img_d18_r071936_c000512,312,2,controlled_synthetic,fixed_global_domain_transform,synthetic_source_domain,TMC-2,True,False,fixed_rotation_scale_bias_nonlinearity,0.03
iirs_tmc2_fixed_00498,ch2_tmc_nca_20260813T1023298778_d_img_d18_r071936_c000512,312,3,controlled_synthetic,fixed_global_domain_transform,synthetic_source_domain,TMC-2,True,False,fixed_rotation_scale_bias_nonlinearity,0.02
iirs_tmc2_fixed_00499,ch2_tmc_nca_20260813T1023298778_d_img_d18_r071936_c000512,312,4,controlled_synthetic,fixed_global_domain_transform,synthetic_source_domain,TMC-2,True,False,fixed_rotation_scale_bias_nonlinearity,0.01
iirs_tmc2_fixed_00500,ch2_tmc_nca_20260813T1023298778_d_img_d18_r053248_c001280,259,0,controlled_synthetic,fixed_global_domain_transform,synthetic_source_domain,TMC-2,True,False,fixed_rotation_scale_bias_nonlinearity,0.01
iirs_tmc2_fixed_00501,ch2_tmc_nca_20260813T1023298778_d_img_d18_r053248_c001280,259,1,controlled_synthetic,fixed_global_domain_transform,synthetic_source_domain,TMC-2,True,False,fixed_rotation_scale_bias_nonlinearity,0.02
iirs_tmc2_fixed_00502,ch2_tmc_nca_20260813T1023298778_d_img_d18_r053248_c001280,259,2,controlled_synthetic,fixed_global_domain_transform,synthetic_source_domain,TMC-2,True,False,fixed_rotation_scale_bias_nonlinearity,0.03
iirs_tmc2_fixed_00503,ch2_tmc_nca_20260813T1023298778_d_img_d18_r053248_c001280,259,3,controlled_synthetic,fixed_global_domain_transform,synthetic_source_domain,TMC-2,True,False,fixed_rotation_scale_bias_nonlinearity,0.02
iirs_tmc2_fixed_00504,ch2_tmc_nca_20260813T1023298778_d_img_d18_r053248_c001280,259,4,controlled_synthetic,fixed_global_domain_transform,synthetic_source_domain,TMC-2,True,False,fixed_rotation_scale_bias_nonlinearity,0.01
iirs_tmc2_fixed_00505,ch2_tmc_nca_20260813T1023298778_d_img_d18_r092160_c001280,330,0,controlled_synthetic,fixed_global_domain_transform,synthetic_source_domain,TMC-2,True,False,fixed_rotation_scale_bias_nonlinearity,0.01
iirs_tmc2_fixed_00506,ch2_tmc_nca_20260813T1023298778_d_img_d18_r092160_c001280,330,1,controlled_synthetic,fixed_global_domain_transform,synthetic_source_domain,TMC-2,True,False,fixed_rotation_scale_bias_nonlinearity,0.02
iirs_tmc2_fixed_00507,ch2_tmc_nca_20260813T1023298778_d_img_d18_r092160_c001280,330,2,controlled_synthetic,fixed_global_domain_transform,synthetic_source_domain,TMC-2,True,False,fixed_rotation_scale_bias_nonlinearity,0.03
iirs_tmc2_fixed_00508,ch2_tmc_nca_20260813T1023298778_d_img_d18_r092160_c001280,330,3,controlled_synthetic,fixed_global_domain_transform,synthetic_source_domain,TMC-2,True,False,fixed_rotation_scale_bias_nonlinearity,0.02
iirs_tmc2_fixed_00509,ch2_tmc_nca_20260813T1023298778_d_img_d18_r092160_c001280,330,4,controlled_synthetic,fixed_global_domain_transform,synthetic_source_domain,TMC-2,True,False,fixed_rotation_scale_bias_nonlinearity,0.01
iirs_tmc2_fixed_00510,ch2_tmc_nca_20260813T1023298778_d_img_d18_r070144_c000768,373,0,controlled_synthetic,fixed_global_domain_transform,synthetic_source_domain,TMC-2,True,False,fixed_rotation_scale_bias_nonlinearity,0.01
iirs_tmc2_fixed_00511,ch2_tmc_nca_20260813T1023298778_d_img_d18_r070144_c000768,373,1,controlled_synthetic,fixed_global_domain_transform,synthetic_source_domain,TMC-2,True,False,fixed_rotation_scale_bias_nonlinearity,0.02
iirs_tmc2_fixed_00512,ch2_tmc_nca_20260813T1023298778_d_img_d18_r070144_c000768,373,2,controlled_synthetic,fixed_global_domain_transform,synthetic_source_domain,TMC-2,True,False,fixed_rotation_scale_bias_nonlinearity,0.03
iirs_tmc2_fixed_00513,ch2_tmc_nca_20260813T1023298778_d_img_d18_r070144_c000768,373,3,controlled_synthetic,fixed_global_domain_transform,synthetic_source_domain,TMC-2,True,False,fixed_rotation_scale_bias_nonlinearity,0.02
iirs_tmc2_fixed_00514,ch2_tmc_nca_20260813T1023298778_d_img_d18_r070144_c000768,373,4,controlled_synthetic,fixed_global_domain_transform,synthetic_source_domain,TMC-2,True,False,fixed_rotation_scale_bias_nonlinearity,0.01
iirs_tmc2_fixed_00515,ch2_tmc_nca_20260813T1023298778_d_img_d18_r006656_c000768,195,0,controlled_synthetic,fixed_global_domain_transform,synthetic_source_domain,TMC-2,True,False,fixed_rotation_scale_bias_nonlinearity,0.01
iirs_tmc2_fixed_00516,ch2_tmc_nca_20260813T1023298778_d_img_d18_r006656_c000768,195,1,controlled_synthetic,fixed_global_domain_transform,synthetic_source_domain,TMC-2,True,False,fixed_rotation_scale_bias_nonlinearity,0.02
iirs_tmc2_fixed_00517,ch2_tmc_nca_20260813T1023298778_d_img_d18_r006656_c000768,195,2,controlled_synthetic,fixed_global_domain_transform,synthetic_source_domain,TMC-2,True,False,fixed_rotation_scale_bias_nonlinearity,0.03
iirs_tmc2_fixed_00518,ch2_tmc_nca_20260813T1023298778_d_img_d18_r006656_c000768,195,3,controlled_synthetic,fixed_global_domain_transform,synthetic_source_domain,TMC-2,True,False,fixed_rotation_scale_bias_nonlinearity,0.02
iirs_tmc2_fixed_00519,ch2_tmc_nca_20260813T1023298778_d_img_d18_r006656_c000768,195,4,controlled_synthetic,fixed_global_domain_transform,synthetic_source_domain,TMC-2,True,False,fixed_rotation_scale_bias_nonlinearity,0.01
iirs_tmc2_fixed_00520,ch2_tmc_nca_20260813T1023298778_d_img_d18_r028672_c002304,370,0,controlled_synthetic,fixed_global_domain_transform,synthetic_source_domain,TMC-2,True,False,fixed_rotation_scale_bias_nonlinearity,0.01
iirs_tmc2_fixed_00521,ch2_tmc_nca_20260813T1023298778_d_img_d18_r028672_c002304,370,1,controlled_synthetic,fixed_global_domain_transform,synthetic_source_domain,TMC-2,True,False,fixed_rotation_scale_bias_nonlinearity,0.02
iirs_tmc2_fixed_00522,ch2_tmc_nca_20260813T1023298778_d_img_d18_r028672_c002304,370,2,controlled_synthetic,fixed_global_domain_transform,synthetic_source_domain,TMC-2,True,False,fixed_rotation_scale_bias_nonlinearity,0.03
iirs_tmc2_fixed_00523,ch2_tmc_nca_20260813T1023298778_d_img_d18_r028672_c002304,370,3,controlled_synthetic,fixed_global_domain_transform,synthetic_source_domain,TMC-2,True,False,fixed_rotation_scale_bias_nonlinearity,0.02
iirs_tmc2_fixed_00524,ch2_tmc_nca_20260813T1023298778_d_img_d18_r028672_c002304,370,4,controlled_synthetic,fixed_global_domain_transform,synthetic_source_domain,TMC-2,True,False,fixed_rotation_scale_bias_nonlinearity,0.01
iirs_tmc2_fixed_00525,ch2_tmc_nca_20260813T1023298778_d_img_d18_r055296_c002560,358,0,controlled_synthetic,fixed_global_domain_transform,synthetic_source_domain,TMC-2,True,False,fixed_rotation_scale_bias_nonlinearity,0.01
iirs_tmc2_fixed_00526,ch2_tmc_nca_20260813T1023298778_d_img_d18_r055296_c002560,358,1,controlled_synthetic,fixed_global_domain_transform,synthetic_source_domain,TMC-2,True,False,fixed_rotation_scale_bias_nonlinearity,0.02
iirs_tmc2_fixed_00527,ch2_tmc_nca_20260813T1023298778_d_img_d18_r055296_c002560,358,2,controlled_synthetic,fixed_global_domain_transform,synthetic_source_domain,TMC-2,True,False,fixed_rotation_scale_bias_nonlinearity,0.03
iirs_tmc2_fixed_00528,ch2_tmc_nca_20260813T1023298778_d_img_d18_r055296_c002560,358,3,controlled_synthetic,fixed_global_domain_transform,synthetic_source_domain,TMC-2,True,False,fixed_rotation_scale_bias_nonlinearity,0.02
iirs_tmc2_fixed_00529,ch2_tmc_nca_20260813T1023298778_d_img_d18_r055296_c002560,358,4,controlled_synthetic,fixed_global_domain_transform,synthetic_source_domain,TMC-2,True,False,fixed_rotation_scale_bias_nonlinearity,0.01
iirs_tmc2_fixed_00530,ch2_tmc_nca_20260813T1023298778_d_img_d18_r008960_c002048,300,0,controlled_synthetic,fixed_global_domain_transform,synthetic_source_domain,TMC-2,True,False,fixed_rotation_scale_bias_nonlinearity,0.01
iirs_tmc2_fixed_00531,ch2_tmc_nca_20260813T1023298778_d_img_d18_r008960_c002048,300,1,controlled_synthetic,fixed_global_domain_transform,synthetic_source_domain,TMC-2,True,False,fixed_rotation_scale_bias_nonlinearity,0.02
iirs_tmc2_fixed_00532,ch2_tmc_nca_20260813T1023298778_d_img_d18_r008960_c002048,300,2,controlled_synthetic,fixed_global_domain_transform,synthetic_source_domain,TMC-2,True,False,fixed_rotation_scale_bias_nonlinearity,0.03
iirs_tmc2_fixed_00533,ch2_tmc_nca_20260813T1023298778_d_img_d18_r008960_c002048,300,3,controlled_synthetic,fixed_global_domain_transform,synthetic_source_domain,TMC-2,True,False,fixed_rotation_scale_bias_nonlinearity,0.02
iirs_tmc2_fixed_00534,ch2_tmc_nca_20260813T1023298778_d_img_d18_r008960_c002048,300,4,controlled_synthetic,fixed_global_domain_transform,synthetic_source_domain,TMC-2,True,False,fixed_rotation_scale_bias_nonlinearity,0.01
iirs_tmc2_fixed_00535,ch2_tmc_nca_20260813T1023298778_d_img_d18_r061184_c001536,209,0,controlled_synthetic,fixed_global_domain_transform,synthetic_source_domain,TMC-2,True,False,fixed_rotation_scale_bias_nonlinearity,0.01
iirs_tmc2_fixed_00536,ch2_tmc_nca_20260813T1023298778_d_img_d18_r061184_c001536,209,1,controlled_synthetic,fixed_global_domain_transform,synthetic_source_domain,TMC-2,True,False,fixed_rotation_scale_bias_nonlinearity,0.02
iirs_tmc2_fixed_00537,ch2_tmc_nca_20260813T1023298778_d_img_d18_r061184_c001536,209,2,controlled_synthetic,fixed_global_domain_transform,synthetic_source_domain,TMC-2,True,False,fixed_rotation_scale_bias_nonlinearity,0.03
iirs_tmc2_fixed_00538,ch2_tmc_nca_20260813T1023298778_d_img_d18_r061184_c001536,209,3,controlled_synthetic,fixed_global_domain_transform,synthetic_source_domain,TMC-2,True,False,fixed_rotation_scale_bias_nonlinearity,0.02
iirs_tmc2_fixed_00539,ch2_tmc_nca_20260813T1023298778_d_img_d18_r061184_c001536,209,4,controlled_synthetic,fixed_global_domain_transform,synthetic_source_domain,TMC-2,True,False,fixed_rotation_scale_bias_nonlinearity,0.01
iirs_tmc2_fixed_00540,ch2_tmc_nca_20260813T1023298778_d_img_d18_r007168_c003328,272,0,controlled_synthetic,fixed_global_domain_transform,synthetic_source_domain,TMC-2,True,False,fixed_rotation_scale_bias_nonlinearity,0.01
iirs_tmc2_fixed_00541,ch2_tmc_nca_20260813T1023298778_d_img_d18_r007168_c003328,272,1,controlled_synthetic,fixed_global_domain_transform,synthetic_source_domain,TMC-2,True,False,fixed_rotation_scale_bias_nonlinearity,0.02
iirs_tmc2_fixed_00542,ch2_tmc_nca_20260813T1023298778_d_img_d18_r007168_c003328,272,2,controlled_synthetic,fixed_global_domain_transform,synthetic_source_domain,TMC-2,True,False,fixed_rotation_scale_bias_nonlinearity,0.03
iirs_tmc2_fixed_00543,ch2_tmc_nca_20260813T1023298778_d_img_d18_r007168_c003328,272,3,controlled_synthetic,fixed_global_domain_transform,synthetic_source_domain,TMC-2,True,False,fixed_rotation_scale_bias_nonlinearity,0.02
iirs_tmc2_fixed_00544,ch2_tmc_nca_20260813T1023298778_d_img_d18_r007168_c003328,272,4,controlled_synthetic,fixed_global_domain_transform,synthetic_source_domain,TMC-2,True,False,fixed_rotation_scale_bias_nonlinearity,0.01
iirs_tmc2_fixed_00545,ch2_tmc_nca_20260813T1023298778_d_img_d18_r018432_c000256,118,0,controlled_synthetic,fixed_global_domain_transform,synthetic_source_domain,TMC-2,True,False,fixed_rotation_scale_bias_nonlinearity,0.01
iirs_tmc2_fixed_00546,ch2_tmc_nca_20260813T1023298778_d_img_d18_r018432_c000256,118,1,controlled_synthetic,fixed_global_domain_transform,synthetic_source_domain,TMC-2,True,False,fixed_rotation_scale_bias_nonlinearity,0.02
iirs_tmc2_fixed_00547,ch2_tmc_nca_20260813T1023298778_d_img_d18_r018432_c000256,118,2,controlled_synthetic,fixed_global_domain_transform,synthetic_source_domain,TMC-2,True,False,fixed_rotation_scale_bias_nonlinearity,0.03
iirs_tmc2_fixed_00548,ch2_tmc_nca_20260813T1023298778_d_img_d18_r018432_c000256,118,3,controlled_synthetic,fixed_global_domain_transform,synthetic_source_domain,TMC-2,True,False,fixed_rotation_scale_bias_nonlinearity,0.02
iirs_tmc2_fixed_00549,ch2_tmc_nca_20260813T1023298778_d_img_d18_r018432_c000256,118,4,controlled_synthetic,fixed_global_domain_transform,synthetic_source_domain,TMC-2,True,False,fixed_rotation_scale_bias_nonlinearity,0.01
iirs_tmc2_fixed_00550,ch2_tmc_nca_20260813T1023298778_d_img_d18_r143360_c000768,222,0,controlled_synthetic,fixed_global_domain_transform,synthetic_source_domain,TMC-2,True,False,fixed_rotation_scale_bias_nonlinearity,0.01
iirs_tmc2_fixed_00551,ch2_tmc_nca_20260813T1023298778_d_img_d18_r143360_c000768,222,1,controlled_synthetic,fixed_global_domain_transform,synthetic_source_domain,TMC-2,True,False,fixed_rotation_scale_bias_nonlinearity,0.02
iirs_tmc2_fixed_00552,ch2_tmc_nca_20260813T1023298778_d_img_d18_r143360_c000768,222,2,controlled_synthetic,fixed_global_domain_transform,synthetic_source_domain,TMC-2,True,False,fixed_rotation_scale_bias_nonlinearity,0.03
iirs_tmc2_fixed_00553,ch2_tmc_nca_20260813T1023298778_d_img_d18_r143360_c000768,222,3,controlled_synthetic,fixed_global_domain_transform,synthetic_source_domain,TMC-2,True,False,fixed_rotation_scale_bias_nonlinearity,0.02
iirs_tmc2_fixed_00554,ch2_tmc_nca_20260813T1023298778_d_img_d18_r143360_c000768,222,4,controlled_synthetic,fixed_global_domain_transform,synthetic_source_domain,TMC-2,True,False,fixed_rotation_scale_bias_nonlinearity,0.01
iirs_tmc2_fixed_00555,ch2_tmc_nca_20260813T1023298778_d_img_d18_r115456_c003584,132,0,controlled_synthetic,fixed_global_domain_transform,synthetic_source_domain,TMC-2,True,False,fixed_rotation_scale_bias_nonlinearity,0.01
iirs_tmc2_fixed_00556,ch2_tmc_nca_20260813T1023298778_d_img_d18_r115456_c003584,132,1,controlled_synthetic,fixed_global_domain_transform,synthetic_source_domain,TMC-2,True,False,fixed_rotation_scale_bias_nonlinearity,0.02
iirs_tmc2_fixed_00557,ch2_tmc_nca_20260813T1023298778_d_img_d18_r115456_c003584,132,2,controlled_synthetic,fixed_global_domain_transform,synthetic_source_domain,TMC-2,True,False,fixed_rotation_scale_bias_nonlinearity,0.03
iirs_tmc2_fixed_00558,ch2_tmc_nca_20260813T1023298778_d_img_d18_r115456_c003584,132,3,controlled_synthetic,fixed_global_domain_transform,synthetic_source_domain,TMC-2,True,False,fixed_rotation_scale_bias_nonlinearity,0.02
iirs_tmc2_fixed_00559,ch2_tmc_nca_20260813T1023298778_d_img_d18_r115456_c003584,132,4,controlled_synthetic,fixed_global_domain_transform,synthetic_source_domain,TMC-2,True,False,fixed_rotation_scale_bias_nonlinearity,0.01
iirs_tmc2_fixed_00560,ch2_tmc_nca_20260813T1023298778_d_img_d18_r061184_c000000,350,0,controlled_synthetic,fixed_global_domain_transform,synthetic_source_domain,TMC-2,True,False,fixed_rotation_scale_bias_nonlinearity,0.01
iirs_tmc2_fixed_00561,ch2_tmc_nca_20260813T1023298778_d_img_d18_r061184_c000000,350,1,controlled_synthetic,fixed_global_domain_transform,synthetic_source_domain,TMC-2,True,False,fixed_rotation_scale_bias_nonlinearity,0.02
iirs_tmc2_fixed_00562,ch2_tmc_nca_20260813T1023298778_d_img_d18_r061184_c000000,350,2,controlled_synthetic,fixed_global_domain_transform,synthetic_source_domain,TMC-2,True,False,fixed_rotation_scale_bias_nonlinearity,0.03
iirs_tmc2_fixed_00563,ch2_tmc_nca_20260813T1023298778_d_img_d18_r061184_c000000,350,3,controlled_synthetic,fixed_global_domain_transform,synthetic_source_domain,TMC-2,True,False,fixed_rotation_scale_bias_nonlinearity,0.02
iirs_tmc2_fixed_00564,ch2_tmc_nca_20260813T1023298778_d_img_d18_r061184_c000000,350,4,controlled_synthetic,fixed_global_domain_transform,synthetic_source_domain,TMC-2,True,False,fixed_rotation_scale_bias_nonlinearity,0.01
iirs_tmc2_fixed_00565,ch2_tmc_nca_20260813T1023298778_d_img_d18_r135424_c001536,318,0,controlled_synthetic,fixed_global_domain_transform,synthetic_source_domain,TMC-2,True,False,fixed_rotation_scale_bias_nonlinearity,0.01
iirs_tmc2_fixed_00566,ch2_tmc_nca_20260813T1023298778_d_img_d18_r135424_c001536,318,1,controlled_synthetic,fixed_global_domain_transform,synthetic_source_domain,TMC-2,True,False,fixed_rotation_scale_bias_nonlinearity,0.02
iirs_tmc2_fixed_00567,ch2_tmc_nca_20260813T1023298778_d_img_d18_r135424_c001536,318,2,controlled_synthetic,fixed_global_domain_transform,synthetic_source_domain,TMC-2,True,False,fixed_rotation_scale_bias_nonlinearity,0.03
iirs_tmc2_fixed_00568,ch2_tmc_nca_20260813T1023298778_d_img_d18_r135424_c001536,318,3,controlled_synthetic,fixed_global_domain_transform,synthetic_source_domain,TMC-2,True,False,fixed_rotation_scale_bias_nonlinearity,0.02
iirs_tmc2_fixed_00569,ch2_tmc_nca_20260813T1023298778_d_img_d18_r135424_c001536,318,4,controlled_synthetic,fixed_global_domain_transform,synthetic_source_domain,TMC-2,True,False,fixed_rotation_scale_bias_nonlinearity,0.01
iirs_tmc2_fixed_00570,ch2_tmc_nca_20260813T1023298778_d_img_d18_r061440_c003072,19,0,controlled_synthetic,fixed_global_domain_transform,synthetic_source_domain,TMC-2,True,False,fixed_rotation_scale_bias_nonlinearity,0.01
iirs_tmc2_fixed_00571,ch2_tmc_nca_20260813T1023298778_d_img_d18_r061440_c003072,19,1,controlled_synthetic,fixed_global_domain_transform,synthetic_source_domain,TMC-2,True,False,fixed_rotation_scale_bias_nonlinearity,0.02
iirs_tmc2_fixed_00572,ch2_tmc_nca_20260813T1023298778_d_img_d18_r061440_c003072,19,2,controlled_synthetic,fixed_global_domain_transform,synthetic_source_domain,TMC-2,True,False,fixed_rotation_scale_bias_nonlinearity,0.03
iirs_tmc2_fixed_00573,ch2_tmc_nca_20260813T1023298778_d_img_d18_r061440_c003072,19,3,controlled_synthetic,fixed_global_domain_transform,synthetic_source_domain,TMC-2,True,False,fixed_rotation_scale_bias_nonlinearity,0.02
iirs_tmc2_fixed_00574,ch2_tmc_nca_20260813T1023298778_d_img_d18_r061440_c003072,19,4,controlled_synthetic,fixed_global_domain_transform,synthetic_source_domain,TMC-2,True,False,fixed_rotation_scale_bias_nonlinearity,0.01
iirs_tmc2_fixed_00575,ch2_tmc_nca_20260813T1023298778_d_img_d18_r113664_c000512,111,0,controlled_synthetic,fixed_global_domain_transform,synthetic_source_domain,TMC-2,True,False,fixed_rotation_scale_bias_nonlinearity,0.01
iirs_tmc2_fixed_00576,ch2_tmc_nca_20260813T1023298778_d_img_d18_r113664_c000512,111,1,controlled_synthetic,fixed_global_domain_transform,synthetic_source_domain,TMC-2,True,False,fixed_rotation_scale_bias_nonlinearity,0.02
iirs_tmc2_fixed_00577,ch2_tmc_nca_20260813T1023298778_d_img_d18_r113664_c000512,111,2,controlled_synthetic,fixed_global_domain_transform,synthetic_source_domain,TMC-2,True,False,fixed_rotation_scale_bias_nonlinearity,0.03
iirs_tmc2_fixed_00578,ch2_tmc_nca_20260813T1023298778_d_img_d18_r113664_c000512,111,3,controlled_synthetic,fixed_global_domain_transform,synthetic_source_domain,TMC-2,True,False,fixed_rotation_scale_bias_nonlinearity,0.02
iirs_tmc2_fixed_00579,ch2_tmc_nca_20260813T1023298778_d_img_d18_r113664_c000512,111,4,controlled_synthetic,fixed_global_domain_transform,synthetic_source_domain,TMC-2,True,False,fixed_rotation_scale_bias_nonlinearity,0.01
iirs_tmc2_fixed_00580,ch2_tmc_nca_20260813T1023298778_d_img_d18_r142592_c002816,320,0,controlled_synthetic,fixed_global_domain_transform,synthetic_source_domain,TMC-2,True,False,fixed_rotation_scale_bias_nonlinearity,0.01
iirs_tmc2_fixed_00581,ch2_tmc_nca_20260813T1023298778_d_img_d18_r142592_c002816,320,1,controlled_synthetic,fixed_global_domain_transform,synthetic_source_domain,TMC-2,True,False,fixed_rotation_scale_bias_nonlinearity,0.02
iirs_tmc2_fixed_00582,ch2_tmc_nca_20260813T1023298778_d_img_d18_r142592_c002816,320,2,controlled_synthetic,fixed_global_domain_transform,synthetic_source_domain,TMC-2,True,False,fixed_rotation_scale_bias_nonlinearity,0.03
iirs_tmc2_fixed_00583,ch2_tmc_nca_20260813T1023298778_d_img_d18_r142592_c002816,320,3,controlled_synthetic,fixed_global_domain_transform,synthetic_source_domain,TMC-2,True,False,fixed_rotation_scale_bias_nonlinearity,0.02
iirs_tmc2_fixed_00584,ch2_tmc_nca_20260813T1023298778_d_img_d18_r142592_c002816,320,4,controlled_synthetic,fixed_global_domain_transform,synthetic_source_domain,TMC-2,True,False,fixed_rotation_scale_bias_nonlinearity,0.01
iirs_tmc2_fixed_00585,ch2_tmc_nca_20260813T1023298778_d_img_d18_r094976_c001280,16,0,controlled_synthetic,fixed_global_domain_transform,synthetic_source_domain,TMC-2,True,False,fixed_rotation_scale_bias_nonlinearity,0.01
iirs_tmc2_fixed_00586,ch2_tmc_nca_20260813T1023298778_d_img_d18_r094976_c001280,16,1,controlled_synthetic,fixed_global_domain_transform,synthetic_source_domain,TMC-2,True,False,fixed_rotation_scale_bias_nonlinearity,0.02
iirs_tmc2_fixed_00587,ch2_tmc_nca_20260813T1023298778_d_img_d18_r094976_c001280,16,2,controlled_synthetic,fixed_global_domain_transform,synthetic_source_domain,TMC-2,True,False,fixed_rotation_scale_bias_nonlinearity,0.03
iirs_tmc2_fixed_00588,ch2_tmc_nca_20260813T1023298778_d_img_d18_r094976_c001280,16,3,controlled_synthetic,fixed_global_domain_transform,synthetic_source_domain,TMC-2,True,False,fixed_rotation_scale_bias_nonlinearity,0.02
iirs_tmc2_fixed_00589,ch2_tmc_nca_20260813T1023298778_d_img_d18_r094976_c001280,16,4,controlled_synthetic,fixed_global_domain_transform,synthetic_source_domain,TMC-2,True,False,fixed_rotation_scale_bias_nonlinearity,0.01
iirs_tmc2_fixed_00590,ch2_tmc_nca_20260813T1023298778_d_img_d18_r139520_c000768,282,0,controlled_synthetic,fixed_global_domain_transform,synthetic_source_domain,TMC-2,True,False,fixed_rotation_scale_bias_nonlinearity,0.01
iirs_tmc2_fixed_00591,ch2_tmc_nca_20260813T1023298778_d_img_d18_r139520_c000768,282,1,controlled_synthetic,fixed_global_domain_transform,synthetic_source_domain,TMC-2,True,False,fixed_rotation_scale_bias_nonlinearity,0.02
iirs_tmc2_fixed_00592,ch2_tmc_nca_20260813T1023298778_d_img_d18_r139520_c000768,282,2,controlled_synthetic,fixed_global_domain_transform,synthetic_source_domain,TMC-2,True,False,fixed_rotation_scale_bias_nonlinearity,0.03
iirs_tmc2_fixed_00593,ch2_tmc_nca_20260813T1023298778_d_img_d18_r139520_c000768,282,3,controlled_synthetic,fixed_global_domain_transform,synthetic_source_domain,TMC-2,True,False,fixed_rotation_scale_bias_nonlinearity,0.02
iirs_tmc2_fixed_00594,ch2_tmc_nca_20260813T1023298778_d_img_d18_r139520_c000768,282,4,controlled_synthetic,fixed_global_domain_transform,synthetic_source_domain,TMC-2,True,False,fixed_rotation_scale_bias_nonlinearity,0.01
iirs_tmc2_fixed_00595,ch2_tmc_nca_20260813T1023298778_d_img_d18_r038144_c001280,203,0,controlled_synthetic,fixed_global_domain_transform,synthetic_source_domain,TMC-2,True,False,fixed_rotation_scale_bias_nonlinearity,0.01
iirs_tmc2_fixed_00596,ch2_tmc_nca_20260813T1023298778_d_img_d18_r038144_c001280,203,1,controlled_synthetic,fixed_global_domain_transform,synthetic_source_domain,TMC-2,True,False,fixed_rotation_scale_bias_nonlinearity,0.02
iirs_tmc2_fixed_00597,ch2_tmc_nca_20260813T1023298778_d_img_d18_r038144_c001280,203,2,controlled_synthetic,fixed_global_domain_transform,synthetic_source_domain,TMC-2,True,False,fixed_rotation_scale_bias_nonlinearity,0.03
iirs_tmc2_fixed_00598,ch2_tmc_nca_20260813T1023298778_d_img_d18_r038144_c001280,203,3,controlled_synthetic,fixed_global_domain_transform,synthetic_source_domain,TMC-2,True,False,fixed_rotation_scale_bias_nonlinearity,0.02
iirs_tmc2_fixed_00599,ch2_tmc_nca_20260813T1023298778_d_img_d18_r038144_c001280,203,4,controlled_synthetic,fixed_global_domain_transform,synthetic_source_domain,TMC-2,True,False,fixed_rotation_scale_bias_nonlinearity,0.01
iirs_tmc2_fixed_00600,ch2_tmc_nca_20260813T1023298778_d_img_d18_r138496_c002560,171,0,controlled_synthetic,fixed_global_domain_transform,synthetic_source_domain,TMC-2,True,False,fixed_rotation_scale_bias_nonlinearity,0.01
iirs_tmc2_fixed_00601,ch2_tmc_nca_20260813T1023298778_d_img_d18_r138496_c002560,171,1,controlled_synthetic,fixed_global_domain_transform,synthetic_source_domain,TMC-2,True,False,fixed_rotation_scale_bias_nonlinearity,0.02
iirs_tmc2_fixed_00602,ch2_tmc_nca_20260813T1023298778_d_img_d18_r138496_c002560,171,2,controlled_synthetic,fixed_global_domain_transform,synthetic_source_domain,TMC-2,True,False,fixed_rotation_scale_bias_nonlinearity,0.03
iirs_tmc2_fixed_00603,ch2_tmc_nca_20260813T1023298778_d_img_d18_r138496_c002560,171,3,controlled_synthetic,fixed_global_domain_transform,synthetic_source_domain,TMC-2,True,False,fixed_rotation_scale_bias_nonlinearity,0.02
iirs_tmc2_fixed_00604,ch2_tmc_nca_20260813T1023298778_d_img_d18_r138496_c002560,171,4,controlled_synthetic,fixed_global_domain_transform,synthetic_source_domain,TMC-2,True,False,fixed_rotation_scale_bias_nonlinearity,0.01
iirs_tmc2_fixed_00605,ch2_tmc_nca_20260813T1023298778_d_img_d18_r019200_c002048,348,0,controlled_synthetic,fixed_global_domain_transform,synthetic_source_domain,TMC-2,True,False,fixed_rotation_scale_bias_nonlinearity,0.01
iirs_tmc2_fixed_00606,ch2_tmc_nca_20260813T1023298778_d_img_d18_r019200_c002048,348,1,controlled_synthetic,fixed_global_domain_transform,synthetic_source_domain,TMC-2,True,False,fixed_rotation_scale_bias_nonlinearity,0.02
iirs_tmc2_fixed_00607,ch2_tmc_nca_20260813T1023298778_d_img_d18_r019200_c002048,348,2,controlled_synthetic,fixed_global_domain_transform,synthetic_source_domain,TMC-2,True,False,fixed_rotation_scale_bias_nonlinearity,0.03
iirs_tmc2_fixed_00608,ch2_tmc_nca_20260813T1023298778_d_img_d18_r019200_c002048,348,3,controlled_synthetic,fixed_global_domain_transform,synthetic_source_domain,TMC-2,True,False,fixed_rotation_scale_bias_nonlinearity,0.02
iirs_tmc2_fixed_00609,ch2_tmc_nca_20260813T1023298778_d_img_d18_r019200_c002048,348,4,controlled_synthetic,fixed_global_domain_transform,synthetic_source_domain,TMC-2,True,False,fixed_rotation_scale_bias_nonlinearity,0.01
iirs_tmc2_fixed_00610,ch2_tmc_nca_20260813T1023298778_d_img_d18_r137728_c003584,185,0,controlled_synthetic,fixed_global_domain_transform,synthetic_source_domain,TMC-2,True,False,fixed_rotation_scale_bias_nonlinearity,0.01
iirs_tmc2_fixed_00611,ch2_tmc_nca_20260813T1023298778_d_img_d18_r137728_c003584,185,1,controlled_synthetic,fixed_global_domain_transform,synthetic_source_domain,TMC-2,True,False,fixed_rotation_scale_bias_nonlinearity,0.02
iirs_tmc2_fixed_00612,ch2_tmc_nca_20260813T1023298778_d_img_d18_r137728_c003584,185,2,controlled_synthetic,fixed_global_domain_transform,synthetic_source_domain,TMC-2,True,False,fixed_rotation_scale_bias_nonlinearity,0.03
iirs_tmc2_fixed_00613,ch2_tmc_nca_20260813T1023298778_d_img_d18_r137728_c003584,185,3,controlled_synthetic,fixed_global_domain_transform,synthetic_source_domain,TMC-2,True,False,fixed_rotation_scale_bias_nonlinearity,0.02
iirs_tmc2_fixed_00614,ch2_tmc_nca_20260813T1023298778_d_img_d18_r137728_c003584,185,4,controlled_synthetic,fixed_global_domain_transform,synthetic_source_domain,TMC-2,True,False,fixed_rotation_scale_bias_nonlinearity,0.01
iirs_tmc2_fixed_00615,ch2_tmc_nca_20260813T1023298778_d_img_d18_r028928_c000768,383,0,controlled_synthetic,fixed_global_domain_transform,synthetic_source_domain,TMC-2,True,False,fixed_rotation_scale_bias_nonlinearity,0.01
iirs_tmc2_fixed_00616,ch2_tmc_nca_20260813T1023298778_d_img_d18_r028928_c000768,383,1,controlled_synthetic,fixed_global_domain_transform,synthetic_source_domain,TMC-2,True,False,fixed_rotation_scale_bias_nonlinearity,0.02
iirs_tmc2_fixed_00617,ch2_tmc_nca_20260813T1023298778_d_img_d18_r028928_c000768,383,2,controlled_synthetic,fixed_global_domain_transform,synthetic_source_domain,TMC-2,True,False,fixed_rotation_scale_bias_nonlinearity,0.03
iirs_tmc2_fixed_00618,ch2_tmc_nca_20260813T1023298778_d_img_d18_r028928_c000768,383,3,controlled_synthetic,fixed_global_domain_transform,synthetic_source_domain,TMC-2,True,False,fixed_rotation_scale_bias_nonlinearity,0.02
iirs_tmc2_fixed_00619,ch2_tmc_nca_20260813T1023298778_d_img_d18_r028928_c000768,383,4,controlled_synthetic,fixed_global_domain_transform,synthetic_source_domain,TMC-2,True,False,fixed_rotation_scale_bias_nonlinearity,0.01
iirs_tmc2_fixed_00620,ch2_tmc_nca_20260813T1023298778_d_img_d18_r130816_c001024,328,0,controlled_synthetic,fixed_global_domain_transform,synthetic_source_domain,TMC-2,True,False,fixed_rotation_scale_bias_nonlinearity,0.01
iirs_tmc2_fixed_00621,ch2_tmc_nca_20260813T1023298778_d_img_d18_r130816_c001024,328,1,controlled_synthetic,fixed_global_domain_transform,synthetic_source_domain,TMC-2,True,False,fixed_rotation_scale_bias_nonlinearity,0.02
iirs_tmc2_fixed_00622,ch2_tmc_nca_20260813T1023298778_d_img_d18_r130816_c001024,328,2,controlled_synthetic,fixed_global_domain_transform,synthetic_source_domain,TMC-2,True,False,fixed_rotation_scale_bias_nonlinearity,0.03
iirs_tmc2_fixed_00623,ch2_tmc_nca_20260813T1023298778_d_img_d18_r130816_c001024,328,3,controlled_synthetic,fixed_global_domain_transform,synthetic_source_domain,TMC-2,True,False,fixed_rotation_scale_bias_nonlinearity,0.02
iirs_tmc2_fixed_00624,ch2_tmc_nca_20260813T1023298778_d_img_d18_r130816_c001024,328,4,controlled_synthetic,fixed_global_domain_transform,synthetic_source_domain,TMC-2,True,False,fixed_rotation_scale_bias_nonlinearity,0.01
iirs_tmc2_fixed_00625,ch2_tmc_nca_20260813T1023298778_d_img_d18_r089088_c000512,354,0,controlled_synthetic,fixed_global_domain_transform,synthetic_source_domain,TMC-2,True,False,fixed_rotation_scale_bias_nonlinearity,0.01
iirs_tmc2_fixed_00626,ch2_tmc_nca_20260813T1023298778_d_img_d18_r089088_c000512,354,1,controlled_synthetic,fixed_global_domain_transform,synthetic_source_domain,TMC-2,True,False,fixed_rotation_scale_bias_nonlinearity,0.02
iirs_tmc2_fixed_00627,ch2_tmc_nca_20260813T1023298778_d_img_d18_r089088_c000512,354,2,controlled_synthetic,fixed_global_domain_transform,synthetic_source_domain,TMC-2,True,False,fixed_rotation_scale_bias_nonlinearity,0.03
iirs_tmc2_fixed_00628,ch2_tmc_nca_20260813T1023298778_d_img_d18_r089088_c000512,354,3,controlled_synthetic,fixed_global_domain_transform,synthetic_source_domain,TMC-2,True,False,fixed_rotation_scale_bias_nonlinearity,0.02
iirs_tmc2_fixed_00629,ch2_tmc_nca_20260813T1023298778_d_img_d18_r089088_c000512,354,4,controlled_synthetic,fixed_global_domain_transform,synthetic_source_domain,TMC-2,True,False,fixed_rotation_scale_bias_nonlinearity,0.01
iirs_tmc2_fixed_00630,ch2_tmc_nca_20260813T1023298778_d_img_d18_r015616_c003072,374,0,controlled_synthetic,fixed_global_domain_transform,synthetic_source_domain,TMC-2,True,False,fixed_rotation_scale_bias_nonlinearity,0.01
iirs_tmc2_fixed_00631,ch2_tmc_nca_20260813T1023298778_d_img_d18_r015616_c003072,374,1,controlled_synthetic,fixed_global_domain_transform,synthetic_source_domain,TMC-2,True,False,fixed_rotation_scale_bias_nonlinearity,0.02
iirs_tmc2_fixed_00632,ch2_tmc_nca_20260813T1023298778_d_img_d18_r015616_c003072,374,2,controlled_synthetic,fixed_global_domain_transform,synthetic_source_domain,TMC-2,True,False,fixed_rotation_scale_bias_nonlinearity,0.03
iirs_tmc2_fixed_00633,ch2_tmc_nca_20260813T1023298778_d_img_d18_r015616_c003072,374,3,controlled_synthetic,fixed_global_domain_transform,synthetic_source_domain,TMC-2,True,False,fixed_rotation_scale_bias_nonlinearity,0.02
iirs_tmc2_fixed_00634,ch2_tmc_nca_20260813T1023298778_d_img_d18_r015616_c003072,374,4,controlled_synthetic,fixed_global_domain_transform,synthetic_source_domain,TMC-2,True,False,fixed_rotation_scale_bias_nonlinearity,0.01
iirs_tmc2_fixed_00635,ch2_tmc_nca_20260813T1023298778_d_img_d18_r126464_c001792,338,0,controlled_synthetic,fixed_global_domain_transform,synthetic_source_domain,TMC-2,True,False,fixed_rotation_scale_bias_nonlinearity,0.01
iirs_tmc2_fixed_00636,ch2_tmc_nca_20260813T1023298778_d_img_d18_r126464_c001792,338,1,controlled_synthetic,fixed_global_domain_transform,synthetic_source_domain,TMC-2,True,False,fixed_rotation_scale_bias_nonlinearity,0.02
iirs_tmc2_fixed_00637,ch2_tmc_nca_20260813T1023298778_d_img_d18_r126464_c001792,338,2,controlled_synthetic,fixed_global_domain_transform,synthetic_source_domain,TMC-2,True,False,fixed_rotation_scale_bias_nonlinearity,0.03
iirs_tmc2_fixed_00638,ch2_tmc_nca_20260813T1023298778_d_img_d18_r126464_c001792,338,3,controlled_synthetic,fixed_global_domain_transform,synthetic_source_domain,TMC-2,True,False,fixed_rotation_scale_bias_nonlinearity,0.02
iirs_tmc2_fixed_00639,ch2_tmc_nca_20260813T1023298778_d_img_d18_r126464_c001792,338,4,controlled_synthetic,fixed_global_domain_transform,synthetic_source_domain,TMC-2,True,False,fixed_rotation_scale_bias_nonlinearity,0.01
iirs_tmc2_fixed_00640,ch2_tmc_nca_20260813T1023298778_d_img_d18_r042240_c000000,198,0,controlled_synthetic,fixed_global_domain_transform,synthetic_source_domain,TMC-2,True,False,fixed_rotation_scale_bias_nonlinearity,0.01
iirs_tmc2_fixed_00641,ch2_tmc_nca_20260813T1023298778_d_img_d18_r042240_c000000,198,1,controlled_synthetic,fixed_global_domain_transform,synthetic_source_domain,TMC-2,True,False,fixed_rotation_scale_bias_nonlinearity,0.02
iirs_tmc2_fixed_00642,ch2_tmc_nca_20260813T1023298778_d_img_d18_r042240_c000000,198,2,controlled_synthetic,fixed_global_domain_transform,synthetic_source_domain,TMC-2,True,False,fixed_rotation_scale_bias_nonlinearity,0.03
iirs_tmc2_fixed_00643,ch2_tmc_nca_20260813T1023298778_d_img_d18_r042240_c000000,198,3,controlled_synthetic,fixed_global_domain_transform,synthetic_source_domain,TMC-2,True,False,fixed_rotation_scale_bias_nonlinearity,0.02
iirs_tmc2_fixed_00644,ch2_tmc_nca_20260813T1023298778_d_img_d18_r042240_c000000,198,4,controlled_synthetic,fixed_global_domain_transform,synthetic_source_domain,TMC-2,True,False,fixed_rotation_scale_bias_nonlinearity,0.01
iirs_tmc2_fixed_00645,ch2_tmc_nca_20260813T1023298778_d_img_d18_r121856_c000000,17,0,controlled_synthetic,fixed_global_domain_transform,synthetic_source_domain,TMC-2,True,False,fixed_rotation_scale_bias_nonlinearity,0.01
iirs_tmc2_fixed_00646,ch2_tmc_nca_20260813T1023298778_d_img_d18_r121856_c000000,17,1,controlled_synthetic,fixed_global_domain_transform,synthetic_source_domain,TMC-2,True,False,fixed_rotation_scale_bias_nonlinearity,0.02
iirs_tmc2_fixed_00647,ch2_tmc_nca_20260813T1023298778_d_img_d18_r121856_c000000,17,2,controlled_synthetic,fixed_global_domain_transform,synthetic_source_domain,TMC-2,True,False,fixed_rotation_scale_bias_nonlinearity,0.03
iirs_tmc2_fixed_00648,ch2_tmc_nca_20260813T1023298778_d_img_d18_r121856_c000000,17,3,controlled_synthetic,fixed_global_domain_transform,synthetic_source_domain,TMC-2,True,False,fixed_rotation_scale_bias_nonlinearity,0.02
iirs_tmc2_fixed_00649,ch2_tmc_nca_20260813T1023298778_d_img_d18_r121856_c000000,17,4,controlled_synthetic,fixed_global_domain_transform,synthetic_source_domain,TMC-2,True,False,fixed_rotation_scale_bias_nonlinearity,0.01
iirs_tmc2_fixed_00650,ch2_tmc_nca_20260813T1023298778_d_img_d18_r119808_c000512,120,0,controlled_synthetic,fixed_global_domain_transform,synthetic_source_domain,TMC-2,True,False,fixed_rotation_scale_bias_nonlinearity,0.01
iirs_tmc2_fixed_00651,ch2_tmc_nca_20260813T1023298778_d_img_d18_r119808_c000512,120,1,controlled_synthetic,fixed_global_domain_transform,synthetic_source_domain,TMC-2,True,False,fixed_rotation_scale_bias_nonlinearity,0.02
iirs_tmc2_fixed_00652,ch2_tmc_nca_20260813T1023298778_d_img_d18_r119808_c000512,120,2,controlled_synthetic,fixed_global_domain_transform,synthetic_source_domain,TMC-2,True,False,fixed_rotation_scale_bias_nonlinearity,0.03
iirs_tmc2_fixed_00653,ch2_tmc_nca_20260813T1023298778_d_img_d18_r119808_c000512,120,3,controlled_synthetic,fixed_global_domain_transform,synthetic_source_domain,TMC-2,True,False,fixed_rotation_scale_bias_nonlinearity,0.02
iirs_tmc2_fixed_00654,ch2_tmc_nca_20260813T1023298778_d_img_d18_r119808_c000512,120,4,controlled_synthetic,fixed_global_domain_transform,synthetic_source_domain,TMC-2,True,False,fixed_rotation_scale_bias_nonlinearity,0.01
iirs_tmc2_fixed_00655,ch2_tmc_nca_20260813T1023298778_d_img_d18_r127488_c001792,301,0,controlled_synthetic,fixed_global_domain_transform,synthetic_source_domain,TMC-2,True,False,fixed_rotation_scale_bias_nonlinearity,0.01
iirs_tmc2_fixed_00656,ch2_tmc_nca_20260813T1023298778_d_img_d18_r127488_c001792,301,1,controlled_synthetic,fixed_global_domain_transform,synthetic_source_domain,TMC-2,True,False,fixed_rotation_scale_bias_nonlinearity,0.02
iirs_tmc2_fixed_00657,ch2_tmc_nca_20260813T1023298778_d_img_d18_r127488_c001792,301,2,controlled_synthetic,fixed_global_domain_transform,synthetic_source_domain,TMC-2,True,False,fixed_rotation_scale_bias_nonlinearity,0.03
iirs_tmc2_fixed_00658,ch2_tmc_nca_20260813T1023298778_d_img_d18_r127488_c001792,301,3,controlled_synthetic,fixed_global_domain_transform,synthetic_source_domain,TMC-2,True,False,fixed_rotation_scale_bias_nonlinearity,0.02
iirs_tmc2_fixed_00659,ch2_tmc_nca_20260813T1023298778_d_img_d18_r127488_c001792,301,4,controlled_synthetic,fixed_global_domain_transform,synthetic_source_domain,TMC-2,True,False,fixed_rotation_scale_bias_nonlinearity,0.01
iirs_tmc2_fixed_00660,ch2_tmc_nca_20260813T1023298778_d_img_d18_r004608_c002816,66,0,controlled_synthetic,fixed_global_domain_transform,synthetic_source_domain,TMC-2,True,False,fixed_rotation_scale_bias_nonlinearity,0.01
iirs_tmc2_fixed_00661,ch2_tmc_nca_20260813T1023298778_d_img_d18_r004608_c002816,66,1,controlled_synthetic,fixed_global_domain_transform,synthetic_source_domain,TMC-2,True,False,fixed_rotation_scale_bias_nonlinearity,0.02
iirs_tmc2_fixed_00662,ch2_tmc_nca_20260813T1023298778_d_img_d18_r004608_c002816,66,2,controlled_synthetic,fixed_global_domain_transform,synthetic_source_domain,TMC-2,True,False,fixed_rotation_scale_bias_nonlinearity,0.03
iirs_tmc2_fixed_00663,ch2_tmc_nca_20260813T1023298778_d_img_d18_r004608_c002816,66,3,controlled_synthetic,fixed_global_domain_transform,synthetic_source_domain,TMC-2,True,False,fixed_rotation_scale_bias_nonlinearity,0.02
iirs_tmc2_fixed_00664,ch2_tmc_nca_20260813T1023298778_d_img_d18_r004608_c002816,66,4,controlled_synthetic,fixed_global_domain_transform,synthetic_source_domain,TMC-2,True,False,fixed_rotation_scale_bias_nonlinearity,0.01
iirs_tmc2_fixed_00665,ch2_tmc_nca_20260813T1023298778_d_img_d18_r013312_c002560,93,0,controlled_synthetic,fixed_global_domain_transform,synthetic_source_domain,TMC-2,True,False,fixed_rotation_scale_bias_nonlinearity,0.01
iirs_tmc2_fixed_00666,ch2_tmc_nca_20260813T1023298778_d_img_d18_r013312_c002560,93,1,controlled_synthetic,fixed_global_domain_transform,synthetic_source_domain,TMC-2,True,False,fixed_rotation_scale_bias_nonlinearity,0.02
iirs_tmc2_fixed_00667,ch2_tmc_nca_20260813T1023298778_d_img_d18_r013312_c002560,93,2,controlled_synthetic,fixed_global_domain_transform,synthetic_source_domain,TMC-2,True,False,fixed_rotation_scale_bias_nonlinearity,0.03
iirs_tmc2_fixed_00668,ch2_tmc_nca_20260813T1023298778_d_img_d18_r013312_c002560,93,3,controlled_synthetic,fixed_global_domain_transform,synthetic_source_domain,TMC-2,True,False,fixed_rotation_scale_bias_nonlinearity,0.02
iirs_tmc2_fixed_00669,ch2_tmc_nca_20260813T1023298778_d_img_d18_r013312_c002560,93,4,controlled_synthetic,fixed_global_domain_transform,synthetic_source_domain,TMC-2,True,False,fixed_rotation_scale_bias_nonlinearity,0.01
iirs_tmc2_fixed_00670,ch2_tmc_nca_20260813T1023298778_d_img_d18_r007168_c000768,188,0,controlled_synthetic,fixed_global_domain_transform,synthetic_source_domain,TMC-2,True,False,fixed_rotation_scale_bias_nonlinearity,0.01
iirs_tmc2_fixed_00671,ch2_tmc_nca_20260813T1023298778_d_img_d18_r007168_c000768,188,1,controlled_synthetic,fixed_global_domain_transform,synthetic_source_domain,TMC-2,True,False,fixed_rotation_scale_bias_nonlinearity,0.02
iirs_tmc2_fixed_00672,ch2_tmc_nca_20260813T1023298778_d_img_d18_r007168_c000768,188,2,controlled_synthetic,fixed_global_domain_transform,synthetic_source_domain,TMC-2,True,False,fixed_rotation_scale_bias_nonlinearity,0.03
iirs_tmc2_fixed_00673,ch2_tmc_nca_20260813T1023298778_d_img_d18_r007168_c000768,188,3,controlled_synthetic,fixed_global_domain_transform,synthetic_source_domain,TMC-2,True,False,fixed_rotation_scale_bias_nonlinearity,0.02
iirs_tmc2_fixed_00674,ch2_tmc_nca_20260813T1023298778_d_img_d18_r007168_c000768,188,4,controlled_synthetic,fixed_global_domain_transform,synthetic_source_domain,TMC-2,True,False,fixed_rotation_scale_bias_nonlinearity,0.01
iirs_tmc2_fixed_00675,ch2_tmc_nca_20260813T1023298778_d_img_d18_r139008_c003584,27,0,controlled_synthetic,fixed_global_domain_transform,synthetic_source_domain,TMC-2,True,False,fixed_rotation_scale_bias_nonlinearity,0.01
iirs_tmc2_fixed_00676,ch2_tmc_nca_20260813T1023298778_d_img_d18_r139008_c003584,27,1,controlled_synthetic,fixed_global_domain_transform,synthetic_source_domain,TMC-2,True,False,fixed_rotation_scale_bias_nonlinearity,0.02
iirs_tmc2_fixed_00677,ch2_tmc_nca_20260813T1023298778_d_img_d18_r139008_c003584,27,2,controlled_synthetic,fixed_global_domain_transform,synthetic_source_domain,TMC-2,True,False,fixed_rotation_scale_bias_nonlinearity,0.03
iirs_tmc2_fixed_00678,ch2_tmc_nca_20260813T1023298778_d_img_d18_r139008_c003584,27,3,controlled_synthetic,fixed_global_domain_transform,synthetic_source_domain,TMC-2,True,False,fixed_rotation_scale_bias_nonlinearity,0.02
iirs_tmc2_fixed_00679,ch2_tmc_nca_20260813T1023298778_d_img_d18_r139008_c003584,27,4,controlled_synthetic,fixed_global_domain_transform,synthetic_source_domain,TMC-2,True,False,fixed_rotation_scale_bias_nonlinearity,0.01
iirs_tmc2_fixed_00680,ch2_tmc_nca_20260813T1023298778_d_img_d18_r088064_c003584,4,0,controlled_synthetic,fixed_global_domain_transform,synthetic_source_domain,TMC-2,True,False,fixed_rotation_scale_bias_nonlinearity,0.01
iirs_tmc2_fixed_00681,ch2_tmc_nca_20260813T1023298778_d_img_d18_r088064_c003584,4,1,controlled_synthetic,fixed_global_domain_transform,synthetic_source_domain,TMC-2,True,False,fixed_rotation_scale_bias_nonlinearity,0.02
iirs_tmc2_fixed_00682,ch2_tmc_nca_20260813T1023298778_d_img_d18_r088064_c003584,4,2,controlled_synthetic,fixed_global_domain_transform,synthetic_source_domain,TMC-2,True,False,fixed_rotation_scale_bias_nonlinearity,0.03
iirs_tmc2_fixed_00683,ch2_tmc_nca_20260813T1023298778_d_img_d18_r088064_c003584,4,3,controlled_synthetic,fixed_global_domain_transform,synthetic_source_domain,TMC-2,True,False,fixed_rotation_scale_bias_nonlinearity,0.02
iirs_tmc2_fixed_00684,ch2_tmc_nca_20260813T1023298778_d_img_d18_r088064_c003584,4,4,controlled_synthetic,fixed_global_domain_transform,synthetic_source_domain,TMC-2,True,False,fixed_rotation_scale_bias_nonlinearity,0.01
iirs_tmc2_fixed_00685,ch2_tmc_nca_20260813T1023298778_d_img_d18_r083712_c000512,101,0,controlled_synthetic,fixed_global_domain_transform,synthetic_source_domain,TMC-2,True,False,fixed_rotation_scale_bias_nonlinearity,0.01
iirs_tmc2_fixed_00686,ch2_tmc_nca_20260813T1023298778_d_img_d18_r083712_c000512,101,1,controlled_synthetic,fixed_global_domain_transform,synthetic_source_domain,TMC-2,True,False,fixed_rotation_scale_bias_nonlinearity,0.02
iirs_tmc2_fixed_00687,ch2_tmc_nca_20260813T1023298778_d_img_d18_r083712_c000512,101,2,controlled_synthetic,fixed_global_domain_transform,synthetic_source_domain,TMC-2,True,False,fixed_rotation_scale_bias_nonlinearity,0.03
iirs_tmc2_fixed_00688,ch2_tmc_nca_20260813T1023298778_d_img_d18_r083712_c000512,101,3,controlled_synthetic,fixed_global_domain_transform,synthetic_source_domain,TMC-2,True,False,fixed_rotation_scale_bias_nonlinearity,0.02
iirs_tmc2_fixed_00689,ch2_tmc_nca_20260813T1023298778_d_img_d18_r083712_c000512,101,4,controlled_synthetic,fixed_global_domain_transform,synthetic_source_domain,TMC-2,True,False,fixed_rotation_scale_bias_nonlinearity,0.01
iirs_tmc2_fixed_00690,ch2_tmc_nca_20260813T1023298778_d_img_d18_r076544_c003584,24,0,controlled_synthetic,fixed_global_domain_transform,synthetic_source_domain,TMC-2,True,False,fixed_rotation_scale_bias_nonlinearity,0.01
iirs_tmc2_fixed_00691,ch2_tmc_nca_20260813T1023298778_d_img_d18_r076544_c003584,24,1,controlled_synthetic,fixed_global_domain_transform,synthetic_source_domain,TMC-2,True,False,fixed_rotation_scale_bias_nonlinearity,0.02
iirs_tmc2_fixed_00692,ch2_tmc_nca_20260813T1023298778_d_img_d18_r076544_c003584,24,2,controlled_synthetic,fixed_global_domain_transform,synthetic_source_domain,TMC-2,True,False,fixed_rotation_scale_bias_nonlinearity,0.03
iirs_tmc2_fixed_00693,ch2_tmc_nca_20260813T1023298778_d_img_d18_r076544_c003584,24,3,controlled_synthetic,fixed_global_domain_transform,synthetic_source_domain,TMC-2,True,False,fixed_rotation_scale_bias_nonlinearity,0.02
iirs_tmc2_fixed_00694,ch2_tmc_nca_20260813T1023298778_d_img_d18_r076544_c003584,24,4,controlled_synthetic,fixed_global_domain_transform,synthetic_source_domain,TMC-2,True,False,fixed_rotation_scale_bias_nonlinearity,0.01
iirs_tmc2_fixed_00695,ch2_tmc_nca_20260813T1023298778_d_img_d18_r025600_c001280,346,0,controlled_synthetic,fixed_global_domain_transform,synthetic_source_domain,TMC-2,True,False,fixed_rotation_scale_bias_nonlinearity,0.01
iirs_tmc2_fixed_00696,ch2_tmc_nca_20260813T1023298778_d_img_d18_r025600_c001280,346,1,controlled_synthetic,fixed_global_domain_transform,synthetic_source_domain,TMC-2,True,False,fixed_rotation_scale_bias_nonlinearity,0.02
iirs_tmc2_fixed_00697,ch2_tmc_nca_20260813T1023298778_d_img_d18_r025600_c001280,346,2,controlled_synthetic,fixed_global_domain_transform,synthetic_source_domain,TMC-2,True,False,fixed_rotation_scale_bias_nonlinearity,0.03
iirs_tmc2_fixed_00698,ch2_tmc_nca_20260813T1023298778_d_img_d18_r025600_c001280,346,3,controlled_synthetic,fixed_global_domain_transform,synthetic_source_domain,TMC-2,True,False,fixed_rotation_scale_bias_nonlinearity,0.02
iirs_tmc2_fixed_00699,ch2_tmc_nca_20260813T1023298778_d_img_d18_r025600_c001280,346,4,controlled_synthetic,fixed_global_domain_transform,synthetic_source_domain,TMC-2,True,False,fixed_rotation_scale_bias_nonlinearity,0.01
iirs_tmc2_fixed_00700,ch2_tmc_nca_20260813T1023298778_d_img_d18_r047360_c000512,310,0,controlled_synthetic,fixed_global_domain_transform,synthetic_source_domain,TMC-2,True,False,fixed_rotation_scale_bias_nonlinearity,0.01
iirs_tmc2_fixed_00701,ch2_tmc_nca_20260813T1023298778_d_img_d18_r047360_c000512,310,1,controlled_synthetic,fixed_global_domain_transform,synthetic_source_domain,TMC-2,True,False,fixed_rotation_scale_bias_nonlinearity,0.02
iirs_tmc2_fixed_00702,ch2_tmc_nca_20260813T1023298778_d_img_d18_r047360_c000512,310,2,controlled_synthetic,fixed_global_domain_transform,synthetic_source_domain,TMC-2,True,False,fixed_rotation_scale_bias_nonlinearity,0.03
iirs_tmc2_fixed_00703,ch2_tmc_nca_20260813T1023298778_d_img_d18_r047360_c000512,310,3,controlled_synthetic,fixed_global_domain_transform,synthetic_source_domain,TMC-2,True,False,fixed_rotation_scale_bias_nonlinearity,0.02
iirs_tmc2_fixed_00704,ch2_tmc_nca_20260813T1023298778_d_img_d18_r047360_c000512,310,4,controlled_synthetic,fixed_global_domain_transform,synthetic_source_domain,TMC-2,True,False,fixed_rotation_scale_bias_nonlinearity,0.01
iirs_tmc2_fixed_00705,ch2_tmc_nca_20260813T1023298778_d_img_d18_r087808_c001024,387,0,controlled_synthetic,fixed_global_domain_transform,synthetic_source_domain,TMC-2,True,False,fixed_rotation_scale_bias_nonlinearity,0.01
iirs_tmc2_fixed_00706,ch2_tmc_nca_20260813T1023298778_d_img_d18_r087808_c001024,387,1,controlled_synthetic,fixed_global_domain_transform,synthetic_source_domain,TMC-2,True,False,fixed_rotation_scale_bias_nonlinearity,0.02
iirs_tmc2_fixed_00707,ch2_tmc_nca_20260813T1023298778_d_img_d18_r087808_c001024,387,2,controlled_synthetic,fixed_global_domain_transform,synthetic_source_domain,TMC-2,True,False,fixed_rotation_scale_bias_nonlinearity,0.03
iirs_tmc2_fixed_00708,ch2_tmc_nca_20260813T1023298778_d_img_d18_r087808_c001024,387,3,controlled_synthetic,fixed_global_domain_transform,synthetic_source_domain,TMC-2,True,False,fixed_rotation_scale_bias_nonlinearity,0.02
iirs_tmc2_fixed_00709,ch2_tmc_nca_20260813T1023298778_d_img_d18_r087808_c001024,387,4,controlled_synthetic,fixed_global_domain_transform,synthetic_source_domain,TMC-2,True,False,fixed_rotation_scale_bias_nonlinearity,0.01
iirs_tmc2_fixed_00710,ch2_tmc_nca_20260813T1023298778_d_img_d18_r088064_c001280,109,0,controlled_synthetic,fixed_global_domain_transform,synthetic_source_domain,TMC-2,True,False,fixed_rotation_scale_bias_nonlinearity,0.01
iirs_tmc2_fixed_00711,ch2_tmc_nca_20260813T1023298778_d_img_d18_r088064_c001280,109,1,controlled_synthetic,fixed_global_domain_transform,synthetic_source_domain,TMC-2,True,False,fixed_rotation_scale_bias_nonlinearity,0.02
iirs_tmc2_fixed_00712,ch2_tmc_nca_20260813T1023298778_d_img_d18_r088064_c001280,109,2,controlled_synthetic,fixed_global_domain_transform,synthetic_source_domain,TMC-2,True,False,fixed_rotation_scale_bias_nonlinearity,0.03
iirs_tmc2_fixed_00713,ch2_tmc_nca_20260813T1023298778_d_img_d18_r088064_c001280,109,3,controlled_synthetic,fixed_global_domain_transform,synthetic_source_domain,TMC-2,True,False,fixed_rotation_scale_bias_nonlinearity,0.02
iirs_tmc2_fixed_00714,ch2_tmc_nca_20260813T1023298778_d_img_d18_r088064_c001280,109,4,controlled_synthetic,fixed_global_domain_transform,synthetic_source_domain,TMC-2,True,False,fixed_rotation_scale_bias_nonlinearity,0.01
iirs_tmc2_fixed_00715,ch2_tmc_nca_20260813T1023298778_d_img_d18_r055552_c001280,76,0,controlled_synthetic,fixed_global_domain_transform,synthetic_source_domain,TMC-2,True,False,fixed_rotation_scale_bias_nonlinearity,0.01
iirs_tmc2_fixed_00716,ch2_tmc_nca_20260813T1023298778_d_img_d18_r055552_c001280,76,1,controlled_synthetic,fixed_global_domain_transform,synthetic_source_domain,TMC-2,True,False,fixed_rotation_scale_bias_nonlinearity,0.02
iirs_tmc2_fixed_00717,ch2_tmc_nca_20260813T1023298778_d_img_d18_r055552_c001280,76,2,controlled_synthetic,fixed_global_domain_transform,synthetic_source_domain,TMC-2,True,False,fixed_rotation_scale_bias_nonlinearity,0.03
iirs_tmc2_fixed_00718,ch2_tmc_nca_20260813T1023298778_d_img_d18_r055552_c001280,76,3,controlled_synthetic,fixed_global_domain_transform,synthetic_source_domain,TMC-2,True,False,fixed_rotation_scale_bias_nonlinearity,0.02
iirs_tmc2_fixed_00719,ch2_tmc_nca_20260813T1023298778_d_img_d18_r055552_c001280,76,4,controlled_synthetic,fixed_global_domain_transform,synthetic_source_domain,TMC-2,True,False,fixed_rotation_scale_bias_nonlinearity,0.01
iirs_tmc2_fixed_00720,ch2_tmc_nca_20260813T1023298778_d_img_d18_r067840_c002816,294,0,controlled_synthetic,fixed_global_domain_transform,synthetic_source_domain,TMC-2,True,False,fixed_rotation_scale_bias_nonlinearity,0.01
iirs_tmc2_fixed_00721,ch2_tmc_nca_20260813T1023298778_d_img_d18_r067840_c002816,294,1,controlled_synthetic,fixed_global_domain_transform,synthetic_source_domain,TMC-2,True,False,fixed_rotation_scale_bias_nonlinearity,0.02
iirs_tmc2_fixed_00722,ch2_tmc_nca_20260813T1023298778_d_img_d18_r067840_c002816,294,2,controlled_synthetic,fixed_global_domain_transform,synthetic_source_domain,TMC-2,True,False,fixed_rotation_scale_bias_nonlinearity,0.03
iirs_tmc2_fixed_00723,ch2_tmc_nca_20260813T1023298778_d_img_d18_r067840_c002816,294,3,controlled_synthetic,fixed_global_domain_transform,synthetic_source_domain,TMC-2,True,False,fixed_rotation_scale_bias_nonlinearity,0.02
iirs_tmc2_fixed_00724,ch2_tmc_nca_20260813T1023298778_d_img_d18_r067840_c002816,294,4,controlled_synthetic,fixed_global_domain_transform,synthetic_source_domain,TMC-2,True,False,fixed_rotation_scale_bias_nonlinearity,0.01
iirs_tmc2_fixed_00725,ch2_tmc_nca_20260813T1023298778_d_img_d18_r130048_c001792,258,0,controlled_synthetic,fixed_global_domain_transform,synthetic_source_domain,TMC-2,True,False,fixed_rotation_scale_bias_nonlinearity,0.01
iirs_tmc2_fixed_00726,ch2_tmc_nca_20260813T1023298778_d_img_d18_r130048_c001792,258,1,controlled_synthetic,fixed_global_domain_transform,synthetic_source_domain,TMC-2,True,False,fixed_rotation_scale_bias_nonlinearity,0.02
iirs_tmc2_fixed_00727,ch2_tmc_nca_20260813T1023298778_d_img_d18_r130048_c001792,258,2,controlled_synthetic,fixed_global_domain_transform,synthetic_source_domain,TMC-2,True,False,fixed_rotation_scale_bias_nonlinearity,0.03
iirs_tmc2_fixed_00728,ch2_tmc_nca_20260813T1023298778_d_img_d18_r130048_c001792,258,3,controlled_synthetic,fixed_global_domain_transform,synthetic_source_domain,TMC-2,True,False,fixed_rotation_scale_bias_nonlinearity,0.02
iirs_tmc2_fixed_00729,ch2_tmc_nca_20260813T1023298778_d_img_d18_r130048_c001792,258,4,controlled_synthetic,fixed_global_domain_transform,synthetic_source_domain,TMC-2,True,False,fixed_rotation_scale_bias_nonlinearity,0.01
iirs_tmc2_fixed_00730,ch2_tmc_nca_20260813T1023298778_d_img_d18_r016896_c003072,210,0,controlled_synthetic,fixed_global_domain_transform,synthetic_source_domain,TMC-2,True,False,fixed_rotation_scale_bias_nonlinearity,0.01
iirs_tmc2_fixed_00731,ch2_tmc_nca_20260813T1023298778_d_img_d18_r016896_c003072,210,1,controlled_synthetic,fixed_global_domain_transform,synthetic_source_domain,TMC-2,True,False,fixed_rotation_scale_bias_nonlinearity,0.02
iirs_tmc2_fixed_00732,ch2_tmc_nca_20260813T1023298778_d_img_d18_r016896_c003072,210,2,controlled_synthetic,fixed_global_domain_transform,synthetic_source_domain,TMC-2,True,False,fixed_rotation_scale_bias_nonlinearity,0.03
iirs_tmc2_fixed_00733,ch2_tmc_nca_20260813T1023298778_d_img_d18_r016896_c003072,210,3,controlled_synthetic,fixed_global_domain_transform,synthetic_source_domain,TMC-2,True,False,fixed_rotation_scale_bias_nonlinearity,0.02
iirs_tmc2_fixed_00734,ch2_tmc_nca_20260813T1023298778_d_img_d18_r016896_c003072,210,4,controlled_synthetic,fixed_global_domain_transform,synthetic_source_domain,TMC-2,True,False,fixed_rotation_scale_bias_nonlinearity,0.01
iirs_tmc2_fixed_00735,ch2_tmc_nca_20260813T1023298778_d_img_d18_r136192_c003328,96,0,controlled_synthetic,fixed_global_domain_transform,synthetic_source_domain,TMC-2,True,False,fixed_rotation_scale_bias_nonlinearity,0.01
iirs_tmc2_fixed_00736,ch2_tmc_nca_20260813T1023298778_d_img_d18_r136192_c003328,96,1,controlled_synthetic,fixed_global_domain_transform,synthetic_source_domain,TMC-2,True,False,fixed_rotation_scale_bias_nonlinearity,0.02
iirs_tmc2_fixed_00737,ch2_tmc_nca_20260813T1023298778_d_img_d18_r136192_c003328,96,2,controlled_synthetic,fixed_global_domain_transform,synthetic_source_domain,TMC-2,True,False,fixed_rotation_scale_bias_nonlinearity,0.03
iirs_tmc2_fixed_00738,ch2_tmc_nca_20260813T1023298778_d_img_d18_r136192_c003328,96,3,controlled_synthetic,fixed_global_domain_transform,synthetic_source_domain,TMC-2,True,False,fixed_rotation_scale_bias_nonlinearity,0.02
iirs_tmc2_fixed_00739,ch2_tmc_nca_20260813T1023298778_d_img_d18_r136192_c003328,96,4,controlled_synthetic,fixed_global_domain_transform,synthetic_source_domain,TMC-2,True,False,fixed_rotation_scale_bias_nonlinearity,0.01
iirs_tmc2_fixed_00740,ch2_tmc_nca_20260813T1023298778_d_img_d18_r087040_c001024,279,0,controlled_synthetic,fixed_global_domain_transform,synthetic_source_domain,TMC-2,True,False,fixed_rotation_scale_bias_nonlinearity,0.01
iirs_tmc2_fixed_00741,ch2_tmc_nca_20260813T1023298778_d_img_d18_r087040_c001024,279,1,controlled_synthetic,fixed_global_domain_transform,synthetic_source_domain,TMC-2,True,False,fixed_rotation_scale_bias_nonlinearity,0.02
iirs_tmc2_fixed_00742,ch2_tmc_nca_20260813T1023298778_d_img_d18_r087040_c001024,279,2,controlled_synthetic,fixed_global_domain_transform,synthetic_source_domain,TMC-2,True,False,fixed_rotation_scale_bias_nonlinearity,0.03
iirs_tmc2_fixed_00743,ch2_tmc_nca_20260813T1023298778_d_img_d18_r087040_c001024,279,3,controlled_synthetic,fixed_global_domain_transform,synthetic_source_domain,TMC-2,True,False,fixed_rotation_scale_bias_nonlinearity,0.02
iirs_tmc2_fixed_00744,ch2_tmc_nca_20260813T1023298778_d_img_d18_r087040_c001024,279,4,controlled_synthetic,fixed_global_domain_transform,synthetic_source_domain,TMC-2,True,False,fixed_rotation_scale_bias_nonlinearity,0.01
iirs_tmc2_fixed_00745,ch2_tmc_nca_20260813T1023298778_d_img_d18_r090880_c001280,160,0,controlled_synthetic,fixed_global_domain_transform,synthetic_source_domain,TMC-2,True,False,fixed_rotation_scale_bias_nonlinearity,0.01
iirs_tmc2_fixed_00746,ch2_tmc_nca_20260813T1023298778_d_img_d18_r090880_c001280,160,1,controlled_synthetic,fixed_global_domain_transform,synthetic_source_domain,TMC-2,True,False,fixed_rotation_scale_bias_nonlinearity,0.02
iirs_tmc2_fixed_00747,ch2_tmc_nca_20260813T1023298778_d_img_d18_r090880_c001280,160,2,controlled_synthetic,fixed_global_domain_transform,synthetic_source_domain,TMC-2,True,False,fixed_rotation_scale_bias_nonlinearity,0.03
iirs_tmc2_fixed_00748,ch2_tmc_nca_20260813T1023298778_d_img_d18_r090880_c001280,160,3,controlled_synthetic,fixed_global_domain_transform,synthetic_source_domain,TMC-2,True,False,fixed_rotation_scale_bias_nonlinearity,0.02
iirs_tmc2_fixed_00749,ch2_tmc_nca_20260813T1023298778_d_img_d18_r090880_c001280,160,4,controlled_synthetic,fixed_global_domain_transform,synthetic_source_domain,TMC-2,True,False,fixed_rotation_scale_bias_nonlinearity,0.01
iirs_tmc2_fixed_00750,ch2_tmc_nca_20260813T1023298778_d_img_d18_r131584_c003584,196,0,controlled_synthetic,fixed_global_domain_transform,synthetic_source_domain,TMC-2,True,False,fixed_rotation_scale_bias_nonlinearity,0.01
iirs_tmc2_fixed_00751,ch2_tmc_nca_20260813T1023298778_d_img_d18_r131584_c003584,196,1,controlled_synthetic,fixed_global_domain_transform,synthetic_source_domain,TMC-2,True,False,fixed_rotation_scale_bias_nonlinearity,0.02
iirs_tmc2_fixed_00752,ch2_tmc_nca_20260813T1023298778_d_img_d18_r131584_c003584,196,2,controlled_synthetic,fixed_global_domain_transform,synthetic_source_domain,TMC-2,True,False,fixed_rotation_scale_bias_nonlinearity,0.03
iirs_tmc2_fixed_00753,ch2_tmc_nca_20260813T1023298778_d_img_d18_r131584_c003584,196,3,controlled_synthetic,fixed_global_domain_transform,synthetic_source_domain,TMC-2,True,False,fixed_rotation_scale_bias_nonlinearity,0.02
iirs_tmc2_fixed_00754,ch2_tmc_nca_20260813T1023298778_d_img_d18_r131584_c003584,196,4,controlled_synthetic,fixed_global_domain_transform,synthetic_source_domain,TMC-2,True,False,fixed_rotation_scale_bias_nonlinearity,0.01
iirs_tmc2_fixed_00755,ch2_tmc_nca_20260813T1023298778_d_img_d18_r129792_c002048,81,0,controlled_synthetic,fixed_global_domain_transform,synthetic_source_domain,TMC-2,True,False,fixed_rotation_scale_bias_nonlinearity,0.01
iirs_tmc2_fixed_00756,ch2_tmc_nca_20260813T1023298778_d_img_d18_r129792_c002048,81,1,controlled_synthetic,fixed_global_domain_transform,synthetic_source_domain,TMC-2,True,False,fixed_rotation_scale_bias_nonlinearity,0.02
iirs_tmc2_fixed_00757,ch2_tmc_nca_20260813T1023298778_d_img_d18_r129792_c002048,81,2,controlled_synthetic,fixed_global_domain_transform,synthetic_source_domain,TMC-2,True,False,fixed_rotation_scale_bias_nonlinearity,0.03
iirs_tmc2_fixed_00758,ch2_tmc_nca_20260813T1023298778_d_img_d18_r129792_c002048,81,3,controlled_synthetic,fixed_global_domain_transform,synthetic_source_domain,TMC-2,True,False,fixed_rotation_scale_bias_nonlinearity,0.02
iirs_tmc2_fixed_00759,ch2_tmc_nca_20260813T1023298778_d_img_d18_r129792_c002048,81,4,controlled_synthetic,fixed_global_domain_transform,synthetic_source_domain,TMC-2,True,False,fixed_rotation_scale_bias_nonlinearity,0.01
iirs_tmc2_fixed_00760,ch2_tmc_nca_20260813T1023298778_d_img_d18_r139008_c000512,70,0,controlled_synthetic,fixed_global_domain_transform,synthetic_source_domain,TMC-2,True,False,fixed_rotation_scale_bias_nonlinearity,0.01
iirs_tmc2_fixed_00761,ch2_tmc_nca_20260813T1023298778_d_img_d18_r139008_c000512,70,1,controlled_synthetic,fixed_global_domain_transform,synthetic_source_domain,TMC-2,True,False,fixed_rotation_scale_bias_nonlinearity,0.02
iirs_tmc2_fixed_00762,ch2_tmc_nca_20260813T1023298778_d_img_d18_r139008_c000512,70,2,controlled_synthetic,fixed_global_domain_transform,synthetic_source_domain,TMC-2,True,False,fixed_rotation_scale_bias_nonlinearity,0.03
iirs_tmc2_fixed_00763,ch2_tmc_nca_20260813T1023298778_d_img_d18_r139008_c000512,70,3,controlled_synthetic,fixed_global_domain_transform,synthetic_source_domain,TMC-2,True,False,fixed_rotation_scale_bias_nonlinearity,0.02
iirs_tmc2_fixed_00764,ch2_tmc_nca_20260813T1023298778_d_img_d18_r139008_c000512,70,4,controlled_synthetic,fixed_global_domain_transform,synthetic_source_domain,TMC-2,True,False,fixed_rotation_scale_bias_nonlinearity,0.01
iirs_tmc2_fixed_00765,ch2_tmc_nca_20260813T1023298778_d_img_d18_r022016_c002560,295,0,controlled_synthetic,fixed_global_domain_transform,synthetic_source_domain,TMC-2,True,False,fixed_rotation_scale_bias_nonlinearity,0.01
iirs_tmc2_fixed_00766,ch2_tmc_nca_20260813T1023298778_d_img_d18_r022016_c002560,295,1,controlled_synthetic,fixed_global_domain_transform,synthetic_source_domain,TMC-2,True,False,fixed_rotation_scale_bias_nonlinearity,0.02
iirs_tmc2_fixed_00767,ch2_tmc_nca_20260813T1023298778_d_img_d18_r022016_c002560,295,2,controlled_synthetic,fixed_global_domain_transform,synthetic_source_domain,TMC-2,True,False,fixed_rotation_scale_bias_nonlinearity,0.03
iirs_tmc2_fixed_00768,ch2_tmc_nca_20260813T1023298778_d_img_d18_r022016_c002560,295,3,controlled_synthetic,fixed_global_domain_transform,synthetic_source_domain,TMC-2,True,False,fixed_rotation_scale_bias_nonlinearity,0.02
iirs_tmc2_fixed_00769,ch2_tmc_nca_20260813T1023298778_d_img_d18_r022016_c002560,295,4,controlled_synthetic,fixed_global_domain_transform,synthetic_source_domain,TMC-2,True,False,fixed_rotation_scale_bias_nonlinearity,0.01
iirs_tmc2_fixed_00770,ch2_tmc_nca_20260813T1023298778_d_img_d18_r079616_c000512,377,0,controlled_synthetic,fixed_global_domain_transform,synthetic_source_domain,TMC-2,True,False,fixed_rotation_scale_bias_nonlinearity,0.01
iirs_tmc2_fixed_00771,ch2_tmc_nca_20260813T1023298778_d_img_d18_r079616_c000512,377,1,controlled_synthetic,fixed_global_domain_transform,synthetic_source_domain,TMC-2,True,False,fixed_rotation_scale_bias_nonlinearity,0.02
iirs_tmc2_fixed_00772,ch2_tmc_nca_20260813T1023298778_d_img_d18_r079616_c000512,377,2,controlled_synthetic,fixed_global_domain_transform,synthetic_source_domain,TMC-2,True,False,fixed_rotation_scale_bias_nonlinearity,0.03
iirs_tmc2_fixed_00773,ch2_tmc_nca_20260813T1023298778_d_img_d18_r079616_c000512,377,3,controlled_synthetic,fixed_global_domain_transform,synthetic_source_domain,TMC-2,True,False,fixed_rotation_scale_bias_nonlinearity,0.02
iirs_tmc2_fixed_00774,ch2_tmc_nca_20260813T1023298778_d_img_d18_r079616_c000512,377,4,controlled_synthetic,fixed_global_domain_transform,synthetic_source_domain,TMC-2,True,False,fixed_rotation_scale_bias_nonlinearity,0.01
iirs_tmc2_fixed_00775,ch2_tmc_nca_20260813T1023298778_d_img_d18_r063744_c001024,265,0,controlled_synthetic,fixed_global_domain_transform,synthetic_source_domain,TMC-2,True,False,fixed_rotation_scale_bias_nonlinearity,0.01
iirs_tmc2_fixed_00776,ch2_tmc_nca_20260813T1023298778_d_img_d18_r063744_c001024,265,1,controlled_synthetic,fixed_global_domain_transform,synthetic_source_domain,TMC-2,True,False,fixed_rotation_scale_bias_nonlinearity,0.02
iirs_tmc2_fixed_00777,ch2_tmc_nca_20260813T1023298778_d_img_d18_r063744_c001024,265,2,controlled_synthetic,fixed_global_domain_transform,synthetic_source_domain,TMC-2,True,False,fixed_rotation_scale_bias_nonlinearity,0.03
iirs_tmc2_fixed_00778,ch2_tmc_nca_20260813T1023298778_d_img_d18_r063744_c001024,265,3,controlled_synthetic,fixed_global_domain_transform,synthetic_source_domain,TMC-2,True,False,fixed_rotation_scale_bias_nonlinearity,0.02
iirs_tmc2_fixed_00779,ch2_tmc_nca_20260813T1023298778_d_img_d18_r063744_c001024,265,4,controlled_synthetic,fixed_global_domain_transform,synthetic_source_domain,TMC-2,True,False,fixed_rotation_scale_bias_nonlinearity,0.01
iirs_tmc2_fixed_00780,ch2_tmc_nca_20260813T1023298778_d_img_d18_r011008_c000000,134,0,controlled_synthetic,fixed_global_domain_transform,synthetic_source_domain,TMC-2,True,False,fixed_rotation_scale_bias_nonlinearity,0.01
iirs_tmc2_fixed_00781,ch2_tmc_nca_20260813T1023298778_d_img_d18_r011008_c000000,134,1,controlled_synthetic,fixed_global_domain_transform,synthetic_source_domain,TMC-2,True,False,fixed_rotation_scale_bias_nonlinearity,0.02
iirs_tmc2_fixed_00782,ch2_tmc_nca_20260813T1023298778_d_img_d18_r011008_c000000,134,2,controlled_synthetic,fixed_global_domain_transform,synthetic_source_domain,TMC-2,True,False,fixed_rotation_scale_bias_nonlinearity,0.03
iirs_tmc2_fixed_00783,ch2_tmc_nca_20260813T1023298778_d_img_d18_r011008_c000000,134,3,controlled_synthetic,fixed_global_domain_transform,synthetic_source_domain,TMC-2,True,False,fixed_rotation_scale_bias_nonlinearity,0.02
iirs_tmc2_fixed_00784,ch2_tmc_nca_20260813T1023298778_d_img_d18_r011008_c000000,134,4,controlled_synthetic,fixed_global_domain_transform,synthetic_source_domain,TMC-2,True,False,fixed_rotation_scale_bias_nonlinearity,0.01
iirs_tmc2_fixed_00785,ch2_tmc_nca_20260813T1023298778_d_img_d18_r037632_c003584,144,0,controlled_synthetic,fixed_global_domain_transform,synthetic_source_domain,TMC-2,True,False,fixed_rotation_scale_bias_nonlinearity,0.01
iirs_tmc2_fixed_00786,ch2_tmc_nca_20260813T1023298778_d_img_d18_r037632_c003584,144,1,controlled_synthetic,fixed_global_domain_transform,synthetic_source_domain,TMC-2,True,False,fixed_rotation_scale_bias_nonlinearity,0.02
iirs_tmc2_fixed_00787,ch2_tmc_nca_20260813T1023298778_d_img_d18_r037632_c003584,144,2,controlled_synthetic,fixed_global_domain_transform,synthetic_source_domain,TMC-2,True,False,fixed_rotation_scale_bias_nonlinearity,0.03
iirs_tmc2_fixed_00788,ch2_tmc_nca_20260813T1023298778_d_img_d18_r037632_c003584,144,3,controlled_synthetic,fixed_global_domain_transform,synthetic_source_domain,TMC-2,True,False,fixed_rotation_scale_bias_nonlinearity,0.02
iirs_tmc2_fixed_00789,ch2_tmc_nca_20260813T1023298778_d_img_d18_r037632_c003584,144,4,controlled_synthetic,fixed_global_domain_transform,synthetic_source_domain,TMC-2,True,False,fixed_rotation_scale_bias_nonlinearity,0.01
iirs_tmc2_fixed_00790,ch2_tmc_nca_20260813T1023298778_d_img_d18_r099328_c002560,106,0,controlled_synthetic,fixed_global_domain_transform,synthetic_source_domain,TMC-2,True,False,fixed_rotation_scale_bias_nonlinearity,0.01
iirs_tmc2_fixed_00791,ch2_tmc_nca_20260813T1023298778_d_img_d18_r099328_c002560,106,1,controlled_synthetic,fixed_global_domain_transform,synthetic_source_domain,TMC-2,True,False,fixed_rotation_scale_bias_nonlinearity,0.02
iirs_tmc2_fixed_00792,ch2_tmc_nca_20260813T1023298778_d_img_d18_r099328_c002560,106,2,controlled_synthetic,fixed_global_domain_transform,synthetic_source_domain,TMC-2,True,False,fixed_rotation_scale_bias_nonlinearity,0.03
iirs_tmc2_fixed_00793,ch2_tmc_nca_20260813T1023298778_d_img_d18_r099328_c002560,106,3,controlled_synthetic,fixed_global_domain_transform,synthetic_source_domain,TMC-2,True,False,fixed_rotation_scale_bias_nonlinearity,0.02
iirs_tmc2_fixed_00794,ch2_tmc_nca_20260813T1023298778_d_img_d18_r099328_c002560,106,4,controlled_synthetic,fixed_global_domain_transform,synthetic_source_domain,TMC-2,True,False,fixed_rotation_scale_bias_nonlinearity,0.01
iirs_tmc2_fixed_00795,ch2_tmc_nca_20260813T1023298778_d_img_d18_r060928_c000256,151,0,controlled_synthetic,fixed_global_domain_transform,synthetic_source_domain,TMC-2,True,False,fixed_rotation_scale_bias_nonlinearity,0.01
iirs_tmc2_fixed_00796,ch2_tmc_nca_20260813T1023298778_d_img_d18_r060928_c000256,151,1,controlled_synthetic,fixed_global_domain_transform,synthetic_source_domain,TMC-2,True,False,fixed_rotation_scale_bias_nonlinearity,0.02
iirs_tmc2_fixed_00797,ch2_tmc_nca_20260813T1023298778_d_img_d18_r060928_c000256,151,2,controlled_synthetic,fixed_global_domain_transform,synthetic_source_domain,TMC-2,True,False,fixed_rotation_scale_bias_nonlinearity,0.03
iirs_tmc2_fixed_00798,ch2_tmc_nca_20260813T1023298778_d_img_d18_r060928_c000256,151,3,controlled_synthetic,fixed_global_domain_transform,synthetic_source_domain,TMC-2,True,False,fixed_rotation_scale_bias_nonlinearity,0.02
iirs_tmc2_fixed_00799,ch2_tmc_nca_20260813T1023298778_d_img_d18_r060928_c000256,151,4,controlled_synthetic,fixed_global_domain_transform,synthetic_source_domain,TMC-2,True,False,fixed_rotation_scale_bias_nonlinearity,0.01
iirs_tmc2_fixed_00800,ch2_tmc_nca_20260813T1023298778_d_img_d18_r107008_c003072,382,0,controlled_synthetic,fixed_global_domain_transform,synthetic_source_domain,TMC-2,True,False,fixed_rotation_scale_bias_nonlinearity,0.01
iirs_tmc2_fixed_00801,ch2_tmc_nca_20260813T1023298778_d_img_d18_r107008_c003072,382,1,controlled_synthetic,fixed_global_domain_transform,synthetic_source_domain,TMC-2,True,False,fixed_rotation_scale_bias_nonlinearity,0.02
iirs_tmc2_fixed_00802,ch2_tmc_nca_20260813T1023298778_d_img_d18_r107008_c003072,382,2,controlled_synthetic,fixed_global_domain_transform,synthetic_source_domain,TMC-2,True,False,fixed_rotation_scale_bias_nonlinearity,0.03
iirs_tmc2_fixed_00803,ch2_tmc_nca_20260813T1023298778_d_img_d18_r107008_c003072,382,3,controlled_synthetic,fixed_global_domain_transform,synthetic_source_domain,TMC-2,True,False,fixed_rotation_scale_bias_nonlinearity,0.02
iirs_tmc2_fixed_00804,ch2_tmc_nca_20260813T1023298778_d_img_d18_r107008_c003072,382,4,controlled_synthetic,fixed_global_domain_transform,synthetic_source_domain,TMC-2,True,False,fixed_rotation_scale_bias_nonlinearity,0.01
iirs_tmc2_fixed_00805,ch2_tmc_nca_20260813T1023298778_d_img_d18_r033024_c000768,228,0,controlled_synthetic,fixed_global_domain_transform,synthetic_source_domain,TMC-2,True,False,fixed_rotation_scale_bias_nonlinearity,0.01
iirs_tmc2_fixed_00806,ch2_tmc_nca_20260813T1023298778_d_img_d18_r033024_c000768,228,1,controlled_synthetic,fixed_global_domain_transform,synthetic_source_domain,TMC-2,True,False,fixed_rotation_scale_bias_nonlinearity,0.02
iirs_tmc2_fixed_00807,ch2_tmc_nca_20260813T1023298778_d_img_d18_r033024_c000768,228,2,controlled_synthetic,fixed_global_domain_transform,synthetic_source_domain,TMC-2,True,False,fixed_rotation_scale_bias_nonlinearity,0.03
iirs_tmc2_fixed_00808,ch2_tmc_nca_20260813T1023298778_d_img_d18_r033024_c000768,228,3,controlled_synthetic,fixed_global_domain_transform,synthetic_source_domain,TMC-2,True,False,fixed_rotation_scale_bias_nonlinearity,0.02
iirs_tmc2_fixed_00809,ch2_tmc_nca_20260813T1023298778_d_img_d18_r033024_c000768,228,4,controlled_synthetic,fixed_global_domain_transform,synthetic_source_domain,TMC-2,True,False,fixed_rotation_scale_bias_nonlinearity,0.01
iirs_tmc2_fixed_00810,ch2_tmc_nca_20260813T1023298778_d_img_d18_r006400_c001024,38,0,controlled_synthetic,fixed_global_domain_transform,synthetic_source_domain,TMC-2,True,False,fixed_rotation_scale_bias_nonlinearity,0.01
iirs_tmc2_fixed_00811,ch2_tmc_nca_20260813T1023298778_d_img_d18_r006400_c001024,38,1,controlled_synthetic,fixed_global_domain_transform,synthetic_source_domain,TMC-2,True,False,fixed_rotation_scale_bias_nonlinearity,0.02
iirs_tmc2_fixed_00812,ch2_tmc_nca_20260813T1023298778_d_img_d18_r006400_c001024,38,2,controlled_synthetic,fixed_global_domain_transform,synthetic_source_domain,TMC-2,True,False,fixed_rotation_scale_bias_nonlinearity,0.03
iirs_tmc2_fixed_00813,ch2_tmc_nca_20260813T1023298778_d_img_d18_r006400_c001024,38,3,controlled_synthetic,fixed_global_domain_transform,synthetic_source_domain,TMC-2,True,False,fixed_rotation_scale_bias_nonlinearity,0.02
iirs_tmc2_fixed_00814,ch2_tmc_nca_20260813T1023298778_d_img_d18_r006400_c001024,38,4,controlled_synthetic,fixed_global_domain_transform,synthetic_source_domain,TMC-2,True,False,fixed_rotation_scale_bias_nonlinearity,0.01
iirs_tmc2_fixed_00815,ch2_tmc_nca_20260813T1023298778_d_img_d18_r096768_c002048,380,0,controlled_synthetic,fixed_global_domain_transform,synthetic_source_domain,TMC-2,True,False,fixed_rotation_scale_bias_nonlinearity,0.01
iirs_tmc2_fixed_00816,ch2_tmc_nca_20260813T1023298778_d_img_d18_r096768_c002048,380,1,controlled_synthetic,fixed_global_domain_transform,synthetic_source_domain,TMC-2,True,False,fixed_rotation_scale_bias_nonlinearity,0.02
iirs_tmc2_fixed_00817,ch2_tmc_nca_20260813T1023298778_d_img_d18_r096768_c002048,380,2,controlled_synthetic,fixed_global_domain_transform,synthetic_source_domain,TMC-2,True,False,fixed_rotation_scale_bias_nonlinearity,0.03
iirs_tmc2_fixed_00818,ch2_tmc_nca_20260813T1023298778_d_img_d18_r096768_c002048,380,3,controlled_synthetic,fixed_global_domain_transform,synthetic_source_domain,TMC-2,True,False,fixed_rotation_scale_bias_nonlinearity,0.02
iirs_tmc2_fixed_00819,ch2_tmc_nca_20260813T1023298778_d_img_d18_r096768_c002048,380,4,controlled_synthetic,fixed_global_domain_transform,synthetic_source_domain,TMC-2,True,False,fixed_rotation_scale_bias_nonlinearity,0.01
iirs_tmc2_fixed_00820,ch2_tmc_nca_20260813T1023298778_d_img_d18_r124416_c003584,261,0,controlled_synthetic,fixed_global_domain_transform,synthetic_source_domain,TMC-2,True,False,fixed_rotation_scale_bias_nonlinearity,0.01
iirs_tmc2_fixed_00821,ch2_tmc_nca_20260813T1023298778_d_img_d18_r124416_c003584,261,1,controlled_synthetic,fixed_global_domain_transform,synthetic_source_domain,TMC-2,True,False,fixed_rotation_scale_bias_nonlinearity,0.02
iirs_tmc2_fixed_00822,ch2_tmc_nca_20260813T1023298778_d_img_d18_r124416_c003584,261,2,controlled_synthetic,fixed_global_domain_transform,synthetic_source_domain,TMC-2,True,False,fixed_rotation_scale_bias_nonlinearity,0.03
iirs_tmc2_fixed_00823,ch2_tmc_nca_20260813T1023298778_d_img_d18_r124416_c003584,261,3,controlled_synthetic,fixed_global_domain_transform,synthetic_source_domain,TMC-2,True,False,fixed_rotation_scale_bias_nonlinearity,0.02
iirs_tmc2_fixed_00824,ch2_tmc_nca_20260813T1023298778_d_img_d18_r124416_c003584,261,4,controlled_synthetic,fixed_global_domain_transform,synthetic_source_domain,TMC-2,True,False,fixed_rotation_scale_bias_nonlinearity,0.01
iirs_tmc2_fixed_00825,ch2_tmc_nca_20260813T1023298778_d_img_d18_r026624_c003328,169,0,controlled_synthetic,fixed_global_domain_transform,synthetic_source_domain,TMC-2,True,False,fixed_rotation_scale_bias_nonlinearity,0.01
iirs_tmc2_fixed_00826,ch2_tmc_nca_20260813T1023298778_d_img_d18_r026624_c003328,169,1,controlled_synthetic,fixed_global_domain_transform,synthetic_source_domain,TMC-2,True,False,fixed_rotation_scale_bias_nonlinearity,0.02
iirs_tmc2_fixed_00827,ch2_tmc_nca_20260813T1023298778_d_img_d18_r026624_c003328,169,2,controlled_synthetic,fixed_global_domain_transform,synthetic_source_domain,TMC-2,True,False,fixed_rotation_scale_bias_nonlinearity,0.03
iirs_tmc2_fixed_00828,ch2_tmc_nca_20260813T1023298778_d_img_d18_r026624_c003328,169,3,controlled_synthetic,fixed_global_domain_transform,synthetic_source_domain,TMC-2,True,False,fixed_rotation_scale_bias_nonlinearity,0.02
iirs_tmc2_fixed_00829,ch2_tmc_nca_20260813T1023298778_d_img_d18_r026624_c003328,169,4,controlled_synthetic,fixed_global_domain_transform,synthetic_source_domain,TMC-2,True,False,fixed_rotation_scale_bias_nonlinearity,0.01
iirs_tmc2_fixed_00830,ch2_tmc_nca_20260813T1023298778_d_img_d18_r006656_c003584,291,0,controlled_synthetic,fixed_global_domain_transform,synthetic_source_domain,TMC-2,True,False,fixed_rotation_scale_bias_nonlinearity,0.01
iirs_tmc2_fixed_00831,ch2_tmc_nca_20260813T1023298778_d_img_d18_r006656_c003584,291,1,controlled_synthetic,fixed_global_domain_transform,synthetic_source_domain,TMC-2,True,False,fixed_rotation_scale_bias_nonlinearity,0.02
iirs_tmc2_fixed_00832,ch2_tmc_nca_20260813T1023298778_d_img_d18_r006656_c003584,291,2,controlled_synthetic,fixed_global_domain_transform,synthetic_source_domain,TMC-2,True,False,fixed_rotation_scale_bias_nonlinearity,0.03
iirs_tmc2_fixed_00833,ch2_tmc_nca_20260813T1023298778_d_img_d18_r006656_c003584,291,3,controlled_synthetic,fixed_global_domain_transform,synthetic_source_domain,TMC-2,True,False,fixed_rotation_scale_bias_nonlinearity,0.02
iirs_tmc2_fixed_00834,ch2_tmc_nca_20260813T1023298778_d_img_d18_r006656_c003584,291,4,controlled_synthetic,fixed_global_domain_transform,synthetic_source_domain,TMC-2,True,False,fixed_rotation_scale_bias_nonlinearity,0.01
iirs_tmc2_fixed_00835,ch2_tmc_nca_20260813T1023298778_d_img_d18_r046336_c002816,296,0,controlled_synthetic,fixed_global_domain_transform,synthetic_source_domain,TMC-2,True,False,fixed_rotation_scale_bias_nonlinearity,0.01
iirs_tmc2_fixed_00836,ch2_tmc_nca_20260813T1023298778_d_img_d18_r046336_c002816,296,1,controlled_synthetic,fixed_global_domain_transform,synthetic_source_domain,TMC-2,True,False,fixed_rotation_scale_bias_nonlinearity,0.02
iirs_tmc2_fixed_00837,ch2_tmc_nca_20260813T1023298778_d_img_d18_r046336_c002816,296,2,controlled_synthetic,fixed_global_domain_transform,synthetic_source_domain,TMC-2,True,False,fixed_rotation_scale_bias_nonlinearity,0.03
iirs_tmc2_fixed_00838,ch2_tmc_nca_20260813T1023298778_d_img_d18_r046336_c002816,296,3,controlled_synthetic,fixed_global_domain_transform,synthetic_source_domain,TMC-2,True,False,fixed_rotation_scale_bias_nonlinearity,0.02
iirs_tmc2_fixed_00839,ch2_tmc_nca_20260813T1023298778_d_img_d18_r046336_c002816,296,4,controlled_synthetic,fixed_global_domain_transform,synthetic_source_domain,TMC-2,True,False,fixed_rotation_scale_bias_nonlinearity,0.01
iirs_tmc2_fixed_00840,ch2_tmc_nca_20260813T1023298778_d_img_d18_r136960_c003072,399,0,controlled_synthetic,fixed_global_domain_transform,synthetic_source_domain,TMC-2,True,False,fixed_rotation_scale_bias_nonlinearity,0.01
iirs_tmc2_fixed_00841,ch2_tmc_nca_20260813T1023298778_d_img_d18_r136960_c003072,399,1,controlled_synthetic,fixed_global_domain_transform,synthetic_source_domain,TMC-2,True,False,fixed_rotation_scale_bias_nonlinearity,0.02
iirs_tmc2_fixed_00842,ch2_tmc_nca_20260813T1023298778_d_img_d18_r136960_c003072,399,2,controlled_synthetic,fixed_global_domain_transform,synthetic_source_domain,TMC-2,True,False,fixed_rotation_scale_bias_nonlinearity,0.03
iirs_tmc2_fixed_00843,ch2_tmc_nca_20260813T1023298778_d_img_d18_r136960_c003072,399,3,controlled_synthetic,fixed_global_domain_transform,synthetic_source_domain,TMC-2,True,False,fixed_rotation_scale_bias_nonlinearity,0.02
iirs_tmc2_fixed_00844,ch2_tmc_nca_20260813T1023298778_d_img_d18_r136960_c003072,399,4,controlled_synthetic,fixed_global_domain_transform,synthetic_source_domain,TMC-2,True,False,fixed_rotation_scale_bias_nonlinearity,0.01
iirs_tmc2_fixed_00845,ch2_tmc_nca_20260813T1023298778_d_img_d18_r086784_c001280,379,0,controlled_synthetic,fixed_global_domain_transform,synthetic_source_domain,TMC-2,True,False,fixed_rotation_scale_bias_nonlinearity,0.01
iirs_tmc2_fixed_00846,ch2_tmc_nca_20260813T1023298778_d_img_d18_r086784_c001280,379,1,controlled_synthetic,fixed_global_domain_transform,synthetic_source_domain,TMC-2,True,False,fixed_rotation_scale_bias_nonlinearity,0.02
iirs_tmc2_fixed_00847,ch2_tmc_nca_20260813T1023298778_d_img_d18_r086784_c001280,379,2,controlled_synthetic,fixed_global_domain_transform,synthetic_source_domain,TMC-2,True,False,fixed_rotation_scale_bias_nonlinearity,0.03
iirs_tmc2_fixed_00848,ch2_tmc_nca_20260813T1023298778_d_img_d18_r086784_c001280,379,3,controlled_synthetic,fixed_global_domain_transform,synthetic_source_domain,TMC-2,True,False,fixed_rotation_scale_bias_nonlinearity,0.02
iirs_tmc2_fixed_00849,ch2_tmc_nca_20260813T1023298778_d_img_d18_r086784_c001280,379,4,controlled_synthetic,fixed_global_domain_transform,synthetic_source_domain,TMC-2,True,False,fixed_rotation_scale_bias_nonlinearity,0.01
iirs_tmc2_fixed_00850,ch2_tmc_nca_20260813T1023298778_d_img_d18_r013568_c002048,308,0,controlled_synthetic,fixed_global_domain_transform,synthetic_source_domain,TMC-2,True,False,fixed_rotation_scale_bias_nonlinearity,0.01
iirs_tmc2_fixed_00851,ch2_tmc_nca_20260813T1023298778_d_img_d18_r013568_c002048,308,1,controlled_synthetic,fixed_global_domain_transform,synthetic_source_domain,TMC-2,True,False,fixed_rotation_scale_bias_nonlinearity,0.02
iirs_tmc2_fixed_00852,ch2_tmc_nca_20260813T1023298778_d_img_d18_r013568_c002048,308,2,controlled_synthetic,fixed_global_domain_transform,synthetic_source_domain,TMC-2,True,False,fixed_rotation_scale_bias_nonlinearity,0.03
iirs_tmc2_fixed_00853,ch2_tmc_nca_20260813T1023298778_d_img_d18_r013568_c002048,308,3,controlled_synthetic,fixed_global_domain_transform,synthetic_source_domain,TMC-2,True,False,fixed_rotation_scale_bias_nonlinearity,0.02
iirs_tmc2_fixed_00854,ch2_tmc_nca_20260813T1023298778_d_img_d18_r013568_c002048,308,4,controlled_synthetic,fixed_global_domain_transform,synthetic_source_domain,TMC-2,True,False,fixed_rotation_scale_bias_nonlinearity,0.01
iirs_tmc2_fixed_00855,ch2_tmc_nca_20260813T1023298778_d_img_d18_r065536_c001280,63,0,controlled_synthetic,fixed_global_domain_transform,synthetic_source_domain,TMC-2,True,False,fixed_rotation_scale_bias_nonlinearity,0.01
iirs_tmc2_fixed_00856,ch2_tmc_nca_20260813T1023298778_d_img_d18_r065536_c001280,63,1,controlled_synthetic,fixed_global_domain_transform,synthetic_source_domain,TMC-2,True,False,fixed_rotation_scale_bias_nonlinearity,0.02
iirs_tmc2_fixed_00857,ch2_tmc_nca_20260813T1023298778_d_img_d18_r065536_c001280,63,2,controlled_synthetic,fixed_global_domain_transform,synthetic_source_domain,TMC-2,True,False,fixed_rotation_scale_bias_nonlinearity,0.03
iirs_tmc2_fixed_00858,ch2_tmc_nca_20260813T1023298778_d_img_d18_r065536_c001280,63,3,controlled_synthetic,fixed_global_domain_transform,synthetic_source_domain,TMC-2,True,False,fixed_rotation_scale_bias_nonlinearity,0.02
iirs_tmc2_fixed_00859,ch2_tmc_nca_20260813T1023298778_d_img_d18_r065536_c001280,63,4,controlled_synthetic,fixed_global_domain_transform,synthetic_source_domain,TMC-2,True,False,fixed_rotation_scale_bias_nonlinearity,0.01
iirs_tmc2_fixed_00860,ch2_tmc_nca_20260813T1023298778_d_img_d18_r132864_c001024,58,0,controlled_synthetic,fixed_global_domain_transform,synthetic_source_domain,TMC-2,True,False,fixed_rotation_scale_bias_nonlinearity,0.01
iirs_tmc2_fixed_00861,ch2_tmc_nca_20260813T1023298778_d_img_d18_r132864_c001024,58,1,controlled_synthetic,fixed_global_domain_transform,synthetic_source_domain,TMC-2,True,False,fixed_rotation_scale_bias_nonlinearity,0.02
iirs_tmc2_fixed_00862,ch2_tmc_nca_20260813T1023298778_d_img_d18_r132864_c001024,58,2,controlled_synthetic,fixed_global_domain_transform,synthetic_source_domain,TMC-2,True,False,fixed_rotation_scale_bias_nonlinearity,0.03
iirs_tmc2_fixed_00863,ch2_tmc_nca_20260813T1023298778_d_img_d18_r132864_c001024,58,3,controlled_synthetic,fixed_global_domain_transform,synthetic_source_domain,TMC-2,True,False,fixed_rotation_scale_bias_nonlinearity,0.02
iirs_tmc2_fixed_00864,ch2_tmc_nca_20260813T1023298778_d_img_d18_r132864_c001024,58,4,controlled_synthetic,fixed_global_domain_transform,synthetic_source_domain,TMC-2,True,False,fixed_rotation_scale_bias_nonlinearity,0.01
iirs_tmc2_fixed_00865,ch2_tmc_nca_20260813T1023298778_d_img_d18_r015104_c000000,317,0,controlled_synthetic,fixed_global_domain_transform,synthetic_source_domain,TMC-2,True,False,fixed_rotation_scale_bias_nonlinearity,0.01
iirs_tmc2_fixed_00866,ch2_tmc_nca_20260813T1023298778_d_img_d18_r015104_c000000,317,1,controlled_synthetic,fixed_global_domain_transform,synthetic_source_domain,TMC-2,True,False,fixed_rotation_scale_bias_nonlinearity,0.02
iirs_tmc2_fixed_00867,ch2_tmc_nca_20260813T1023298778_d_img_d18_r015104_c000000,317,2,controlled_synthetic,fixed_global_domain_transform,synthetic_source_domain,TMC-2,True,False,fixed_rotation_scale_bias_nonlinearity,0.03
iirs_tmc2_fixed_00868,ch2_tmc_nca_20260813T1023298778_d_img_d18_r015104_c000000,317,3,controlled_synthetic,fixed_global_domain_transform,synthetic_source_domain,TMC-2,True,False,fixed_rotation_scale_bias_nonlinearity,0.02
iirs_tmc2_fixed_00869,ch2_tmc_nca_20260813T1023298778_d_img_d18_r015104_c000000,317,4,controlled_synthetic,fixed_global_domain_transform,synthetic_source_domain,TMC-2,True,False,fixed_rotation_scale_bias_nonlinearity,0.01
iirs_tmc2_fixed_00870,ch2_tmc_nca_20260813T1023298778_d_img_d18_r026368_c000512,105,0,controlled_synthetic,fixed_global_domain_transform,synthetic_source_domain,TMC-2,True,False,fixed_rotation_scale_bias_nonlinearity,0.01
iirs_tmc2_fixed_00871,ch2_tmc_nca_20260813T1023298778_d_img_d18_r026368_c000512,105,1,controlled_synthetic,fixed_global_domain_transform,synthetic_source_domain,TMC-2,True,False,fixed_rotation_scale_bias_nonlinearity,0.02
iirs_tmc2_fixed_00872,ch2_tmc_nca_20260813T1023298778_d_img_d18_r026368_c000512,105,2,controlled_synthetic,fixed_global_domain_transform,synthetic_source_domain,TMC-2,True,False,fixed_rotation_scale_bias_nonlinearity,0.03
iirs_tmc2_fixed_00873,ch2_tmc_nca_20260813T1023298778_d_img_d18_r026368_c000512,105,3,controlled_synthetic,fixed_global_domain_transform,synthetic_source_domain,TMC-2,True,False,fixed_rotation_scale_bias_nonlinearity,0.02
iirs_tmc2_fixed_00874,ch2_tmc_nca_20260813T1023298778_d_img_d18_r026368_c000512,105,4,controlled_synthetic,fixed_global_domain_transform,synthetic_source_domain,TMC-2,True,False,fixed_rotation_scale_bias_nonlinearity,0.01
iirs_tmc2_fixed_00875,ch2_tmc_nca_20260813T1023298778_d_img_d18_r011776_c001280,313,0,controlled_synthetic,fixed_global_domain_transform,synthetic_source_domain,TMC-2,True,False,fixed_rotation_scale_bias_nonlinearity,0.01
iirs_tmc2_fixed_00876,ch2_tmc_nca_20260813T1023298778_d_img_d18_r011776_c001280,313,1,controlled_synthetic,fixed_global_domain_transform,synthetic_source_domain,TMC-2,True,False,fixed_rotation_scale_bias_nonlinearity,0.02
iirs_tmc2_fixed_00877,ch2_tmc_nca_20260813T1023298778_d_img_d18_r011776_c001280,313,2,controlled_synthetic,fixed_global_domain_transform,synthetic_source_domain,TMC-2,True,False,fixed_rotation_scale_bias_nonlinearity,0.03
iirs_tmc2_fixed_00878,ch2_tmc_nca_20260813T1023298778_d_img_d18_r011776_c001280,313,3,controlled_synthetic,fixed_global_domain_transform,synthetic_source_domain,TMC-2,True,False,fixed_rotation_scale_bias_nonlinearity,0.02
iirs_tmc2_fixed_00879,ch2_tmc_nca_20260813T1023298778_d_img_d18_r011776_c001280,313,4,controlled_synthetic,fixed_global_domain_transform,synthetic_source_domain,TMC-2,True,False,fixed_rotation_scale_bias_nonlinearity,0.01
iirs_tmc2_fixed_00880,ch2_tmc_nca_20260813T1023298778_d_img_d18_r136704_c003584,283,0,controlled_synthetic,fixed_global_domain_transform,synthetic_source_domain,TMC-2,True,False,fixed_rotation_scale_bias_nonlinearity,0.01
iirs_tmc2_fixed_00881,ch2_tmc_nca_20260813T1023298778_d_img_d18_r136704_c003584,283,1,controlled_synthetic,fixed_global_domain_transform,synthetic_source_domain,TMC-2,True,False,fixed_rotation_scale_bias_nonlinearity,0.02
iirs_tmc2_fixed_00882,ch2_tmc_nca_20260813T1023298778_d_img_d18_r136704_c003584,283,2,controlled_synthetic,fixed_global_domain_transform,synthetic_source_domain,TMC-2,True,False,fixed_rotation_scale_bias_nonlinearity,0.03
iirs_tmc2_fixed_00883,ch2_tmc_nca_20260813T1023298778_d_img_d18_r136704_c003584,283,3,controlled_synthetic,fixed_global_domain_transform,synthetic_source_domain,TMC-2,True,False,fixed_rotation_scale_bias_nonlinearity,0.02
iirs_tmc2_fixed_00884,ch2_tmc_nca_20260813T1023298778_d_img_d18_r136704_c003584,283,4,controlled_synthetic,fixed_global_domain_transform,synthetic_source_domain,TMC-2,True,False,fixed_rotation_scale_bias_nonlinearity,0.01
iirs_tmc2_fixed_00885,ch2_tmc_nca_20260813T1023298778_d_img_d18_r070144_c003072,284,0,controlled_synthetic,fixed_global_domain_transform,synthetic_source_domain,TMC-2,True,False,fixed_rotation_scale_bias_nonlinearity,0.01
iirs_tmc2_fixed_00886,ch2_tmc_nca_20260813T1023298778_d_img_d18_r070144_c003072,284,1,controlled_synthetic,fixed_global_domain_transform,synthetic_source_domain,TMC-2,True,False,fixed_rotation_scale_bias_nonlinearity,0.02
iirs_tmc2_fixed_00887,ch2_tmc_nca_20260813T1023298778_d_img_d18_r070144_c003072,284,2,controlled_synthetic,fixed_global_domain_transform,synthetic_source_domain,TMC-2,True,False,fixed_rotation_scale_bias_nonlinearity,0.03
iirs_tmc2_fixed_00888,ch2_tmc_nca_20260813T1023298778_d_img_d18_r070144_c003072,284,3,controlled_synthetic,fixed_global_domain_transform,synthetic_source_domain,TMC-2,True,False,fixed_rotation_scale_bias_nonlinearity,0.02
iirs_tmc2_fixed_00889,ch2_tmc_nca_20260813T1023298778_d_img_d18_r070144_c003072,284,4,controlled_synthetic,fixed_global_domain_transform,synthetic_source_domain,TMC-2,True,False,fixed_rotation_scale_bias_nonlinearity,0.01
iirs_tmc2_fixed_00890,ch2_tmc_nca_20260813T1023298778_d_img_d18_r144896_c001024,77,0,controlled_synthetic,fixed_global_domain_transform,synthetic_source_domain,TMC-2,True,False,fixed_rotation_scale_bias_nonlinearity,0.01
iirs_tmc2_fixed_00891,ch2_tmc_nca_20260813T1023298778_d_img_d18_r144896_c001024,77,1,controlled_synthetic,fixed_global_domain_transform,synthetic_source_domain,TMC-2,True,False,fixed_rotation_scale_bias_nonlinearity,0.02
iirs_tmc2_fixed_00892,ch2_tmc_nca_20260813T1023298778_d_img_d18_r144896_c001024,77,2,controlled_synthetic,fixed_global_domain_transform,synthetic_source_domain,TMC-2,True,False,fixed_rotation_scale_bias_nonlinearity,0.03
iirs_tmc2_fixed_00893,ch2_tmc_nca_20260813T1023298778_d_img_d18_r144896_c001024,77,3,controlled_synthetic,fixed_global_domain_transform,synthetic_source_domain,TMC-2,True,False,fixed_rotation_scale_bias_nonlinearity,0.02
iirs_tmc2_fixed_00894,ch2_tmc_nca_20260813T1023298778_d_img_d18_r144896_c001024,77,4,controlled_synthetic,fixed_global_domain_transform,synthetic_source_domain,TMC-2,True,False,fixed_rotation_scale_bias_nonlinearity,0.01
iirs_tmc2_fixed_00895,ch2_tmc_nca_20260813T1023298778_d_img_d18_r104960_c002048,25,0,controlled_synthetic,fixed_global_domain_transform,synthetic_source_domain,TMC-2,True,False,fixed_rotation_scale_bias_nonlinearity,0.01
iirs_tmc2_fixed_00896,ch2_tmc_nca_20260813T1023298778_d_img_d18_r104960_c002048,25,1,controlled_synthetic,fixed_global_domain_transform,synthetic_source_domain,TMC-2,True,False,fixed_rotation_scale_bias_nonlinearity,0.02
iirs_tmc2_fixed_00897,ch2_tmc_nca_20260813T1023298778_d_img_d18_r104960_c002048,25,2,controlled_synthetic,fixed_global_domain_transform,synthetic_source_domain,TMC-2,True,False,fixed_rotation_scale_bias_nonlinearity,0.03
iirs_tmc2_fixed_00898,ch2_tmc_nca_20260813T1023298778_d_img_d18_r104960_c002048,25,3,controlled_synthetic,fixed_global_domain_transform,synthetic_source_domain,TMC-2,True,False,fixed_rotation_scale_bias_nonlinearity,0.02
iirs_tmc2_fixed_00899,ch2_tmc_nca_20260813T1023298778_d_img_d18_r104960_c002048,25,4,controlled_synthetic,fixed_global_domain_transform,synthetic_source_domain,TMC-2,True,False,fixed_rotation_scale_bias_nonlinearity,0.01
iirs_tmc2_fixed_00900,ch2_tmc_nca_20260813T1023298778_d_img_d18_r058112_c002560,215,0,controlled_synthetic,fixed_global_domain_transform,synthetic_source_domain,TMC-2,True,False,fixed_rotation_scale_bias_nonlinearity,0.01
iirs_tmc2_fixed_00901,ch2_tmc_nca_20260813T1023298778_d_img_d18_r058112_c002560,215,1,controlled_synthetic,fixed_global_domain_transform,synthetic_source_domain,TMC-2,True,False,fixed_rotation_scale_bias_nonlinearity,0.02
iirs_tmc2_fixed_00902,ch2_tmc_nca_20260813T1023298778_d_img_d18_r058112_c002560,215,2,controlled_synthetic,fixed_global_domain_transform,synthetic_source_domain,TMC-2,True,False,fixed_rotation_scale_bias_nonlinearity,0.03
iirs_tmc2_fixed_00903,ch2_tmc_nca_20260813T1023298778_d_img_d18_r058112_c002560,215,3,controlled_synthetic,fixed_global_domain_transform,synthetic_source_domain,TMC-2,True,False,fixed_rotation_scale_bias_nonlinearity,0.02
iirs_tmc2_fixed_00904,ch2_tmc_nca_20260813T1023298778_d_img_d18_r058112_c002560,215,4,controlled_synthetic,fixed_global_domain_transform,synthetic_source_domain,TMC-2,True,False,fixed_rotation_scale_bias_nonlinearity,0.01
iirs_tmc2_fixed_00905,ch2_tmc_nca_20260813T1023298778_d_img_d18_r131328_c003072,48,0,controlled_synthetic,fixed_global_domain_transform,synthetic_source_domain,TMC-2,True,False,fixed_rotation_scale_bias_nonlinearity,0.01
iirs_tmc2_fixed_00906,ch2_tmc_nca_20260813T1023298778_d_img_d18_r131328_c003072,48,1,controlled_synthetic,fixed_global_domain_transform,synthetic_source_domain,TMC-2,True,False,fixed_rotation_scale_bias_nonlinearity,0.02
iirs_tmc2_fixed_00907,ch2_tmc_nca_20260813T1023298778_d_img_d18_r131328_c003072,48,2,controlled_synthetic,fixed_global_domain_transform,synthetic_source_domain,TMC-2,True,False,fixed_rotation_scale_bias_nonlinearity,0.03
iirs_tmc2_fixed_00908,ch2_tmc_nca_20260813T1023298778_d_img_d18_r131328_c003072,48,3,controlled_synthetic,fixed_global_domain_transform,synthetic_source_domain,TMC-2,True,False,fixed_rotation_scale_bias_nonlinearity,0.02
iirs_tmc2_fixed_00909,ch2_tmc_nca_20260813T1023298778_d_img_d18_r131328_c003072,48,4,controlled_synthetic,fixed_global_domain_transform,synthetic_source_domain,TMC-2,True,False,fixed_rotation_scale_bias_nonlinearity,0.01
iirs_tmc2_fixed_00910,ch2_tmc_nca_20260813T1023298778_d_img_d18_r020224_c002560,363,0,controlled_synthetic,fixed_global_domain_transform,synthetic_source_domain,TMC-2,True,False,fixed_rotation_scale_bias_nonlinearity,0.01
iirs_tmc2_fixed_00911,ch2_tmc_nca_20260813T1023298778_d_img_d18_r020224_c002560,363,1,controlled_synthetic,fixed_global_domain_transform,synthetic_source_domain,TMC-2,True,False,fixed_rotation_scale_bias_nonlinearity,0.02
iirs_tmc2_fixed_00912,ch2_tmc_nca_20260813T1023298778_d_img_d18_r020224_c002560,363,2,controlled_synthetic,fixed_global_domain_transform,synthetic_source_domain,TMC-2,True,False,fixed_rotation_scale_bias_nonlinearity,0.03
iirs_tmc2_fixed_00913,ch2_tmc_nca_20260813T1023298778_d_img_d18_r020224_c002560,363,3,controlled_synthetic,fixed_global_domain_transform,synthetic_source_domain,TMC-2,True,False,fixed_rotation_scale_bias_nonlinearity,0.02
iirs_tmc2_fixed_00914,ch2_tmc_nca_20260813T1023298778_d_img_d18_r020224_c002560,363,4,controlled_synthetic,fixed_global_domain_transform,synthetic_source_domain,TMC-2,True,False,fixed_rotation_scale_bias_nonlinearity,0.01
iirs_tmc2_fixed_00915,ch2_tmc_nca_20260813T1023298778_d_img_d18_r020480_c003072,202,0,controlled_synthetic,fixed_global_domain_transform,synthetic_source_domain,TMC-2,True,False,fixed_rotation_scale_bias_nonlinearity,0.01
iirs_tmc2_fixed_00916,ch2_tmc_nca_20260813T1023298778_d_img_d18_r020480_c003072,202,1,controlled_synthetic,fixed_global_domain_transform,synthetic_source_domain,TMC-2,True,False,fixed_rotation_scale_bias_nonlinearity,0.02
iirs_tmc2_fixed_00917,ch2_tmc_nca_20260813T1023298778_d_img_d18_r020480_c003072,202,2,controlled_synthetic,fixed_global_domain_transform,synthetic_source_domain,TMC-2,True,False,fixed_rotation_scale_bias_nonlinearity,0.03
iirs_tmc2_fixed_00918,ch2_tmc_nca_20260813T1023298778_d_img_d18_r020480_c003072,202,3,controlled_synthetic,fixed_global_domain_transform,synthetic_source_domain,TMC-2,True,False,fixed_rotation_scale_bias_nonlinearity,0.02
iirs_tmc2_fixed_00919,ch2_tmc_nca_20260813T1023298778_d_img_d18_r020480_c003072,202,4,controlled_synthetic,fixed_global_domain_transform,synthetic_source_domain,TMC-2,True,False,fixed_rotation_scale_bias_nonlinearity,0.01
iirs_tmc2_fixed_00920,ch2_tmc_nca_20260813T1023298778_d_img_d18_r095232_c000768,200,0,controlled_synthetic,fixed_global_domain_transform,synthetic_source_domain,TMC-2,True,False,fixed_rotation_scale_bias_nonlinearity,0.01
iirs_tmc2_fixed_00921,ch2_tmc_nca_20260813T1023298778_d_img_d18_r095232_c000768,200,1,controlled_synthetic,fixed_global_domain_transform,synthetic_source_domain,TMC-2,True,False,fixed_rotation_scale_bias_nonlinearity,0.02
iirs_tmc2_fixed_00922,ch2_tmc_nca_20260813T1023298778_d_img_d18_r095232_c000768,200,2,controlled_synthetic,fixed_global_domain_transform,synthetic_source_domain,TMC-2,True,False,fixed_rotation_scale_bias_nonlinearity,0.03
iirs_tmc2_fixed_00923,ch2_tmc_nca_20260813T1023298778_d_img_d18_r095232_c000768,200,3,controlled_synthetic,fixed_global_domain_transform,synthetic_source_domain,TMC-2,True,False,fixed_rotation_scale_bias_nonlinearity,0.02
iirs_tmc2_fixed_00924,ch2_tmc_nca_20260813T1023298778_d_img_d18_r095232_c000768,200,4,controlled_synthetic,fixed_global_domain_transform,synthetic_source_domain,TMC-2,True,False,fixed_rotation_scale_bias_nonlinearity,0.01
iirs_tmc2_fixed_00925,ch2_tmc_nca_20260813T1023298778_d_img_d18_r100864_c003072,71,0,controlled_synthetic,fixed_global_domain_transform,synthetic_source_domain,TMC-2,True,False,fixed_rotation_scale_bias_nonlinearity,0.01
iirs_tmc2_fixed_00926,ch2_tmc_nca_20260813T1023298778_d_img_d18_r100864_c003072,71,1,controlled_synthetic,fixed_global_domain_transform,synthetic_source_domain,TMC-2,True,False,fixed_rotation_scale_bias_nonlinearity,0.02
iirs_tmc2_fixed_00927,ch2_tmc_nca_20260813T1023298778_d_img_d18_r100864_c003072,71,2,controlled_synthetic,fixed_global_domain_transform,synthetic_source_domain,TMC-2,True,False,fixed_rotation_scale_bias_nonlinearity,0.03
iirs_tmc2_fixed_00928,ch2_tmc_nca_20260813T1023298778_d_img_d18_r100864_c003072,71,3,controlled_synthetic,fixed_global_domain_transform,synthetic_source_domain,TMC-2,True,False,fixed_rotation_scale_bias_nonlinearity,0.02
iirs_tmc2_fixed_00929,ch2_tmc_nca_20260813T1023298778_d_img_d18_r100864_c003072,71,4,controlled_synthetic,fixed_global_domain_transform,synthetic_source_domain,TMC-2,True,False,fixed_rotation_scale_bias_nonlinearity,0.01
iirs_tmc2_fixed_00930,ch2_tmc_nca_20260813T1023298778_d_img_d18_r044032_c003072,212,0,controlled_synthetic,fixed_global_domain_transform,synthetic_source_domain,TMC-2,True,False,fixed_rotation_scale_bias_nonlinearity,0.01
iirs_tmc2_fixed_00931,ch2_tmc_nca_20260813T1023298778_d_img_d18_r044032_c003072,212,1,controlled_synthetic,fixed_global_domain_transform,synthetic_source_domain,TMC-2,True,False,fixed_rotation_scale_bias_nonlinearity,0.02
iirs_tmc2_fixed_00932,ch2_tmc_nca_20260813T1023298778_d_img_d18_r044032_c003072,212,2,controlled_synthetic,fixed_global_domain_transform,synthetic_source_domain,TMC-2,True,False,fixed_rotation_scale_bias_nonlinearity,0.03
iirs_tmc2_fixed_00933,ch2_tmc_nca_20260813T1023298778_d_img_d18_r044032_c003072,212,3,controlled_synthetic,fixed_global_domain_transform,synthetic_source_domain,TMC-2,True,False,fixed_rotation_scale_bias_nonlinearity,0.02
iirs_tmc2_fixed_00934,ch2_tmc_nca_20260813T1023298778_d_img_d18_r044032_c003072,212,4,controlled_synthetic,fixed_global_domain_transform,synthetic_source_domain,TMC-2,True,False,fixed_rotation_scale_bias_nonlinearity,0.01
iirs_tmc2_fixed_00935,ch2_tmc_nca_20260813T1023298778_d_img_d18_r016128_c000256,274,0,controlled_synthetic,fixed_global_domain_transform,synthetic_source_domain,TMC-2,True,False,fixed_rotation_scale_bias_nonlinearity,0.01
iirs_tmc2_fixed_00936,ch2_tmc_nca_20260813T1023298778_d_img_d18_r016128_c000256,274,1,controlled_synthetic,fixed_global_domain_transform,synthetic_source_domain,TMC-2,True,False,fixed_rotation_scale_bias_nonlinearity,0.02
iirs_tmc2_fixed_00937,ch2_tmc_nca_20260813T1023298778_d_img_d18_r016128_c000256,274,2,controlled_synthetic,fixed_global_domain_transform,synthetic_source_domain,TMC-2,True,False,fixed_rotation_scale_bias_nonlinearity,0.03
iirs_tmc2_fixed_00938,ch2_tmc_nca_20260813T1023298778_d_img_d18_r016128_c000256,274,3,controlled_synthetic,fixed_global_domain_transform,synthetic_source_domain,TMC-2,True,False,fixed_rotation_scale_bias_nonlinearity,0.02
iirs_tmc2_fixed_00939,ch2_tmc_nca_20260813T1023298778_d_img_d18_r016128_c000256,274,4,controlled_synthetic,fixed_global_domain_transform,synthetic_source_domain,TMC-2,True,False,fixed_rotation_scale_bias_nonlinearity,0.01
iirs_tmc2_fixed_00940,ch2_tmc_nca_20260813T1023298778_d_img_d18_r072960_c001792,344,0,controlled_synthetic,fixed_global_domain_transform,synthetic_source_domain,TMC-2,True,False,fixed_rotation_scale_bias_nonlinearity,0.01
iirs_tmc2_fixed_00941,ch2_tmc_nca_20260813T1023298778_d_img_d18_r072960_c001792,344,1,controlled_synthetic,fixed_global_domain_transform,synthetic_source_domain,TMC-2,True,False,fixed_rotation_scale_bias_nonlinearity,0.02
iirs_tmc2_fixed_00942,ch2_tmc_nca_20260813T1023298778_d_img_d18_r072960_c001792,344,2,controlled_synthetic,fixed_global_domain_transform,synthetic_source_domain,TMC-2,True,False,fixed_rotation_scale_bias_nonlinearity,0.03
iirs_tmc2_fixed_00943,ch2_tmc_nca_20260813T1023298778_d_img_d18_r072960_c001792,344,3,controlled_synthetic,fixed_global_domain_transform,synthetic_source_domain,TMC-2,True,False,fixed_rotation_scale_bias_nonlinearity,0.02
iirs_tmc2_fixed_00944,ch2_tmc_nca_20260813T1023298778_d_img_d18_r072960_c001792,344,4,controlled_synthetic,fixed_global_domain_transform,synthetic_source_domain,TMC-2,True,False,fixed_rotation_scale_bias_nonlinearity,0.01
iirs_tmc2_fixed_00945,ch2_tmc_nca_20260813T1023298778_d_img_d18_r141568_c003072,162,0,controlled_synthetic,fixed_global_domain_transform,synthetic_source_domain,TMC-2,True,False,fixed_rotation_scale_bias_nonlinearity,0.01
iirs_tmc2_fixed_00946,ch2_tmc_nca_20260813T1023298778_d_img_d18_r141568_c003072,162,1,controlled_synthetic,fixed_global_domain_transform,synthetic_source_domain,TMC-2,True,False,fixed_rotation_scale_bias_nonlinearity,0.02
iirs_tmc2_fixed_00947,ch2_tmc_nca_20260813T1023298778_d_img_d18_r141568_c003072,162,2,controlled_synthetic,fixed_global_domain_transform,synthetic_source_domain,TMC-2,True,False,fixed_rotation_scale_bias_nonlinearity,0.03
iirs_tmc2_fixed_00948,ch2_tmc_nca_20260813T1023298778_d_img_d18_r141568_c003072,162,3,controlled_synthetic,fixed_global_domain_transform,synthetic_source_domain,TMC-2,True,False,fixed_rotation_scale_bias_nonlinearity,0.02
iirs_tmc2_fixed_00949,ch2_tmc_nca_20260813T1023298778_d_img_d18_r141568_c003072,162,4,controlled_synthetic,fixed_global_domain_transform,synthetic_source_domain,TMC-2,True,False,fixed_rotation_scale_bias_nonlinearity,0.01
iirs_tmc2_fixed_00950,ch2_tmc_nca_20260813T1023298778_d_img_d18_r035072_c001792,305,0,controlled_synthetic,fixed_global_domain_transform,synthetic_source_domain,TMC-2,True,False,fixed_rotation_scale_bias_nonlinearity,0.01
iirs_tmc2_fixed_00951,ch2_tmc_nca_20260813T1023298778_d_img_d18_r035072_c001792,305,1,controlled_synthetic,fixed_global_domain_transform,synthetic_source_domain,TMC-2,True,False,fixed_rotation_scale_bias_nonlinearity,0.02
iirs_tmc2_fixed_00952,ch2_tmc_nca_20260813T1023298778_d_img_d18_r035072_c001792,305,2,controlled_synthetic,fixed_global_domain_transform,synthetic_source_domain,TMC-2,True,False,fixed_rotation_scale_bias_nonlinearity,0.03
iirs_tmc2_fixed_00953,ch2_tmc_nca_20260813T1023298778_d_img_d18_r035072_c001792,305,3,controlled_synthetic,fixed_global_domain_transform,synthetic_source_domain,TMC-2,True,False,fixed_rotation_scale_bias_nonlinearity,0.02
iirs_tmc2_fixed_00954,ch2_tmc_nca_20260813T1023298778_d_img_d18_r035072_c001792,305,4,controlled_synthetic,fixed_global_domain_transform,synthetic_source_domain,TMC-2,True,False,fixed_rotation_scale_bias_nonlinearity,0.01
iirs_tmc2_fixed_00955,ch2_tmc_nca_20260813T1023298778_d_img_d18_r009984_c002816,98,0,controlled_synthetic,fixed_global_domain_transform,synthetic_source_domain,TMC-2,True,False,fixed_rotation_scale_bias_nonlinearity,0.01
iirs_tmc2_fixed_00956,ch2_tmc_nca_20260813T1023298778_d_img_d18_r009984_c002816,98,1,controlled_synthetic,fixed_global_domain_transform,synthetic_source_domain,TMC-2,True,False,fixed_rotation_scale_bias_nonlinearity,0.02
iirs_tmc2_fixed_00957,ch2_tmc_nca_20260813T1023298778_d_img_d18_r009984_c002816,98,2,controlled_synthetic,fixed_global_domain_transform,synthetic_source_domain,TMC-2,True,False,fixed_rotation_scale_bias_nonlinearity,0.03
iirs_tmc2_fixed_00958,ch2_tmc_nca_20260813T1023298778_d_img_d18_r009984_c002816,98,3,controlled_synthetic,fixed_global_domain_transform,synthetic_source_domain,TMC-2,True,False,fixed_rotation_scale_bias_nonlinearity,0.02
iirs_tmc2_fixed_00959,ch2_tmc_nca_20260813T1023298778_d_img_d18_r009984_c002816,98,4,controlled_synthetic,fixed_global_domain_transform,synthetic_source_domain,TMC-2,True,False,fixed_rotation_scale_bias_nonlinearity,0.01
iirs_tmc2_fixed_00960,ch2_tmc_nca_20260813T1023298778_d_img_d18_r029440_c000512,62,0,controlled_synthetic,fixed_global_domain_transform,synthetic_source_domain,TMC-2,True,False,fixed_rotation_scale_bias_nonlinearity,0.01
iirs_tmc2_fixed_00961,ch2_tmc_nca_20260813T1023298778_d_img_d18_r029440_c000512,62,1,controlled_synthetic,fixed_global_domain_transform,synthetic_source_domain,TMC-2,True,False,fixed_rotation_scale_bias_nonlinearity,0.02
iirs_tmc2_fixed_00962,ch2_tmc_nca_20260813T1023298778_d_img_d18_r029440_c000512,62,2,controlled_synthetic,fixed_global_domain_transform,synthetic_source_domain,TMC-2,True,False,fixed_rotation_scale_bias_nonlinearity,0.03
iirs_tmc2_fixed_00963,ch2_tmc_nca_20260813T1023298778_d_img_d18_r029440_c000512,62,3,controlled_synthetic,fixed_global_domain_transform,synthetic_source_domain,TMC-2,True,False,fixed_rotation_scale_bias_nonlinearity,0.02
iirs_tmc2_fixed_00964,ch2_tmc_nca_20260813T1023298778_d_img_d18_r029440_c000512,62,4,controlled_synthetic,fixed_global_domain_transform,synthetic_source_domain,TMC-2,True,False,fixed_rotation_scale_bias_nonlinearity,0.01
iirs_tmc2_fixed_00965,ch2_tmc_nca_20260813T1023298778_d_img_d18_r058880_c003328,103,0,controlled_synthetic,fixed_global_domain_transform,synthetic_source_domain,TMC-2,True,False,fixed_rotation_scale_bias_nonlinearity,0.01
iirs_tmc2_fixed_00966,ch2_tmc_nca_20260813T1023298778_d_img_d18_r058880_c003328,103,1,controlled_synthetic,fixed_global_domain_transform,synthetic_source_domain,TMC-2,True,False,fixed_rotation_scale_bias_nonlinearity,0.02
iirs_tmc2_fixed_00967,ch2_tmc_nca_20260813T1023298778_d_img_d18_r058880_c003328,103,2,controlled_synthetic,fixed_global_domain_transform,synthetic_source_domain,TMC-2,True,False,fixed_rotation_scale_bias_nonlinearity,0.03
iirs_tmc2_fixed_00968,ch2_tmc_nca_20260813T1023298778_d_img_d18_r058880_c003328,103,3,controlled_synthetic,fixed_global_domain_transform,synthetic_source_domain,TMC-2,True,False,fixed_rotation_scale_bias_nonlinearity,0.02
iirs_tmc2_fixed_00969,ch2_tmc_nca_20260813T1023298778_d_img_d18_r058880_c003328,103,4,controlled_synthetic,fixed_global_domain_transform,synthetic_source_domain,TMC-2,True,False,fixed_rotation_scale_bias_nonlinearity,0.01
iirs_tmc2_fixed_00970,ch2_tmc_nca_20260813T1023298778_d_img_d18_r145152_c002048,268,0,controlled_synthetic,fixed_global_domain_transform,synthetic_source_domain,TMC-2,True,False,fixed_rotation_scale_bias_nonlinearity,0.01
iirs_tmc2_fixed_00971,ch2_tmc_nca_20260813T1023298778_d_img_d18_r145152_c002048,268,1,controlled_synthetic,fixed_global_domain_transform,synthetic_source_domain,TMC-2,True,False,fixed_rotation_scale_bias_nonlinearity,0.02
iirs_tmc2_fixed_00972,ch2_tmc_nca_20260813T1023298778_d_img_d18_r145152_c002048,268,2,controlled_synthetic,fixed_global_domain_transform,synthetic_source_domain,TMC-2,True,False,fixed_rotation_scale_bias_nonlinearity,0.03
iirs_tmc2_fixed_00973,ch2_tmc_nca_20260813T1023298778_d_img_d18_r145152_c002048,268,3,controlled_synthetic,fixed_global_domain_transform,synthetic_source_domain,TMC-2,True,False,fixed_rotation_scale_bias_nonlinearity,0.02
iirs_tmc2_fixed_00974,ch2_tmc_nca_20260813T1023298778_d_img_d18_r145152_c002048,268,4,controlled_synthetic,fixed_global_domain_transform,synthetic_source_domain,TMC-2,True,False,fixed_rotation_scale_bias_nonlinearity,0.01
iirs_tmc2_fixed_00975,ch2_tmc_nca_20260813T1023298778_d_img_d18_r049920_c001280,26,0,controlled_synthetic,fixed_global_domain_transform,synthetic_source_domain,TMC-2,True,False,fixed_rotation_scale_bias_nonlinearity,0.01
iirs_tmc2_fixed_00976,ch2_tmc_nca_20260813T1023298778_d_img_d18_r049920_c001280,26,1,controlled_synthetic,fixed_global_domain_transform,synthetic_source_domain,TMC-2,True,False,fixed_rotation_scale_bias_nonlinearity,0.02
iirs_tmc2_fixed_00977,ch2_tmc_nca_20260813T1023298778_d_img_d18_r049920_c001280,26,2,controlled_synthetic,fixed_global_domain_transform,synthetic_source_domain,TMC-2,True,False,fixed_rotation_scale_bias_nonlinearity,0.03
iirs_tmc2_fixed_00978,ch2_tmc_nca_20260813T1023298778_d_img_d18_r049920_c001280,26,3,controlled_synthetic,fixed_global_domain_transform,synthetic_source_domain,TMC-2,True,False,fixed_rotation_scale_bias_nonlinearity,0.02
iirs_tmc2_fixed_00979,ch2_tmc_nca_20260813T1023298778_d_img_d18_r049920_c001280,26,4,controlled_synthetic,fixed_global_domain_transform,synthetic_source_domain,TMC-2,True,False,fixed_rotation_scale_bias_nonlinearity,0.01
iirs_tmc2_fixed_00980,ch2_tmc_nca_20260813T1023298778_d_img_d18_r140288_c000512,314,0,controlled_synthetic,fixed_global_domain_transform,synthetic_source_domain,TMC-2,True,False,fixed_rotation_scale_bias_nonlinearity,0.01
iirs_tmc2_fixed_00981,ch2_tmc_nca_20260813T1023298778_d_img_d18_r140288_c000512,314,1,controlled_synthetic,fixed_global_domain_transform,synthetic_source_domain,TMC-2,True,False,fixed_rotation_scale_bias_nonlinearity,0.02
iirs_tmc2_fixed_00982,ch2_tmc_nca_20260813T1023298778_d_img_d18_r140288_c000512,314,2,controlled_synthetic,fixed_global_domain_transform,synthetic_source_domain,TMC-2,True,False,fixed_rotation_scale_bias_nonlinearity,0.03
iirs_tmc2_fixed_00983,ch2_tmc_nca_20260813T1023298778_d_img_d18_r140288_c000512,314,3,controlled_synthetic,fixed_global_domain_transform,synthetic_source_domain,TMC-2,True,False,fixed_rotation_scale_bias_nonlinearity,0.02
iirs_tmc2_fixed_00984,ch2_tmc_nca_20260813T1023298778_d_img_d18_r140288_c000512,314,4,controlled_synthetic,fixed_global_domain_transform,synthetic_source_domain,TMC-2,True,False,fixed_rotation_scale_bias_nonlinearity,0.01
iirs_tmc2_fixed_00985,ch2_tmc_nca_20260813T1023298778_d_img_d18_r132608_c002304,154,0,controlled_synthetic,fixed_global_domain_transform,synthetic_source_domain,TMC-2,True,False,fixed_rotation_scale_bias_nonlinearity,0.01
iirs_tmc2_fixed_00986,ch2_tmc_nca_20260813T1023298778_d_img_d18_r132608_c002304,154,1,controlled_synthetic,fixed_global_domain_transform,synthetic_source_domain,TMC-2,True,False,fixed_rotation_scale_bias_nonlinearity,0.02
iirs_tmc2_fixed_00987,ch2_tmc_nca_20260813T1023298778_d_img_d18_r132608_c002304,154,2,controlled_synthetic,fixed_global_domain_transform,synthetic_source_domain,TMC-2,True,False,fixed_rotation_scale_bias_nonlinearity,0.03
iirs_tmc2_fixed_00988,ch2_tmc_nca_20260813T1023298778_d_img_d18_r132608_c002304,154,3,controlled_synthetic,fixed_global_domain_transform,synthetic_source_domain,TMC-2,True,False,fixed_rotation_scale_bias_nonlinearity,0.02
iirs_tmc2_fixed_00989,ch2_tmc_nca_20260813T1023298778_d_img_d18_r132608_c002304,154,4,controlled_synthetic,fixed_global_domain_transform,synthetic_source_domain,TMC-2,True,False,fixed_rotation_scale_bias_nonlinearity,0.01
iirs_tmc2_fixed_00990,ch2_tmc_nca_20260813T1023298778_d_img_d18_r120832_c001536,122,0,controlled_synthetic,fixed_global_domain_transform,synthetic_source_domain,TMC-2,True,False,fixed_rotation_scale_bias_nonlinearity,0.01
iirs_tmc2_fixed_00991,ch2_tmc_nca_20260813T1023298778_d_img_d18_r120832_c001536,122,1,controlled_synthetic,fixed_global_domain_transform,synthetic_source_domain,TMC-2,True,False,fixed_rotation_scale_bias_nonlinearity,0.02
iirs_tmc2_fixed_00992,ch2_tmc_nca_20260813T1023298778_d_img_d18_r120832_c001536,122,2,controlled_synthetic,fixed_global_domain_transform,synthetic_source_domain,TMC-2,True,False,fixed_rotation_scale_bias_nonlinearity,0.03
iirs_tmc2_fixed_00993,ch2_tmc_nca_20260813T1023298778_d_img_d18_r120832_c001536,122,3,controlled_synthetic,fixed_global_domain_transform,synthetic_source_domain,TMC-2,True,False,fixed_rotation_scale_bias_nonlinearity,0.02
iirs_tmc2_fixed_00994,ch2_tmc_nca_20260813T1023298778_d_img_d18_r120832_c001536,122,4,controlled_synthetic,fixed_global_domain_transform,synthetic_source_domain,TMC-2,True,False,fixed_rotation_scale_bias_nonlinearity,0.01
iirs_tmc2_fixed_00995,ch2_tmc_nca_20260813T1023298778_d_img_d18_r134144_c003328,238,0,controlled_synthetic,fixed_global_domain_transform,synthetic_source_domain,TMC-2,True,False,fixed_rotation_scale_bias_nonlinearity,0.01
iirs_tmc2_fixed_00996,ch2_tmc_nca_20260813T1023298778_d_img_d18_r134144_c003328,238,1,controlled_synthetic,fixed_global_domain_transform,synthetic_source_domain,TMC-2,True,False,fixed_rotation_scale_bias_nonlinearity,0.02
iirs_tmc2_fixed_00997,ch2_tmc_nca_20260813T1023298778_d_img_d18_r134144_c003328,238,2,controlled_synthetic,fixed_global_domain_transform,synthetic_source_domain,TMC-2,True,False,fixed_rotation_scale_bias_nonlinearity,0.03
iirs_tmc2_fixed_00998,ch2_tmc_nca_20260813T1023298778_d_img_d18_r134144_c003328,238,3,controlled_synthetic,fixed_global_domain_transform,synthetic_source_domain,TMC-2,True,False,fixed_rotation_scale_bias_nonlinearity,0.02
iirs_tmc2_fixed_00999,ch2_tmc_nca_20260813T1023298778_d_img_d18_r134144_c003328,238,4,controlled_synthetic,fixed_global_domain_transform,synthetic_source_domain,TMC-2,True,False,fixed_rotation_scale_bias_nonlinearity,0.01
iirs_tmc2_fixed_01000,ch2_tmc_nca_20260813T1023298778_d_img_d18_r088064_c000000,126,0,controlled_synthetic,fixed_global_domain_transform,synthetic_source_domain,TMC-2,True,False,fixed_rotation_scale_bias_nonlinearity,0.01
iirs_tmc2_fixed_01001,ch2_tmc_nca_20260813T1023298778_d_img_d18_r088064_c000000,126,1,controlled_synthetic,fixed_global_domain_transform,synthetic_source_domain,TMC-2,True,False,fixed_rotation_scale_bias_nonlinearity,0.02
iirs_tmc2_fixed_01002,ch2_tmc_nca_20260813T1023298778_d_img_d18_r088064_c000000,126,2,controlled_synthetic,fixed_global_domain_transform,synthetic_source_domain,TMC-2,True,False,fixed_rotation_scale_bias_nonlinearity,0.03
iirs_tmc2_fixed_01003,ch2_tmc_nca_20260813T1023298778_d_img_d18_r088064_c000000,126,3,controlled_synthetic,fixed_global_domain_transform,synthetic_source_domain,TMC-2,True,False,fixed_rotation_scale_bias_nonlinearity,0.02
iirs_tmc2_fixed_01004,ch2_tmc_nca_20260813T1023298778_d_img_d18_r088064_c000000,126,4,controlled_synthetic,fixed_global_domain_transform,synthetic_source_domain,TMC-2,True,False,fixed_rotation_scale_bias_nonlinearity,0.01
iirs_tmc2_fixed_01005,ch2_tmc_nca_20260813T1023298778_d_img_d18_r113152_c003328,157,0,controlled_synthetic,fixed_global_domain_transform,synthetic_source_domain,TMC-2,True,False,fixed_rotation_scale_bias_nonlinearity,0.01
iirs_tmc2_fixed_01006,ch2_tmc_nca_20260813T1023298778_d_img_d18_r113152_c003328,157,1,controlled_synthetic,fixed_global_domain_transform,synthetic_source_domain,TMC-2,True,False,fixed_rotation_scale_bias_nonlinearity,0.02
iirs_tmc2_fixed_01007,ch2_tmc_nca_20260813T1023298778_d_img_d18_r113152_c003328,157,2,controlled_synthetic,fixed_global_domain_transform,synthetic_source_domain,TMC-2,True,False,fixed_rotation_scale_bias_nonlinearity,0.03
iirs_tmc2_fixed_01008,ch2_tmc_nca_20260813T1023298778_d_img_d18_r113152_c003328,157,3,controlled_synthetic,fixed_global_domain_transform,synthetic_source_domain,TMC-2,True,False,fixed_rotation_scale_bias_nonlinearity,0.02
iirs_tmc2_fixed_01009,ch2_tmc_nca_20260813T1023298778_d_img_d18_r113152_c003328,157,4,controlled_synthetic,fixed_global_domain_transform,synthetic_source_domain,TMC-2,True,False,fixed_rotation_scale_bias_nonlinearity,0.01
iirs_tmc2_fixed_01010,ch2_tmc_nca_20260813T1023298778_d_img_d18_r083200_c000768,117,0,controlled_synthetic,fixed_global_domain_transform,synthetic_source_domain,TMC-2,True,False,fixed_rotation_scale_bias_nonlinearity,0.01
iirs_tmc2_fixed_01011,ch2_tmc_nca_20260813T1023298778_d_img_d18_r083200_c000768,117,1,controlled_synthetic,fixed_global_domain_transform,synthetic_source_domain,TMC-2,True,False,fixed_rotation_scale_bias_nonlinearity,0.02
iirs_tmc2_fixed_01012,ch2_tmc_nca_20260813T1023298778_d_img_d18_r083200_c000768,117,2,controlled_synthetic,fixed_global_domain_transform,synthetic_source_domain,TMC-2,True,False,fixed_rotation_scale_bias_nonlinearity,0.03
iirs_tmc2_fixed_01013,ch2_tmc_nca_20260813T1023298778_d_img_d18_r083200_c000768,117,3,controlled_synthetic,fixed_global_domain_transform,synthetic_source_domain,TMC-2,True,False,fixed_rotation_scale_bias_nonlinearity,0.02
iirs_tmc2_fixed_01014,ch2_tmc_nca_20260813T1023298778_d_img_d18_r083200_c000768,117,4,controlled_synthetic,fixed_global_domain_transform,synthetic_source_domain,TMC-2,True,False,fixed_rotation_scale_bias_nonlinearity,0.01
iirs_tmc2_fixed_01015,ch2_tmc_nca_20260813T1023298778_d_img_d18_r104448_c003584,163,0,controlled_synthetic,fixed_global_domain_transform,synthetic_source_domain,TMC-2,True,False,fixed_rotation_scale_bias_nonlinearity,0.01
iirs_tmc2_fixed_01016,ch2_tmc_nca_20260813T1023298778_d_img_d18_r104448_c003584,163,1,controlled_synthetic,fixed_global_domain_transform,synthetic_source_domain,TMC-2,True,False,fixed_rotation_scale_bias_nonlinearity,0.02
iirs_tmc2_fixed_01017,ch2_tmc_nca_20260813T1023298778_d_img_d18_r104448_c003584,163,2,controlled_synthetic,fixed_global_domain_transform,synthetic_source_domain,TMC-2,True,False,fixed_rotation_scale_bias_nonlinearity,0.03
iirs_tmc2_fixed_01018,ch2_tmc_nca_20260813T1023298778_d_img_d18_r104448_c003584,163,3,controlled_synthetic,fixed_global_domain_transform,synthetic_source_domain,TMC-2,True,False,fixed_rotation_scale_bias_nonlinearity,0.02
iirs_tmc2_fixed_01019,ch2_tmc_nca_20260813T1023298778_d_img_d18_r104448_c003584,163,4,controlled_synthetic,fixed_global_domain_transform,synthetic_source_domain,TMC-2,True,False,fixed_rotation_scale_bias_nonlinearity,0.01
iirs_tmc2_fixed_01020,ch2_tmc_nca_20260813T1023298778_d_img_d18_r045568_c000000,65,0,controlled_synthetic,fixed_global_domain_transform,synthetic_source_domain,TMC-2,True,False,fixed_rotation_scale_bias_nonlinearity,0.01
iirs_tmc2_fixed_01021,ch2_tmc_nca_20260813T1023298778_d_img_d18_r045568_c000000,65,1,controlled_synthetic,fixed_global_domain_transform,synthetic_source_domain,TMC-2,True,False,fixed_rotation_scale_bias_nonlinearity,0.02
iirs_tmc2_fixed_01022,ch2_tmc_nca_20260813T1023298778_d_img_d18_r045568_c000000,65,2,controlled_synthetic,fixed_global_domain_transform,synthetic_source_domain,TMC-2,True,False,fixed_rotation_scale_bias_nonlinearity,0.03
iirs_tmc2_fixed_01023,ch2_tmc_nca_20260813T1023298778_d_img_d18_r045568_c000000,65,3,controlled_synthetic,fixed_global_domain_transform,synthetic_source_domain,TMC-2,True,False,fixed_rotation_scale_bias_nonlinearity,0.02
iirs_tmc2_fixed_01024,ch2_tmc_nca_20260813T1023298778_d_img_d18_r045568_c000000,65,4,controlled_synthetic,fixed_global_domain_transform,synthetic_source_domain,TMC-2,True,False,fixed_rotation_scale_bias_nonlinearity,0.01
iirs_tmc2_fixed_01025,ch2_tmc_nca_20260813T1023298778_d_img_d18_r114432_c000512,201,0,controlled_synthetic,fixed_global_domain_transform,synthetic_source_domain,TMC-2,True,False,fixed_rotation_scale_bias_nonlinearity,0.01
iirs_tmc2_fixed_01026,ch2_tmc_nca_20260813T1023298778_d_img_d18_r114432_c000512,201,1,controlled_synthetic,fixed_global_domain_transform,synthetic_source_domain,TMC-2,True,False,fixed_rotation_scale_bias_nonlinearity,0.02
iirs_tmc2_fixed_01027,ch2_tmc_nca_20260813T1023298778_d_img_d18_r114432_c000512,201,2,controlled_synthetic,fixed_global_domain_transform,synthetic_source_domain,TMC-2,True,False,fixed_rotation_scale_bias_nonlinearity,0.03
iirs_tmc2_fixed_01028,ch2_tmc_nca_20260813T1023298778_d_img_d18_r114432_c000512,201,3,controlled_synthetic,fixed_global_domain_transform,synthetic_source_domain,TMC-2,True,False,fixed_rotation_scale_bias_nonlinearity,0.02
iirs_tmc2_fixed_01029,ch2_tmc_nca_20260813T1023298778_d_img_d18_r114432_c000512,201,4,controlled_synthetic,fixed_global_domain_transform,synthetic_source_domain,TMC-2,True,False,fixed_rotation_scale_bias_nonlinearity,0.01
iirs_tmc2_fixed_01030,ch2_tmc_nca_20260813T1023298778_d_img_d18_r025600_c003328,49,0,controlled_synthetic,fixed_global_domain_transform,synthetic_source_domain,TMC-2,True,False,fixed_rotation_scale_bias_nonlinearity,0.01
iirs_tmc2_fixed_01031,ch2_tmc_nca_20260813T1023298778_d_img_d18_r025600_c003328,49,1,controlled_synthetic,fixed_global_domain_transform,synthetic_source_domain,TMC-2,True,False,fixed_rotation_scale_bias_nonlinearity,0.02
iirs_tmc2_fixed_01032,ch2_tmc_nca_20260813T1023298778_d_img_d18_r025600_c003328,49,2,controlled_synthetic,fixed_global_domain_transform,synthetic_source_domain,TMC-2,True,False,fixed_rotation_scale_bias_nonlinearity,0.03
iirs_tmc2_fixed_01033,ch2_tmc_nca_20260813T1023298778_d_img_d18_r025600_c003328,49,3,controlled_synthetic,fixed_global_domain_transform,synthetic_source_domain,TMC-2,True,False,fixed_rotation_scale_bias_nonlinearity,0.02
iirs_tmc2_fixed_01034,ch2_tmc_nca_20260813T1023298778_d_img_d18_r025600_c003328,49,4,controlled_synthetic,fixed_global_domain_transform,synthetic_source_domain,TMC-2,True,False,fixed_rotation_scale_bias_nonlinearity,0.01
iirs_tmc2_fixed_01035,ch2_tmc_nca_20260813T1023298778_d_img_d18_r004096_c001536,397,0,controlled_synthetic,fixed_global_domain_transform,synthetic_source_domain,TMC-2,True,False,fixed_rotation_scale_bias_nonlinearity,0.01
iirs_tmc2_fixed_01036,ch2_tmc_nca_20260813T1023298778_d_img_d18_r004096_c001536,397,1,controlled_synthetic,fixed_global_domain_transform,synthetic_source_domain,TMC-2,True,False,fixed_rotation_scale_bias_nonlinearity,0.02
iirs_tmc2_fixed_01037,ch2_tmc_nca_20260813T1023298778_d_img_d18_r004096_c001536,397,2,controlled_synthetic,fixed_global_domain_transform,synthetic_source_domain,TMC-2,True,False,fixed_rotation_scale_bias_nonlinearity,0.03
iirs_tmc2_fixed_01038,ch2_tmc_nca_20260813T1023298778_d_img_d18_r004096_c001536,397,3,controlled_synthetic,fixed_global_domain_transform,synthetic_source_domain,TMC-2,True,False,fixed_rotation_scale_bias_nonlinearity,0.02
iirs_tmc2_fixed_01039,ch2_tmc_nca_20260813T1023298778_d_img_d18_r004096_c001536,397,4,controlled_synthetic,fixed_global_domain_transform,synthetic_source_domain,TMC-2,True,False,fixed_rotation_scale_bias_nonlinearity,0.01
iirs_tmc2_fixed_01040,ch2_tmc_nca_20260813T1023298778_d_img_d18_r113664_c001792,167,0,controlled_synthetic,fixed_global_domain_transform,synthetic_source_domain,TMC-2,True,False,fixed_rotation_scale_bias_nonlinearity,0.01
iirs_tmc2_fixed_01041,ch2_tmc_nca_20260813T1023298778_d_img_d18_r113664_c001792,167,1,controlled_synthetic,fixed_global_domain_transform,synthetic_source_domain,TMC-2,True,False,fixed_rotation_scale_bias_nonlinearity,0.02
iirs_tmc2_fixed_01042,ch2_tmc_nca_20260813T1023298778_d_img_d18_r113664_c001792,167,2,controlled_synthetic,fixed_global_domain_transform,synthetic_source_domain,TMC-2,True,False,fixed_rotation_scale_bias_nonlinearity,0.03
iirs_tmc2_fixed_01043,ch2_tmc_nca_20260813T1023298778_d_img_d18_r113664_c001792,167,3,controlled_synthetic,fixed_global_domain_transform,synthetic_source_domain,TMC-2,True,False,fixed_rotation_scale_bias_nonlinearity,0.02
iirs_tmc2_fixed_01044,ch2_tmc_nca_20260813T1023298778_d_img_d18_r113664_c001792,167,4,controlled_synthetic,fixed_global_domain_transform,synthetic_source_domain,TMC-2,True,False,fixed_rotation_scale_bias_nonlinearity,0.01
iirs_tmc2_fixed_01045,ch2_tmc_nca_20260813T1023298778_d_img_d18_r046336_c003584,177,0,controlled_synthetic,fixed_global_domain_transform,synthetic_source_domain,TMC-2,True,False,fixed_rotation_scale_bias_nonlinearity,0.01
iirs_tmc2_fixed_01046,ch2_tmc_nca_20260813T1023298778_d_img_d18_r046336_c003584,177,1,controlled_synthetic,fixed_global_domain_transform,synthetic_source_domain,TMC-2,True,False,fixed_rotation_scale_bias_nonlinearity,0.02
iirs_tmc2_fixed_01047,ch2_tmc_nca_20260813T1023298778_d_img_d18_r046336_c003584,177,2,controlled_synthetic,fixed_global_domain_transform,synthetic_source_domain,TMC-2,True,False,fixed_rotation_scale_bias_nonlinearity,0.03
iirs_tmc2_fixed_01048,ch2_tmc_nca_20260813T1023298778_d_img_d18_r046336_c003584,177,3,controlled_synthetic,fixed_global_domain_transform,synthetic_source_domain,TMC-2,True,False,fixed_rotation_scale_bias_nonlinearity,0.02
iirs_tmc2_fixed_01049,ch2_tmc_nca_20260813T1023298778_d_img_d18_r046336_c003584,177,4,controlled_synthetic,fixed_global_domain_transform,synthetic_source_domain,TMC-2,True,False,fixed_rotation_scale_bias_nonlinearity,0.01
iirs_tmc2_fixed_01050,ch2_tmc_nca_20260813T1023298778_d_img_d18_r107264_c002560,176,0,controlled_synthetic,fixed_global_domain_transform,synthetic_source_domain,TMC-2,True,False,fixed_rotation_scale_bias_nonlinearity,0.01
iirs_tmc2_fixed_01051,ch2_tmc_nca_20260813T1023298778_d_img_d18_r107264_c002560,176,1,controlled_synthetic,fixed_global_domain_transform,synthetic_source_domain,TMC-2,True,False,fixed_rotation_scale_bias_nonlinearity,0.02
iirs_tmc2_fixed_01052,ch2_tmc_nca_20260813T1023298778_d_img_d18_r107264_c002560,176,2,controlled_synthetic,fixed_global_domain_transform,synthetic_source_domain,TMC-2,True,False,fixed_rotation_scale_bias_nonlinearity,0.03
iirs_tmc2_fixed_01053,ch2_tmc_nca_20260813T1023298778_d_img_d18_r107264_c002560,176,3,controlled_synthetic,fixed_global_domain_transform,synthetic_source_domain,TMC-2,True,False,fixed_rotation_scale_bias_nonlinearity,0.02
iirs_tmc2_fixed_01054,ch2_tmc_nca_20260813T1023298778_d_img_d18_r107264_c002560,176,4,controlled_synthetic,fixed_global_domain_transform,synthetic_source_domain,TMC-2,True,False,fixed_rotation_scale_bias_nonlinearity,0.01
iirs_tmc2_fixed_01055,ch2_tmc_nca_20260813T1023298778_d_img_d18_r040448_c001792,21,0,controlled_synthetic,fixed_global_domain_transform,synthetic_source_domain,TMC-2,True,False,fixed_rotation_scale_bias_nonlinearity,0.01
iirs_tmc2_fixed_01056,ch2_tmc_nca_20260813T1023298778_d_img_d18_r040448_c001792,21,1,controlled_synthetic,fixed_global_domain_transform,synthetic_source_domain,TMC-2,True,False,fixed_rotation_scale_bias_nonlinearity,0.02
iirs_tmc2_fixed_01057,ch2_tmc_nca_20260813T1023298778_d_img_d18_r040448_c001792,21,2,controlled_synthetic,fixed_global_domain_transform,synthetic_source_domain,TMC-2,True,False,fixed_rotation_scale_bias_nonlinearity,0.03
iirs_tmc2_fixed_01058,ch2_tmc_nca_20260813T1023298778_d_img_d18_r040448_c001792,21,3,controlled_synthetic,fixed_global_domain_transform,synthetic_source_domain,TMC-2,True,False,fixed_rotation_scale_bias_nonlinearity,0.02
iirs_tmc2_fixed_01059,ch2_tmc_nca_20260813T1023298778_d_img_d18_r040448_c001792,21,4,controlled_synthetic,fixed_global_domain_transform,synthetic_source_domain,TMC-2,True,False,fixed_rotation_scale_bias_nonlinearity,0.01
iirs_tmc2_fixed_01060,ch2_tmc_nca_20260813T1023298778_d_img_d18_r089856_c003072,146,0,controlled_synthetic,fixed_global_domain_transform,synthetic_source_domain,TMC-2,True,False,fixed_rotation_scale_bias_nonlinearity,0.01
iirs_tmc2_fixed_01061,ch2_tmc_nca_20260813T1023298778_d_img_d18_r089856_c003072,146,1,controlled_synthetic,fixed_global_domain_transform,synthetic_source_domain,TMC-2,True,False,fixed_rotation_scale_bias_nonlinearity,0.02
iirs_tmc2_fixed_01062,ch2_tmc_nca_20260813T1023298778_d_img_d18_r089856_c003072,146,2,controlled_synthetic,fixed_global_domain_transform,synthetic_source_domain,TMC-2,True,False,fixed_rotation_scale_bias_nonlinearity,0.03
iirs_tmc2_fixed_01063,ch2_tmc_nca_20260813T1023298778_d_img_d18_r089856_c003072,146,3,controlled_synthetic,fixed_global_domain_transform,synthetic_source_domain,TMC-2,True,False,fixed_rotation_scale_bias_nonlinearity,0.02
iirs_tmc2_fixed_01064,ch2_tmc_nca_20260813T1023298778_d_img_d18_r089856_c003072,146,4,controlled_synthetic,fixed_global_domain_transform,synthetic_source_domain,TMC-2,True,False,fixed_rotation_scale_bias_nonlinearity,0.01
iirs_tmc2_fixed_01065,ch2_tmc_nca_20260813T1023298778_d_img_d18_r009216_c000000,220,0,controlled_synthetic,fixed_global_domain_transform,synthetic_source_domain,TMC-2,True,False,fixed_rotation_scale_bias_nonlinearity,0.01
iirs_tmc2_fixed_01066,ch2_tmc_nca_20260813T1023298778_d_img_d18_r009216_c000000,220,1,controlled_synthetic,fixed_global_domain_transform,synthetic_source_domain,TMC-2,True,False,fixed_rotation_scale_bias_nonlinearity,0.02
iirs_tmc2_fixed_01067,ch2_tmc_nca_20260813T1023298778_d_img_d18_r009216_c000000,220,2,controlled_synthetic,fixed_global_domain_transform,synthetic_source_domain,TMC-2,True,False,fixed_rotation_scale_bias_nonlinearity,0.03
iirs_tmc2_fixed_01068,ch2_tmc_nca_20260813T1023298778_d_img_d18_r009216_c000000,220,3,controlled_synthetic,fixed_global_domain_transform,synthetic_source_domain,TMC-2,True,False,fixed_rotation_scale_bias_nonlinearity,0.02
iirs_tmc2_fixed_01069,ch2_tmc_nca_20260813T1023298778_d_img_d18_r009216_c000000,220,4,controlled_synthetic,fixed_global_domain_transform,synthetic_source_domain,TMC-2,True,False,fixed_rotation_scale_bias_nonlinearity,0.01
iirs_tmc2_fixed_01070,ch2_tmc_nca_20260813T1023298778_d_img_d18_r043776_c003072,86,0,controlled_synthetic,fixed_global_domain_transform,synthetic_source_domain,TMC-2,True,False,fixed_rotation_scale_bias_nonlinearity,0.01
iirs_tmc2_fixed_01071,ch2_tmc_nca_20260813T1023298778_d_img_d18_r043776_c003072,86,1,controlled_synthetic,fixed_global_domain_transform,synthetic_source_domain,TMC-2,True,False,fixed_rotation_scale_bias_nonlinearity,0.02
iirs_tmc2_fixed_01072,ch2_tmc_nca_20260813T1023298778_d_img_d18_r043776_c003072,86,2,controlled_synthetic,fixed_global_domain_transform,synthetic_source_domain,TMC-2,True,False,fixed_rotation_scale_bias_nonlinearity,0.03
iirs_tmc2_fixed_01073,ch2_tmc_nca_20260813T1023298778_d_img_d18_r043776_c003072,86,3,controlled_synthetic,fixed_global_domain_transform,synthetic_source_domain,TMC-2,True,False,fixed_rotation_scale_bias_nonlinearity,0.02
iirs_tmc2_fixed_01074,ch2_tmc_nca_20260813T1023298778_d_img_d18_r043776_c003072,86,4,controlled_synthetic,fixed_global_domain_transform,synthetic_source_domain,TMC-2,True,False,fixed_rotation_scale_bias_nonlinearity,0.01
iirs_tmc2_fixed_01075,ch2_tmc_nca_20260813T1023298778_d_img_d18_r000000_c003584,225,0,controlled_synthetic,fixed_global_domain_transform,synthetic_source_domain,TMC-2,True,False,fixed_rotation_scale_bias_nonlinearity,0.01
iirs_tmc2_fixed_01076,ch2_tmc_nca_20260813T1023298778_d_img_d18_r000000_c003584,225,1,controlled_synthetic,fixed_global_domain_transform,synthetic_source_domain,TMC-2,True,False,fixed_rotation_scale_bias_nonlinearity,0.02
iirs_tmc2_fixed_01077,ch2_tmc_nca_20260813T1023298778_d_img_d18_r000000_c003584,225,2,controlled_synthetic,fixed_global_domain_transform,synthetic_source_domain,TMC-2,True,False,fixed_rotation_scale_bias_nonlinearity,0.03
iirs_tmc2_fixed_01078,ch2_tmc_nca_20260813T1023298778_d_img_d18_r000000_c003584,225,3,controlled_synthetic,fixed_global_domain_transform,synthetic_source_domain,TMC-2,True,False,fixed_rotation_scale_bias_nonlinearity,0.02
iirs_tmc2_fixed_01079,ch2_tmc_nca_20260813T1023298778_d_img_d18_r000000_c003584,225,4,controlled_synthetic,fixed_global_domain_transform,synthetic_source_domain,TMC-2,True,False,fixed_rotation_scale_bias_nonlinearity,0.01
iirs_tmc2_fixed_01080,ch2_tmc_nca_20260813T1023298778_d_img_d18_r009984_c000768,23,0,controlled_synthetic,fixed_global_domain_transform,synthetic_source_domain,TMC-2,True,False,fixed_rotation_scale_bias_nonlinearity,0.01
iirs_tmc2_fixed_01081,ch2_tmc_nca_20260813T1023298778_d_img_d18_r009984_c000768,23,1,controlled_synthetic,fixed_global_domain_transform,synthetic_source_domain,TMC-2,True,False,fixed_rotation_scale_bias_nonlinearity,0.02
iirs_tmc2_fixed_01082,ch2_tmc_nca_20260813T1023298778_d_img_d18_r009984_c000768,23,2,controlled_synthetic,fixed_global_domain_transform,synthetic_source_domain,TMC-2,True,False,fixed_rotation_scale_bias_nonlinearity,0.03
iirs_tmc2_fixed_01083,ch2_tmc_nca_20260813T1023298778_d_img_d18_r009984_c000768,23,3,controlled_synthetic,fixed_global_domain_transform,synthetic_source_domain,TMC-2,True,False,fixed_rotation_scale_bias_nonlinearity,0.02
iirs_tmc2_fixed_01084,ch2_tmc_nca_20260813T1023298778_d_img_d18_r009984_c000768,23,4,controlled_synthetic,fixed_global_domain_transform,synthetic_source_domain,TMC-2,True,False,fixed_rotation_scale_bias_nonlinearity,0.01
iirs_tmc2_fixed_01085,ch2_tmc_nca_20260813T1023298778_d_img_d18_r011008_c001024,181,0,controlled_synthetic,fixed_global_domain_transform,synthetic_source_domain,TMC-2,True,False,fixed_rotation_scale_bias_nonlinearity,0.01
iirs_tmc2_fixed_01086,ch2_tmc_nca_20260813T1023298778_d_img_d18_r011008_c001024,181,1,controlled_synthetic,fixed_global_domain_transform,synthetic_source_domain,TMC-2,True,False,fixed_rotation_scale_bias_nonlinearity,0.02
iirs_tmc2_fixed_01087,ch2_tmc_nca_20260813T1023298778_d_img_d18_r011008_c001024,181,2,controlled_synthetic,fixed_global_domain_transform,synthetic_source_domain,TMC-2,True,False,fixed_rotation_scale_bias_nonlinearity,0.03
iirs_tmc2_fixed_01088,ch2_tmc_nca_20260813T1023298778_d_img_d18_r011008_c001024,181,3,controlled_synthetic,fixed_global_domain_transform,synthetic_source_domain,TMC-2,True,False,fixed_rotation_scale_bias_nonlinearity,0.02
iirs_tmc2_fixed_01089,ch2_tmc_nca_20260813T1023298778_d_img_d18_r011008_c001024,181,4,controlled_synthetic,fixed_global_domain_transform,synthetic_source_domain,TMC-2,True,False,fixed_rotation_scale_bias_nonlinearity,0.01
iirs_tmc2_fixed_01090,ch2_tmc_nca_20260813T1023298778_d_img_d18_r142848_c003328,20,0,controlled_synthetic,fixed_global_domain_transform,synthetic_source_domain,TMC-2,True,False,fixed_rotation_scale_bias_nonlinearity,0.01
iirs_tmc2_fixed_01091,ch2_tmc_nca_20260813T1023298778_d_img_d18_r142848_c003328,20,1,controlled_synthetic,fixed_global_domain_transform,synthetic_source_domain,TMC-2,True,False,fixed_rotation_scale_bias_nonlinearity,0.02
iirs_tmc2_fixed_01092,ch2_tmc_nca_20260813T1023298778_d_img_d18_r142848_c003328,20,2,controlled_synthetic,fixed_global_domain_transform,synthetic_source_domain,TMC-2,True,False,fixed_rotation_scale_bias_nonlinearity,0.03
iirs_tmc2_fixed_01093,ch2_tmc_nca_20260813T1023298778_d_img_d18_r142848_c003328,20,3,controlled_synthetic,fixed_global_domain_transform,synthetic_source_domain,TMC-2,True,False,fixed_rotation_scale_bias_nonlinearity,0.02
iirs_tmc2_fixed_01094,ch2_tmc_nca_20260813T1023298778_d_img_d18_r142848_c003328,20,4,controlled_synthetic,fixed_global_domain_transform,synthetic_source_domain,TMC-2,True,False,fixed_rotation_scale_bias_nonlinearity,0.01
iirs_tmc2_fixed_01095,ch2_tmc_nca_20260813T1023298778_d_img_d18_r041216_c000512,22,0,controlled_synthetic,fixed_global_domain_transform,synthetic_source_domain,TMC-2,True,False,fixed_rotation_scale_bias_nonlinearity,0.01
iirs_tmc2_fixed_01096,ch2_tmc_nca_20260813T1023298778_d_img_d18_r041216_c000512,22,1,controlled_synthetic,fixed_global_domain_transform,synthetic_source_domain,TMC-2,True,False,fixed_rotation_scale_bias_nonlinearity,0.02
iirs_tmc2_fixed_01097,ch2_tmc_nca_20260813T1023298778_d_img_d18_r041216_c000512,22,2,controlled_synthetic,fixed_global_domain_transform,synthetic_source_domain,TMC-2,True,False,fixed_rotation_scale_bias_nonlinearity,0.03
iirs_tmc2_fixed_01098,ch2_tmc_nca_20260813T1023298778_d_img_d18_r041216_c000512,22,3,controlled_synthetic,fixed_global_domain_transform,synthetic_source_domain,TMC-2,True,False,fixed_rotation_scale_bias_nonlinearity,0.02
iirs_tmc2_fixed_01099,ch2_tmc_nca_20260813T1023298778_d_img_d18_r041216_c000512,22,4,controlled_synthetic,fixed_global_domain_transform,synthetic_source_domain,TMC-2,True,False,fixed_rotation_scale_bias_nonlinearity,0.01
iirs_tmc2_fixed_01100,ch2_tmc_nca_20260813T1023298778_d_img_d18_r119808_c001536,331,0,controlled_synthetic,fixed_global_domain_transform,synthetic_source_domain,TMC-2,True,False,fixed_rotation_scale_bias_nonlinearity,0.01
iirs_tmc2_fixed_01101,ch2_tmc_nca_20260813T1023298778_d_img_d18_r119808_c001536,331,1,controlled_synthetic,fixed_global_domain_transform,synthetic_source_domain,TMC-2,True,False,fixed_rotation_scale_bias_nonlinearity,0.02
iirs_tmc2_fixed_01102,ch2_tmc_nca_20260813T1023298778_d_img_d18_r119808_c001536,331,2,controlled_synthetic,fixed_global_domain_transform,synthetic_source_domain,TMC-2,True,False,fixed_rotation_scale_bias_nonlinearity,0.03
iirs_tmc2_fixed_01103,ch2_tmc_nca_20260813T1023298778_d_img_d18_r119808_c001536,331,3,controlled_synthetic,fixed_global_domain_transform,synthetic_source_domain,TMC-2,True,False,fixed_rotation_scale_bias_nonlinearity,0.02
iirs_tmc2_fixed_01104,ch2_tmc_nca_20260813T1023298778_d_img_d18_r119808_c001536,331,4,controlled_synthetic,fixed_global_domain_transform,synthetic_source_domain,TMC-2,True,False,fixed_rotation_scale_bias_nonlinearity,0.01
iirs_tmc2_fixed_01105,ch2_tmc_nca_20260813T1023298778_d_img_d18_r136192_c003072,236,0,controlled_synthetic,fixed_global_domain_transform,synthetic_source_domain,TMC-2,True,False,fixed_rotation_scale_bias_nonlinearity,0.01
iirs_tmc2_fixed_01106,ch2_tmc_nca_20260813T1023298778_d_img_d18_r136192_c003072,236,1,controlled_synthetic,fixed_global_domain_transform,synthetic_source_domain,TMC-2,True,False,fixed_rotation_scale_bias_nonlinearity,0.02
iirs_tmc2_fixed_01107,ch2_tmc_nca_20260813T1023298778_d_img_d18_r136192_c003072,236,2,controlled_synthetic,fixed_global_domain_transform,synthetic_source_domain,TMC-2,True,False,fixed_rotation_scale_bias_nonlinearity,0.03
iirs_tmc2_fixed_01108,ch2_tmc_nca_20260813T1023298778_d_img_d18_r136192_c003072,236,3,controlled_synthetic,fixed_global_domain_transform,synthetic_source_domain,TMC-2,True,False,fixed_rotation_scale_bias_nonlinearity,0.02
iirs_tmc2_fixed_01109,ch2_tmc_nca_20260813T1023298778_d_img_d18_r136192_c003072,236,4,controlled_synthetic,fixed_global_domain_transform,synthetic_source_domain,TMC-2,True,False,fixed_rotation_scale_bias_nonlinearity,0.01
iirs_tmc2_fixed_01110,ch2_tmc_nca_20260813T1023298778_d_img_d18_r112640_c003072,324,0,controlled_synthetic,fixed_global_domain_transform,synthetic_source_domain,TMC-2,True,False,fixed_rotation_scale_bias_nonlinearity,0.01
iirs_tmc2_fixed_01111,ch2_tmc_nca_20260813T1023298778_d_img_d18_r112640_c003072,324,1,controlled_synthetic,fixed_global_domain_transform,synthetic_source_domain,TMC-2,True,False,fixed_rotation_scale_bias_nonlinearity,0.02
iirs_tmc2_fixed_01112,ch2_tmc_nca_20260813T1023298778_d_img_d18_r112640_c003072,324,2,controlled_synthetic,fixed_global_domain_transform,synthetic_source_domain,TMC-2,True,False,fixed_rotation_scale_bias_nonlinearity,0.03
iirs_tmc2_fixed_01113,ch2_tmc_nca_20260813T1023298778_d_img_d18_r112640_c003072,324,3,controlled_synthetic,fixed_global_domain_transform,synthetic_source_domain,TMC-2,True,False,fixed_rotation_scale_bias_nonlinearity,0.02
iirs_tmc2_fixed_01114,ch2_tmc_nca_20260813T1023298778_d_img_d18_r112640_c003072,324,4,controlled_synthetic,fixed_global_domain_transform,synthetic_source_domain,TMC-2,True,False,fixed_rotation_scale_bias_nonlinearity,0.01
iirs_tmc2_fixed_01115,ch2_tmc_nca_20260813T1023298778_d_img_d18_r118016_c000512,83,0,controlled_synthetic,fixed_global_domain_transform,synthetic_source_domain,TMC-2,True,False,fixed_rotation_scale_bias_nonlinearity,0.01
iirs_tmc2_fixed_01116,ch2_tmc_nca_20260813T1023298778_d_img_d18_r118016_c000512,83,1,controlled_synthetic,fixed_global_domain_transform,synthetic_source_domain,TMC-2,True,False,fixed_rotation_scale_bias_nonlinearity,0.02
iirs_tmc2_fixed_01117,ch2_tmc_nca_20260813T1023298778_d_img_d18_r118016_c000512,83,2,controlled_synthetic,fixed_global_domain_transform,synthetic_source_domain,TMC-2,True,False,fixed_rotation_scale_bias_nonlinearity,0.03
iirs_tmc2_fixed_01118,ch2_tmc_nca_20260813T1023298778_d_img_d18_r118016_c000512,83,3,controlled_synthetic,fixed_global_domain_transform,synthetic_source_domain,TMC-2,True,False,fixed_rotation_scale_bias_nonlinearity,0.02
iirs_tmc2_fixed_01119,ch2_tmc_nca_20260813T1023298778_d_img_d18_r118016_c000512,83,4,controlled_synthetic,fixed_global_domain_transform,synthetic_source_domain,TMC-2,True,False,fixed_rotation_scale_bias_nonlinearity,0.01
iirs_tmc2_fixed_01120,ch2_tmc_nca_20260813T1023298778_d_img_d18_r058112_c002816,1,0,controlled_synthetic,fixed_global_domain_transform,synthetic_source_domain,TMC-2,True,False,fixed_rotation_scale_bias_nonlinearity,0.01
iirs_tmc2_fixed_01121,ch2_tmc_nca_20260813T1023298778_d_img_d18_r058112_c002816,1,1,controlled_synthetic,fixed_global_domain_transform,synthetic_source_domain,TMC-2,True,False,fixed_rotation_scale_bias_nonlinearity,0.02
iirs_tmc2_fixed_01122,ch2_tmc_nca_20260813T1023298778_d_img_d18_r058112_c002816,1,2,controlled_synthetic,fixed_global_domain_transform,synthetic_source_domain,TMC-2,True,False,fixed_rotation_scale_bias_nonlinearity,0.03
iirs_tmc2_fixed_01123,ch2_tmc_nca_20260813T1023298778_d_img_d18_r058112_c002816,1,3,controlled_synthetic,fixed_global_domain_transform,synthetic_source_domain,TMC-2,True,False,fixed_rotation_scale_bias_nonlinearity,0.02
iirs_tmc2_fixed_01124,ch2_tmc_nca_20260813T1023298778_d_img_d18_r058112_c002816,1,4,controlled_synthetic,fixed_global_domain_transform,synthetic_source_domain,TMC-2,True,False,fixed_rotation_scale_bias_nonlinearity,0.01
iirs_tmc2_fixed_01125,ch2_tmc_nca_20260813T1023298778_d_img_d18_r103936_c002816,11,0,controlled_synthetic,fixed_global_domain_transform,synthetic_source_domain,TMC-2,True,False,fixed_rotation_scale_bias_nonlinearity,0.01
iirs_tmc2_fixed_01126,ch2_tmc_nca_20260813T1023298778_d_img_d18_r103936_c002816,11,1,controlled_synthetic,fixed_global_domain_transform,synthetic_source_domain,TMC-2,True,False,fixed_rotation_scale_bias_nonlinearity,0.02
iirs_tmc2_fixed_01127,ch2_tmc_nca_20260813T1023298778_d_img_d18_r103936_c002816,11,2,controlled_synthetic,fixed_global_domain_transform,synthetic_source_domain,TMC-2,True,False,fixed_rotation_scale_bias_nonlinearity,0.03
iirs_tmc2_fixed_01128,ch2_tmc_nca_20260813T1023298778_d_img_d18_r103936_c002816,11,3,controlled_synthetic,fixed_global_domain_transform,synthetic_source_domain,TMC-2,True,False,fixed_rotation_scale_bias_nonlinearity,0.02
iirs_tmc2_fixed_01129,ch2_tmc_nca_20260813T1023298778_d_img_d18_r103936_c002816,11,4,controlled_synthetic,fixed_global_domain_transform,synthetic_source_domain,TMC-2,True,False,fixed_rotation_scale_bias_nonlinearity,0.01
iirs_tmc2_fixed_01130,ch2_tmc_nca_20260813T1023298778_d_img_d18_r050944_c003328,64,0,controlled_synthetic,fixed_global_domain_transform,synthetic_source_domain,TMC-2,True,False,fixed_rotation_scale_bias_nonlinearity,0.01
iirs_tmc2_fixed_01131,ch2_tmc_nca_20260813T1023298778_d_img_d18_r050944_c003328,64,1,controlled_synthetic,fixed_global_domain_transform,synthetic_source_domain,TMC-2,True,False,fixed_rotation_scale_bias_nonlinearity,0.02
iirs_tmc2_fixed_01132,ch2_tmc_nca_20260813T1023298778_d_img_d18_r050944_c003328,64,2,controlled_synthetic,fixed_global_domain_transform,synthetic_source_domain,TMC-2,True,False,fixed_rotation_scale_bias_nonlinearity,0.03
iirs_tmc2_fixed_01133,ch2_tmc_nca_20260813T1023298778_d_img_d18_r050944_c003328,64,3,controlled_synthetic,fixed_global_domain_transform,synthetic_source_domain,TMC-2,True,False,fixed_rotation_scale_bias_nonlinearity,0.02
iirs_tmc2_fixed_01134,ch2_tmc_nca_20260813T1023298778_d_img_d18_r050944_c003328,64,4,controlled_synthetic,fixed_global_domain_transform,synthetic_source_domain,TMC-2,True,False,fixed_rotation_scale_bias_nonlinearity,0.01
iirs_tmc2_fixed_01135,ch2_tmc_nca_20260813T1023298778_d_img_d18_r046592_c003072,94,0,controlled_synthetic,fixed_global_domain_transform,synthetic_source_domain,TMC-2,True,False,fixed_rotation_scale_bias_nonlinearity,0.01
iirs_tmc2_fixed_01136,ch2_tmc_nca_20260813T1023298778_d_img_d18_r046592_c003072,94,1,controlled_synthetic,fixed_global_domain_transform,synthetic_source_domain,TMC-2,True,False,fixed_rotation_scale_bias_nonlinearity,0.02
iirs_tmc2_fixed_01137,ch2_tmc_nca_20260813T1023298778_d_img_d18_r046592_c003072,94,2,controlled_synthetic,fixed_global_domain_transform,synthetic_source_domain,TMC-2,True,False,fixed_rotation_scale_bias_nonlinearity,0.03
iirs_tmc2_fixed_01138,ch2_tmc_nca_20260813T1023298778_d_img_d18_r046592_c003072,94,3,controlled_synthetic,fixed_global_domain_transform,synthetic_source_domain,TMC-2,True,False,fixed_rotation_scale_bias_nonlinearity,0.02
iirs_tmc2_fixed_01139,ch2_tmc_nca_20260813T1023298778_d_img_d18_r046592_c003072,94,4,controlled_synthetic,fixed_global_domain_transform,synthetic_source_domain,TMC-2,True,False,fixed_rotation_scale_bias_nonlinearity,0.01
iirs_tmc2_fixed_01140,ch2_tmc_nca_20260813T1023298778_d_img_d18_r132608_c001280,217,0,controlled_synthetic,fixed_global_domain_transform,synthetic_source_domain,TMC-2,True,False,fixed_rotation_scale_bias_nonlinearity,0.01
iirs_tmc2_fixed_01141,ch2_tmc_nca_20260813T1023298778_d_img_d18_r132608_c001280,217,1,controlled_synthetic,fixed_global_domain_transform,synthetic_source_domain,TMC-2,True,False,fixed_rotation_scale_bias_nonlinearity,0.02
iirs_tmc2_fixed_01142,ch2_tmc_nca_20260813T1023298778_d_img_d18_r132608_c001280,217,2,controlled_synthetic,fixed_global_domain_transform,synthetic_source_domain,TMC-2,True,False,fixed_rotation_scale_bias_nonlinearity,0.03
iirs_tmc2_fixed_01143,ch2_tmc_nca_20260813T1023298778_d_img_d18_r132608_c001280,217,3,controlled_synthetic,fixed_global_domain_transform,synthetic_source_domain,TMC-2,True,False,fixed_rotation_scale_bias_nonlinearity,0.02
iirs_tmc2_fixed_01144,ch2_tmc_nca_20260813T1023298778_d_img_d18_r132608_c001280,217,4,controlled_synthetic,fixed_global_domain_transform,synthetic_source_domain,TMC-2,True,False,fixed_rotation_scale_bias_nonlinearity,0.01
iirs_tmc2_fixed_01145,ch2_tmc_nca_20260813T1023298778_d_img_d18_r004352_c002048,131,0,controlled_synthetic,fixed_global_domain_transform,synthetic_source_domain,TMC-2,True,False,fixed_rotation_scale_bias_nonlinearity,0.01
iirs_tmc2_fixed_01146,ch2_tmc_nca_20260813T1023298778_d_img_d18_r004352_c002048,131,1,controlled_synthetic,fixed_global_domain_transform,synthetic_source_domain,TMC-2,True,False,fixed_rotation_scale_bias_nonlinearity,0.02
iirs_tmc2_fixed_01147,ch2_tmc_nca_20260813T1023298778_d_img_d18_r004352_c002048,131,2,controlled_synthetic,fixed_global_domain_transform,synthetic_source_domain,TMC-2,True,False,fixed_rotation_scale_bias_nonlinearity,0.03
iirs_tmc2_fixed_01148,ch2_tmc_nca_20260813T1023298778_d_img_d18_r004352_c002048,131,3,controlled_synthetic,fixed_global_domain_transform,synthetic_source_domain,TMC-2,True,False,fixed_rotation_scale_bias_nonlinearity,0.02
iirs_tmc2_fixed_01149,ch2_tmc_nca_20260813T1023298778_d_img_d18_r004352_c002048,131,4,controlled_synthetic,fixed_global_domain_transform,synthetic_source_domain,TMC-2,True,False,fixed_rotation_scale_bias_nonlinearity,0.01
iirs_tmc2_fixed_01150,ch2_tmc_nca_20260813T1023298778_d_img_d18_r132352_c002560,315,0,controlled_synthetic,fixed_global_domain_transform,synthetic_source_domain,TMC-2,True,False,fixed_rotation_scale_bias_nonlinearity,0.01
iirs_tmc2_fixed_01151,ch2_tmc_nca_20260813T1023298778_d_img_d18_r132352_c002560,315,1,controlled_synthetic,fixed_global_domain_transform,synthetic_source_domain,TMC-2,True,False,fixed_rotation_scale_bias_nonlinearity,0.02
iirs_tmc2_fixed_01152,ch2_tmc_nca_20260813T1023298778_d_img_d18_r132352_c002560,315,2,controlled_synthetic,fixed_global_domain_transform,synthetic_source_domain,TMC-2,True,False,fixed_rotation_scale_bias_nonlinearity,0.03
iirs_tmc2_fixed_01153,ch2_tmc_nca_20260813T1023298778_d_img_d18_r132352_c002560,315,3,controlled_synthetic,fixed_global_domain_transform,synthetic_source_domain,TMC-2,True,False,fixed_rotation_scale_bias_nonlinearity,0.02
iirs_tmc2_fixed_01154,ch2_tmc_nca_20260813T1023298778_d_img_d18_r132352_c002560,315,4,controlled_synthetic,fixed_global_domain_transform,synthetic_source_domain,TMC-2,True,False,fixed_rotation_scale_bias_nonlinearity,0.01
iirs_tmc2_fixed_01155,ch2_tmc_nca_20260813T1023298778_d_img_d18_r107520_c001280,57,0,controlled_synthetic,fixed_global_domain_transform,synthetic_source_domain,TMC-2,True,False,fixed_rotation_scale_bias_nonlinearity,0.01
iirs_tmc2_fixed_01156,ch2_tmc_nca_20260813T1023298778_d_img_d18_r107520_c001280,57,1,controlled_synthetic,fixed_global_domain_transform,synthetic_source_domain,TMC-2,True,False,fixed_rotation_scale_bias_nonlinearity,0.02
iirs_tmc2_fixed_01157,ch2_tmc_nca_20260813T1023298778_d_img_d18_r107520_c001280,57,2,controlled_synthetic,fixed_global_domain_transform,synthetic_source_domain,TMC-2,True,False,fixed_rotation_scale_bias_nonlinearity,0.03
iirs_tmc2_fixed_01158,ch2_tmc_nca_20260813T1023298778_d_img_d18_r107520_c001280,57,3,controlled_synthetic,fixed_global_domain_transform,synthetic_source_domain,TMC-2,True,False,fixed_rotation_scale_bias_nonlinearity,0.02
iirs_tmc2_fixed_01159,ch2_tmc_nca_20260813T1023298778_d_img_d18_r107520_c001280,57,4,controlled_synthetic,fixed_global_domain_transform,synthetic_source_domain,TMC-2,True,False,fixed_rotation_scale_bias_nonlinearity,0.01
iirs_tmc2_fixed_01160,ch2_tmc_nca_20260813T1023298778_d_img_d18_r030464_c001280,276,0,controlled_synthetic,fixed_global_domain_transform,synthetic_source_domain,TMC-2,True,False,fixed_rotation_scale_bias_nonlinearity,0.01
iirs_tmc2_fixed_01161,ch2_tmc_nca_20260813T1023298778_d_img_d18_r030464_c001280,276,1,controlled_synthetic,fixed_global_domain_transform,synthetic_source_domain,TMC-2,True,False,fixed_rotation_scale_bias_nonlinearity,0.02
iirs_tmc2_fixed_01162,ch2_tmc_nca_20260813T1023298778_d_img_d18_r030464_c001280,276,2,controlled_synthetic,fixed_global_domain_transform,synthetic_source_domain,TMC-2,True,False,fixed_rotation_scale_bias_nonlinearity,0.03
iirs_tmc2_fixed_01163,ch2_tmc_nca_20260813T1023298778_d_img_d18_r030464_c001280,276,3,controlled_synthetic,fixed_global_domain_transform,synthetic_source_domain,TMC-2,True,False,fixed_rotation_scale_bias_nonlinearity,0.02
iirs_tmc2_fixed_01164,ch2_tmc_nca_20260813T1023298778_d_img_d18_r030464_c001280,276,4,controlled_synthetic,fixed_global_domain_transform,synthetic_source_domain,TMC-2,True,False,fixed_rotation_scale_bias_nonlinearity,0.01
iirs_tmc2_fixed_01165,ch2_tmc_nca_20260813T1023298778_d_img_d18_r031232_c003328,332,0,controlled_synthetic,fixed_global_domain_transform,synthetic_source_domain,TMC-2,True,False,fixed_rotation_scale_bias_nonlinearity,0.01
iirs_tmc2_fixed_01166,ch2_tmc_nca_20260813T1023298778_d_img_d18_r031232_c003328,332,1,controlled_synthetic,fixed_global_domain_transform,synthetic_source_domain,TMC-2,True,False,fixed_rotation_scale_bias_nonlinearity,0.02
iirs_tmc2_fixed_01167,ch2_tmc_nca_20260813T1023298778_d_img_d18_r031232_c003328,332,2,controlled_synthetic,fixed_global_domain_transform,synthetic_source_domain,TMC-2,True,False,fixed_rotation_scale_bias_nonlinearity,0.03
iirs_tmc2_fixed_01168,ch2_tmc_nca_20260813T1023298778_d_img_d18_r031232_c003328,332,3,controlled_synthetic,fixed_global_domain_transform,synthetic_source_domain,TMC-2,True,False,fixed_rotation_scale_bias_nonlinearity,0.02
iirs_tmc2_fixed_01169,ch2_tmc_nca_20260813T1023298778_d_img_d18_r031232_c003328,332,4,controlled_synthetic,fixed_global_domain_transform,synthetic_source_domain,TMC-2,True,False,fixed_rotation_scale_bias_nonlinearity,0.01
iirs_tmc2_fixed_01170,ch2_tmc_nca_20260813T1023298778_d_img_d18_r013312_c001280,208,0,controlled_synthetic,fixed_global_domain_transform,synthetic_source_domain,TMC-2,True,False,fixed_rotation_scale_bias_nonlinearity,0.01
iirs_tmc2_fixed_01171,ch2_tmc_nca_20260813T1023298778_d_img_d18_r013312_c001280,208,1,controlled_synthetic,fixed_global_domain_transform,synthetic_source_domain,TMC-2,True,False,fixed_rotation_scale_bias_nonlinearity,0.02
iirs_tmc2_fixed_01172,ch2_tmc_nca_20260813T1023298778_d_img_d18_r013312_c001280,208,2,controlled_synthetic,fixed_global_domain_transform,synthetic_source_domain,TMC-2,True,False,fixed_rotation_scale_bias_nonlinearity,0.03
iirs_tmc2_fixed_01173,ch2_tmc_nca_20260813T1023298778_d_img_d18_r013312_c001280,208,3,controlled_synthetic,fixed_global_domain_transform,synthetic_source_domain,TMC-2,True,False,fixed_rotation_scale_bias_nonlinearity,0.02
iirs_tmc2_fixed_01174,ch2_tmc_nca_20260813T1023298778_d_img_d18_r013312_c001280,208,4,controlled_synthetic,fixed_global_domain_transform,synthetic_source_domain,TMC-2,True,False,fixed_rotation_scale_bias_nonlinearity,0.01
iirs_tmc2_fixed_01175,ch2_tmc_nca_20260813T1023298778_d_img_d18_r054528_c001024,42,0,controlled_synthetic,fixed_global_domain_transform,synthetic_source_domain,TMC-2,True,False,fixed_rotation_scale_bias_nonlinearity,0.01
iirs_tmc2_fixed_01176,ch2_tmc_nca_20260813T1023298778_d_img_d18_r054528_c001024,42,1,controlled_synthetic,fixed_global_domain_transform,synthetic_source_domain,TMC-2,True,False,fixed_rotation_scale_bias_nonlinearity,0.02
iirs_tmc2_fixed_01177,ch2_tmc_nca_20260813T1023298778_d_img_d18_r054528_c001024,42,2,controlled_synthetic,fixed_global_domain_transform,synthetic_source_domain,TMC-2,True,False,fixed_rotation_scale_bias_nonlinearity,0.03
iirs_tmc2_fixed_01178,ch2_tmc_nca_20260813T1023298778_d_img_d18_r054528_c001024,42,3,controlled_synthetic,fixed_global_domain_transform,synthetic_source_domain,TMC-2,True,False,fixed_rotation_scale_bias_nonlinearity,0.02
iirs_tmc2_fixed_01179,ch2_tmc_nca_20260813T1023298778_d_img_d18_r054528_c001024,42,4,controlled_synthetic,fixed_global_domain_transform,synthetic_source_domain,TMC-2,True,False,fixed_rotation_scale_bias_nonlinearity,0.01
iirs_tmc2_fixed_01180,ch2_tmc_nca_20260813T1023298778_d_img_d18_r028416_c003072,116,0,controlled_synthetic,fixed_global_domain_transform,synthetic_source_domain,TMC-2,True,False,fixed_rotation_scale_bias_nonlinearity,0.01
iirs_tmc2_fixed_01181,ch2_tmc_nca_20260813T1023298778_d_img_d18_r028416_c003072,116,1,controlled_synthetic,fixed_global_domain_transform,synthetic_source_domain,TMC-2,True,False,fixed_rotation_scale_bias_nonlinearity,0.02
iirs_tmc2_fixed_01182,ch2_tmc_nca_20260813T1023298778_d_img_d18_r028416_c003072,116,2,controlled_synthetic,fixed_global_domain_transform,synthetic_source_domain,TMC-2,True,False,fixed_rotation_scale_bias_nonlinearity,0.03
iirs_tmc2_fixed_01183,ch2_tmc_nca_20260813T1023298778_d_img_d18_r028416_c003072,116,3,controlled_synthetic,fixed_global_domain_transform,synthetic_source_domain,TMC-2,True,False,fixed_rotation_scale_bias_nonlinearity,0.02
iirs_tmc2_fixed_01184,ch2_tmc_nca_20260813T1023298778_d_img_d18_r028416_c003072,116,4,controlled_synthetic,fixed_global_domain_transform,synthetic_source_domain,TMC-2,True,False,fixed_rotation_scale_bias_nonlinearity,0.01
iirs_tmc2_fixed_01185,ch2_tmc_nca_20260813T1023298778_d_img_d18_r098304_c002048,10,0,controlled_synthetic,fixed_global_domain_transform,synthetic_source_domain,TMC-2,True,False,fixed_rotation_scale_bias_nonlinearity,0.01
iirs_tmc2_fixed_01186,ch2_tmc_nca_20260813T1023298778_d_img_d18_r098304_c002048,10,1,controlled_synthetic,fixed_global_domain_transform,synthetic_source_domain,TMC-2,True,False,fixed_rotation_scale_bias_nonlinearity,0.02
iirs_tmc2_fixed_01187,ch2_tmc_nca_20260813T1023298778_d_img_d18_r098304_c002048,10,2,controlled_synthetic,fixed_global_domain_transform,synthetic_source_domain,TMC-2,True,False,fixed_rotation_scale_bias_nonlinearity,0.03
iirs_tmc2_fixed_01188,ch2_tmc_nca_20260813T1023298778_d_img_d18_r098304_c002048,10,3,controlled_synthetic,fixed_global_domain_transform,synthetic_source_domain,TMC-2,True,False,fixed_rotation_scale_bias_nonlinearity,0.02
iirs_tmc2_fixed_01189,ch2_tmc_nca_20260813T1023298778_d_img_d18_r098304_c002048,10,4,controlled_synthetic,fixed_global_domain_transform,synthetic_source_domain,TMC-2,True,False,fixed_rotation_scale_bias_nonlinearity,0.01
iirs_tmc2_fixed_01190,ch2_tmc_nca_20260813T1023298778_d_img_d18_r070912_c003584,128,0,controlled_synthetic,fixed_global_domain_transform,synthetic_source_domain,TMC-2,True,False,fixed_rotation_scale_bias_nonlinearity,0.01
iirs_tmc2_fixed_01191,ch2_tmc_nca_20260813T1023298778_d_img_d18_r070912_c003584,128,1,controlled_synthetic,fixed_global_domain_transform,synthetic_source_domain,TMC-2,True,False,fixed_rotation_scale_bias_nonlinearity,0.02
iirs_tmc2_fixed_01192,ch2_tmc_nca_20260813T1023298778_d_img_d18_r070912_c003584,128,2,controlled_synthetic,fixed_global_domain_transform,synthetic_source_domain,TMC-2,True,False,fixed_rotation_scale_bias_nonlinearity,0.03
iirs_tmc2_fixed_01193,ch2_tmc_nca_20260813T1023298778_d_img_d18_r070912_c003584,128,3,controlled_synthetic,fixed_global_domain_transform,synthetic_source_domain,TMC-2,True,False,fixed_rotation_scale_bias_nonlinearity,0.02
iirs_tmc2_fixed_01194,ch2_tmc_nca_20260813T1023298778_d_img_d18_r070912_c003584,128,4,controlled_synthetic,fixed_global_domain_transform,synthetic_source_domain,TMC-2,True,False,fixed_rotation_scale_bias_nonlinearity,0.01
iirs_tmc2_fixed_01195,ch2_tmc_nca_20260813T1023298778_d_img_d18_r012288_c003584,246,0,controlled_synthetic,fixed_global_domain_transform,synthetic_source_domain,TMC-2,True,False,fixed_rotation_scale_bias_nonlinearity,0.01
iirs_tmc2_fixed_01196,ch2_tmc_nca_20260813T1023298778_d_img_d18_r012288_c003584,246,1,controlled_synthetic,fixed_global_domain_transform,synthetic_source_domain,TMC-2,True,False,fixed_rotation_scale_bias_nonlinearity,0.02
iirs_tmc2_fixed_01197,ch2_tmc_nca_20260813T1023298778_d_img_d18_r012288_c003584,246,2,controlled_synthetic,fixed_global_domain_transform,synthetic_source_domain,TMC-2,True,False,fixed_rotation_scale_bias_nonlinearity,0.03
iirs_tmc2_fixed_01198,ch2_tmc_nca_20260813T1023298778_d_img_d18_r012288_c003584,246,3,controlled_synthetic,fixed_global_domain_transform,synthetic_source_domain,TMC-2,True,False,fixed_rotation_scale_bias_nonlinearity,0.02
iirs_tmc2_fixed_01199,ch2_tmc_nca_20260813T1023298778_d_img_d18_r012288_c003584,246,4,controlled_synthetic,fixed_global_domain_transform,synthetic_source_domain,TMC-2,True,False,fixed_rotation_scale_bias_nonlinearity,0.01
iirs_tmc2_fixed_01200,ch2_tmc_nca_20260813T1023298778_d_img_d18_r036096_c001536,191,0,controlled_synthetic,fixed_global_domain_transform,synthetic_source_domain,TMC-2,True,False,fixed_rotation_scale_bias_nonlinearity,0.01
iirs_tmc2_fixed_01201,ch2_tmc_nca_20260813T1023298778_d_img_d18_r036096_c001536,191,1,controlled_synthetic,fixed_global_domain_transform,synthetic_source_domain,TMC-2,True,False,fixed_rotation_scale_bias_nonlinearity,0.02
iirs_tmc2_fixed_01202,ch2_tmc_nca_20260813T1023298778_d_img_d18_r036096_c001536,191,2,controlled_synthetic,fixed_global_domain_transform,synthetic_source_domain,TMC-2,True,False,fixed_rotation_scale_bias_nonlinearity,0.03
iirs_tmc2_fixed_01203,ch2_tmc_nca_20260813T1023298778_d_img_d18_r036096_c001536,191,3,controlled_synthetic,fixed_global_domain_transform,synthetic_source_domain,TMC-2,True,False,fixed_rotation_scale_bias_nonlinearity,0.02
iirs_tmc2_fixed_01204,ch2_tmc_nca_20260813T1023298778_d_img_d18_r036096_c001536,191,4,controlled_synthetic,fixed_global_domain_transform,synthetic_source_domain,TMC-2,True,False,fixed_rotation_scale_bias_nonlinearity,0.01
iirs_tmc2_fixed_01205,ch2_tmc_nca_20260813T1023298778_d_img_d18_r024320_c000512,323,0,controlled_synthetic,fixed_global_domain_transform,synthetic_source_domain,TMC-2,True,False,fixed_rotation_scale_bias_nonlinearity,0.01
iirs_tmc2_fixed_01206,ch2_tmc_nca_20260813T1023298778_d_img_d18_r024320_c000512,323,1,controlled_synthetic,fixed_global_domain_transform,synthetic_source_domain,TMC-2,True,False,fixed_rotation_scale_bias_nonlinearity,0.02
iirs_tmc2_fixed_01207,ch2_tmc_nca_20260813T1023298778_d_img_d18_r024320_c000512,323,2,controlled_synthetic,fixed_global_domain_transform,synthetic_source_domain,TMC-2,True,False,fixed_rotation_scale_bias_nonlinearity,0.03
iirs_tmc2_fixed_01208,ch2_tmc_nca_20260813T1023298778_d_img_d18_r024320_c000512,323,3,controlled_synthetic,fixed_global_domain_transform,synthetic_source_domain,TMC-2,True,False,fixed_rotation_scale_bias_nonlinearity,0.02
iirs_tmc2_fixed_01209,ch2_tmc_nca_20260813T1023298778_d_img_d18_r024320_c000512,323,4,controlled_synthetic,fixed_global_domain_transform,synthetic_source_domain,TMC-2,True,False,fixed_rotation_scale_bias_nonlinearity,0.01
iirs_tmc2_fixed_01210,ch2_tmc_nca_20260813T1023298778_d_img_d18_r059904_c001280,178,0,controlled_synthetic,fixed_global_domain_transform,synthetic_source_domain,TMC-2,True,False,fixed_rotation_scale_bias_nonlinearity,0.01
iirs_tmc2_fixed_01211,ch2_tmc_nca_20260813T1023298778_d_img_d18_r059904_c001280,178,1,controlled_synthetic,fixed_global_domain_transform,synthetic_source_domain,TMC-2,True,False,fixed_rotation_scale_bias_nonlinearity,0.02
iirs_tmc2_fixed_01212,ch2_tmc_nca_20260813T1023298778_d_img_d18_r059904_c001280,178,2,controlled_synthetic,fixed_global_domain_transform,synthetic_source_domain,TMC-2,True,False,fixed_rotation_scale_bias_nonlinearity,0.03
iirs_tmc2_fixed_01213,ch2_tmc_nca_20260813T1023298778_d_img_d18_r059904_c001280,178,3,controlled_synthetic,fixed_global_domain_transform,synthetic_source_domain,TMC-2,True,False,fixed_rotation_scale_bias_nonlinearity,0.02
iirs_tmc2_fixed_01214,ch2_tmc_nca_20260813T1023298778_d_img_d18_r059904_c001280,178,4,controlled_synthetic,fixed_global_domain_transform,synthetic_source_domain,TMC-2,True,False,fixed_rotation_scale_bias_nonlinearity,0.01
iirs_tmc2_fixed_01215,ch2_tmc_nca_20260813T1023298778_d_img_d18_r130304_c003584,123,0,controlled_synthetic,fixed_global_domain_transform,synthetic_source_domain,TMC-2,True,False,fixed_rotation_scale_bias_nonlinearity,0.01
iirs_tmc2_fixed_01216,ch2_tmc_nca_20260813T1023298778_d_img_d18_r130304_c003584,123,1,controlled_synthetic,fixed_global_domain_transform,synthetic_source_domain,TMC-2,True,False,fixed_rotation_scale_bias_nonlinearity,0.02
iirs_tmc2_fixed_01217,ch2_tmc_nca_20260813T1023298778_d_img_d18_r130304_c003584,123,2,controlled_synthetic,fixed_global_domain_transform,synthetic_source_domain,TMC-2,True,False,fixed_rotation_scale_bias_nonlinearity,0.03
iirs_tmc2_fixed_01218,ch2_tmc_nca_20260813T1023298778_d_img_d18_r130304_c003584,123,3,controlled_synthetic,fixed_global_domain_transform,synthetic_source_domain,TMC-2,True,False,fixed_rotation_scale_bias_nonlinearity,0.02
iirs_tmc2_fixed_01219,ch2_tmc_nca_20260813T1023298778_d_img_d18_r130304_c003584,123,4,controlled_synthetic,fixed_global_domain_transform,synthetic_source_domain,TMC-2,True,False,fixed_rotation_scale_bias_nonlinearity,0.01
iirs_tmc2_fixed_01220,ch2_tmc_nca_20260813T1023298778_d_img_d18_r056576_c003072,340,0,controlled_synthetic,fixed_global_domain_transform,synthetic_source_domain,TMC-2,True,False,fixed_rotation_scale_bias_nonlinearity,0.01
iirs_tmc2_fixed_01221,ch2_tmc_nca_20260813T1023298778_d_img_d18_r056576_c003072,340,1,controlled_synthetic,fixed_global_domain_transform,synthetic_source_domain,TMC-2,True,False,fixed_rotation_scale_bias_nonlinearity,0.02
iirs_tmc2_fixed_01222,ch2_tmc_nca_20260813T1023298778_d_img_d18_r056576_c003072,340,2,controlled_synthetic,fixed_global_domain_transform,synthetic_source_domain,TMC-2,True,False,fixed_rotation_scale_bias_nonlinearity,0.03
iirs_tmc2_fixed_01223,ch2_tmc_nca_20260813T1023298778_d_img_d18_r056576_c003072,340,3,controlled_synthetic,fixed_global_domain_transform,synthetic_source_domain,TMC-2,True,False,fixed_rotation_scale_bias_nonlinearity,0.02
iirs_tmc2_fixed_01224,ch2_tmc_nca_20260813T1023298778_d_img_d18_r056576_c003072,340,4,controlled_synthetic,fixed_global_domain_transform,synthetic_source_domain,TMC-2,True,False,fixed_rotation_scale_bias_nonlinearity,0.01
iirs_tmc2_fixed_01225,ch2_tmc_nca_20260813T1023298778_d_img_d18_r105472_c001536,290,0,controlled_synthetic,fixed_global_domain_transform,synthetic_source_domain,TMC-2,True,False,fixed_rotation_scale_bias_nonlinearity,0.01
iirs_tmc2_fixed_01226,ch2_tmc_nca_20260813T1023298778_d_img_d18_r105472_c001536,290,1,controlled_synthetic,fixed_global_domain_transform,synthetic_source_domain,TMC-2,True,False,fixed_rotation_scale_bias_nonlinearity,0.02
iirs_tmc2_fixed_01227,ch2_tmc_nca_20260813T1023298778_d_img_d18_r105472_c001536,290,2,controlled_synthetic,fixed_global_domain_transform,synthetic_source_domain,TMC-2,True,False,fixed_rotation_scale_bias_nonlinearity,0.03
iirs_tmc2_fixed_01228,ch2_tmc_nca_20260813T1023298778_d_img_d18_r105472_c001536,290,3,controlled_synthetic,fixed_global_domain_transform,synthetic_source_domain,TMC-2,True,False,fixed_rotation_scale_bias_nonlinearity,0.02
iirs_tmc2_fixed_01229,ch2_tmc_nca_20260813T1023298778_d_img_d18_r105472_c001536,290,4,controlled_synthetic,fixed_global_domain_transform,synthetic_source_domain,TMC-2,True,False,fixed_rotation_scale_bias_nonlinearity,0.01
iirs_tmc2_fixed_01230,ch2_tmc_nca_20260813T1023298778_d_img_d18_r031232_c002816,204,0,controlled_synthetic,fixed_global_domain_transform,synthetic_source_domain,TMC-2,True,False,fixed_rotation_scale_bias_nonlinearity,0.01
iirs_tmc2_fixed_01231,ch2_tmc_nca_20260813T1023298778_d_img_d18_r031232_c002816,204,1,controlled_synthetic,fixed_global_domain_transform,synthetic_source_domain,TMC-2,True,False,fixed_rotation_scale_bias_nonlinearity,0.02
iirs_tmc2_fixed_01232,ch2_tmc_nca_20260813T1023298778_d_img_d18_r031232_c002816,204,2,controlled_synthetic,fixed_global_domain_transform,synthetic_source_domain,TMC-2,True,False,fixed_rotation_scale_bias_nonlinearity,0.03
iirs_tmc2_fixed_01233,ch2_tmc_nca_20260813T1023298778_d_img_d18_r031232_c002816,204,3,controlled_synthetic,fixed_global_domain_transform,synthetic_source_domain,TMC-2,True,False,fixed_rotation_scale_bias_nonlinearity,0.02
iirs_tmc2_fixed_01234,ch2_tmc_nca_20260813T1023298778_d_img_d18_r031232_c002816,204,4,controlled_synthetic,fixed_global_domain_transform,synthetic_source_domain,TMC-2,True,False,fixed_rotation_scale_bias_nonlinearity,0.01
iirs_tmc2_fixed_01235,ch2_tmc_nca_20260813T1023298778_d_img_d18_r059904_c000768,97,0,controlled_synthetic,fixed_global_domain_transform,synthetic_source_domain,TMC-2,True,False,fixed_rotation_scale_bias_nonlinearity,0.01
iirs_tmc2_fixed_01236,ch2_tmc_nca_20260813T1023298778_d_img_d18_r059904_c000768,97,1,controlled_synthetic,fixed_global_domain_transform,synthetic_source_domain,TMC-2,True,False,fixed_rotation_scale_bias_nonlinearity,0.02
iirs_tmc2_fixed_01237,ch2_tmc_nca_20260813T1023298778_d_img_d18_r059904_c000768,97,2,controlled_synthetic,fixed_global_domain_transform,synthetic_source_domain,TMC-2,True,False,fixed_rotation_scale_bias_nonlinearity,0.03
iirs_tmc2_fixed_01238,ch2_tmc_nca_20260813T1023298778_d_img_d18_r059904_c000768,97,3,controlled_synthetic,fixed_global_domain_transform,synthetic_source_domain,TMC-2,True,False,fixed_rotation_scale_bias_nonlinearity,0.02
iirs_tmc2_fixed_01239,ch2_tmc_nca_20260813T1023298778_d_img_d18_r059904_c000768,97,4,controlled_synthetic,fixed_global_domain_transform,synthetic_source_domain,TMC-2,True,False,fixed_rotation_scale_bias_nonlinearity,0.01
iirs_tmc2_fixed_01240,ch2_tmc_nca_20260813T1023298778_d_img_d18_r145408_c000768,199,0,controlled_synthetic,fixed_global_domain_transform,synthetic_source_domain,TMC-2,True,False,fixed_rotation_scale_bias_nonlinearity,0.01
iirs_tmc2_fixed_01241,ch2_tmc_nca_20260813T1023298778_d_img_d18_r145408_c000768,199,1,controlled_synthetic,fixed_global_domain_transform,synthetic_source_domain,TMC-2,True,False,fixed_rotation_scale_bias_nonlinearity,0.02
iirs_tmc2_fixed_01242,ch2_tmc_nca_20260813T1023298778_d_img_d18_r145408_c000768,199,2,controlled_synthetic,fixed_global_domain_transform,synthetic_source_domain,TMC-2,True,False,fixed_rotation_scale_bias_nonlinearity,0.03
iirs_tmc2_fixed_01243,ch2_tmc_nca_20260813T1023298778_d_img_d18_r145408_c000768,199,3,controlled_synthetic,fixed_global_domain_transform,synthetic_source_domain,TMC-2,True,False,fixed_rotation_scale_bias_nonlinearity,0.02
iirs_tmc2_fixed_01244,ch2_tmc_nca_20260813T1023298778_d_img_d18_r145408_c000768,199,4,controlled_synthetic,fixed_global_domain_transform,synthetic_source_domain,TMC-2,True,False,fixed_rotation_scale_bias_nonlinearity,0.01
iirs_tmc2_fixed_01245,ch2_tmc_nca_20260813T1023298778_d_img_d18_r018432_c001280,392,0,controlled_synthetic,fixed_global_domain_transform,synthetic_source_domain,TMC-2,True,False,fixed_rotation_scale_bias_nonlinearity,0.01
iirs_tmc2_fixed_01246,ch2_tmc_nca_20260813T1023298778_d_img_d18_r018432_c001280,392,1,controlled_synthetic,fixed_global_domain_transform,synthetic_source_domain,TMC-2,True,False,fixed_rotation_scale_bias_nonlinearity,0.02
iirs_tmc2_fixed_01247,ch2_tmc_nca_20260813T1023298778_d_img_d18_r018432_c001280,392,2,controlled_synthetic,fixed_global_domain_transform,synthetic_source_domain,TMC-2,True,False,fixed_rotation_scale_bias_nonlinearity,0.03
iirs_tmc2_fixed_01248,ch2_tmc_nca_20260813T1023298778_d_img_d18_r018432_c001280,392,3,controlled_synthetic,fixed_global_domain_transform,synthetic_source_domain,TMC-2,True,False,fixed_rotation_scale_bias_nonlinearity,0.02
iirs_tmc2_fixed_01249,ch2_tmc_nca_20260813T1023298778_d_img_d18_r018432_c001280,392,4,controlled_synthetic,fixed_global_domain_transform,synthetic_source_domain,TMC-2,True,False,fixed_rotation_scale_bias_nonlinearity,0.01
iirs_tmc2_fixed_01250,ch2_tmc_nca_20260813T1023298778_d_img_d18_r016640_c001792,129,0,controlled_synthetic,fixed_global_domain_transform,synthetic_source_domain,TMC-2,True,False,fixed_rotation_scale_bias_nonlinearity,0.01
iirs_tmc2_fixed_01251,ch2_tmc_nca_20260813T1023298778_d_img_d18_r016640_c001792,129,1,controlled_synthetic,fixed_global_domain_transform,synthetic_source_domain,TMC-2,True,False,fixed_rotation_scale_bias_nonlinearity,0.02
iirs_tmc2_fixed_01252,ch2_tmc_nca_20260813T1023298778_d_img_d18_r016640_c001792,129,2,controlled_synthetic,fixed_global_domain_transform,synthetic_source_domain,TMC-2,True,False,fixed_rotation_scale_bias_nonlinearity,0.03
iirs_tmc2_fixed_01253,ch2_tmc_nca_20260813T1023298778_d_img_d18_r016640_c001792,129,3,controlled_synthetic,fixed_global_domain_transform,synthetic_source_domain,TMC-2,True,False,fixed_rotation_scale_bias_nonlinearity,0.02
iirs_tmc2_fixed_01254,ch2_tmc_nca_20260813T1023298778_d_img_d18_r016640_c001792,129,4,controlled_synthetic,fixed_global_domain_transform,synthetic_source_domain,TMC-2,True,False,fixed_rotation_scale_bias_nonlinearity,0.01
iirs_tmc2_fixed_01255,ch2_tmc_nca_20260813T1023298778_d_img_d18_r070400_c003328,148,0,controlled_synthetic,fixed_global_domain_transform,synthetic_source_domain,TMC-2,True,False,fixed_rotation_scale_bias_nonlinearity,0.01
iirs_tmc2_fixed_01256,ch2_tmc_nca_20260813T1023298778_d_img_d18_r070400_c003328,148,1,controlled_synthetic,fixed_global_domain_transform,synthetic_source_domain,TMC-2,True,False,fixed_rotation_scale_bias_nonlinearity,0.02
iirs_tmc2_fixed_01257,ch2_tmc_nca_20260813T1023298778_d_img_d18_r070400_c003328,148,2,controlled_synthetic,fixed_global_domain_transform,synthetic_source_domain,TMC-2,True,False,fixed_rotation_scale_bias_nonlinearity,0.03
iirs_tmc2_fixed_01258,ch2_tmc_nca_20260813T1023298778_d_img_d18_r070400_c003328,148,3,controlled_synthetic,fixed_global_domain_transform,synthetic_source_domain,TMC-2,True,False,fixed_rotation_scale_bias_nonlinearity,0.02
iirs_tmc2_fixed_01259,ch2_tmc_nca_20260813T1023298778_d_img_d18_r070400_c003328,148,4,controlled_synthetic,fixed_global_domain_transform,synthetic_source_domain,TMC-2,True,False,fixed_rotation_scale_bias_nonlinearity,0.01
iirs_tmc2_fixed_01260,ch2_tmc_nca_20260813T1023298778_d_img_d18_r119552_c003584,386,0,controlled_synthetic,fixed_global_domain_transform,synthetic_source_domain,TMC-2,True,False,fixed_rotation_scale_bias_nonlinearity,0.01
iirs_tmc2_fixed_01261,ch2_tmc_nca_20260813T1023298778_d_img_d18_r119552_c003584,386,1,controlled_synthetic,fixed_global_domain_transform,synthetic_source_domain,TMC-2,True,False,fixed_rotation_scale_bias_nonlinearity,0.02
iirs_tmc2_fixed_01262,ch2_tmc_nca_20260813T1023298778_d_img_d18_r119552_c003584,386,2,controlled_synthetic,fixed_global_domain_transform,synthetic_source_domain,TMC-2,True,False,fixed_rotation_scale_bias_nonlinearity,0.03
iirs_tmc2_fixed_01263,ch2_tmc_nca_20260813T1023298778_d_img_d18_r119552_c003584,386,3,controlled_synthetic,fixed_global_domain_transform,synthetic_source_domain,TMC-2,True,False,fixed_rotation_scale_bias_nonlinearity,0.02
iirs_tmc2_fixed_01264,ch2_tmc_nca_20260813T1023298778_d_img_d18_r119552_c003584,386,4,controlled_synthetic,fixed_global_domain_transform,synthetic_source_domain,TMC-2,True,False,fixed_rotation_scale_bias_nonlinearity,0.01
iirs_tmc2_fixed_01265,ch2_tmc_nca_20260813T1023298778_d_img_d18_r081408_c001792,13,0,controlled_synthetic,fixed_global_domain_transform,synthetic_source_domain,TMC-2,True,False,fixed_rotation_scale_bias_nonlinearity,0.01
iirs_tmc2_fixed_01266,ch2_tmc_nca_20260813T1023298778_d_img_d18_r081408_c001792,13,1,controlled_synthetic,fixed_global_domain_transform,synthetic_source_domain,TMC-2,True,False,fixed_rotation_scale_bias_nonlinearity,0.02
iirs_tmc2_fixed_01267,ch2_tmc_nca_20260813T1023298778_d_img_d18_r081408_c001792,13,2,controlled_synthetic,fixed_global_domain_transform,synthetic_source_domain,TMC-2,True,False,fixed_rotation_scale_bias_nonlinearity,0.03
iirs_tmc2_fixed_01268,ch2_tmc_nca_20260813T1023298778_d_img_d18_r081408_c001792,13,3,controlled_synthetic,fixed_global_domain_transform,synthetic_source_domain,TMC-2,True,False,fixed_rotation_scale_bias_nonlinearity,0.02
iirs_tmc2_fixed_01269,ch2_tmc_nca_20260813T1023298778_d_img_d18_r081408_c001792,13,4,controlled_synthetic,fixed_global_domain_transform,synthetic_source_domain,TMC-2,True,False,fixed_rotation_scale_bias_nonlinearity,0.01
iirs_tmc2_fixed_01270,ch2_tmc_nca_20260813T1023298778_d_img_d18_r083200_c002816,211,0,controlled_synthetic,fixed_global_domain_transform,synthetic_source_domain,TMC-2,True,False,fixed_rotation_scale_bias_nonlinearity,0.01
iirs_tmc2_fixed_01271,ch2_tmc_nca_20260813T1023298778_d_img_d18_r083200_c002816,211,1,controlled_synthetic,fixed_global_domain_transform,synthetic_source_domain,TMC-2,True,False,fixed_rotation_scale_bias_nonlinearity,0.02
iirs_tmc2_fixed_01272,ch2_tmc_nca_20260813T1023298778_d_img_d18_r083200_c002816,211,2,controlled_synthetic,fixed_global_domain_transform,synthetic_source_domain,TMC-2,True,False,fixed_rotation_scale_bias_nonlinearity,0.03
iirs_tmc2_fixed_01273,ch2_tmc_nca_20260813T1023298778_d_img_d18_r083200_c002816,211,3,controlled_synthetic,fixed_global_domain_transform,synthetic_source_domain,TMC-2,True,False,fixed_rotation_scale_bias_nonlinearity,0.02
iirs_tmc2_fixed_01274,ch2_tmc_nca_20260813T1023298778_d_img_d18_r083200_c002816,211,4,controlled_synthetic,fixed_global_domain_transform,synthetic_source_domain,TMC-2,True,False,fixed_rotation_scale_bias_nonlinearity,0.01
iirs_tmc2_fixed_01275,ch2_tmc_nca_20260813T1023298778_d_img_d18_r116992_c003072,329,0,controlled_synthetic,fixed_global_domain_transform,synthetic_source_domain,TMC-2,True,False,fixed_rotation_scale_bias_nonlinearity,0.01
iirs_tmc2_fixed_01276,ch2_tmc_nca_20260813T1023298778_d_img_d18_r116992_c003072,329,1,controlled_synthetic,fixed_global_domain_transform,synthetic_source_domain,TMC-2,True,False,fixed_rotation_scale_bias_nonlinearity,0.02
iirs_tmc2_fixed_01277,ch2_tmc_nca_20260813T1023298778_d_img_d18_r116992_c003072,329,2,controlled_synthetic,fixed_global_domain_transform,synthetic_source_domain,TMC-2,True,False,fixed_rotation_scale_bias_nonlinearity,0.03
iirs_tmc2_fixed_01278,ch2_tmc_nca_20260813T1023298778_d_img_d18_r116992_c003072,329,3,controlled_synthetic,fixed_global_domain_transform,synthetic_source_domain,TMC-2,True,False,fixed_rotation_scale_bias_nonlinearity,0.02
iirs_tmc2_fixed_01279,ch2_tmc_nca_20260813T1023298778_d_img_d18_r116992_c003072,329,4,controlled_synthetic,fixed_global_domain_transform,synthetic_source_domain,TMC-2,True,False,fixed_rotation_scale_bias_nonlinearity,0.01
iirs_tmc2_fixed_01280,ch2_tmc_nca_20260813T1023298778_d_img_d18_r041216_c000256,342,0,controlled_synthetic,fixed_global_domain_transform,synthetic_source_domain,TMC-2,True,False,fixed_rotation_scale_bias_nonlinearity,0.01
iirs_tmc2_fixed_01281,ch2_tmc_nca_20260813T1023298778_d_img_d18_r041216_c000256,342,1,controlled_synthetic,fixed_global_domain_transform,synthetic_source_domain,TMC-2,True,False,fixed_rotation_scale_bias_nonlinearity,0.02
iirs_tmc2_fixed_01282,ch2_tmc_nca_20260813T1023298778_d_img_d18_r041216_c000256,342,2,controlled_synthetic,fixed_global_domain_transform,synthetic_source_domain,TMC-2,True,False,fixed_rotation_scale_bias_nonlinearity,0.03
iirs_tmc2_fixed_01283,ch2_tmc_nca_20260813T1023298778_d_img_d18_r041216_c000256,342,3,controlled_synthetic,fixed_global_domain_transform,synthetic_source_domain,TMC-2,True,False,fixed_rotation_scale_bias_nonlinearity,0.02
iirs_tmc2_fixed_01284,ch2_tmc_nca_20260813T1023298778_d_img_d18_r041216_c000256,342,4,controlled_synthetic,fixed_global_domain_transform,synthetic_source_domain,TMC-2,True,False,fixed_rotation_scale_bias_nonlinearity,0.01
iirs_tmc2_fixed_01285,ch2_tmc_nca_20260813T1023298778_d_img_d18_r127488_c000512,14,0,controlled_synthetic,fixed_global_domain_transform,synthetic_source_domain,TMC-2,True,False,fixed_rotation_scale_bias_nonlinearity,0.01
iirs_tmc2_fixed_01286,ch2_tmc_nca_20260813T1023298778_d_img_d18_r127488_c000512,14,1,controlled_synthetic,fixed_global_domain_transform,synthetic_source_domain,TMC-2,True,False,fixed_rotation_scale_bias_nonlinearity,0.02
iirs_tmc2_fixed_01287,ch2_tmc_nca_20260813T1023298778_d_img_d18_r127488_c000512,14,2,controlled_synthetic,fixed_global_domain_transform,synthetic_source_domain,TMC-2,True,False,fixed_rotation_scale_bias_nonlinearity,0.03
iirs_tmc2_fixed_01288,ch2_tmc_nca_20260813T1023298778_d_img_d18_r127488_c000512,14,3,controlled_synthetic,fixed_global_domain_transform,synthetic_source_domain,TMC-2,True,False,fixed_rotation_scale_bias_nonlinearity,0.02
iirs_tmc2_fixed_01289,ch2_tmc_nca_20260813T1023298778_d_img_d18_r127488_c000512,14,4,controlled_synthetic,fixed_global_domain_transform,synthetic_source_domain,TMC-2,True,False,fixed_rotation_scale_bias_nonlinearity,0.01
iirs_tmc2_fixed_01290,ch2_tmc_nca_20260813T1023298778_d_img_d18_r139776_c001280,183,0,controlled_synthetic,fixed_global_domain_transform,synthetic_source_domain,TMC-2,True,False,fixed_rotation_scale_bias_nonlinearity,0.01
iirs_tmc2_fixed_01291,ch2_tmc_nca_20260813T1023298778_d_img_d18_r139776_c001280,183,1,controlled_synthetic,fixed_global_domain_transform,synthetic_source_domain,TMC-2,True,False,fixed_rotation_scale_bias_nonlinearity,0.02
iirs_tmc2_fixed_01292,ch2_tmc_nca_20260813T1023298778_d_img_d18_r139776_c001280,183,2,controlled_synthetic,fixed_global_domain_transform,synthetic_source_domain,TMC-2,True,False,fixed_rotation_scale_bias_nonlinearity,0.03
iirs_tmc2_fixed_01293,ch2_tmc_nca_20260813T1023298778_d_img_d18_r139776_c001280,183,3,controlled_synthetic,fixed_global_domain_transform,synthetic_source_domain,TMC-2,True,False,fixed_rotation_scale_bias_nonlinearity,0.02
iirs_tmc2_fixed_01294,ch2_tmc_nca_20260813T1023298778_d_img_d18_r139776_c001280,183,4,controlled_synthetic,fixed_global_domain_transform,synthetic_source_domain,TMC-2,True,False,fixed_rotation_scale_bias_nonlinearity,0.01
iirs_tmc2_fixed_01295,ch2_tmc_nca_20260813T1023298778_d_img_d18_r049152_c000768,347,0,controlled_synthetic,fixed_global_domain_transform,synthetic_source_domain,TMC-2,True,False,fixed_rotation_scale_bias_nonlinearity,0.01
iirs_tmc2_fixed_01296,ch2_tmc_nca_20260813T1023298778_d_img_d18_r049152_c000768,347,1,controlled_synthetic,fixed_global_domain_transform,synthetic_source_domain,TMC-2,True,False,fixed_rotation_scale_bias_nonlinearity,0.02
iirs_tmc2_fixed_01297,ch2_tmc_nca_20260813T1023298778_d_img_d18_r049152_c000768,347,2,controlled_synthetic,fixed_global_domain_transform,synthetic_source_domain,TMC-2,True,False,fixed_rotation_scale_bias_nonlinearity,0.03
iirs_tmc2_fixed_01298,ch2_tmc_nca_20260813T1023298778_d_img_d18_r049152_c000768,347,3,controlled_synthetic,fixed_global_domain_transform,synthetic_source_domain,TMC-2,True,False,fixed_rotation_scale_bias_nonlinearity,0.02
iirs_tmc2_fixed_01299,ch2_tmc_nca_20260813T1023298778_d_img_d18_r049152_c000768,347,4,controlled_synthetic,fixed_global_domain_transform,synthetic_source_domain,TMC-2,True,False,fixed_rotation_scale_bias_nonlinearity,0.01
iirs_tmc2_fixed_01300,ch2_tmc_nca_20260813T1023298778_d_img_d18_r018944_c003584,326,0,controlled_synthetic,fixed_global_domain_transform,synthetic_source_domain,TMC-2,True,False,fixed_rotation_scale_bias_nonlinearity,0.01
iirs_tmc2_fixed_01301,ch2_tmc_nca_20260813T1023298778_d_img_d18_r018944_c003584,326,1,controlled_synthetic,fixed_global_domain_transform,synthetic_source_domain,TMC-2,True,False,fixed_rotation_scale_bias_nonlinearity,0.02
iirs_tmc2_fixed_01302,ch2_tmc_nca_20260813T1023298778_d_img_d18_r018944_c003584,326,2,controlled_synthetic,fixed_global_domain_transform,synthetic_source_domain,TMC-2,True,False,fixed_rotation_scale_bias_nonlinearity,0.03
iirs_tmc2_fixed_01303,ch2_tmc_nca_20260813T1023298778_d_img_d18_r018944_c003584,326,3,controlled_synthetic,fixed_global_domain_transform,synthetic_source_domain,TMC-2,True,False,fixed_rotation_scale_bias_nonlinearity,0.02
iirs_tmc2_fixed_01304,ch2_tmc_nca_20260813T1023298778_d_img_d18_r018944_c003584,326,4,controlled_synthetic,fixed_global_domain_transform,synthetic_source_domain,TMC-2,True,False,fixed_rotation_scale_bias_nonlinearity,0.01
iirs_tmc2_fixed_01305,ch2_tmc_nca_20260813T1023298778_d_img_d18_r057344_c000768,30,0,controlled_synthetic,fixed_global_domain_transform,synthetic_source_domain,TMC-2,True,False,fixed_rotation_scale_bias_nonlinearity,0.01
iirs_tmc2_fixed_01306,ch2_tmc_nca_20260813T1023298778_d_img_d18_r057344_c000768,30,1,controlled_synthetic,fixed_global_domain_transform,synthetic_source_domain,TMC-2,True,False,fixed_rotation_scale_bias_nonlinearity,0.02
iirs_tmc2_fixed_01307,ch2_tmc_nca_20260813T1023298778_d_img_d18_r057344_c000768,30,2,controlled_synthetic,fixed_global_domain_transform,synthetic_source_domain,TMC-2,True,False,fixed_rotation_scale_bias_nonlinearity,0.03
iirs_tmc2_fixed_01308,ch2_tmc_nca_20260813T1023298778_d_img_d18_r057344_c000768,30,3,controlled_synthetic,fixed_global_domain_transform,synthetic_source_domain,TMC-2,True,False,fixed_rotation_scale_bias_nonlinearity,0.02
iirs_tmc2_fixed_01309,ch2_tmc_nca_20260813T1023298778_d_img_d18_r057344_c000768,30,4,controlled_synthetic,fixed_global_domain_transform,synthetic_source_domain,TMC-2,True,False,fixed_rotation_scale_bias_nonlinearity,0.01
iirs_tmc2_fixed_01310,ch2_tmc_nca_20260813T1023298778_d_img_d18_r011264_c000768,119,0,controlled_synthetic,fixed_global_domain_transform,synthetic_source_domain,TMC-2,True,False,fixed_rotation_scale_bias_nonlinearity,0.01
iirs_tmc2_fixed_01311,ch2_tmc_nca_20260813T1023298778_d_img_d18_r011264_c000768,119,1,controlled_synthetic,fixed_global_domain_transform,synthetic_source_domain,TMC-2,True,False,fixed_rotation_scale_bias_nonlinearity,0.02
iirs_tmc2_fixed_01312,ch2_tmc_nca_20260813T1023298778_d_img_d18_r011264_c000768,119,2,controlled_synthetic,fixed_global_domain_transform,synthetic_source_domain,TMC-2,True,False,fixed_rotation_scale_bias_nonlinearity,0.03
iirs_tmc2_fixed_01313,ch2_tmc_nca_20260813T1023298778_d_img_d18_r011264_c000768,119,3,controlled_synthetic,fixed_global_domain_transform,synthetic_source_domain,TMC-2,True,False,fixed_rotation_scale_bias_nonlinearity,0.02
iirs_tmc2_fixed_01314,ch2_tmc_nca_20260813T1023298778_d_img_d18_r011264_c000768,119,4,controlled_synthetic,fixed_global_domain_transform,synthetic_source_domain,TMC-2,True,False,fixed_rotation_scale_bias_nonlinearity,0.01
iirs_tmc2_fixed_01315,ch2_tmc_nca_20260813T1023298778_d_img_d18_r086016_c001792,277,0,controlled_synthetic,fixed_global_domain_transform,synthetic_source_domain,TMC-2,True,False,fixed_rotation_scale_bias_nonlinearity,0.01
iirs_tmc2_fixed_01316,ch2_tmc_nca_20260813T1023298778_d_img_d18_r086016_c001792,277,1,controlled_synthetic,fixed_global_domain_transform,synthetic_source_domain,TMC-2,True,False,fixed_rotation_scale_bias_nonlinearity,0.02
iirs_tmc2_fixed_01317,ch2_tmc_nca_20260813T1023298778_d_img_d18_r086016_c001792,277,2,controlled_synthetic,fixed_global_domain_transform,synthetic_source_domain,TMC-2,True,False,fixed_rotation_scale_bias_nonlinearity,0.03
iirs_tmc2_fixed_01318,ch2_tmc_nca_20260813T1023298778_d_img_d18_r086016_c001792,277,3,controlled_synthetic,fixed_global_domain_transform,synthetic_source_domain,TMC-2,True,False,fixed_rotation_scale_bias_nonlinearity,0.02
iirs_tmc2_fixed_01319,ch2_tmc_nca_20260813T1023298778_d_img_d18_r086016_c001792,277,4,controlled_synthetic,fixed_global_domain_transform,synthetic_source_domain,TMC-2,True,False,fixed_rotation_scale_bias_nonlinearity,0.01
iirs_tmc2_fixed_01320,ch2_tmc_nca_20260813T1023298778_d_img_d18_r104704_c002816,153,0,controlled_synthetic,fixed_global_domain_transform,synthetic_source_domain,TMC-2,True,False,fixed_rotation_scale_bias_nonlinearity,0.01
iirs_tmc2_fixed_01321,ch2_tmc_nca_20260813T1023298778_d_img_d18_r104704_c002816,153,1,controlled_synthetic,fixed_global_domain_transform,synthetic_source_domain,TMC-2,True,False,fixed_rotation_scale_bias_nonlinearity,0.02
iirs_tmc2_fixed_01322,ch2_tmc_nca_20260813T1023298778_d_img_d18_r104704_c002816,153,2,controlled_synthetic,fixed_global_domain_transform,synthetic_source_domain,TMC-2,True,False,fixed_rotation_scale_bias_nonlinearity,0.03
iirs_tmc2_fixed_01323,ch2_tmc_nca_20260813T1023298778_d_img_d18_r104704_c002816,153,3,controlled_synthetic,fixed_global_domain_transform,synthetic_source_domain,TMC-2,True,False,fixed_rotation_scale_bias_nonlinearity,0.02
iirs_tmc2_fixed_01324,ch2_tmc_nca_20260813T1023298778_d_img_d18_r104704_c002816,153,4,controlled_synthetic,fixed_global_domain_transform,synthetic_source_domain,TMC-2,True,False,fixed_rotation_scale_bias_nonlinearity,0.01
iirs_tmc2_fixed_01325,ch2_tmc_nca_20260813T1023298778_d_img_d18_r108800_c002304,75,0,controlled_synthetic,fixed_global_domain_transform,synthetic_source_domain,TMC-2,True,False,fixed_rotation_scale_bias_nonlinearity,0.01
iirs_tmc2_fixed_01326,ch2_tmc_nca_20260813T1023298778_d_img_d18_r108800_c002304,75,1,controlled_synthetic,fixed_global_domain_transform,synthetic_source_domain,TMC-2,True,False,fixed_rotation_scale_bias_nonlinearity,0.02
iirs_tmc2_fixed_01327,ch2_tmc_nca_20260813T1023298778_d_img_d18_r108800_c002304,75,2,controlled_synthetic,fixed_global_domain_transform,synthetic_source_domain,TMC-2,True,False,fixed_rotation_scale_bias_nonlinearity,0.03
iirs_tmc2_fixed_01328,ch2_tmc_nca_20260813T1023298778_d_img_d18_r108800_c002304,75,3,controlled_synthetic,fixed_global_domain_transform,synthetic_source_domain,TMC-2,True,False,fixed_rotation_scale_bias_nonlinearity,0.02
iirs_tmc2_fixed_01329,ch2_tmc_nca_20260813T1023298778_d_img_d18_r108800_c002304,75,4,controlled_synthetic,fixed_global_domain_transform,synthetic_source_domain,TMC-2,True,False,fixed_rotation_scale_bias_nonlinearity,0.01
iirs_tmc2_fixed_01330,ch2_tmc_nca_20260813T1023298778_d_img_d18_r119296_c002560,41,0,controlled_synthetic,fixed_global_domain_transform,synthetic_source_domain,TMC-2,True,False,fixed_rotation_scale_bias_nonlinearity,0.01
iirs_tmc2_fixed_01331,ch2_tmc_nca_20260813T1023298778_d_img_d18_r119296_c002560,41,1,controlled_synthetic,fixed_global_domain_transform,synthetic_source_domain,TMC-2,True,False,fixed_rotation_scale_bias_nonlinearity,0.02
iirs_tmc2_fixed_01332,ch2_tmc_nca_20260813T1023298778_d_img_d18_r119296_c002560,41,2,controlled_synthetic,fixed_global_domain_transform,synthetic_source_domain,TMC-2,True,False,fixed_rotation_scale_bias_nonlinearity,0.03
iirs_tmc2_fixed_01333,ch2_tmc_nca_20260813T1023298778_d_img_d18_r119296_c002560,41,3,controlled_synthetic,fixed_global_domain_transform,synthetic_source_domain,TMC-2,True,False,fixed_rotation_scale_bias_nonlinearity,0.02
iirs_tmc2_fixed_01334,ch2_tmc_nca_20260813T1023298778_d_img_d18_r119296_c002560,41,4,controlled_synthetic,fixed_global_domain_transform,synthetic_source_domain,TMC-2,True,False,fixed_rotation_scale_bias_nonlinearity,0.01
iirs_tmc2_fixed_01335,ch2_tmc_nca_20260813T1023298778_d_img_d18_r048384_c000256,44,0,controlled_synthetic,fixed_global_domain_transform,synthetic_source_domain,TMC-2,True,False,fixed_rotation_scale_bias_nonlinearity,0.01
iirs_tmc2_fixed_01336,ch2_tmc_nca_20260813T1023298778_d_img_d18_r048384_c000256,44,1,controlled_synthetic,fixed_global_domain_transform,synthetic_source_domain,TMC-2,True,False,fixed_rotation_scale_bias_nonlinearity,0.02
iirs_tmc2_fixed_01337,ch2_tmc_nca_20260813T1023298778_d_img_d18_r048384_c000256,44,2,controlled_synthetic,fixed_global_domain_transform,synthetic_source_domain,TMC-2,True,False,fixed_rotation_scale_bias_nonlinearity,0.03
iirs_tmc2_fixed_01338,ch2_tmc_nca_20260813T1023298778_d_img_d18_r048384_c000256,44,3,controlled_synthetic,fixed_global_domain_transform,synthetic_source_domain,TMC-2,True,False,fixed_rotation_scale_bias_nonlinearity,0.02
iirs_tmc2_fixed_01339,ch2_tmc_nca_20260813T1023298778_d_img_d18_r048384_c000256,44,4,controlled_synthetic,fixed_global_domain_transform,synthetic_source_domain,TMC-2,True,False,fixed_rotation_scale_bias_nonlinearity,0.01
iirs_tmc2_fixed_01340,ch2_tmc_nca_20260813T1023298778_d_img_d18_r014080_c001536,161,0,controlled_synthetic,fixed_global_domain_transform,synthetic_source_domain,TMC-2,True,False,fixed_rotation_scale_bias_nonlinearity,0.01
iirs_tmc2_fixed_01341,ch2_tmc_nca_20260813T1023298778_d_img_d18_r014080_c001536,161,1,controlled_synthetic,fixed_global_domain_transform,synthetic_source_domain,TMC-2,True,False,fixed_rotation_scale_bias_nonlinearity,0.02
iirs_tmc2_fixed_01342,ch2_tmc_nca_20260813T1023298778_d_img_d18_r014080_c001536,161,2,controlled_synthetic,fixed_global_domain_transform,synthetic_source_domain,TMC-2,True,False,fixed_rotation_scale_bias_nonlinearity,0.03
iirs_tmc2_fixed_01343,ch2_tmc_nca_20260813T1023298778_d_img_d18_r014080_c001536,161,3,controlled_synthetic,fixed_global_domain_transform,synthetic_source_domain,TMC-2,True,False,fixed_rotation_scale_bias_nonlinearity,0.02
iirs_tmc2_fixed_01344,ch2_tmc_nca_20260813T1023298778_d_img_d18_r014080_c001536,161,4,controlled_synthetic,fixed_global_domain_transform,synthetic_source_domain,TMC-2,True,False,fixed_rotation_scale_bias_nonlinearity,0.01
iirs_tmc2_fixed_01345,ch2_tmc_nca_20260813T1023298778_d_img_d18_r029184_c000768,270,0,controlled_synthetic,fixed_global_domain_transform,synthetic_source_domain,TMC-2,True,False,fixed_rotation_scale_bias_nonlinearity,0.01
iirs_tmc2_fixed_01346,ch2_tmc_nca_20260813T1023298778_d_img_d18_r029184_c000768,270,1,controlled_synthetic,fixed_global_domain_transform,synthetic_source_domain,TMC-2,True,False,fixed_rotation_scale_bias_nonlinearity,0.02
iirs_tmc2_fixed_01347,ch2_tmc_nca_20260813T1023298778_d_img_d18_r029184_c000768,270,2,controlled_synthetic,fixed_global_domain_transform,synthetic_source_domain,TMC-2,True,False,fixed_rotation_scale_bias_nonlinearity,0.03
iirs_tmc2_fixed_01348,ch2_tmc_nca_20260813T1023298778_d_img_d18_r029184_c000768,270,3,controlled_synthetic,fixed_global_domain_transform,synthetic_source_domain,TMC-2,True,False,fixed_rotation_scale_bias_nonlinearity,0.02
iirs_tmc2_fixed_01349,ch2_tmc_nca_20260813T1023298778_d_img_d18_r029184_c000768,270,4,controlled_synthetic,fixed_global_domain_transform,synthetic_source_domain,TMC-2,True,False,fixed_rotation_scale_bias_nonlinearity,0.01
iirs_tmc2_fixed_01350,ch2_tmc_nca_20260813T1023298778_d_img_d18_r071680_c000256,248,0,controlled_synthetic,fixed_global_domain_transform,synthetic_source_domain,TMC-2,True,False,fixed_rotation_scale_bias_nonlinearity,0.01
iirs_tmc2_fixed_01351,ch2_tmc_nca_20260813T1023298778_d_img_d18_r071680_c000256,248,1,controlled_synthetic,fixed_global_domain_transform,synthetic_source_domain,TMC-2,True,False,fixed_rotation_scale_bias_nonlinearity,0.02
iirs_tmc2_fixed_01352,ch2_tmc_nca_20260813T1023298778_d_img_d18_r071680_c000256,248,2,controlled_synthetic,fixed_global_domain_transform,synthetic_source_domain,TMC-2,True,False,fixed_rotation_scale_bias_nonlinearity,0.03
iirs_tmc2_fixed_01353,ch2_tmc_nca_20260813T1023298778_d_img_d18_r071680_c000256,248,3,controlled_synthetic,fixed_global_domain_transform,synthetic_source_domain,TMC-2,True,False,fixed_rotation_scale_bias_nonlinearity,0.02
iirs_tmc2_fixed_01354,ch2_tmc_nca_20260813T1023298778_d_img_d18_r071680_c000256,248,4,controlled_synthetic,fixed_global_domain_transform,synthetic_source_domain,TMC-2,True,False,fixed_rotation_scale_bias_nonlinearity,0.01
iirs_tmc2_fixed_01355,ch2_tmc_nca_20260813T1023298778_d_img_d18_r097024_c001792,39,0,controlled_synthetic,fixed_global_domain_transform,synthetic_source_domain,TMC-2,True,False,fixed_rotation_scale_bias_nonlinearity,0.01
iirs_tmc2_fixed_01356,ch2_tmc_nca_20260813T1023298778_d_img_d18_r097024_c001792,39,1,controlled_synthetic,fixed_global_domain_transform,synthetic_source_domain,TMC-2,True,False,fixed_rotation_scale_bias_nonlinearity,0.02
iirs_tmc2_fixed_01357,ch2_tmc_nca_20260813T1023298778_d_img_d18_r097024_c001792,39,2,controlled_synthetic,fixed_global_domain_transform,synthetic_source_domain,TMC-2,True,False,fixed_rotation_scale_bias_nonlinearity,0.03
iirs_tmc2_fixed_01358,ch2_tmc_nca_20260813T1023298778_d_img_d18_r097024_c001792,39,3,controlled_synthetic,fixed_global_domain_transform,synthetic_source_domain,TMC-2,True,False,fixed_rotation_scale_bias_nonlinearity,0.02
iirs_tmc2_fixed_01359,ch2_tmc_nca_20260813T1023298778_d_img_d18_r097024_c001792,39,4,controlled_synthetic,fixed_global_domain_transform,synthetic_source_domain,TMC-2,True,False,fixed_rotation_scale_bias_nonlinearity,0.01
iirs_tmc2_fixed_01360,ch2_tmc_nca_20260813T1023298778_d_img_d18_r101376_c000000,378,0,controlled_synthetic,fixed_global_domain_transform,synthetic_source_domain,TMC-2,True,False,fixed_rotation_scale_bias_nonlinearity,0.01
iirs_tmc2_fixed_01361,ch2_tmc_nca_20260813T1023298778_d_img_d18_r101376_c000000,378,1,controlled_synthetic,fixed_global_domain_transform,synthetic_source_domain,TMC-2,True,False,fixed_rotation_scale_bias_nonlinearity,0.02
iirs_tmc2_fixed_01362,ch2_tmc_nca_20260813T1023298778_d_img_d18_r101376_c000000,378,2,controlled_synthetic,fixed_global_domain_transform,synthetic_source_domain,TMC-2,True,False,fixed_rotation_scale_bias_nonlinearity,0.03
iirs_tmc2_fixed_01363,ch2_tmc_nca_20260813T1023298778_d_img_d18_r101376_c000000,378,3,controlled_synthetic,fixed_global_domain_transform,synthetic_source_domain,TMC-2,True,False,fixed_rotation_scale_bias_nonlinearity,0.02
iirs_tmc2_fixed_01364,ch2_tmc_nca_20260813T1023298778_d_img_d18_r101376_c000000,378,4,controlled_synthetic,fixed_global_domain_transform,synthetic_source_domain,TMC-2,True,False,fixed_rotation_scale_bias_nonlinearity,0.01
iirs_tmc2_fixed_01365,ch2_tmc_nca_20260813T1023298778_d_img_d18_r096000_c001792,85,0,controlled_synthetic,fixed_global_domain_transform,synthetic_source_domain,TMC-2,True,False,fixed_rotation_scale_bias_nonlinearity,0.01
iirs_tmc2_fixed_01366,ch2_tmc_nca_20260813T1023298778_d_img_d18_r096000_c001792,85,1,controlled_synthetic,fixed_global_domain_transform,synthetic_source_domain,TMC-2,True,False,fixed_rotation_scale_bias_nonlinearity,0.02
iirs_tmc2_fixed_01367,ch2_tmc_nca_20260813T1023298778_d_img_d18_r096000_c001792,85,2,controlled_synthetic,fixed_global_domain_transform,synthetic_source_domain,TMC-2,True,False,fixed_rotation_scale_bias_nonlinearity,0.03
iirs_tmc2_fixed_01368,ch2_tmc_nca_20260813T1023298778_d_img_d18_r096000_c001792,85,3,controlled_synthetic,fixed_global_domain_transform,synthetic_source_domain,TMC-2,True,False,fixed_rotation_scale_bias_nonlinearity,0.02
iirs_tmc2_fixed_01369,ch2_tmc_nca_20260813T1023298778_d_img_d18_r096000_c001792,85,4,controlled_synthetic,fixed_global_domain_transform,synthetic_source_domain,TMC-2,True,False,fixed_rotation_scale_bias_nonlinearity,0.01
iirs_tmc2_fixed_01370,ch2_tmc_nca_20260813T1023298778_d_img_d18_r061184_c001024,87,0,controlled_synthetic,fixed_global_domain_transform,synthetic_source_domain,TMC-2,True,False,fixed_rotation_scale_bias_nonlinearity,0.01
iirs_tmc2_fixed_01371,ch2_tmc_nca_20260813T1023298778_d_img_d18_r061184_c001024,87,1,controlled_synthetic,fixed_global_domain_transform,synthetic_source_domain,TMC-2,True,False,fixed_rotation_scale_bias_nonlinearity,0.02
iirs_tmc2_fixed_01372,ch2_tmc_nca_20260813T1023298778_d_img_d18_r061184_c001024,87,2,controlled_synthetic,fixed_global_domain_transform,synthetic_source_domain,TMC-2,True,False,fixed_rotation_scale_bias_nonlinearity,0.03
iirs_tmc2_fixed_01373,ch2_tmc_nca_20260813T1023298778_d_img_d18_r061184_c001024,87,3,controlled_synthetic,fixed_global_domain_transform,synthetic_source_domain,TMC-2,True,False,fixed_rotation_scale_bias_nonlinearity,0.02
iirs_tmc2_fixed_01374,ch2_tmc_nca_20260813T1023298778_d_img_d18_r061184_c001024,87,4,controlled_synthetic,fixed_global_domain_transform,synthetic_source_domain,TMC-2,True,False,fixed_rotation_scale_bias_nonlinearity,0.01
iirs_tmc2_fixed_01375,ch2_tmc_nca_20260813T1023298778_d_img_d18_r129792_c000000,227,0,controlled_synthetic,fixed_global_domain_transform,synthetic_source_domain,TMC-2,True,False,fixed_rotation_scale_bias_nonlinearity,0.01
iirs_tmc2_fixed_01376,ch2_tmc_nca_20260813T1023298778_d_img_d18_r129792_c000000,227,1,controlled_synthetic,fixed_global_domain_transform,synthetic_source_domain,TMC-2,True,False,fixed_rotation_scale_bias_nonlinearity,0.02
iirs_tmc2_fixed_01377,ch2_tmc_nca_20260813T1023298778_d_img_d18_r129792_c000000,227,2,controlled_synthetic,fixed_global_domain_transform,synthetic_source_domain,TMC-2,True,False,fixed_rotation_scale_bias_nonlinearity,0.03
iirs_tmc2_fixed_01378,ch2_tmc_nca_20260813T1023298778_d_img_d18_r129792_c000000,227,3,controlled_synthetic,fixed_global_domain_transform,synthetic_source_domain,TMC-2,True,False,fixed_rotation_scale_bias_nonlinearity,0.02
iirs_tmc2_fixed_01379,ch2_tmc_nca_20260813T1023298778_d_img_d18_r129792_c000000,227,4,controlled_synthetic,fixed_global_domain_transform,synthetic_source_domain,TMC-2,True,False,fixed_rotation_scale_bias_nonlinearity,0.01
iirs_tmc2_fixed_01380,ch2_tmc_nca_20260813T1023298778_d_img_d18_r055296_c003072,53,0,controlled_synthetic,fixed_global_domain_transform,synthetic_source_domain,TMC-2,True,False,fixed_rotation_scale_bias_nonlinearity,0.01
iirs_tmc2_fixed_01381,ch2_tmc_nca_20260813T1023298778_d_img_d18_r055296_c003072,53,1,controlled_synthetic,fixed_global_domain_transform,synthetic_source_domain,TMC-2,True,False,fixed_rotation_scale_bias_nonlinearity,0.02
iirs_tmc2_fixed_01382,ch2_tmc_nca_20260813T1023298778_d_img_d18_r055296_c003072,53,2,controlled_synthetic,fixed_global_domain_transform,synthetic_source_domain,TMC-2,True,False,fixed_rotation_scale_bias_nonlinearity,0.03
iirs_tmc2_fixed_01383,ch2_tmc_nca_20260813T1023298778_d_img_d18_r055296_c003072,53,3,controlled_synthetic,fixed_global_domain_transform,synthetic_source_domain,TMC-2,True,False,fixed_rotation_scale_bias_nonlinearity,0.02
iirs_tmc2_fixed_01384,ch2_tmc_nca_20260813T1023298778_d_img_d18_r055296_c003072,53,4,controlled_synthetic,fixed_global_domain_transform,synthetic_source_domain,TMC-2,True,False,fixed_rotation_scale_bias_nonlinearity,0.01
iirs_tmc2_fixed_01385,ch2_tmc_nca_20260813T1023298778_d_img_d18_r079872_c001024,40,0,controlled_synthetic,fixed_global_domain_transform,synthetic_source_domain,TMC-2,True,False,fixed_rotation_scale_bias_nonlinearity,0.01
iirs_tmc2_fixed_01386,ch2_tmc_nca_20260813T1023298778_d_img_d18_r079872_c001024,40,1,controlled_synthetic,fixed_global_domain_transform,synthetic_source_domain,TMC-2,True,False,fixed_rotation_scale_bias_nonlinearity,0.02
iirs_tmc2_fixed_01387,ch2_tmc_nca_20260813T1023298778_d_img_d18_r079872_c001024,40,2,controlled_synthetic,fixed_global_domain_transform,synthetic_source_domain,TMC-2,True,False,fixed_rotation_scale_bias_nonlinearity,0.03
iirs_tmc2_fixed_01388,ch2_tmc_nca_20260813T1023298778_d_img_d18_r079872_c001024,40,3,controlled_synthetic,fixed_global_domain_transform,synthetic_source_domain,TMC-2,True,False,fixed_rotation_scale_bias_nonlinearity,0.02
iirs_tmc2_fixed_01389,ch2_tmc_nca_20260813T1023298778_d_img_d18_r079872_c001024,40,4,controlled_synthetic,fixed_global_domain_transform,synthetic_source_domain,TMC-2,True,False,fixed_rotation_scale_bias_nonlinearity,0.01
iirs_tmc2_fixed_01390,ch2_tmc_nca_20260813T1023298778_d_img_d18_r086272_c001280,99,0,controlled_synthetic,fixed_global_domain_transform,synthetic_source_domain,TMC-2,True,False,fixed_rotation_scale_bias_nonlinearity,0.01
iirs_tmc2_fixed_01391,ch2_tmc_nca_20260813T1023298778_d_img_d18_r086272_c001280,99,1,controlled_synthetic,fixed_global_domain_transform,synthetic_source_domain,TMC-2,True,False,fixed_rotation_scale_bias_nonlinearity,0.02
iirs_tmc2_fixed_01392,ch2_tmc_nca_20260813T1023298778_d_img_d18_r086272_c001280,99,2,controlled_synthetic,fixed_global_domain_transform,synthetic_source_domain,TMC-2,True,False,fixed_rotation_scale_bias_nonlinearity,0.03
iirs_tmc2_fixed_01393,ch2_tmc_nca_20260813T1023298778_d_img_d18_r086272_c001280,99,3,controlled_synthetic,fixed_global_domain_transform,synthetic_source_domain,TMC-2,True,False,fixed_rotation_scale_bias_nonlinearity,0.02
iirs_tmc2_fixed_01394,ch2_tmc_nca_20260813T1023298778_d_img_d18_r086272_c001280,99,4,controlled_synthetic,fixed_global_domain_transform,synthetic_source_domain,TMC-2,True,False,fixed_rotation_scale_bias_nonlinearity,0.01
iirs_tmc2_fixed_01395,ch2_tmc_nca_20260813T1023298778_d_img_d18_r001536_c002048,166,0,controlled_synthetic,fixed_global_domain_transform,synthetic_source_domain,TMC-2,True,False,fixed_rotation_scale_bias_nonlinearity,0.01
iirs_tmc2_fixed_01396,ch2_tmc_nca_20260813T1023298778_d_img_d18_r001536_c002048,166,1,controlled_synthetic,fixed_global_domain_transform,synthetic_source_domain,TMC-2,True,False,fixed_rotation_scale_bias_nonlinearity,0.02
iirs_tmc2_fixed_01397,ch2_tmc_nca_20260813T1023298778_d_img_d18_r001536_c002048,166,2,controlled_synthetic,fixed_global_domain_transform,synthetic_source_domain,TMC-2,True,False,fixed_rotation_scale_bias_nonlinearity,0.03
iirs_tmc2_fixed_01398,ch2_tmc_nca_20260813T1023298778_d_img_d18_r001536_c002048,166,3,controlled_synthetic,fixed_global_domain_transform,synthetic_source_domain,TMC-2,True,False,fixed_rotation_scale_bias_nonlinearity,0.02
iirs_tmc2_fixed_01399,ch2_tmc_nca_20260813T1023298778_d_img_d18_r001536_c002048,166,4,controlled_synthetic,fixed_global_domain_transform,synthetic_source_domain,TMC-2,True,False,fixed_rotation_scale_bias_nonlinearity,0.01
iirs_tmc2_fixed_01400,ch2_tmc_nca_20260813T1023298778_d_img_d18_r098560_c003584,293,0,controlled_synthetic,fixed_global_domain_transform,synthetic_source_domain,TMC-2,True,False,fixed_rotation_scale_bias_nonlinearity,0.01
iirs_tmc2_fixed_01401,ch2_tmc_nca_20260813T1023298778_d_img_d18_r098560_c003584,293,1,controlled_synthetic,fixed_global_domain_transform,synthetic_source_domain,TMC-2,True,False,fixed_rotation_scale_bias_nonlinearity,0.02
iirs_tmc2_fixed_01402,ch2_tmc_nca_20260813T1023298778_d_img_d18_r098560_c003584,293,2,controlled_synthetic,fixed_global_domain_transform,synthetic_source_domain,TMC-2,True,False,fixed_rotation_scale_bias_nonlinearity,0.03
iirs_tmc2_fixed_01403,ch2_tmc_nca_20260813T1023298778_d_img_d18_r098560_c003584,293,3,controlled_synthetic,fixed_global_domain_transform,synthetic_source_domain,TMC-2,True,False,fixed_rotation_scale_bias_nonlinearity,0.02
iirs_tmc2_fixed_01404,ch2_tmc_nca_20260813T1023298778_d_img_d18_r098560_c003584,293,4,controlled_synthetic,fixed_global_domain_transform,synthetic_source_domain,TMC-2,True,False,fixed_rotation_scale_bias_nonlinearity,0.01
iirs_tmc2_fixed_01405,ch2_tmc_nca_20260813T1023298778_d_img_d18_r061184_c000256,18,0,controlled_synthetic,fixed_global_domain_transform,synthetic_source_domain,TMC-2,True,False,fixed_rotation_scale_bias_nonlinearity,0.01
iirs_tmc2_fixed_01406,ch2_tmc_nca_20260813T1023298778_d_img_d18_r061184_c000256,18,1,controlled_synthetic,fixed_global_domain_transform,synthetic_source_domain,TMC-2,True,False,fixed_rotation_scale_bias_nonlinearity,0.02
iirs_tmc2_fixed_01407,ch2_tmc_nca_20260813T1023298778_d_img_d18_r061184_c000256,18,2,controlled_synthetic,fixed_global_domain_transform,synthetic_source_domain,TMC-2,True,False,fixed_rotation_scale_bias_nonlinearity,0.03
iirs_tmc2_fixed_01408,ch2_tmc_nca_20260813T1023298778_d_img_d18_r061184_c000256,18,3,controlled_synthetic,fixed_global_domain_transform,synthetic_source_domain,TMC-2,True,False,fixed_rotation_scale_bias_nonlinearity,0.02
iirs_tmc2_fixed_01409,ch2_tmc_nca_20260813T1023298778_d_img_d18_r061184_c000256,18,4,controlled_synthetic,fixed_global_domain_transform,synthetic_source_domain,TMC-2,True,False,fixed_rotation_scale_bias_nonlinearity,0.01
iirs_tmc2_fixed_01410,ch2_tmc_nca_20260813T1023298778_d_img_d18_r036608_c000000,249,0,controlled_synthetic,fixed_global_domain_transform,synthetic_source_domain,TMC-2,True,False,fixed_rotation_scale_bias_nonlinearity,0.01
iirs_tmc2_fixed_01411,ch2_tmc_nca_20260813T1023298778_d_img_d18_r036608_c000000,249,1,controlled_synthetic,fixed_global_domain_transform,synthetic_source_domain,TMC-2,True,False,fixed_rotation_scale_bias_nonlinearity,0.02
iirs_tmc2_fixed_01412,ch2_tmc_nca_20260813T1023298778_d_img_d18_r036608_c000000,249,2,controlled_synthetic,fixed_global_domain_transform,synthetic_source_domain,TMC-2,True,False,fixed_rotation_scale_bias_nonlinearity,0.03
iirs_tmc2_fixed_01413,ch2_tmc_nca_20260813T1023298778_d_img_d18_r036608_c000000,249,3,controlled_synthetic,fixed_global_domain_transform,synthetic_source_domain,TMC-2,True,False,fixed_rotation_scale_bias_nonlinearity,0.02
iirs_tmc2_fixed_01414,ch2_tmc_nca_20260813T1023298778_d_img_d18_r036608_c000000,249,4,controlled_synthetic,fixed_global_domain_transform,synthetic_source_domain,TMC-2,True,False,fixed_rotation_scale_bias_nonlinearity,0.01
iirs_tmc2_fixed_01415,ch2_tmc_nca_20260813T1023298778_d_img_d18_r132864_c000256,360,0,controlled_synthetic,fixed_global_domain_transform,synthetic_source_domain,TMC-2,True,False,fixed_rotation_scale_bias_nonlinearity,0.01
iirs_tmc2_fixed_01416,ch2_tmc_nca_20260813T1023298778_d_img_d18_r132864_c000256,360,1,controlled_synthetic,fixed_global_domain_transform,synthetic_source_domain,TMC-2,True,False,fixed_rotation_scale_bias_nonlinearity,0.02
iirs_tmc2_fixed_01417,ch2_tmc_nca_20260813T1023298778_d_img_d18_r132864_c000256,360,2,controlled_synthetic,fixed_global_domain_transform,synthetic_source_domain,TMC-2,True,False,fixed_rotation_scale_bias_nonlinearity,0.03
iirs_tmc2_fixed_01418,ch2_tmc_nca_20260813T1023298778_d_img_d18_r132864_c000256,360,3,controlled_synthetic,fixed_global_domain_transform,synthetic_source_domain,TMC-2,True,False,fixed_rotation_scale_bias_nonlinearity,0.02
iirs_tmc2_fixed_01419,ch2_tmc_nca_20260813T1023298778_d_img_d18_r132864_c000256,360,4,controlled_synthetic,fixed_global_domain_transform,synthetic_source_domain,TMC-2,True,False,fixed_rotation_scale_bias_nonlinearity,0.01
iirs_tmc2_fixed_01420,ch2_tmc_nca_20260813T1023298778_d_img_d18_r131328_c002304,333,0,controlled_synthetic,fixed_global_domain_transform,synthetic_source_domain,TMC-2,True,False,fixed_rotation_scale_bias_nonlinearity,0.01
iirs_tmc2_fixed_01421,ch2_tmc_nca_20260813T1023298778_d_img_d18_r131328_c002304,333,1,controlled_synthetic,fixed_global_domain_transform,synthetic_source_domain,TMC-2,True,False,fixed_rotation_scale_bias_nonlinearity,0.02
iirs_tmc2_fixed_01422,ch2_tmc_nca_20260813T1023298778_d_img_d18_r131328_c002304,333,2,controlled_synthetic,fixed_global_domain_transform,synthetic_source_domain,TMC-2,True,False,fixed_rotation_scale_bias_nonlinearity,0.03
iirs_tmc2_fixed_01423,ch2_tmc_nca_20260813T1023298778_d_img_d18_r131328_c002304,333,3,controlled_synthetic,fixed_global_domain_transform,synthetic_source_domain,TMC-2,True,False,fixed_rotation_scale_bias_nonlinearity,0.02
iirs_tmc2_fixed_01424,ch2_tmc_nca_20260813T1023298778_d_img_d18_r131328_c002304,333,4,controlled_synthetic,fixed_global_domain_transform,synthetic_source_domain,TMC-2,True,False,fixed_rotation_scale_bias_nonlinearity,0.01
iirs_tmc2_fixed_01425,ch2_tmc_nca_20260813T1023298778_d_img_d18_r128000_c003584,233,0,controlled_synthetic,fixed_global_domain_transform,synthetic_source_domain,TMC-2,True,False,fixed_rotation_scale_bias_nonlinearity,0.01
iirs_tmc2_fixed_01426,ch2_tmc_nca_20260813T1023298778_d_img_d18_r128000_c003584,233,1,controlled_synthetic,fixed_global_domain_transform,synthetic_source_domain,TMC-2,True,False,fixed_rotation_scale_bias_nonlinearity,0.02
iirs_tmc2_fixed_01427,ch2_tmc_nca_20260813T1023298778_d_img_d18_r128000_c003584,233,2,controlled_synthetic,fixed_global_domain_transform,synthetic_source_domain,TMC-2,True,False,fixed_rotation_scale_bias_nonlinearity,0.03
iirs_tmc2_fixed_01428,ch2_tmc_nca_20260813T1023298778_d_img_d18_r128000_c003584,233,3,controlled_synthetic,fixed_global_domain_transform,synthetic_source_domain,TMC-2,True,False,fixed_rotation_scale_bias_nonlinearity,0.02
iirs_tmc2_fixed_01429,ch2_tmc_nca_20260813T1023298778_d_img_d18_r128000_c003584,233,4,controlled_synthetic,fixed_global_domain_transform,synthetic_source_domain,TMC-2,True,False,fixed_rotation_scale_bias_nonlinearity,0.01
iirs_tmc2_fixed_01430,ch2_tmc_nca_20260813T1023298778_d_img_d18_r014848_c002048,241,0,controlled_synthetic,fixed_global_domain_transform,synthetic_source_domain,TMC-2,True,False,fixed_rotation_scale_bias_nonlinearity,0.01
iirs_tmc2_fixed_01431,ch2_tmc_nca_20260813T1023298778_d_img_d18_r014848_c002048,241,1,controlled_synthetic,fixed_global_domain_transform,synthetic_source_domain,TMC-2,True,False,fixed_rotation_scale_bias_nonlinearity,0.02
iirs_tmc2_fixed_01432,ch2_tmc_nca_20260813T1023298778_d_img_d18_r014848_c002048,241,2,controlled_synthetic,fixed_global_domain_transform,synthetic_source_domain,TMC-2,True,False,fixed_rotation_scale_bias_nonlinearity,0.03
iirs_tmc2_fixed_01433,ch2_tmc_nca_20260813T1023298778_d_img_d18_r014848_c002048,241,3,controlled_synthetic,fixed_global_domain_transform,synthetic_source_domain,TMC-2,True,False,fixed_rotation_scale_bias_nonlinearity,0.02
iirs_tmc2_fixed_01434,ch2_tmc_nca_20260813T1023298778_d_img_d18_r014848_c002048,241,4,controlled_synthetic,fixed_global_domain_transform,synthetic_source_domain,TMC-2,True,False,fixed_rotation_scale_bias_nonlinearity,0.01
iirs_tmc2_fixed_01435,ch2_tmc_nca_20260813T1023298778_d_img_d18_r059648_c002560,214,0,controlled_synthetic,fixed_global_domain_transform,synthetic_source_domain,TMC-2,True,False,fixed_rotation_scale_bias_nonlinearity,0.01
iirs_tmc2_fixed_01436,ch2_tmc_nca_20260813T1023298778_d_img_d18_r059648_c002560,214,1,controlled_synthetic,fixed_global_domain_transform,synthetic_source_domain,TMC-2,True,False,fixed_rotation_scale_bias_nonlinearity,0.02
iirs_tmc2_fixed_01437,ch2_tmc_nca_20260813T1023298778_d_img_d18_r059648_c002560,214,2,controlled_synthetic,fixed_global_domain_transform,synthetic_source_domain,TMC-2,True,False,fixed_rotation_scale_bias_nonlinearity,0.03
iirs_tmc2_fixed_01438,ch2_tmc_nca_20260813T1023298778_d_img_d18_r059648_c002560,214,3,controlled_synthetic,fixed_global_domain_transform,synthetic_source_domain,TMC-2,True,False,fixed_rotation_scale_bias_nonlinearity,0.02
iirs_tmc2_fixed_01439,ch2_tmc_nca_20260813T1023298778_d_img_d18_r059648_c002560,214,4,controlled_synthetic,fixed_global_domain_transform,synthetic_source_domain,TMC-2,True,False,fixed_rotation_scale_bias_nonlinearity,0.01
iirs_tmc2_fixed_01440,ch2_tmc_nca_20260813T1023298778_d_img_d18_r037632_c001024,287,0,controlled_synthetic,fixed_global_domain_transform,synthetic_source_domain,TMC-2,True,False,fixed_rotation_scale_bias_nonlinearity,0.01
iirs_tmc2_fixed_01441,ch2_tmc_nca_20260813T1023298778_d_img_d18_r037632_c001024,287,1,controlled_synthetic,fixed_global_domain_transform,synthetic_source_domain,TMC-2,True,False,fixed_rotation_scale_bias_nonlinearity,0.02
iirs_tmc2_fixed_01442,ch2_tmc_nca_20260813T1023298778_d_img_d18_r037632_c001024,287,2,controlled_synthetic,fixed_global_domain_transform,synthetic_source_domain,TMC-2,True,False,fixed_rotation_scale_bias_nonlinearity,0.03
iirs_tmc2_fixed_01443,ch2_tmc_nca_20260813T1023298778_d_img_d18_r037632_c001024,287,3,controlled_synthetic,fixed_global_domain_transform,synthetic_source_domain,TMC-2,True,False,fixed_rotation_scale_bias_nonlinearity,0.02
iirs_tmc2_fixed_01444,ch2_tmc_nca_20260813T1023298778_d_img_d18_r037632_c001024,287,4,controlled_synthetic,fixed_global_domain_transform,synthetic_source_domain,TMC-2,True,False,fixed_rotation_scale_bias_nonlinearity,0.01
iirs_tmc2_fixed_01445,ch2_tmc_nca_20260813T1023298778_d_img_d18_r126208_c001024,68,0,controlled_synthetic,fixed_global_domain_transform,synthetic_source_domain,TMC-2,True,False,fixed_rotation_scale_bias_nonlinearity,0.01
iirs_tmc2_fixed_01446,ch2_tmc_nca_20260813T1023298778_d_img_d18_r126208_c001024,68,1,controlled_synthetic,fixed_global_domain_transform,synthetic_source_domain,TMC-2,True,False,fixed_rotation_scale_bias_nonlinearity,0.02
iirs_tmc2_fixed_01447,ch2_tmc_nca_20260813T1023298778_d_img_d18_r126208_c001024,68,2,controlled_synthetic,fixed_global_domain_transform,synthetic_source_domain,TMC-2,True,False,fixed_rotation_scale_bias_nonlinearity,0.03
iirs_tmc2_fixed_01448,ch2_tmc_nca_20260813T1023298778_d_img_d18_r126208_c001024,68,3,controlled_synthetic,fixed_global_domain_transform,synthetic_source_domain,TMC-2,True,False,fixed_rotation_scale_bias_nonlinearity,0.02
iirs_tmc2_fixed_01449,ch2_tmc_nca_20260813T1023298778_d_img_d18_r126208_c001024,68,4,controlled_synthetic,fixed_global_domain_transform,synthetic_source_domain,TMC-2,True,False,fixed_rotation_scale_bias_nonlinearity,0.01
iirs_tmc2_fixed_01450,ch2_tmc_nca_20260813T1023298778_d_img_d18_r050432_c001792,78,0,controlled_synthetic,fixed_global_domain_transform,synthetic_source_domain,TMC-2,True,False,fixed_rotation_scale_bias_nonlinearity,0.01
iirs_tmc2_fixed_01451,ch2_tmc_nca_20260813T1023298778_d_img_d18_r050432_c001792,78,1,controlled_synthetic,fixed_global_domain_transform,synthetic_source_domain,TMC-2,True,False,fixed_rotation_scale_bias_nonlinearity,0.02
iirs_tmc2_fixed_01452,ch2_tmc_nca_20260813T1023298778_d_img_d18_r050432_c001792,78,2,controlled_synthetic,fixed_global_domain_transform,synthetic_source_domain,TMC-2,True,False,fixed_rotation_scale_bias_nonlinearity,0.03
iirs_tmc2_fixed_01453,ch2_tmc_nca_20260813T1023298778_d_img_d18_r050432_c001792,78,3,controlled_synthetic,fixed_global_domain_transform,synthetic_source_domain,TMC-2,True,False,fixed_rotation_scale_bias_nonlinearity,0.02
iirs_tmc2_fixed_01454,ch2_tmc_nca_20260813T1023298778_d_img_d18_r050432_c001792,78,4,controlled_synthetic,fixed_global_domain_transform,synthetic_source_domain,TMC-2,True,False,fixed_rotation_scale_bias_nonlinearity,0.01
iirs_tmc2_fixed_01455,ch2_tmc_nca_20260813T1023298778_d_img_d18_r142080_c002816,72,0,controlled_synthetic,fixed_global_domain_transform,synthetic_source_domain,TMC-2,True,False,fixed_rotation_scale_bias_nonlinearity,0.01
iirs_tmc2_fixed_01456,ch2_tmc_nca_20260813T1023298778_d_img_d18_r142080_c002816,72,1,controlled_synthetic,fixed_global_domain_transform,synthetic_source_domain,TMC-2,True,False,fixed_rotation_scale_bias_nonlinearity,0.02
iirs_tmc2_fixed_01457,ch2_tmc_nca_20260813T1023298778_d_img_d18_r142080_c002816,72,2,controlled_synthetic,fixed_global_domain_transform,synthetic_source_domain,TMC-2,True,False,fixed_rotation_scale_bias_nonlinearity,0.03
iirs_tmc2_fixed_01458,ch2_tmc_nca_20260813T1023298778_d_img_d18_r142080_c002816,72,3,controlled_synthetic,fixed_global_domain_transform,synthetic_source_domain,TMC-2,True,False,fixed_rotation_scale_bias_nonlinearity,0.02
iirs_tmc2_fixed_01459,ch2_tmc_nca_20260813T1023298778_d_img_d18_r142080_c002816,72,4,controlled_synthetic,fixed_global_domain_transform,synthetic_source_domain,TMC-2,True,False,fixed_rotation_scale_bias_nonlinearity,0.01
iirs_tmc2_fixed_01460,ch2_tmc_nca_20260813T1023298778_d_img_d18_r073472_c002816,155,0,controlled_synthetic,fixed_global_domain_transform,synthetic_source_domain,TMC-2,True,False,fixed_rotation_scale_bias_nonlinearity,0.01
iirs_tmc2_fixed_01461,ch2_tmc_nca_20260813T1023298778_d_img_d18_r073472_c002816,155,1,controlled_synthetic,fixed_global_domain_transform,synthetic_source_domain,TMC-2,True,False,fixed_rotation_scale_bias_nonlinearity,0.02
iirs_tmc2_fixed_01462,ch2_tmc_nca_20260813T1023298778_d_img_d18_r073472_c002816,155,2,controlled_synthetic,fixed_global_domain_transform,synthetic_source_domain,TMC-2,True,False,fixed_rotation_scale_bias_nonlinearity,0.03
iirs_tmc2_fixed_01463,ch2_tmc_nca_20260813T1023298778_d_img_d18_r073472_c002816,155,3,controlled_synthetic,fixed_global_domain_transform,synthetic_source_domain,TMC-2,True,False,fixed_rotation_scale_bias_nonlinearity,0.02
iirs_tmc2_fixed_01464,ch2_tmc_nca_20260813T1023298778_d_img_d18_r073472_c002816,155,4,controlled_synthetic,fixed_global_domain_transform,synthetic_source_domain,TMC-2,True,False,fixed_rotation_scale_bias_nonlinearity,0.01
iirs_tmc2_fixed_01465,ch2_tmc_nca_20260813T1023298778_d_img_d18_r030976_c001024,133,0,controlled_synthetic,fixed_global_domain_transform,synthetic_source_domain,TMC-2,True,False,fixed_rotation_scale_bias_nonlinearity,0.01
iirs_tmc2_fixed_01466,ch2_tmc_nca_20260813T1023298778_d_img_d18_r030976_c001024,133,1,controlled_synthetic,fixed_global_domain_transform,synthetic_source_domain,TMC-2,True,False,fixed_rotation_scale_bias_nonlinearity,0.02
iirs_tmc2_fixed_01467,ch2_tmc_nca_20260813T1023298778_d_img_d18_r030976_c001024,133,2,controlled_synthetic,fixed_global_domain_transform,synthetic_source_domain,TMC-2,True,False,fixed_rotation_scale_bias_nonlinearity,0.03
iirs_tmc2_fixed_01468,ch2_tmc_nca_20260813T1023298778_d_img_d18_r030976_c001024,133,3,controlled_synthetic,fixed_global_domain_transform,synthetic_source_domain,TMC-2,True,False,fixed_rotation_scale_bias_nonlinearity,0.02
iirs_tmc2_fixed_01469,ch2_tmc_nca_20260813T1023298778_d_img_d18_r030976_c001024,133,4,controlled_synthetic,fixed_global_domain_transform,synthetic_source_domain,TMC-2,True,False,fixed_rotation_scale_bias_nonlinearity,0.01
iirs_tmc2_fixed_01470,ch2_tmc_nca_20260813T1023298778_d_img_d18_r128768_c003328,80,0,controlled_synthetic,fixed_global_domain_transform,synthetic_source_domain,TMC-2,True,False,fixed_rotation_scale_bias_nonlinearity,0.01
iirs_tmc2_fixed_01471,ch2_tmc_nca_20260813T1023298778_d_img_d18_r128768_c003328,80,1,controlled_synthetic,fixed_global_domain_transform,synthetic_source_domain,TMC-2,True,False,fixed_rotation_scale_bias_nonlinearity,0.02
iirs_tmc2_fixed_01472,ch2_tmc_nca_20260813T1023298778_d_img_d18_r128768_c003328,80,2,controlled_synthetic,fixed_global_domain_transform,synthetic_source_domain,TMC-2,True,False,fixed_rotation_scale_bias_nonlinearity,0.03
iirs_tmc2_fixed_01473,ch2_tmc_nca_20260813T1023298778_d_img_d18_r128768_c003328,80,3,controlled_synthetic,fixed_global_domain_transform,synthetic_source_domain,TMC-2,True,False,fixed_rotation_scale_bias_nonlinearity,0.02
iirs_tmc2_fixed_01474,ch2_tmc_nca_20260813T1023298778_d_img_d18_r128768_c003328,80,4,controlled_synthetic,fixed_global_domain_transform,synthetic_source_domain,TMC-2,True,False,fixed_rotation_scale_bias_nonlinearity,0.01
iirs_tmc2_fixed_01475,ch2_tmc_nca_20260813T1023298778_d_img_d18_r102400_c003328,256,0,controlled_synthetic,fixed_global_domain_transform,synthetic_source_domain,TMC-2,True,False,fixed_rotation_scale_bias_nonlinearity,0.01
iirs_tmc2_fixed_01476,ch2_tmc_nca_20260813T1023298778_d_img_d18_r102400_c003328,256,1,controlled_synthetic,fixed_global_domain_transform,synthetic_source_domain,TMC-2,True,False,fixed_rotation_scale_bias_nonlinearity,0.02
iirs_tmc2_fixed_01477,ch2_tmc_nca_20260813T1023298778_d_img_d18_r102400_c003328,256,2,controlled_synthetic,fixed_global_domain_transform,synthetic_source_domain,TMC-2,True,False,fixed_rotation_scale_bias_nonlinearity,0.03
iirs_tmc2_fixed_01478,ch2_tmc_nca_20260813T1023298778_d_img_d18_r102400_c003328,256,3,controlled_synthetic,fixed_global_domain_transform,synthetic_source_domain,TMC-2,True,False,fixed_rotation_scale_bias_nonlinearity,0.02
iirs_tmc2_fixed_01479,ch2_tmc_nca_20260813T1023298778_d_img_d18_r102400_c003328,256,4,controlled_synthetic,fixed_global_domain_transform,synthetic_source_domain,TMC-2,True,False,fixed_rotation_scale_bias_nonlinearity,0.01
iirs_tmc2_fixed_01480,ch2_tmc_nca_20260813T1023298778_d_img_d18_r077056_c001024,285,0,controlled_synthetic,fixed_global_domain_transform,synthetic_source_domain,TMC-2,True,False,fixed_rotation_scale_bias_nonlinearity,0.01
iirs_tmc2_fixed_01481,ch2_tmc_nca_20260813T1023298778_d_img_d18_r077056_c001024,285,1,controlled_synthetic,fixed_global_domain_transform,synthetic_source_domain,TMC-2,True,False,fixed_rotation_scale_bias_nonlinearity,0.02
iirs_tmc2_fixed_01482,ch2_tmc_nca_20260813T1023298778_d_img_d18_r077056_c001024,285,2,controlled_synthetic,fixed_global_domain_transform,synthetic_source_domain,TMC-2,True,False,fixed_rotation_scale_bias_nonlinearity,0.03
iirs_tmc2_fixed_01483,ch2_tmc_nca_20260813T1023298778_d_img_d18_r077056_c001024,285,3,controlled_synthetic,fixed_global_domain_transform,synthetic_source_domain,TMC-2,True,False,fixed_rotation_scale_bias_nonlinearity,0.02
iirs_tmc2_fixed_01484,ch2_tmc_nca_20260813T1023298778_d_img_d18_r077056_c001024,285,4,controlled_synthetic,fixed_global_domain_transform,synthetic_source_domain,TMC-2,True,False,fixed_rotation_scale_bias_nonlinearity,0.01
iirs_tmc2_fixed_01485,ch2_tmc_nca_20260813T1023298778_d_img_d18_r008448_c002560,194,0,controlled_synthetic,fixed_global_domain_transform,synthetic_source_domain,TMC-2,True,False,fixed_rotation_scale_bias_nonlinearity,0.01
iirs_tmc2_fixed_01486,ch2_tmc_nca_20260813T1023298778_d_img_d18_r008448_c002560,194,1,controlled_synthetic,fixed_global_domain_transform,synthetic_source_domain,TMC-2,True,False,fixed_rotation_scale_bias_nonlinearity,0.02
iirs_tmc2_fixed_01487,ch2_tmc_nca_20260813T1023298778_d_img_d18_r008448_c002560,194,2,controlled_synthetic,fixed_global_domain_transform,synthetic_source_domain,TMC-2,True,False,fixed_rotation_scale_bias_nonlinearity,0.03
iirs_tmc2_fixed_01488,ch2_tmc_nca_20260813T1023298778_d_img_d18_r008448_c002560,194,3,controlled_synthetic,fixed_global_domain_transform,synthetic_source_domain,TMC-2,True,False,fixed_rotation_scale_bias_nonlinearity,0.02
iirs_tmc2_fixed_01489,ch2_tmc_nca_20260813T1023298778_d_img_d18_r008448_c002560,194,4,controlled_synthetic,fixed_global_domain_transform,synthetic_source_domain,TMC-2,True,False,fixed_rotation_scale_bias_nonlinearity,0.01
iirs_tmc2_fixed_01490,ch2_tmc_nca_20260813T1023298778_d_img_d18_r109824_c001280,319,0,controlled_synthetic,fixed_global_domain_transform,synthetic_source_domain,TMC-2,True,False,fixed_rotation_scale_bias_nonlinearity,0.01
iirs_tmc2_fixed_01491,ch2_tmc_nca_20260813T1023298778_d_img_d18_r109824_c001280,319,1,controlled_synthetic,fixed_global_domain_transform,synthetic_source_domain,TMC-2,True,False,fixed_rotation_scale_bias_nonlinearity,0.02
iirs_tmc2_fixed_01492,ch2_tmc_nca_20260813T1023298778_d_img_d18_r109824_c001280,319,2,controlled_synthetic,fixed_global_domain_transform,synthetic_source_domain,TMC-2,True,False,fixed_rotation_scale_bias_nonlinearity,0.03
iirs_tmc2_fixed_01493,ch2_tmc_nca_20260813T1023298778_d_img_d18_r109824_c001280,319,3,controlled_synthetic,fixed_global_domain_transform,synthetic_source_domain,TMC-2,True,False,fixed_rotation_scale_bias_nonlinearity,0.02
iirs_tmc2_fixed_01494,ch2_tmc_nca_20260813T1023298778_d_img_d18_r109824_c001280,319,4,controlled_synthetic,fixed_global_domain_transform,synthetic_source_domain,TMC-2,True,False,fixed_rotation_scale_bias_nonlinearity,0.01
iirs_tmc2_fixed_01495,ch2_tmc_nca_20260813T1023298778_d_img_d18_r104192_c003328,396,0,controlled_synthetic,fixed_global_domain_transform,synthetic_source_domain,TMC-2,True,False,fixed_rotation_scale_bias_nonlinearity,0.01
iirs_tmc2_fixed_01496,ch2_tmc_nca_20260813T1023298778_d_img_d18_r104192_c003328,396,1,controlled_synthetic,fixed_global_domain_transform,synthetic_source_domain,TMC-2,True,False,fixed_rotation_scale_bias_nonlinearity,0.02
iirs_tmc2_fixed_01497,ch2_tmc_nca_20260813T1023298778_d_img_d18_r104192_c003328,396,2,controlled_synthetic,fixed_global_domain_transform,synthetic_source_domain,TMC-2,True,False,fixed_rotation_scale_bias_nonlinearity,0.03
iirs_tmc2_fixed_01498,ch2_tmc_nca_20260813T1023298778_d_img_d18_r104192_c003328,396,3,controlled_synthetic,fixed_global_domain_transform,synthetic_source_domain,TMC-2,True,False,fixed_rotation_scale_bias_nonlinearity,0.02
iirs_tmc2_fixed_01499,ch2_tmc_nca_20260813T1023298778_d_img_d18_r104192_c003328,396,4,controlled_synthetic,fixed_global_domain_transform,synthetic_source_domain,TMC-2,True,False,fixed_rotation_scale_bias_nonlinearity,0.01
iirs_tmc2_fixed_01500,ch2_tmc_nca_20260813T1023298778_d_img_d18_r058880_c002816,278,0,controlled_synthetic,fixed_global_domain_transform,synthetic_source_domain,TMC-2,True,False,fixed_rotation_scale_bias_nonlinearity,0.01
iirs_tmc2_fixed_01501,ch2_tmc_nca_20260813T1023298778_d_img_d18_r058880_c002816,278,1,controlled_synthetic,fixed_global_domain_transform,synthetic_source_domain,TMC-2,True,False,fixed_rotation_scale_bias_nonlinearity,0.02
iirs_tmc2_fixed_01502,ch2_tmc_nca_20260813T1023298778_d_img_d18_r058880_c002816,278,2,controlled_synthetic,fixed_global_domain_transform,synthetic_source_domain,TMC-2,True,False,fixed_rotation_scale_bias_nonlinearity,0.03
iirs_tmc2_fixed_01503,ch2_tmc_nca_20260813T1023298778_d_img_d18_r058880_c002816,278,3,controlled_synthetic,fixed_global_domain_transform,synthetic_source_domain,TMC-2,True,False,fixed_rotation_scale_bias_nonlinearity,0.02
iirs_tmc2_fixed_01504,ch2_tmc_nca_20260813T1023298778_d_img_d18_r058880_c002816,278,4,controlled_synthetic,fixed_global_domain_transform,synthetic_source_domain,TMC-2,True,False,fixed_rotation_scale_bias_nonlinearity,0.01
iirs_tmc2_fixed_01505,ch2_tmc_nca_20260813T1023298778_d_img_d18_r089344_c000000,113,0,controlled_synthetic,fixed_global_domain_transform,synthetic_source_domain,TMC-2,True,False,fixed_rotation_scale_bias_nonlinearity,0.01
iirs_tmc2_fixed_01506,ch2_tmc_nca_20260813T1023298778_d_img_d18_r089344_c000000,113,1,controlled_synthetic,fixed_global_domain_transform,synthetic_source_domain,TMC-2,True,False,fixed_rotation_scale_bias_nonlinearity,0.02
iirs_tmc2_fixed_01507,ch2_tmc_nca_20260813T1023298778_d_img_d18_r089344_c000000,113,2,controlled_synthetic,fixed_global_domain_transform,synthetic_source_domain,TMC-2,True,False,fixed_rotation_scale_bias_nonlinearity,0.03
iirs_tmc2_fixed_01508,ch2_tmc_nca_20260813T1023298778_d_img_d18_r089344_c000000,113,3,controlled_synthetic,fixed_global_domain_transform,synthetic_source_domain,TMC-2,True,False,fixed_rotation_scale_bias_nonlinearity,0.02
iirs_tmc2_fixed_01509,ch2_tmc_nca_20260813T1023298778_d_img_d18_r089344_c000000,113,4,controlled_synthetic,fixed_global_domain_transform,synthetic_source_domain,TMC-2,True,False,fixed_rotation_scale_bias_nonlinearity,0.01
iirs_tmc2_fixed_01510,ch2_tmc_nca_20260813T1023298778_d_img_d18_r059136_c003072,339,0,controlled_synthetic,fixed_global_domain_transform,synthetic_source_domain,TMC-2,True,False,fixed_rotation_scale_bias_nonlinearity,0.01
iirs_tmc2_fixed_01511,ch2_tmc_nca_20260813T1023298778_d_img_d18_r059136_c003072,339,1,controlled_synthetic,fixed_global_domain_transform,synthetic_source_domain,TMC-2,True,False,fixed_rotation_scale_bias_nonlinearity,0.02
iirs_tmc2_fixed_01512,ch2_tmc_nca_20260813T1023298778_d_img_d18_r059136_c003072,339,2,controlled_synthetic,fixed_global_domain_transform,synthetic_source_domain,TMC-2,True,False,fixed_rotation_scale_bias_nonlinearity,0.03
iirs_tmc2_fixed_01513,ch2_tmc_nca_20260813T1023298778_d_img_d18_r059136_c003072,339,3,controlled_synthetic,fixed_global_domain_transform,synthetic_source_domain,TMC-2,True,False,fixed_rotation_scale_bias_nonlinearity,0.02
iirs_tmc2_fixed_01514,ch2_tmc_nca_20260813T1023298778_d_img_d18_r059136_c003072,339,4,controlled_synthetic,fixed_global_domain_transform,synthetic_source_domain,TMC-2,True,False,fixed_rotation_scale_bias_nonlinearity,0.01
iirs_tmc2_fixed_01515,ch2_tmc_nca_20260813T1023298778_d_img_d18_r096000_c002816,125,0,controlled_synthetic,fixed_global_domain_transform,synthetic_source_domain,TMC-2,True,False,fixed_rotation_scale_bias_nonlinearity,0.01
iirs_tmc2_fixed_01516,ch2_tmc_nca_20260813T1023298778_d_img_d18_r096000_c002816,125,1,controlled_synthetic,fixed_global_domain_transform,synthetic_source_domain,TMC-2,True,False,fixed_rotation_scale_bias_nonlinearity,0.02
iirs_tmc2_fixed_01517,ch2_tmc_nca_20260813T1023298778_d_img_d18_r096000_c002816,125,2,controlled_synthetic,fixed_global_domain_transform,synthetic_source_domain,TMC-2,True,False,fixed_rotation_scale_bias_nonlinearity,0.03
iirs_tmc2_fixed_01518,ch2_tmc_nca_20260813T1023298778_d_img_d18_r096000_c002816,125,3,controlled_synthetic,fixed_global_domain_transform,synthetic_source_domain,TMC-2,True,False,fixed_rotation_scale_bias_nonlinearity,0.02
iirs_tmc2_fixed_01519,ch2_tmc_nca_20260813T1023298778_d_img_d18_r096000_c002816,125,4,controlled_synthetic,fixed_global_domain_transform,synthetic_source_domain,TMC-2,True,False,fixed_rotation_scale_bias_nonlinearity,0.01
iirs_tmc2_fixed_01520,ch2_tmc_nca_20260813T1023298778_d_img_d18_r108544_c000256,88,0,controlled_synthetic,fixed_global_domain_transform,synthetic_source_domain,TMC-2,True,False,fixed_rotation_scale_bias_nonlinearity,0.01
iirs_tmc2_fixed_01521,ch2_tmc_nca_20260813T1023298778_d_img_d18_r108544_c000256,88,1,controlled_synthetic,fixed_global_domain_transform,synthetic_source_domain,TMC-2,True,False,fixed_rotation_scale_bias_nonlinearity,0.02
iirs_tmc2_fixed_01522,ch2_tmc_nca_20260813T1023298778_d_img_d18_r108544_c000256,88,2,controlled_synthetic,fixed_global_domain_transform,synthetic_source_domain,TMC-2,True,False,fixed_rotation_scale_bias_nonlinearity,0.03
iirs_tmc2_fixed_01523,ch2_tmc_nca_20260813T1023298778_d_img_d18_r108544_c000256,88,3,controlled_synthetic,fixed_global_domain_transform,synthetic_source_domain,TMC-2,True,False,fixed_rotation_scale_bias_nonlinearity,0.02
iirs_tmc2_fixed_01524,ch2_tmc_nca_20260813T1023298778_d_img_d18_r108544_c000256,88,4,controlled_synthetic,fixed_global_domain_transform,synthetic_source_domain,TMC-2,True,False,fixed_rotation_scale_bias_nonlinearity,0.01
iirs_tmc2_fixed_01525,ch2_tmc_nca_20260813T1023298778_d_img_d18_r005376_c002304,184,0,controlled_synthetic,fixed_global_domain_transform,synthetic_source_domain,TMC-2,True,False,fixed_rotation_scale_bias_nonlinearity,0.01
iirs_tmc2_fixed_01526,ch2_tmc_nca_20260813T1023298778_d_img_d18_r005376_c002304,184,1,controlled_synthetic,fixed_global_domain_transform,synthetic_source_domain,TMC-2,True,False,fixed_rotation_scale_bias_nonlinearity,0.02
iirs_tmc2_fixed_01527,ch2_tmc_nca_20260813T1023298778_d_img_d18_r005376_c002304,184,2,controlled_synthetic,fixed_global_domain_transform,synthetic_source_domain,TMC-2,True,False,fixed_rotation_scale_bias_nonlinearity,0.03
iirs_tmc2_fixed_01528,ch2_tmc_nca_20260813T1023298778_d_img_d18_r005376_c002304,184,3,controlled_synthetic,fixed_global_domain_transform,synthetic_source_domain,TMC-2,True,False,fixed_rotation_scale_bias_nonlinearity,0.02
iirs_tmc2_fixed_01529,ch2_tmc_nca_20260813T1023298778_d_img_d18_r005376_c002304,184,4,controlled_synthetic,fixed_global_domain_transform,synthetic_source_domain,TMC-2,True,False,fixed_rotation_scale_bias_nonlinearity,0.01
iirs_tmc2_fixed_01530,ch2_tmc_nca_20260813T1023298778_d_img_d18_r074752_c002048,231,0,controlled_synthetic,fixed_global_domain_transform,synthetic_source_domain,TMC-2,True,False,fixed_rotation_scale_bias_nonlinearity,0.01
iirs_tmc2_fixed_01531,ch2_tmc_nca_20260813T1023298778_d_img_d18_r074752_c002048,231,1,controlled_synthetic,fixed_global_domain_transform,synthetic_source_domain,TMC-2,True,False,fixed_rotation_scale_bias_nonlinearity,0.02
iirs_tmc2_fixed_01532,ch2_tmc_nca_20260813T1023298778_d_img_d18_r074752_c002048,231,2,controlled_synthetic,fixed_global_domain_transform,synthetic_source_domain,TMC-2,True,False,fixed_rotation_scale_bias_nonlinearity,0.03
iirs_tmc2_fixed_01533,ch2_tmc_nca_20260813T1023298778_d_img_d18_r074752_c002048,231,3,controlled_synthetic,fixed_global_domain_transform,synthetic_source_domain,TMC-2,True,False,fixed_rotation_scale_bias_nonlinearity,0.02
iirs_tmc2_fixed_01534,ch2_tmc_nca_20260813T1023298778_d_img_d18_r074752_c002048,231,4,controlled_synthetic,fixed_global_domain_transform,synthetic_source_domain,TMC-2,True,False,fixed_rotation_scale_bias_nonlinearity,0.01
iirs_tmc2_fixed_01535,ch2_tmc_nca_20260813T1023298778_d_img_d18_r120064_c002048,267,0,controlled_synthetic,fixed_global_domain_transform,synthetic_source_domain,TMC-2,True,False,fixed_rotation_scale_bias_nonlinearity,0.01
iirs_tmc2_fixed_01536,ch2_tmc_nca_20260813T1023298778_d_img_d18_r120064_c002048,267,1,controlled_synthetic,fixed_global_domain_transform,synthetic_source_domain,TMC-2,True,False,fixed_rotation_scale_bias_nonlinearity,0.02
iirs_tmc2_fixed_01537,ch2_tmc_nca_20260813T1023298778_d_img_d18_r120064_c002048,267,2,controlled_synthetic,fixed_global_domain_transform,synthetic_source_domain,TMC-2,True,False,fixed_rotation_scale_bias_nonlinearity,0.03
iirs_tmc2_fixed_01538,ch2_tmc_nca_20260813T1023298778_d_img_d18_r120064_c002048,267,3,controlled_synthetic,fixed_global_domain_transform,synthetic_source_domain,TMC-2,True,False,fixed_rotation_scale_bias_nonlinearity,0.02
iirs_tmc2_fixed_01539,ch2_tmc_nca_20260813T1023298778_d_img_d18_r120064_c002048,267,4,controlled_synthetic,fixed_global_domain_transform,synthetic_source_domain,TMC-2,True,False,fixed_rotation_scale_bias_nonlinearity,0.01
iirs_tmc2_fixed_01540,ch2_tmc_nca_20260813T1023298778_d_img_d18_r123136_c000000,376,0,controlled_synthetic,fixed_global_domain_transform,synthetic_source_domain,TMC-2,True,False,fixed_rotation_scale_bias_nonlinearity,0.01
iirs_tmc2_fixed_01541,ch2_tmc_nca_20260813T1023298778_d_img_d18_r123136_c000000,376,1,controlled_synthetic,fixed_global_domain_transform,synthetic_source_domain,TMC-2,True,False,fixed_rotation_scale_bias_nonlinearity,0.02
iirs_tmc2_fixed_01542,ch2_tmc_nca_20260813T1023298778_d_img_d18_r123136_c000000,376,2,controlled_synthetic,fixed_global_domain_transform,synthetic_source_domain,TMC-2,True,False,fixed_rotation_scale_bias_nonlinearity,0.03
iirs_tmc2_fixed_01543,ch2_tmc_nca_20260813T1023298778_d_img_d18_r123136_c000000,376,3,controlled_synthetic,fixed_global_domain_transform,synthetic_source_domain,TMC-2,True,False,fixed_rotation_scale_bias_nonlinearity,0.02
iirs_tmc2_fixed_01544,ch2_tmc_nca_20260813T1023298778_d_img_d18_r123136_c000000,376,4,controlled_synthetic,fixed_global_domain_transform,synthetic_source_domain,TMC-2,True,False,fixed_rotation_scale_bias_nonlinearity,0.01
iirs_tmc2_fixed_01545,ch2_tmc_nca_20260813T1023298778_d_img_d18_r018688_c003072,187,0,controlled_synthetic,fixed_global_domain_transform,synthetic_source_domain,TMC-2,True,False,fixed_rotation_scale_bias_nonlinearity,0.01
iirs_tmc2_fixed_01546,ch2_tmc_nca_20260813T1023298778_d_img_d18_r018688_c003072,187,1,controlled_synthetic,fixed_global_domain_transform,synthetic_source_domain,TMC-2,True,False,fixed_rotation_scale_bias_nonlinearity,0.02
iirs_tmc2_fixed_01547,ch2_tmc_nca_20260813T1023298778_d_img_d18_r018688_c003072,187,2,controlled_synthetic,fixed_global_domain_transform,synthetic_source_domain,TMC-2,True,False,fixed_rotation_scale_bias_nonlinearity,0.03
iirs_tmc2_fixed_01548,ch2_tmc_nca_20260813T1023298778_d_img_d18_r018688_c003072,187,3,controlled_synthetic,fixed_global_domain_transform,synthetic_source_domain,TMC-2,True,False,fixed_rotation_scale_bias_nonlinearity,0.02
iirs_tmc2_fixed_01549,ch2_tmc_nca_20260813T1023298778_d_img_d18_r018688_c003072,187,4,controlled_synthetic,fixed_global_domain_transform,synthetic_source_domain,TMC-2,True,False,fixed_rotation_scale_bias_nonlinearity,0.01
iirs_tmc2_fixed_01550,ch2_tmc_nca_20260813T1023298778_d_img_d18_r000768_c002304,237,0,controlled_synthetic,fixed_global_domain_transform,synthetic_source_domain,TMC-2,True,False,fixed_rotation_scale_bias_nonlinearity,0.01
iirs_tmc2_fixed_01551,ch2_tmc_nca_20260813T1023298778_d_img_d18_r000768_c002304,237,1,controlled_synthetic,fixed_global_domain_transform,synthetic_source_domain,TMC-2,True,False,fixed_rotation_scale_bias_nonlinearity,0.02
iirs_tmc2_fixed_01552,ch2_tmc_nca_20260813T1023298778_d_img_d18_r000768_c002304,237,2,controlled_synthetic,fixed_global_domain_transform,synthetic_source_domain,TMC-2,True,False,fixed_rotation_scale_bias_nonlinearity,0.03
iirs_tmc2_fixed_01553,ch2_tmc_nca_20260813T1023298778_d_img_d18_r000768_c002304,237,3,controlled_synthetic,fixed_global_domain_transform,synthetic_source_domain,TMC-2,True,False,fixed_rotation_scale_bias_nonlinearity,0.02
iirs_tmc2_fixed_01554,ch2_tmc_nca_20260813T1023298778_d_img_d18_r000768_c002304,237,4,controlled_synthetic,fixed_global_domain_transform,synthetic_source_domain,TMC-2,True,False,fixed_rotation_scale_bias_nonlinearity,0.01
iirs_tmc2_fixed_01555,ch2_tmc_nca_20260813T1023298778_d_img_d18_r002816_c002816,165,0,controlled_synthetic,fixed_global_domain_transform,synthetic_source_domain,TMC-2,True,False,fixed_rotation_scale_bias_nonlinearity,0.01
iirs_tmc2_fixed_01556,ch2_tmc_nca_20260813T1023298778_d_img_d18_r002816_c002816,165,1,controlled_synthetic,fixed_global_domain_transform,synthetic_source_domain,TMC-2,True,False,fixed_rotation_scale_bias_nonlinearity,0.02
iirs_tmc2_fixed_01557,ch2_tmc_nca_20260813T1023298778_d_img_d18_r002816_c002816,165,2,controlled_synthetic,fixed_global_domain_transform,synthetic_source_domain,TMC-2,True,False,fixed_rotation_scale_bias_nonlinearity,0.03
iirs_tmc2_fixed_01558,ch2_tmc_nca_20260813T1023298778_d_img_d18_r002816_c002816,165,3,controlled_synthetic,fixed_global_domain_transform,synthetic_source_domain,TMC-2,True,False,fixed_rotation_scale_bias_nonlinearity,0.02
iirs_tmc2_fixed_01559,ch2_tmc_nca_20260813T1023298778_d_img_d18_r002816_c002816,165,4,controlled_synthetic,fixed_global_domain_transform,synthetic_source_domain,TMC-2,True,False,fixed_rotation_scale_bias_nonlinearity,0.01
iirs_tmc2_fixed_01560,ch2_tmc_nca_20260813T1023298778_d_img_d18_r038912_c001024,104,0,controlled_synthetic,fixed_global_domain_transform,synthetic_source_domain,TMC-2,True,False,fixed_rotation_scale_bias_nonlinearity,0.01
iirs_tmc2_fixed_01561,ch2_tmc_nca_20260813T1023298778_d_img_d18_r038912_c001024,104,1,controlled_synthetic,fixed_global_domain_transform,synthetic_source_domain,TMC-2,True,False,fixed_rotation_scale_bias_nonlinearity,0.02
iirs_tmc2_fixed_01562,ch2_tmc_nca_20260813T1023298778_d_img_d18_r038912_c001024,104,2,controlled_synthetic,fixed_global_domain_transform,synthetic_source_domain,TMC-2,True,False,fixed_rotation_scale_bias_nonlinearity,0.03
iirs_tmc2_fixed_01563,ch2_tmc_nca_20260813T1023298778_d_img_d18_r038912_c001024,104,3,controlled_synthetic,fixed_global_domain_transform,synthetic_source_domain,TMC-2,True,False,fixed_rotation_scale_bias_nonlinearity,0.02
iirs_tmc2_fixed_01564,ch2_tmc_nca_20260813T1023298778_d_img_d18_r038912_c001024,104,4,controlled_synthetic,fixed_global_domain_transform,synthetic_source_domain,TMC-2,True,False,fixed_rotation_scale_bias_nonlinearity,0.01
iirs_tmc2_fixed_01565,ch2_tmc_nca_20260813T1023298778_d_img_d18_r054784_c003584,73,0,controlled_synthetic,fixed_global_domain_transform,synthetic_source_domain,TMC-2,True,False,fixed_rotation_scale_bias_nonlinearity,0.01
iirs_tmc2_fixed_01566,ch2_tmc_nca_20260813T1023298778_d_img_d18_r054784_c003584,73,1,controlled_synthetic,fixed_global_domain_transform,synthetic_source_domain,TMC-2,True,False,fixed_rotation_scale_bias_nonlinearity,0.02
iirs_tmc2_fixed_01567,ch2_tmc_nca_20260813T1023298778_d_img_d18_r054784_c003584,73,2,controlled_synthetic,fixed_global_domain_transform,synthetic_source_domain,TMC-2,True,False,fixed_rotation_scale_bias_nonlinearity,0.03
iirs_tmc2_fixed_01568,ch2_tmc_nca_20260813T1023298778_d_img_d18_r054784_c003584,73,3,controlled_synthetic,fixed_global_domain_transform,synthetic_source_domain,TMC-2,True,False,fixed_rotation_scale_bias_nonlinearity,0.02
iirs_tmc2_fixed_01569,ch2_tmc_nca_20260813T1023298778_d_img_d18_r054784_c003584,73,4,controlled_synthetic,fixed_global_domain_transform,synthetic_source_domain,TMC-2,True,False,fixed_rotation_scale_bias_nonlinearity,0.01
iirs_tmc2_fixed_01570,ch2_tmc_nca_20260813T1023298778_d_img_d18_r001792_c002304,145,0,controlled_synthetic,fixed_global_domain_transform,synthetic_source_domain,TMC-2,True,False,fixed_rotation_scale_bias_nonlinearity,0.01
iirs_tmc2_fixed_01571,ch2_tmc_nca_20260813T1023298778_d_img_d18_r001792_c002304,145,1,controlled_synthetic,fixed_global_domain_transform,synthetic_source_domain,TMC-2,True,False,fixed_rotation_scale_bias_nonlinearity,0.02
iirs_tmc2_fixed_01572,ch2_tmc_nca_20260813T1023298778_d_img_d18_r001792_c002304,145,2,controlled_synthetic,fixed_global_domain_transform,synthetic_source_domain,TMC-2,True,False,fixed_rotation_scale_bias_nonlinearity,0.03
iirs_tmc2_fixed_01573,ch2_tmc_nca_20260813T1023298778_d_img_d18_r001792_c002304,145,3,controlled_synthetic,fixed_global_domain_transform,synthetic_source_domain,TMC-2,True,False,fixed_rotation_scale_bias_nonlinearity,0.02
iirs_tmc2_fixed_01574,ch2_tmc_nca_20260813T1023298778_d_img_d18_r001792_c002304,145,4,controlled_synthetic,fixed_global_domain_transform,synthetic_source_domain,TMC-2,True,False,fixed_rotation_scale_bias_nonlinearity,0.01
iirs_tmc2_fixed_01575,ch2_tmc_nca_20260813T1023298778_d_img_d18_r027904_c001024,251,0,controlled_synthetic,fixed_global_domain_transform,synthetic_source_domain,TMC-2,True,False,fixed_rotation_scale_bias_nonlinearity,0.01
iirs_tmc2_fixed_01576,ch2_tmc_nca_20260813T1023298778_d_img_d18_r027904_c001024,251,1,controlled_synthetic,fixed_global_domain_transform,synthetic_source_domain,TMC-2,True,False,fixed_rotation_scale_bias_nonlinearity,0.02
iirs_tmc2_fixed_01577,ch2_tmc_nca_20260813T1023298778_d_img_d18_r027904_c001024,251,2,controlled_synthetic,fixed_global_domain_transform,synthetic_source_domain,TMC-2,True,False,fixed_rotation_scale_bias_nonlinearity,0.03
iirs_tmc2_fixed_01578,ch2_tmc_nca_20260813T1023298778_d_img_d18_r027904_c001024,251,3,controlled_synthetic,fixed_global_domain_transform,synthetic_source_domain,TMC-2,True,False,fixed_rotation_scale_bias_nonlinearity,0.02
iirs_tmc2_fixed_01579,ch2_tmc_nca_20260813T1023298778_d_img_d18_r027904_c001024,251,4,controlled_synthetic,fixed_global_domain_transform,synthetic_source_domain,TMC-2,True,False,fixed_rotation_scale_bias_nonlinearity,0.01
iirs_tmc2_fixed_01580,ch2_tmc_nca_20260813T1023298778_d_img_d18_r024320_c002560,79,0,controlled_synthetic,fixed_global_domain_transform,synthetic_source_domain,TMC-2,True,False,fixed_rotation_scale_bias_nonlinearity,0.01
iirs_tmc2_fixed_01581,ch2_tmc_nca_20260813T1023298778_d_img_d18_r024320_c002560,79,1,controlled_synthetic,fixed_global_domain_transform,synthetic_source_domain,TMC-2,True,False,fixed_rotation_scale_bias_nonlinearity,0.02
iirs_tmc2_fixed_01582,ch2_tmc_nca_20260813T1023298778_d_img_d18_r024320_c002560,79,2,controlled_synthetic,fixed_global_domain_transform,synthetic_source_domain,TMC-2,True,False,fixed_rotation_scale_bias_nonlinearity,0.03
iirs_tmc2_fixed_01583,ch2_tmc_nca_20260813T1023298778_d_img_d18_r024320_c002560,79,3,controlled_synthetic,fixed_global_domain_transform,synthetic_source_domain,TMC-2,True,False,fixed_rotation_scale_bias_nonlinearity,0.02
iirs_tmc2_fixed_01584,ch2_tmc_nca_20260813T1023298778_d_img_d18_r024320_c002560,79,4,controlled_synthetic,fixed_global_domain_transform,synthetic_source_domain,TMC-2,True,False,fixed_rotation_scale_bias_nonlinearity,0.01
iirs_tmc2_fixed_01585,ch2_tmc_nca_20260813T1023298778_d_img_d18_r044288_c002304,327,0,controlled_synthetic,fixed_global_domain_transform,synthetic_source_domain,TMC-2,True,False,fixed_rotation_scale_bias_nonlinearity,0.01
iirs_tmc2_fixed_01586,ch2_tmc_nca_20260813T1023298778_d_img_d18_r044288_c002304,327,1,controlled_synthetic,fixed_global_domain_transform,synthetic_source_domain,TMC-2,True,False,fixed_rotation_scale_bias_nonlinearity,0.02
iirs_tmc2_fixed_01587,ch2_tmc_nca_20260813T1023298778_d_img_d18_r044288_c002304,327,2,controlled_synthetic,fixed_global_domain_transform,synthetic_source_domain,TMC-2,True,False,fixed_rotation_scale_bias_nonlinearity,0.03
iirs_tmc2_fixed_01588,ch2_tmc_nca_20260813T1023298778_d_img_d18_r044288_c002304,327,3,controlled_synthetic,fixed_global_domain_transform,synthetic_source_domain,TMC-2,True,False,fixed_rotation_scale_bias_nonlinearity,0.02
iirs_tmc2_fixed_01589,ch2_tmc_nca_20260813T1023298778_d_img_d18_r044288_c002304,327,4,controlled_synthetic,fixed_global_domain_transform,synthetic_source_domain,TMC-2,True,False,fixed_rotation_scale_bias_nonlinearity,0.01
iirs_tmc2_fixed_01590,ch2_tmc_nca_20260813T1023298778_d_img_d18_r133632_c002304,91,0,controlled_synthetic,fixed_global_domain_transform,synthetic_source_domain,TMC-2,True,False,fixed_rotation_scale_bias_nonlinearity,0.01
iirs_tmc2_fixed_01591,ch2_tmc_nca_20260813T1023298778_d_img_d18_r133632_c002304,91,1,controlled_synthetic,fixed_global_domain_transform,synthetic_source_domain,TMC-2,True,False,fixed_rotation_scale_bias_nonlinearity,0.02
iirs_tmc2_fixed_01592,ch2_tmc_nca_20260813T1023298778_d_img_d18_r133632_c002304,91,2,controlled_synthetic,fixed_global_domain_transform,synthetic_source_domain,TMC-2,True,False,fixed_rotation_scale_bias_nonlinearity,0.03
iirs_tmc2_fixed_01593,ch2_tmc_nca_20260813T1023298778_d_img_d18_r133632_c002304,91,3,controlled_synthetic,fixed_global_domain_transform,synthetic_source_domain,TMC-2,True,False,fixed_rotation_scale_bias_nonlinearity,0.02
iirs_tmc2_fixed_01594,ch2_tmc_nca_20260813T1023298778_d_img_d18_r133632_c002304,91,4,controlled_synthetic,fixed_global_domain_transform,synthetic_source_domain,TMC-2,True,False,fixed_rotation_scale_bias_nonlinearity,0.01
iirs_tmc2_fixed_01595,ch2_tmc_nca_20260813T1023298778_d_img_d18_r041472_c001536,34,0,controlled_synthetic,fixed_global_domain_transform,synthetic_source_domain,TMC-2,True,False,fixed_rotation_scale_bias_nonlinearity,0.01
iirs_tmc2_fixed_01596,ch2_tmc_nca_20260813T1023298778_d_img_d18_r041472_c001536,34,1,controlled_synthetic,fixed_global_domain_transform,synthetic_source_domain,TMC-2,True,False,fixed_rotation_scale_bias_nonlinearity,0.02
iirs_tmc2_fixed_01597,ch2_tmc_nca_20260813T1023298778_d_img_d18_r041472_c001536,34,2,controlled_synthetic,fixed_global_domain_transform,synthetic_source_domain,TMC-2,True,False,fixed_rotation_scale_bias_nonlinearity,0.03
iirs_tmc2_fixed_01598,ch2_tmc_nca_20260813T1023298778_d_img_d18_r041472_c001536,34,3,controlled_synthetic,fixed_global_domain_transform,synthetic_source_domain,TMC-2,True,False,fixed_rotation_scale_bias_nonlinearity,0.02
iirs_tmc2_fixed_01599,ch2_tmc_nca_20260813T1023298778_d_img_d18_r041472_c001536,34,4,controlled_synthetic,fixed_global_domain_transform,synthetic_source_domain,TMC-2,True,False,fixed_rotation_scale_bias_nonlinearity,0.01
iirs_tmc2_fixed_01600,ch2_tmc_nca_20260813T1023298778_d_img_d18_r096512_c001536,213,0,controlled_synthetic,fixed_global_domain_transform,synthetic_source_domain,TMC-2,True,False,fixed_rotation_scale_bias_nonlinearity,0.01
iirs_tmc2_fixed_01601,ch2_tmc_nca_20260813T1023298778_d_img_d18_r096512_c001536,213,1,controlled_synthetic,fixed_global_domain_transform,synthetic_source_domain,TMC-2,True,False,fixed_rotation_scale_bias_nonlinearity,0.02
iirs_tmc2_fixed_01602,ch2_tmc_nca_20260813T1023298778_d_img_d18_r096512_c001536,213,2,controlled_synthetic,fixed_global_domain_transform,synthetic_source_domain,TMC-2,True,False,fixed_rotation_scale_bias_nonlinearity,0.03
iirs_tmc2_fixed_01603,ch2_tmc_nca_20260813T1023298778_d_img_d18_r096512_c001536,213,3,controlled_synthetic,fixed_global_domain_transform,synthetic_source_domain,TMC-2,True,False,fixed_rotation_scale_bias_nonlinearity,0.02
iirs_tmc2_fixed_01604,ch2_tmc_nca_20260813T1023298778_d_img_d18_r096512_c001536,213,4,controlled_synthetic,fixed_global_domain_transform,synthetic_source_domain,TMC-2,True,False,fixed_rotation_scale_bias_nonlinearity,0.01
iirs_tmc2_fixed_01605,ch2_tmc_nca_20260813T1023298778_d_img_d18_r094208_c001792,389,0,controlled_synthetic,fixed_global_domain_transform,synthetic_source_domain,TMC-2,True,False,fixed_rotation_scale_bias_nonlinearity,0.01
iirs_tmc2_fixed_01606,ch2_tmc_nca_20260813T1023298778_d_img_d18_r094208_c001792,389,1,controlled_synthetic,fixed_global_domain_transform,synthetic_source_domain,TMC-2,True,False,fixed_rotation_scale_bias_nonlinearity,0.02
iirs_tmc2_fixed_01607,ch2_tmc_nca_20260813T1023298778_d_img_d18_r094208_c001792,389,2,controlled_synthetic,fixed_global_domain_transform,synthetic_source_domain,TMC-2,True,False,fixed_rotation_scale_bias_nonlinearity,0.03
iirs_tmc2_fixed_01608,ch2_tmc_nca_20260813T1023298778_d_img_d18_r094208_c001792,389,3,controlled_synthetic,fixed_global_domain_transform,synthetic_source_domain,TMC-2,True,False,fixed_rotation_scale_bias_nonlinearity,0.02
iirs_tmc2_fixed_01609,ch2_tmc_nca_20260813T1023298778_d_img_d18_r094208_c001792,389,4,controlled_synthetic,fixed_global_domain_transform,synthetic_source_domain,TMC-2,True,False,fixed_rotation_scale_bias_nonlinearity,0.01
iirs_tmc2_fixed_01610,ch2_tmc_nca_20260813T1023298778_d_img_d18_r023808_c000512,273,0,controlled_synthetic,fixed_global_domain_transform,synthetic_source_domain,TMC-2,True,False,fixed_rotation_scale_bias_nonlinearity,0.01
iirs_tmc2_fixed_01611,ch2_tmc_nca_20260813T1023298778_d_img_d18_r023808_c000512,273,1,controlled_synthetic,fixed_global_domain_transform,synthetic_source_domain,TMC-2,True,False,fixed_rotation_scale_bias_nonlinearity,0.02
iirs_tmc2_fixed_01612,ch2_tmc_nca_20260813T1023298778_d_img_d18_r023808_c000512,273,2,controlled_synthetic,fixed_global_domain_transform,synthetic_source_domain,TMC-2,True,False,fixed_rotation_scale_bias_nonlinearity,0.03
iirs_tmc2_fixed_01613,ch2_tmc_nca_20260813T1023298778_d_img_d18_r023808_c000512,273,3,controlled_synthetic,fixed_global_domain_transform,synthetic_source_domain,TMC-2,True,False,fixed_rotation_scale_bias_nonlinearity,0.02
iirs_tmc2_fixed_01614,ch2_tmc_nca_20260813T1023298778_d_img_d18_r023808_c000512,273,4,controlled_synthetic,fixed_global_domain_transform,synthetic_source_domain,TMC-2,True,False,fixed_rotation_scale_bias_nonlinearity,0.01
iirs_tmc2_fixed_01615,ch2_tmc_nca_20260813T1023298778_d_img_d18_r021760_c001024,254,0,controlled_synthetic,fixed_global_domain_transform,synthetic_source_domain,TMC-2,True,False,fixed_rotation_scale_bias_nonlinearity,0.01
iirs_tmc2_fixed_01616,ch2_tmc_nca_20260813T1023298778_d_img_d18_r021760_c001024,254,1,controlled_synthetic,fixed_global_domain_transform,synthetic_source_domain,TMC-2,True,False,fixed_rotation_scale_bias_nonlinearity,0.02
iirs_tmc2_fixed_01617,ch2_tmc_nca_20260813T1023298778_d_img_d18_r021760_c001024,254,2,controlled_synthetic,fixed_global_domain_transform,synthetic_source_domain,TMC-2,True,False,fixed_rotation_scale_bias_nonlinearity,0.03
iirs_tmc2_fixed_01618,ch2_tmc_nca_20260813T1023298778_d_img_d18_r021760_c001024,254,3,controlled_synthetic,fixed_global_domain_transform,synthetic_source_domain,TMC-2,True,False,fixed_rotation_scale_bias_nonlinearity,0.02
iirs_tmc2_fixed_01619,ch2_tmc_nca_20260813T1023298778_d_img_d18_r021760_c001024,254,4,controlled_synthetic,fixed_global_domain_transform,synthetic_source_domain,TMC-2,True,False,fixed_rotation_scale_bias_nonlinearity,0.01
iirs_tmc2_fixed_01620,ch2_tmc_nca_20260813T1023298778_d_img_d18_r046080_c002560,206,0,controlled_synthetic,fixed_global_domain_transform,synthetic_source_domain,TMC-2,True,False,fixed_rotation_scale_bias_nonlinearity,0.01
iirs_tmc2_fixed_01621,ch2_tmc_nca_20260813T1023298778_d_img_d18_r046080_c002560,206,1,controlled_synthetic,fixed_global_domain_transform,synthetic_source_domain,TMC-2,True,False,fixed_rotation_scale_bias_nonlinearity,0.02
iirs_tmc2_fixed_01622,ch2_tmc_nca_20260813T1023298778_d_img_d18_r046080_c002560,206,2,controlled_synthetic,fixed_global_domain_transform,synthetic_source_domain,TMC-2,True,False,fixed_rotation_scale_bias_nonlinearity,0.03
iirs_tmc2_fixed_01623,ch2_tmc_nca_20260813T1023298778_d_img_d18_r046080_c002560,206,3,controlled_synthetic,fixed_global_domain_transform,synthetic_source_domain,TMC-2,True,False,fixed_rotation_scale_bias_nonlinearity,0.02
iirs_tmc2_fixed_01624,ch2_tmc_nca_20260813T1023298778_d_img_d18_r046080_c002560,206,4,controlled_synthetic,fixed_global_domain_transform,synthetic_source_domain,TMC-2,True,False,fixed_rotation_scale_bias_nonlinearity,0.01
iirs_tmc2_fixed_01625,ch2_tmc_nca_20260813T1023298778_d_img_d18_r109568_c003072,152,0,controlled_synthetic,fixed_global_domain_transform,synthetic_source_domain,TMC-2,True,False,fixed_rotation_scale_bias_nonlinearity,0.01
iirs_tmc2_fixed_01626,ch2_tmc_nca_20260813T1023298778_d_img_d18_r109568_c003072,152,1,controlled_synthetic,fixed_global_domain_transform,synthetic_source_domain,TMC-2,True,False,fixed_rotation_scale_bias_nonlinearity,0.02
iirs_tmc2_fixed_01627,ch2_tmc_nca_20260813T1023298778_d_img_d18_r109568_c003072,152,2,controlled_synthetic,fixed_global_domain_transform,synthetic_source_domain,TMC-2,True,False,fixed_rotation_scale_bias_nonlinearity,0.03
iirs_tmc2_fixed_01628,ch2_tmc_nca_20260813T1023298778_d_img_d18_r109568_c003072,152,3,controlled_synthetic,fixed_global_domain_transform,synthetic_source_domain,TMC-2,True,False,fixed_rotation_scale_bias_nonlinearity,0.02
iirs_tmc2_fixed_01629,ch2_tmc_nca_20260813T1023298778_d_img_d18_r109568_c003072,152,4,controlled_synthetic,fixed_global_domain_transform,synthetic_source_domain,TMC-2,True,False,fixed_rotation_scale_bias_nonlinearity,0.01
iirs_tmc2_fixed_01630,ch2_tmc_nca_20260813T1023298778_d_img_d18_r019456_c000512,141,0,controlled_synthetic,fixed_global_domain_transform,synthetic_source_domain,TMC-2,True,False,fixed_rotation_scale_bias_nonlinearity,0.01
iirs_tmc2_fixed_01631,ch2_tmc_nca_20260813T1023298778_d_img_d18_r019456_c000512,141,1,controlled_synthetic,fixed_global_domain_transform,synthetic_source_domain,TMC-2,True,False,fixed_rotation_scale_bias_nonlinearity,0.02
iirs_tmc2_fixed_01632,ch2_tmc_nca_20260813T1023298778_d_img_d18_r019456_c000512,141,2,controlled_synthetic,fixed_global_domain_transform,synthetic_source_domain,TMC-2,True,False,fixed_rotation_scale_bias_nonlinearity,0.03
iirs_tmc2_fixed_01633,ch2_tmc_nca_20260813T1023298778_d_img_d18_r019456_c000512,141,3,controlled_synthetic,fixed_global_domain_transform,synthetic_source_domain,TMC-2,True,False,fixed_rotation_scale_bias_nonlinearity,0.02
iirs_tmc2_fixed_01634,ch2_tmc_nca_20260813T1023298778_d_img_d18_r019456_c000512,141,4,controlled_synthetic,fixed_global_domain_transform,synthetic_source_domain,TMC-2,True,False,fixed_rotation_scale_bias_nonlinearity,0.01
iirs_tmc2_fixed_01635,ch2_tmc_nca_20260813T1023298778_d_img_d18_r091136_c000256,263,0,controlled_synthetic,fixed_global_domain_transform,synthetic_source_domain,TMC-2,True,False,fixed_rotation_scale_bias_nonlinearity,0.01
iirs_tmc2_fixed_01636,ch2_tmc_nca_20260813T1023298778_d_img_d18_r091136_c000256,263,1,controlled_synthetic,fixed_global_domain_transform,synthetic_source_domain,TMC-2,True,False,fixed_rotation_scale_bias_nonlinearity,0.02
iirs_tmc2_fixed_01637,ch2_tmc_nca_20260813T1023298778_d_img_d18_r091136_c000256,263,2,controlled_synthetic,fixed_global_domain_transform,synthetic_source_domain,TMC-2,True,False,fixed_rotation_scale_bias_nonlinearity,0.03
iirs_tmc2_fixed_01638,ch2_tmc_nca_20260813T1023298778_d_img_d18_r091136_c000256,263,3,controlled_synthetic,fixed_global_domain_transform,synthetic_source_domain,TMC-2,True,False,fixed_rotation_scale_bias_nonlinearity,0.02
iirs_tmc2_fixed_01639,ch2_tmc_nca_20260813T1023298778_d_img_d18_r091136_c000256,263,4,controlled_synthetic,fixed_global_domain_transform,synthetic_source_domain,TMC-2,True,False,fixed_rotation_scale_bias_nonlinearity,0.01
iirs_tmc2_fixed_01640,ch2_tmc_nca_20260813T1023298778_d_img_d18_r001024_c001024,242,0,controlled_synthetic,fixed_global_domain_transform,synthetic_source_domain,TMC-2,True,False,fixed_rotation_scale_bias_nonlinearity,0.01
iirs_tmc2_fixed_01641,ch2_tmc_nca_20260813T1023298778_d_img_d18_r001024_c001024,242,1,controlled_synthetic,fixed_global_domain_transform,synthetic_source_domain,TMC-2,True,False,fixed_rotation_scale_bias_nonlinearity,0.02
iirs_tmc2_fixed_01642,ch2_tmc_nca_20260813T1023298778_d_img_d18_r001024_c001024,242,2,controlled_synthetic,fixed_global_domain_transform,synthetic_source_domain,TMC-2,True,False,fixed_rotation_scale_bias_nonlinearity,0.03
iirs_tmc2_fixed_01643,ch2_tmc_nca_20260813T1023298778_d_img_d18_r001024_c001024,242,3,controlled_synthetic,fixed_global_domain_transform,synthetic_source_domain,TMC-2,True,False,fixed_rotation_scale_bias_nonlinearity,0.02
iirs_tmc2_fixed_01644,ch2_tmc_nca_20260813T1023298778_d_img_d18_r001024_c001024,242,4,controlled_synthetic,fixed_global_domain_transform,synthetic_source_domain,TMC-2,True,False,fixed_rotation_scale_bias_nonlinearity,0.01
iirs_tmc2_fixed_01645,ch2_tmc_nca_20260813T1023298778_d_img_d18_r064512_c000256,307,0,controlled_synthetic,fixed_global_domain_transform,synthetic_source_domain,TMC-2,True,False,fixed_rotation_scale_bias_nonlinearity,0.01
iirs_tmc2_fixed_01646,ch2_tmc_nca_20260813T1023298778_d_img_d18_r064512_c000256,307,1,controlled_synthetic,fixed_global_domain_transform,synthetic_source_domain,TMC-2,True,False,fixed_rotation_scale_bias_nonlinearity,0.02
iirs_tmc2_fixed_01647,ch2_tmc_nca_20260813T1023298778_d_img_d18_r064512_c000256,307,2,controlled_synthetic,fixed_global_domain_transform,synthetic_source_domain,TMC-2,True,False,fixed_rotation_scale_bias_nonlinearity,0.03
iirs_tmc2_fixed_01648,ch2_tmc_nca_20260813T1023298778_d_img_d18_r064512_c000256,307,3,controlled_synthetic,fixed_global_domain_transform,synthetic_source_domain,TMC-2,True,False,fixed_rotation_scale_bias_nonlinearity,0.02
iirs_tmc2_fixed_01649,ch2_tmc_nca_20260813T1023298778_d_img_d18_r064512_c000256,307,4,controlled_synthetic,fixed_global_domain_transform,synthetic_source_domain,TMC-2,True,False,fixed_rotation_scale_bias_nonlinearity,0.01
iirs_tmc2_fixed_01650,ch2_tmc_nca_20260813T1023298778_d_img_d18_r139776_c000512,60,0,controlled_synthetic,fixed_global_domain_transform,synthetic_source_domain,TMC-2,True,False,fixed_rotation_scale_bias_nonlinearity,0.01
iirs_tmc2_fixed_01651,ch2_tmc_nca_20260813T1023298778_d_img_d18_r139776_c000512,60,1,controlled_synthetic,fixed_global_domain_transform,synthetic_source_domain,TMC-2,True,False,fixed_rotation_scale_bias_nonlinearity,0.02
iirs_tmc2_fixed_01652,ch2_tmc_nca_20260813T1023298778_d_img_d18_r139776_c000512,60,2,controlled_synthetic,fixed_global_domain_transform,synthetic_source_domain,TMC-2,True,False,fixed_rotation_scale_bias_nonlinearity,0.03
iirs_tmc2_fixed_01653,ch2_tmc_nca_20260813T1023298778_d_img_d18_r139776_c000512,60,3,controlled_synthetic,fixed_global_domain_transform,synthetic_source_domain,TMC-2,True,False,fixed_rotation_scale_bias_nonlinearity,0.02
iirs_tmc2_fixed_01654,ch2_tmc_nca_20260813T1023298778_d_img_d18_r139776_c000512,60,4,controlled_synthetic,fixed_global_domain_transform,synthetic_source_domain,TMC-2,True,False,fixed_rotation_scale_bias_nonlinearity,0.01
iirs_tmc2_fixed_01655,ch2_tmc_nca_20260813T1023298778_d_img_d18_r006400_c003328,393,0,controlled_synthetic,fixed_global_domain_transform,synthetic_source_domain,TMC-2,True,False,fixed_rotation_scale_bias_nonlinearity,0.01
iirs_tmc2_fixed_01656,ch2_tmc_nca_20260813T1023298778_d_img_d18_r006400_c003328,393,1,controlled_synthetic,fixed_global_domain_transform,synthetic_source_domain,TMC-2,True,False,fixed_rotation_scale_bias_nonlinearity,0.02
iirs_tmc2_fixed_01657,ch2_tmc_nca_20260813T1023298778_d_img_d18_r006400_c003328,393,2,controlled_synthetic,fixed_global_domain_transform,synthetic_source_domain,TMC-2,True,False,fixed_rotation_scale_bias_nonlinearity,0.03
iirs_tmc2_fixed_01658,ch2_tmc_nca_20260813T1023298778_d_img_d18_r006400_c003328,393,3,controlled_synthetic,fixed_global_domain_transform,synthetic_source_domain,TMC-2,True,False,fixed_rotation_scale_bias_nonlinearity,0.02
iirs_tmc2_fixed_01659,ch2_tmc_nca_20260813T1023298778_d_img_d18_r006400_c003328,393,4,controlled_synthetic,fixed_global_domain_transform,synthetic_source_domain,TMC-2,True,False,fixed_rotation_scale_bias_nonlinearity,0.01
iirs_tmc2_fixed_01660,ch2_tmc_nca_20260813T1023298778_d_img_d18_r015360_c000512,55,0,controlled_synthetic,fixed_global_domain_transform,synthetic_source_domain,TMC-2,True,False,fixed_rotation_scale_bias_nonlinearity,0.01
iirs_tmc2_fixed_01661,ch2_tmc_nca_20260813T1023298778_d_img_d18_r015360_c000512,55,1,controlled_synthetic,fixed_global_domain_transform,synthetic_source_domain,TMC-2,True,False,fixed_rotation_scale_bias_nonlinearity,0.02
iirs_tmc2_fixed_01662,ch2_tmc_nca_20260813T1023298778_d_img_d18_r015360_c000512,55,2,controlled_synthetic,fixed_global_domain_transform,synthetic_source_domain,TMC-2,True,False,fixed_rotation_scale_bias_nonlinearity,0.03
iirs_tmc2_fixed_01663,ch2_tmc_nca_20260813T1023298778_d_img_d18_r015360_c000512,55,3,controlled_synthetic,fixed_global_domain_transform,synthetic_source_domain,TMC-2,True,False,fixed_rotation_scale_bias_nonlinearity,0.02
iirs_tmc2_fixed_01664,ch2_tmc_nca_20260813T1023298778_d_img_d18_r015360_c000512,55,4,controlled_synthetic,fixed_global_domain_transform,synthetic_source_domain,TMC-2,True,False,fixed_rotation_scale_bias_nonlinearity,0.01
iirs_tmc2_fixed_01665,ch2_tmc_nca_20260813T1023298778_d_img_d18_r045056_c001280,372,0,controlled_synthetic,fixed_global_domain_transform,synthetic_source_domain,TMC-2,True,False,fixed_rotation_scale_bias_nonlinearity,0.01
iirs_tmc2_fixed_01666,ch2_tmc_nca_20260813T1023298778_d_img_d18_r045056_c001280,372,1,controlled_synthetic,fixed_global_domain_transform,synthetic_source_domain,TMC-2,True,False,fixed_rotation_scale_bias_nonlinearity,0.02
iirs_tmc2_fixed_01667,ch2_tmc_nca_20260813T1023298778_d_img_d18_r045056_c001280,372,2,controlled_synthetic,fixed_global_domain_transform,synthetic_source_domain,TMC-2,True,False,fixed_rotation_scale_bias_nonlinearity,0.03
iirs_tmc2_fixed_01668,ch2_tmc_nca_20260813T1023298778_d_img_d18_r045056_c001280,372,3,controlled_synthetic,fixed_global_domain_transform,synthetic_source_domain,TMC-2,True,False,fixed_rotation_scale_bias_nonlinearity,0.02
iirs_tmc2_fixed_01669,ch2_tmc_nca_20260813T1023298778_d_img_d18_r045056_c001280,372,4,controlled_synthetic,fixed_global_domain_transform,synthetic_source_domain,TMC-2,True,False,fixed_rotation_scale_bias_nonlinearity,0.01
iirs_tmc2_fixed_01670,ch2_tmc_nca_20260813T1023298778_d_img_d18_r141824_c000512,2,0,controlled_synthetic,fixed_global_domain_transform,synthetic_source_domain,TMC-2,True,False,fixed_rotation_scale_bias_nonlinearity,0.01
iirs_tmc2_fixed_01671,ch2_tmc_nca_20260813T1023298778_d_img_d18_r141824_c000512,2,1,controlled_synthetic,fixed_global_domain_transform,synthetic_source_domain,TMC-2,True,False,fixed_rotation_scale_bias_nonlinearity,0.02
iirs_tmc2_fixed_01672,ch2_tmc_nca_20260813T1023298778_d_img_d18_r141824_c000512,2,2,controlled_synthetic,fixed_global_domain_transform,synthetic_source_domain,TMC-2,True,False,fixed_rotation_scale_bias_nonlinearity,0.03
iirs_tmc2_fixed_01673,ch2_tmc_nca_20260813T1023298778_d_img_d18_r141824_c000512,2,3,controlled_synthetic,fixed_global_domain_transform,synthetic_source_domain,TMC-2,True,False,fixed_rotation_scale_bias_nonlinearity,0.02
iirs_tmc2_fixed_01674,ch2_tmc_nca_20260813T1023298778_d_img_d18_r141824_c000512,2,4,controlled_synthetic,fixed_global_domain_transform,synthetic_source_domain,TMC-2,True,False,fixed_rotation_scale_bias_nonlinearity,0.01
iirs_tmc2_fixed_01675,ch2_tmc_nca_20260813T1023298778_d_img_d18_r120576_c003072,140,0,controlled_synthetic,fixed_global_domain_transform,synthetic_source_domain,TMC-2,True,False,fixed_rotation_scale_bias_nonlinearity,0.01
iirs_tmc2_fixed_01676,ch2_tmc_nca_20260813T1023298778_d_img_d18_r120576_c003072,140,1,controlled_synthetic,fixed_global_domain_transform,synthetic_source_domain,TMC-2,True,False,fixed_rotation_scale_bias_nonlinearity,0.02
iirs_tmc2_fixed_01677,ch2_tmc_nca_20260813T1023298778_d_img_d18_r120576_c003072,140,2,controlled_synthetic,fixed_global_domain_transform,synthetic_source_domain,TMC-2,True,False,fixed_rotation_scale_bias_nonlinearity,0.03
iirs_tmc2_fixed_01678,ch2_tmc_nca_20260813T1023298778_d_img_d18_r120576_c003072,140,3,controlled_synthetic,fixed_global_domain_transform,synthetic_source_domain,TMC-2,True,False,fixed_rotation_scale_bias_nonlinearity,0.02
iirs_tmc2_fixed_01679,ch2_tmc_nca_20260813T1023298778_d_img_d18_r120576_c003072,140,4,controlled_synthetic,fixed_global_domain_transform,synthetic_source_domain,TMC-2,True,False,fixed_rotation_scale_bias_nonlinearity,0.01
iirs_tmc2_fixed_01680,ch2_tmc_nca_20260813T1023298778_d_img_d18_r066304_c001792,252,0,controlled_synthetic,fixed_global_domain_transform,synthetic_source_domain,TMC-2,True,False,fixed_rotation_scale_bias_nonlinearity,0.01
iirs_tmc2_fixed_01681,ch2_tmc_nca_20260813T1023298778_d_img_d18_r066304_c001792,252,1,controlled_synthetic,fixed_global_domain_transform,synthetic_source_domain,TMC-2,True,False,fixed_rotation_scale_bias_nonlinearity,0.02
iirs_tmc2_fixed_01682,ch2_tmc_nca_20260813T1023298778_d_img_d18_r066304_c001792,252,2,controlled_synthetic,fixed_global_domain_transform,synthetic_source_domain,TMC-2,True,False,fixed_rotation_scale_bias_nonlinearity,0.03
iirs_tmc2_fixed_01683,ch2_tmc_nca_20260813T1023298778_d_img_d18_r066304_c001792,252,3,controlled_synthetic,fixed_global_domain_transform,synthetic_source_domain,TMC-2,True,False,fixed_rotation_scale_bias_nonlinearity,0.02
iirs_tmc2_fixed_01684,ch2_tmc_nca_20260813T1023298778_d_img_d18_r066304_c001792,252,4,controlled_synthetic,fixed_global_domain_transform,synthetic_source_domain,TMC-2,True,False,fixed_rotation_scale_bias_nonlinearity,0.01
iirs_tmc2_fixed_01685,ch2_tmc_nca_20260813T1023298778_d_img_d18_r144896_c003328,356,0,controlled_synthetic,fixed_global_domain_transform,synthetic_source_domain,TMC-2,True,False,fixed_rotation_scale_bias_nonlinearity,0.01
iirs_tmc2_fixed_01686,ch2_tmc_nca_20260813T1023298778_d_img_d18_r144896_c003328,356,1,controlled_synthetic,fixed_global_domain_transform,synthetic_source_domain,TMC-2,True,False,fixed_rotation_scale_bias_nonlinearity,0.02
iirs_tmc2_fixed_01687,ch2_tmc_nca_20260813T1023298778_d_img_d18_r144896_c003328,356,2,controlled_synthetic,fixed_global_domain_transform,synthetic_source_domain,TMC-2,True,False,fixed_rotation_scale_bias_nonlinearity,0.03
iirs_tmc2_fixed_01688,ch2_tmc_nca_20260813T1023298778_d_img_d18_r144896_c003328,356,3,controlled_synthetic,fixed_global_domain_transform,synthetic_source_domain,TMC-2,True,False,fixed_rotation_scale_bias_nonlinearity,0.02
iirs_tmc2_fixed_01689,ch2_tmc_nca_20260813T1023298778_d_img_d18_r144896_c003328,356,4,controlled_synthetic,fixed_global_domain_transform,synthetic_source_domain,TMC-2,True,False,fixed_rotation_scale_bias_nonlinearity,0.01
iirs_tmc2_fixed_01690,ch2_tmc_nca_20260813T1023298778_d_img_d18_r019200_c003584,245,0,controlled_synthetic,fixed_global_domain_transform,synthetic_source_domain,TMC-2,True,False,fixed_rotation_scale_bias_nonlinearity,0.01
iirs_tmc2_fixed_01691,ch2_tmc_nca_20260813T1023298778_d_img_d18_r019200_c003584,245,1,controlled_synthetic,fixed_global_domain_transform,synthetic_source_domain,TMC-2,True,False,fixed_rotation_scale_bias_nonlinearity,0.02
iirs_tmc2_fixed_01692,ch2_tmc_nca_20260813T1023298778_d_img_d18_r019200_c003584,245,2,controlled_synthetic,fixed_global_domain_transform,synthetic_source_domain,TMC-2,True,False,fixed_rotation_scale_bias_nonlinearity,0.03
iirs_tmc2_fixed_01693,ch2_tmc_nca_20260813T1023298778_d_img_d18_r019200_c003584,245,3,controlled_synthetic,fixed_global_domain_transform,synthetic_source_domain,TMC-2,True,False,fixed_rotation_scale_bias_nonlinearity,0.02
iirs_tmc2_fixed_01694,ch2_tmc_nca_20260813T1023298778_d_img_d18_r019200_c003584,245,4,controlled_synthetic,fixed_global_domain_transform,synthetic_source_domain,TMC-2,True,False,fixed_rotation_scale_bias_nonlinearity,0.01
iirs_tmc2_fixed_01695,ch2_tmc_nca_20260813T1023298778_d_img_d18_r095744_c001280,36,0,controlled_synthetic,fixed_global_domain_transform,synthetic_source_domain,TMC-2,True,False,fixed_rotation_scale_bias_nonlinearity,0.01
iirs_tmc2_fixed_01696,ch2_tmc_nca_20260813T1023298778_d_img_d18_r095744_c001280,36,1,controlled_synthetic,fixed_global_domain_transform,synthetic_source_domain,TMC-2,True,False,fixed_rotation_scale_bias_nonlinearity,0.02
iirs_tmc2_fixed_01697,ch2_tmc_nca_20260813T1023298778_d_img_d18_r095744_c001280,36,2,controlled_synthetic,fixed_global_domain_transform,synthetic_source_domain,TMC-2,True,False,fixed_rotation_scale_bias_nonlinearity,0.03
iirs_tmc2_fixed_01698,ch2_tmc_nca_20260813T1023298778_d_img_d18_r095744_c001280,36,3,controlled_synthetic,fixed_global_domain_transform,synthetic_source_domain,TMC-2,True,False,fixed_rotation_scale_bias_nonlinearity,0.02
iirs_tmc2_fixed_01699,ch2_tmc_nca_20260813T1023298778_d_img_d18_r095744_c001280,36,4,controlled_synthetic,fixed_global_domain_transform,synthetic_source_domain,TMC-2,True,False,fixed_rotation_scale_bias_nonlinearity,0.01
iirs_tmc2_fixed_01700,ch2_tmc_nca_20260813T1023298778_d_img_d18_r098560_c003328,286,0,controlled_synthetic,fixed_global_domain_transform,synthetic_source_domain,TMC-2,True,False,fixed_rotation_scale_bias_nonlinearity,0.01
iirs_tmc2_fixed_01701,ch2_tmc_nca_20260813T1023298778_d_img_d18_r098560_c003328,286,1,controlled_synthetic,fixed_global_domain_transform,synthetic_source_domain,TMC-2,True,False,fixed_rotation_scale_bias_nonlinearity,0.02
iirs_tmc2_fixed_01702,ch2_tmc_nca_20260813T1023298778_d_img_d18_r098560_c003328,286,2,controlled_synthetic,fixed_global_domain_transform,synthetic_source_domain,TMC-2,True,False,fixed_rotation_scale_bias_nonlinearity,0.03
iirs_tmc2_fixed_01703,ch2_tmc_nca_20260813T1023298778_d_img_d18_r098560_c003328,286,3,controlled_synthetic,fixed_global_domain_transform,synthetic_source_domain,TMC-2,True,False,fixed_rotation_scale_bias_nonlinearity,0.02
iirs_tmc2_fixed_01704,ch2_tmc_nca_20260813T1023298778_d_img_d18_r098560_c003328,286,4,controlled_synthetic,fixed_global_domain_transform,synthetic_source_domain,TMC-2,True,False,fixed_rotation_scale_bias_nonlinearity,0.01
iirs_tmc2_fixed_01705,ch2_tmc_nca_20260813T1023298778_d_img_d18_r105472_c002560,216,0,controlled_synthetic,fixed_global_domain_transform,synthetic_source_domain,TMC-2,True,False,fixed_rotation_scale_bias_nonlinearity,0.01
iirs_tmc2_fixed_01706,ch2_tmc_nca_20260813T1023298778_d_img_d18_r105472_c002560,216,1,controlled_synthetic,fixed_global_domain_transform,synthetic_source_domain,TMC-2,True,False,fixed_rotation_scale_bias_nonlinearity,0.02
iirs_tmc2_fixed_01707,ch2_tmc_nca_20260813T1023298778_d_img_d18_r105472_c002560,216,2,controlled_synthetic,fixed_global_domain_transform,synthetic_source_domain,TMC-2,True,False,fixed_rotation_scale_bias_nonlinearity,0.03
iirs_tmc2_fixed_01708,ch2_tmc_nca_20260813T1023298778_d_img_d18_r105472_c002560,216,3,controlled_synthetic,fixed_global_domain_transform,synthetic_source_domain,TMC-2,True,False,fixed_rotation_scale_bias_nonlinearity,0.02
iirs_tmc2_fixed_01709,ch2_tmc_nca_20260813T1023298778_d_img_d18_r105472_c002560,216,4,controlled_synthetic,fixed_global_domain_transform,synthetic_source_domain,TMC-2,True,False,fixed_rotation_scale_bias_nonlinearity,0.01
iirs_tmc2_fixed_01710,ch2_tmc_nca_20260813T1023298778_d_img_d18_r091648_c001280,385,0,controlled_synthetic,fixed_global_domain_transform,synthetic_source_domain,TMC-2,True,False,fixed_rotation_scale_bias_nonlinearity,0.01
iirs_tmc2_fixed_01711,ch2_tmc_nca_20260813T1023298778_d_img_d18_r091648_c001280,385,1,controlled_synthetic,fixed_global_domain_transform,synthetic_source_domain,TMC-2,True,False,fixed_rotation_scale_bias_nonlinearity,0.02
iirs_tmc2_fixed_01712,ch2_tmc_nca_20260813T1023298778_d_img_d18_r091648_c001280,385,2,controlled_synthetic,fixed_global_domain_transform,synthetic_source_domain,TMC-2,True,False,fixed_rotation_scale_bias_nonlinearity,0.03
iirs_tmc2_fixed_01713,ch2_tmc_nca_20260813T1023298778_d_img_d18_r091648_c001280,385,3,controlled_synthetic,fixed_global_domain_transform,synthetic_source_domain,TMC-2,True,False,fixed_rotation_scale_bias_nonlinearity,0.02
iirs_tmc2_fixed_01714,ch2_tmc_nca_20260813T1023298778_d_img_d18_r091648_c001280,385,4,controlled_synthetic,fixed_global_domain_transform,synthetic_source_domain,TMC-2,True,False,fixed_rotation_scale_bias_nonlinearity,0.01
iirs_tmc2_fixed_01715,ch2_tmc_nca_20260813T1023298778_d_img_d18_r020992_c001792,190,0,controlled_synthetic,fixed_global_domain_transform,synthetic_source_domain,TMC-2,True,False,fixed_rotation_scale_bias_nonlinearity,0.01
iirs_tmc2_fixed_01716,ch2_tmc_nca_20260813T1023298778_d_img_d18_r020992_c001792,190,1,controlled_synthetic,fixed_global_domain_transform,synthetic_source_domain,TMC-2,True,False,fixed_rotation_scale_bias_nonlinearity,0.02
iirs_tmc2_fixed_01717,ch2_tmc_nca_20260813T1023298778_d_img_d18_r020992_c001792,190,2,controlled_synthetic,fixed_global_domain_transform,synthetic_source_domain,TMC-2,True,False,fixed_rotation_scale_bias_nonlinearity,0.03
iirs_tmc2_fixed_01718,ch2_tmc_nca_20260813T1023298778_d_img_d18_r020992_c001792,190,3,controlled_synthetic,fixed_global_domain_transform,synthetic_source_domain,TMC-2,True,False,fixed_rotation_scale_bias_nonlinearity,0.02
iirs_tmc2_fixed_01719,ch2_tmc_nca_20260813T1023298778_d_img_d18_r020992_c001792,190,4,controlled_synthetic,fixed_global_domain_transform,synthetic_source_domain,TMC-2,True,False,fixed_rotation_scale_bias_nonlinearity,0.01
iirs_tmc2_fixed_01720,ch2_tmc_nca_20260813T1023298778_d_img_d18_r069120_c003072,362,0,controlled_synthetic,fixed_global_domain_transform,synthetic_source_domain,TMC-2,True,False,fixed_rotation_scale_bias_nonlinearity,0.01
iirs_tmc2_fixed_01721,ch2_tmc_nca_20260813T1023298778_d_img_d18_r069120_c003072,362,1,controlled_synthetic,fixed_global_domain_transform,synthetic_source_domain,TMC-2,True,False,fixed_rotation_scale_bias_nonlinearity,0.02
iirs_tmc2_fixed_01722,ch2_tmc_nca_20260813T1023298778_d_img_d18_r069120_c003072,362,2,controlled_synthetic,fixed_global_domain_transform,synthetic_source_domain,TMC-2,True,False,fixed_rotation_scale_bias_nonlinearity,0.03
iirs_tmc2_fixed_01723,ch2_tmc_nca_20260813T1023298778_d_img_d18_r069120_c003072,362,3,controlled_synthetic,fixed_global_domain_transform,synthetic_source_domain,TMC-2,True,False,fixed_rotation_scale_bias_nonlinearity,0.02
iirs_tmc2_fixed_01724,ch2_tmc_nca_20260813T1023298778_d_img_d18_r069120_c003072,362,4,controlled_synthetic,fixed_global_domain_transform,synthetic_source_domain,TMC-2,True,False,fixed_rotation_scale_bias_nonlinearity,0.01
iirs_tmc2_fixed_01725,ch2_tmc_nca_20260813T1023298778_d_img_d18_r129792_c003072,8,0,controlled_synthetic,fixed_global_domain_transform,synthetic_source_domain,TMC-2,True,False,fixed_rotation_scale_bias_nonlinearity,0.01
iirs_tmc2_fixed_01726,ch2_tmc_nca_20260813T1023298778_d_img_d18_r129792_c003072,8,1,controlled_synthetic,fixed_global_domain_transform,synthetic_source_domain,TMC-2,True,False,fixed_rotation_scale_bias_nonlinearity,0.02
iirs_tmc2_fixed_01727,ch2_tmc_nca_20260813T1023298778_d_img_d18_r129792_c003072,8,2,controlled_synthetic,fixed_global_domain_transform,synthetic_source_domain,TMC-2,True,False,fixed_rotation_scale_bias_nonlinearity,0.03
iirs_tmc2_fixed_01728,ch2_tmc_nca_20260813T1023298778_d_img_d18_r129792_c003072,8,3,controlled_synthetic,fixed_global_domain_transform,synthetic_source_domain,TMC-2,True,False,fixed_rotation_scale_bias_nonlinearity,0.02
iirs_tmc2_fixed_01729,ch2_tmc_nca_20260813T1023298778_d_img_d18_r129792_c003072,8,4,controlled_synthetic,fixed_global_domain_transform,synthetic_source_domain,TMC-2,True,False,fixed_rotation_scale_bias_nonlinearity,0.01
iirs_tmc2_fixed_01730,ch2_tmc_nca_20260813T1023298778_d_img_d18_r014848_c001280,355,0,controlled_synthetic,fixed_global_domain_transform,synthetic_source_domain,TMC-2,True,False,fixed_rotation_scale_bias_nonlinearity,0.01
iirs_tmc2_fixed_01731,ch2_tmc_nca_20260813T1023298778_d_img_d18_r014848_c001280,355,1,controlled_synthetic,fixed_global_domain_transform,synthetic_source_domain,TMC-2,True,False,fixed_rotation_scale_bias_nonlinearity,0.02
iirs_tmc2_fixed_01732,ch2_tmc_nca_20260813T1023298778_d_img_d18_r014848_c001280,355,2,controlled_synthetic,fixed_global_domain_transform,synthetic_source_domain,TMC-2,True,False,fixed_rotation_scale_bias_nonlinearity,0.03
iirs_tmc2_fixed_01733,ch2_tmc_nca_20260813T1023298778_d_img_d18_r014848_c001280,355,3,controlled_synthetic,fixed_global_domain_transform,synthetic_source_domain,TMC-2,True,False,fixed_rotation_scale_bias_nonlinearity,0.02
iirs_tmc2_fixed_01734,ch2_tmc_nca_20260813T1023298778_d_img_d18_r014848_c001280,355,4,controlled_synthetic,fixed_global_domain_transform,synthetic_source_domain,TMC-2,True,False,fixed_rotation_scale_bias_nonlinearity,0.01
iirs_tmc2_fixed_01735,ch2_tmc_nca_20260813T1023298778_d_img_d18_r017920_c001792,321,0,controlled_synthetic,fixed_global_domain_transform,synthetic_source_domain,TMC-2,True,False,fixed_rotation_scale_bias_nonlinearity,0.01
iirs_tmc2_fixed_01736,ch2_tmc_nca_20260813T1023298778_d_img_d18_r017920_c001792,321,1,controlled_synthetic,fixed_global_domain_transform,synthetic_source_domain,TMC-2,True,False,fixed_rotation_scale_bias_nonlinearity,0.02
iirs_tmc2_fixed_01737,ch2_tmc_nca_20260813T1023298778_d_img_d18_r017920_c001792,321,2,controlled_synthetic,fixed_global_domain_transform,synthetic_source_domain,TMC-2,True,False,fixed_rotation_scale_bias_nonlinearity,0.03
iirs_tmc2_fixed_01738,ch2_tmc_nca_20260813T1023298778_d_img_d18_r017920_c001792,321,3,controlled_synthetic,fixed_global_domain_transform,synthetic_source_domain,TMC-2,True,False,fixed_rotation_scale_bias_nonlinearity,0.02
iirs_tmc2_fixed_01739,ch2_tmc_nca_20260813T1023298778_d_img_d18_r017920_c001792,321,4,controlled_synthetic,fixed_global_domain_transform,synthetic_source_domain,TMC-2,True,False,fixed_rotation_scale_bias_nonlinearity,0.01
iirs_tmc2_fixed_01740,ch2_tmc_nca_20260813T1023298778_d_img_d18_r017664_c003584,361,0,controlled_synthetic,fixed_global_domain_transform,synthetic_source_domain,TMC-2,True,False,fixed_rotation_scale_bias_nonlinearity,0.01
iirs_tmc2_fixed_01741,ch2_tmc_nca_20260813T1023298778_d_img_d18_r017664_c003584,361,1,controlled_synthetic,fixed_global_domain_transform,synthetic_source_domain,TMC-2,True,False,fixed_rotation_scale_bias_nonlinearity,0.02
iirs_tmc2_fixed_01742,ch2_tmc_nca_20260813T1023298778_d_img_d18_r017664_c003584,361,2,controlled_synthetic,fixed_global_domain_transform,synthetic_source_domain,TMC-2,True,False,fixed_rotation_scale_bias_nonlinearity,0.03
iirs_tmc2_fixed_01743,ch2_tmc_nca_20260813T1023298778_d_img_d18_r017664_c003584,361,3,controlled_synthetic,fixed_global_domain_transform,synthetic_source_domain,TMC-2,True,False,fixed_rotation_scale_bias_nonlinearity,0.02
iirs_tmc2_fixed_01744,ch2_tmc_nca_20260813T1023298778_d_img_d18_r017664_c003584,361,4,controlled_synthetic,fixed_global_domain_transform,synthetic_source_domain,TMC-2,True,False,fixed_rotation_scale_bias_nonlinearity,0.01
iirs_tmc2_fixed_01745,ch2_tmc_nca_20260813T1023298778_d_img_d18_r073984_c001792,100,0,controlled_synthetic,fixed_global_domain_transform,synthetic_source_domain,TMC-2,True,False,fixed_rotation_scale_bias_nonlinearity,0.01
iirs_tmc2_fixed_01746,ch2_tmc_nca_20260813T1023298778_d_img_d18_r073984_c001792,100,1,controlled_synthetic,fixed_global_domain_transform,synthetic_source_domain,TMC-2,True,False,fixed_rotation_scale_bias_nonlinearity,0.02
iirs_tmc2_fixed_01747,ch2_tmc_nca_20260813T1023298778_d_img_d18_r073984_c001792,100,2,controlled_synthetic,fixed_global_domain_transform,synthetic_source_domain,TMC-2,True,False,fixed_rotation_scale_bias_nonlinearity,0.03
iirs_tmc2_fixed_01748,ch2_tmc_nca_20260813T1023298778_d_img_d18_r073984_c001792,100,3,controlled_synthetic,fixed_global_domain_transform,synthetic_source_domain,TMC-2,True,False,fixed_rotation_scale_bias_nonlinearity,0.02
iirs_tmc2_fixed_01749,ch2_tmc_nca_20260813T1023298778_d_img_d18_r073984_c001792,100,4,controlled_synthetic,fixed_global_domain_transform,synthetic_source_domain,TMC-2,True,False,fixed_rotation_scale_bias_nonlinearity,0.01
iirs_tmc2_fixed_01750,ch2_tmc_nca_20260813T1023298778_d_img_d18_r081664_c001280,182,0,controlled_synthetic,fixed_global_domain_transform,synthetic_source_domain,TMC-2,True,False,fixed_rotation_scale_bias_nonlinearity,0.01
iirs_tmc2_fixed_01751,ch2_tmc_nca_20260813T1023298778_d_img_d18_r081664_c001280,182,1,controlled_synthetic,fixed_global_domain_transform,synthetic_source_domain,TMC-2,True,False,fixed_rotation_scale_bias_nonlinearity,0.02
iirs_tmc2_fixed_01752,ch2_tmc_nca_20260813T1023298778_d_img_d18_r081664_c001280,182,2,controlled_synthetic,fixed_global_domain_transform,synthetic_source_domain,TMC-2,True,False,fixed_rotation_scale_bias_nonlinearity,0.03
iirs_tmc2_fixed_01753,ch2_tmc_nca_20260813T1023298778_d_img_d18_r081664_c001280,182,3,controlled_synthetic,fixed_global_domain_transform,synthetic_source_domain,TMC-2,True,False,fixed_rotation_scale_bias_nonlinearity,0.02
iirs_tmc2_fixed_01754,ch2_tmc_nca_20260813T1023298778_d_img_d18_r081664_c001280,182,4,controlled_synthetic,fixed_global_domain_transform,synthetic_source_domain,TMC-2,True,False,fixed_rotation_scale_bias_nonlinearity,0.01
iirs_tmc2_fixed_01755,ch2_tmc_nca_20260813T1023298778_d_img_d18_r100864_c002560,336,0,controlled_synthetic,fixed_global_domain_transform,synthetic_source_domain,TMC-2,True,False,fixed_rotation_scale_bias_nonlinearity,0.01
iirs_tmc2_fixed_01756,ch2_tmc_nca_20260813T1023298778_d_img_d18_r100864_c002560,336,1,controlled_synthetic,fixed_global_domain_transform,synthetic_source_domain,TMC-2,True,False,fixed_rotation_scale_bias_nonlinearity,0.02
iirs_tmc2_fixed_01757,ch2_tmc_nca_20260813T1023298778_d_img_d18_r100864_c002560,336,2,controlled_synthetic,fixed_global_domain_transform,synthetic_source_domain,TMC-2,True,False,fixed_rotation_scale_bias_nonlinearity,0.03
iirs_tmc2_fixed_01758,ch2_tmc_nca_20260813T1023298778_d_img_d18_r100864_c002560,336,3,controlled_synthetic,fixed_global_domain_transform,synthetic_source_domain,TMC-2,True,False,fixed_rotation_scale_bias_nonlinearity,0.02
iirs_tmc2_fixed_01759,ch2_tmc_nca_20260813T1023298778_d_img_d18_r100864_c002560,336,4,controlled_synthetic,fixed_global_domain_transform,synthetic_source_domain,TMC-2,True,False,fixed_rotation_scale_bias_nonlinearity,0.01
iirs_tmc2_fixed_01760,ch2_tmc_nca_20260813T1023298778_d_img_d18_r129280_c003584,110,0,controlled_synthetic,fixed_global_domain_transform,synthetic_source_domain,TMC-2,True,False,fixed_rotation_scale_bias_nonlinearity,0.01
iirs_tmc2_fixed_01761,ch2_tmc_nca_20260813T1023298778_d_img_d18_r129280_c003584,110,1,controlled_synthetic,fixed_global_domain_transform,synthetic_source_domain,TMC-2,True,False,fixed_rotation_scale_bias_nonlinearity,0.02
iirs_tmc2_fixed_01762,ch2_tmc_nca_20260813T1023298778_d_img_d18_r129280_c003584,110,2,controlled_synthetic,fixed_global_domain_transform,synthetic_source_domain,TMC-2,True,False,fixed_rotation_scale_bias_nonlinearity,0.03
iirs_tmc2_fixed_01763,ch2_tmc_nca_20260813T1023298778_d_img_d18_r129280_c003584,110,3,controlled_synthetic,fixed_global_domain_transform,synthetic_source_domain,TMC-2,True,False,fixed_rotation_scale_bias_nonlinearity,0.02
iirs_tmc2_fixed_01764,ch2_tmc_nca_20260813T1023298778_d_img_d18_r129280_c003584,110,4,controlled_synthetic,fixed_global_domain_transform,synthetic_source_domain,TMC-2,True,False,fixed_rotation_scale_bias_nonlinearity,0.01
iirs_tmc2_fixed_01765,ch2_tmc_nca_20260813T1023298778_d_img_d18_r051200_c001536,234,0,controlled_synthetic,fixed_global_domain_transform,synthetic_source_domain,TMC-2,True,False,fixed_rotation_scale_bias_nonlinearity,0.01
iirs_tmc2_fixed_01766,ch2_tmc_nca_20260813T1023298778_d_img_d18_r051200_c001536,234,1,controlled_synthetic,fixed_global_domain_transform,synthetic_source_domain,TMC-2,True,False,fixed_rotation_scale_bias_nonlinearity,0.02
iirs_tmc2_fixed_01767,ch2_tmc_nca_20260813T1023298778_d_img_d18_r051200_c001536,234,2,controlled_synthetic,fixed_global_domain_transform,synthetic_source_domain,TMC-2,True,False,fixed_rotation_scale_bias_nonlinearity,0.03
iirs_tmc2_fixed_01768,ch2_tmc_nca_20260813T1023298778_d_img_d18_r051200_c001536,234,3,controlled_synthetic,fixed_global_domain_transform,synthetic_source_domain,TMC-2,True,False,fixed_rotation_scale_bias_nonlinearity,0.02
iirs_tmc2_fixed_01769,ch2_tmc_nca_20260813T1023298778_d_img_d18_r051200_c001536,234,4,controlled_synthetic,fixed_global_domain_transform,synthetic_source_domain,TMC-2,True,False,fixed_rotation_scale_bias_nonlinearity,0.01
iirs_tmc2_fixed_01770,ch2_tmc_nca_20260813T1023298778_d_img_d18_r082432_c001024,180,0,controlled_synthetic,fixed_global_domain_transform,synthetic_source_domain,TMC-2,True,False,fixed_rotation_scale_bias_nonlinearity,0.01
iirs_tmc2_fixed_01771,ch2_tmc_nca_20260813T1023298778_d_img_d18_r082432_c001024,180,1,controlled_synthetic,fixed_global_domain_transform,synthetic_source_domain,TMC-2,True,False,fixed_rotation_scale_bias_nonlinearity,0.02
iirs_tmc2_fixed_01772,ch2_tmc_nca_20260813T1023298778_d_img_d18_r082432_c001024,180,2,controlled_synthetic,fixed_global_domain_transform,synthetic_source_domain,TMC-2,True,False,fixed_rotation_scale_bias_nonlinearity,0.03
iirs_tmc2_fixed_01773,ch2_tmc_nca_20260813T1023298778_d_img_d18_r082432_c001024,180,3,controlled_synthetic,fixed_global_domain_transform,synthetic_source_domain,TMC-2,True,False,fixed_rotation_scale_bias_nonlinearity,0.02
iirs_tmc2_fixed_01774,ch2_tmc_nca_20260813T1023298778_d_img_d18_r082432_c001024,180,4,controlled_synthetic,fixed_global_domain_transform,synthetic_source_domain,TMC-2,True,False,fixed_rotation_scale_bias_nonlinearity,0.01
iirs_tmc2_fixed_01775,ch2_tmc_nca_20260813T1023298778_d_img_d18_r104192_c002048,173,0,controlled_synthetic,fixed_global_domain_transform,synthetic_source_domain,TMC-2,True,False,fixed_rotation_scale_bias_nonlinearity,0.01
iirs_tmc2_fixed_01776,ch2_tmc_nca_20260813T1023298778_d_img_d18_r104192_c002048,173,1,controlled_synthetic,fixed_global_domain_transform,synthetic_source_domain,TMC-2,True,False,fixed_rotation_scale_bias_nonlinearity,0.02
iirs_tmc2_fixed_01777,ch2_tmc_nca_20260813T1023298778_d_img_d18_r104192_c002048,173,2,controlled_synthetic,fixed_global_domain_transform,synthetic_source_domain,TMC-2,True,False,fixed_rotation_scale_bias_nonlinearity,0.03
iirs_tmc2_fixed_01778,ch2_tmc_nca_20260813T1023298778_d_img_d18_r104192_c002048,173,3,controlled_synthetic,fixed_global_domain_transform,synthetic_source_domain,TMC-2,True,False,fixed_rotation_scale_bias_nonlinearity,0.02
iirs_tmc2_fixed_01779,ch2_tmc_nca_20260813T1023298778_d_img_d18_r104192_c002048,173,4,controlled_synthetic,fixed_global_domain_transform,synthetic_source_domain,TMC-2,True,False,fixed_rotation_scale_bias_nonlinearity,0.01
iirs_tmc2_fixed_01780,ch2_tmc_nca_20260813T1023298778_d_img_d18_r073472_c002048,390,0,controlled_synthetic,fixed_global_domain_transform,synthetic_source_domain,TMC-2,True,False,fixed_rotation_scale_bias_nonlinearity,0.01
iirs_tmc2_fixed_01781,ch2_tmc_nca_20260813T1023298778_d_img_d18_r073472_c002048,390,1,controlled_synthetic,fixed_global_domain_transform,synthetic_source_domain,TMC-2,True,False,fixed_rotation_scale_bias_nonlinearity,0.02
iirs_tmc2_fixed_01782,ch2_tmc_nca_20260813T1023298778_d_img_d18_r073472_c002048,390,2,controlled_synthetic,fixed_global_domain_transform,synthetic_source_domain,TMC-2,True,False,fixed_rotation_scale_bias_nonlinearity,0.03
iirs_tmc2_fixed_01783,ch2_tmc_nca_20260813T1023298778_d_img_d18_r073472_c002048,390,3,controlled_synthetic,fixed_global_domain_transform,synthetic_source_domain,TMC-2,True,False,fixed_rotation_scale_bias_nonlinearity,0.02
iirs_tmc2_fixed_01784,ch2_tmc_nca_20260813T1023298778_d_img_d18_r073472_c002048,390,4,controlled_synthetic,fixed_global_domain_transform,synthetic_source_domain,TMC-2,True,False,fixed_rotation_scale_bias_nonlinearity,0.01
iirs_tmc2_fixed_01785,ch2_tmc_nca_20260813T1023298778_d_img_d18_r044800_c002304,107,0,controlled_synthetic,fixed_global_domain_transform,synthetic_source_domain,TMC-2,True,False,fixed_rotation_scale_bias_nonlinearity,0.01
iirs_tmc2_fixed_01786,ch2_tmc_nca_20260813T1023298778_d_img_d18_r044800_c002304,107,1,controlled_synthetic,fixed_global_domain_transform,synthetic_source_domain,TMC-2,True,False,fixed_rotation_scale_bias_nonlinearity,0.02
iirs_tmc2_fixed_01787,ch2_tmc_nca_20260813T1023298778_d_img_d18_r044800_c002304,107,2,controlled_synthetic,fixed_global_domain_transform,synthetic_source_domain,TMC-2,True,False,fixed_rotation_scale_bias_nonlinearity,0.03
iirs_tmc2_fixed_01788,ch2_tmc_nca_20260813T1023298778_d_img_d18_r044800_c002304,107,3,controlled_synthetic,fixed_global_domain_transform,synthetic_source_domain,TMC-2,True,False,fixed_rotation_scale_bias_nonlinearity,0.02
iirs_tmc2_fixed_01789,ch2_tmc_nca_20260813T1023298778_d_img_d18_r044800_c002304,107,4,controlled_synthetic,fixed_global_domain_transform,synthetic_source_domain,TMC-2,True,False,fixed_rotation_scale_bias_nonlinearity,0.01
iirs_tmc2_fixed_01790,ch2_tmc_nca_20260813T1023298778_d_img_d18_r142336_c002816,349,0,controlled_synthetic,fixed_global_domain_transform,synthetic_source_domain,TMC-2,True,False,fixed_rotation_scale_bias_nonlinearity,0.01
iirs_tmc2_fixed_01791,ch2_tmc_nca_20260813T1023298778_d_img_d18_r142336_c002816,349,1,controlled_synthetic,fixed_global_domain_transform,synthetic_source_domain,TMC-2,True,False,fixed_rotation_scale_bias_nonlinearity,0.02
iirs_tmc2_fixed_01792,ch2_tmc_nca_20260813T1023298778_d_img_d18_r142336_c002816,349,2,controlled_synthetic,fixed_global_domain_transform,synthetic_source_domain,TMC-2,True,False,fixed_rotation_scale_bias_nonlinearity,0.03
iirs_tmc2_fixed_01793,ch2_tmc_nca_20260813T1023298778_d_img_d18_r142336_c002816,349,3,controlled_synthetic,fixed_global_domain_transform,synthetic_source_domain,TMC-2,True,False,fixed_rotation_scale_bias_nonlinearity,0.02
iirs_tmc2_fixed_01794,ch2_tmc_nca_20260813T1023298778_d_img_d18_r142336_c002816,349,4,controlled_synthetic,fixed_global_domain_transform,synthetic_source_domain,TMC-2,True,False,fixed_rotation_scale_bias_nonlinearity,0.01
iirs_tmc2_fixed_01795,ch2_tmc_nca_20260813T1023298778_d_img_d18_r085760_c001536,143,0,controlled_synthetic,fixed_global_domain_transform,synthetic_source_domain,TMC-2,True,False,fixed_rotation_scale_bias_nonlinearity,0.01
iirs_tmc2_fixed_01796,ch2_tmc_nca_20260813T1023298778_d_img_d18_r085760_c001536,143,1,controlled_synthetic,fixed_global_domain_transform,synthetic_source_domain,TMC-2,True,False,fixed_rotation_scale_bias_nonlinearity,0.02
iirs_tmc2_fixed_01797,ch2_tmc_nca_20260813T1023298778_d_img_d18_r085760_c001536,143,2,controlled_synthetic,fixed_global_domain_transform,synthetic_source_domain,TMC-2,True,False,fixed_rotation_scale_bias_nonlinearity,0.03
iirs_tmc2_fixed_01798,ch2_tmc_nca_20260813T1023298778_d_img_d18_r085760_c001536,143,3,controlled_synthetic,fixed_global_domain_transform,synthetic_source_domain,TMC-2,True,False,fixed_rotation_scale_bias_nonlinearity,0.02
iirs_tmc2_fixed_01799,ch2_tmc_nca_20260813T1023298778_d_img_d18_r085760_c001536,143,4,controlled_synthetic,fixed_global_domain_transform,synthetic_source_domain,TMC-2,True,False,fixed_rotation_scale_bias_nonlinearity,0.01
iirs_tmc2_fixed_01800,ch2_tmc_nca_20260813T1023298778_d_img_d18_r001792_c000256,29,0,controlled_synthetic,fixed_global_domain_transform,synthetic_source_domain,TMC-2,True,False,fixed_rotation_scale_bias_nonlinearity,0.01
iirs_tmc2_fixed_01801,ch2_tmc_nca_20260813T1023298778_d_img_d18_r001792_c000256,29,1,controlled_synthetic,fixed_global_domain_transform,synthetic_source_domain,TMC-2,True,False,fixed_rotation_scale_bias_nonlinearity,0.02
iirs_tmc2_fixed_01802,ch2_tmc_nca_20260813T1023298778_d_img_d18_r001792_c000256,29,2,controlled_synthetic,fixed_global_domain_transform,synthetic_source_domain,TMC-2,True,False,fixed_rotation_scale_bias_nonlinearity,0.03
iirs_tmc2_fixed_01803,ch2_tmc_nca_20260813T1023298778_d_img_d18_r001792_c000256,29,3,controlled_synthetic,fixed_global_domain_transform,synthetic_source_domain,TMC-2,True,False,fixed_rotation_scale_bias_nonlinearity,0.02
iirs_tmc2_fixed_01804,ch2_tmc_nca_20260813T1023298778_d_img_d18_r001792_c000256,29,4,controlled_synthetic,fixed_global_domain_transform,synthetic_source_domain,TMC-2,True,False,fixed_rotation_scale_bias_nonlinearity,0.01
iirs_tmc2_fixed_01805,ch2_tmc_nca_20260813T1023298778_d_img_d18_r063488_c000768,335,0,controlled_synthetic,fixed_global_domain_transform,synthetic_source_domain,TMC-2,True,False,fixed_rotation_scale_bias_nonlinearity,0.01
iirs_tmc2_fixed_01806,ch2_tmc_nca_20260813T1023298778_d_img_d18_r063488_c000768,335,1,controlled_synthetic,fixed_global_domain_transform,synthetic_source_domain,TMC-2,True,False,fixed_rotation_scale_bias_nonlinearity,0.02
iirs_tmc2_fixed_01807,ch2_tmc_nca_20260813T1023298778_d_img_d18_r063488_c000768,335,2,controlled_synthetic,fixed_global_domain_transform,synthetic_source_domain,TMC-2,True,False,fixed_rotation_scale_bias_nonlinearity,0.03
iirs_tmc2_fixed_01808,ch2_tmc_nca_20260813T1023298778_d_img_d18_r063488_c000768,335,3,controlled_synthetic,fixed_global_domain_transform,synthetic_source_domain,TMC-2,True,False,fixed_rotation_scale_bias_nonlinearity,0.02
iirs_tmc2_fixed_01809,ch2_tmc_nca_20260813T1023298778_d_img_d18_r063488_c000768,335,4,controlled_synthetic,fixed_global_domain_transform,synthetic_source_domain,TMC-2,True,False,fixed_rotation_scale_bias_nonlinearity,0.01
iirs_tmc2_fixed_01810,ch2_tmc_nca_20260813T1023298778_d_img_d18_r094976_c000512,205,0,controlled_synthetic,fixed_global_domain_transform,synthetic_source_domain,TMC-2,True,False,fixed_rotation_scale_bias_nonlinearity,0.01
iirs_tmc2_fixed_01811,ch2_tmc_nca_20260813T1023298778_d_img_d18_r094976_c000512,205,1,controlled_synthetic,fixed_global_domain_transform,synthetic_source_domain,TMC-2,True,False,fixed_rotation_scale_bias_nonlinearity,0.02
iirs_tmc2_fixed_01812,ch2_tmc_nca_20260813T1023298778_d_img_d18_r094976_c000512,205,2,controlled_synthetic,fixed_global_domain_transform,synthetic_source_domain,TMC-2,True,False,fixed_rotation_scale_bias_nonlinearity,0.03
iirs_tmc2_fixed_01813,ch2_tmc_nca_20260813T1023298778_d_img_d18_r094976_c000512,205,3,controlled_synthetic,fixed_global_domain_transform,synthetic_source_domain,TMC-2,True,False,fixed_rotation_scale_bias_nonlinearity,0.02
iirs_tmc2_fixed_01814,ch2_tmc_nca_20260813T1023298778_d_img_d18_r094976_c000512,205,4,controlled_synthetic,fixed_global_domain_transform,synthetic_source_domain,TMC-2,True,False,fixed_rotation_scale_bias_nonlinearity,0.01
iirs_tmc2_fixed_01815,ch2_tmc_nca_20260813T1023298778_d_img_d18_r045056_c003584,45,0,controlled_synthetic,fixed_global_domain_transform,synthetic_source_domain,TMC-2,True,False,fixed_rotation_scale_bias_nonlinearity,0.01
iirs_tmc2_fixed_01816,ch2_tmc_nca_20260813T1023298778_d_img_d18_r045056_c003584,45,1,controlled_synthetic,fixed_global_domain_transform,synthetic_source_domain,TMC-2,True,False,fixed_rotation_scale_bias_nonlinearity,0.02
iirs_tmc2_fixed_01817,ch2_tmc_nca_20260813T1023298778_d_img_d18_r045056_c003584,45,2,controlled_synthetic,fixed_global_domain_transform,synthetic_source_domain,TMC-2,True,False,fixed_rotation_scale_bias_nonlinearity,0.03
iirs_tmc2_fixed_01818,ch2_tmc_nca_20260813T1023298778_d_img_d18_r045056_c003584,45,3,controlled_synthetic,fixed_global_domain_transform,synthetic_source_domain,TMC-2,True,False,fixed_rotation_scale_bias_nonlinearity,0.02
iirs_tmc2_fixed_01819,ch2_tmc_nca_20260813T1023298778_d_img_d18_r045056_c003584,45,4,controlled_synthetic,fixed_global_domain_transform,synthetic_source_domain,TMC-2,True,False,fixed_rotation_scale_bias_nonlinearity,0.01
iirs_tmc2_fixed_01820,ch2_tmc_nca_20260813T1023298778_d_img_d18_r051968_c000256,158,0,controlled_synthetic,fixed_global_domain_transform,synthetic_source_domain,TMC-2,True,False,fixed_rotation_scale_bias_nonlinearity,0.01
iirs_tmc2_fixed_01821,ch2_tmc_nca_20260813T1023298778_d_img_d18_r051968_c000256,158,1,controlled_synthetic,fixed_global_domain_transform,synthetic_source_domain,TMC-2,True,False,fixed_rotation_scale_bias_nonlinearity,0.02
iirs_tmc2_fixed_01822,ch2_tmc_nca_20260813T1023298778_d_img_d18_r051968_c000256,158,2,controlled_synthetic,fixed_global_domain_transform,synthetic_source_domain,TMC-2,True,False,fixed_rotation_scale_bias_nonlinearity,0.03
iirs_tmc2_fixed_01823,ch2_tmc_nca_20260813T1023298778_d_img_d18_r051968_c000256,158,3,controlled_synthetic,fixed_global_domain_transform,synthetic_source_domain,TMC-2,True,False,fixed_rotation_scale_bias_nonlinearity,0.02
iirs_tmc2_fixed_01824,ch2_tmc_nca_20260813T1023298778_d_img_d18_r051968_c000256,158,4,controlled_synthetic,fixed_global_domain_transform,synthetic_source_domain,TMC-2,True,False,fixed_rotation_scale_bias_nonlinearity,0.01
iirs_tmc2_fixed_01825,ch2_tmc_nca_20260813T1023298778_d_img_d18_r107008_c002304,47,0,controlled_synthetic,fixed_global_domain_transform,synthetic_source_domain,TMC-2,True,False,fixed_rotation_scale_bias_nonlinearity,0.01
iirs_tmc2_fixed_01826,ch2_tmc_nca_20260813T1023298778_d_img_d18_r107008_c002304,47,1,controlled_synthetic,fixed_global_domain_transform,synthetic_source_domain,TMC-2,True,False,fixed_rotation_scale_bias_nonlinearity,0.02
iirs_tmc2_fixed_01827,ch2_tmc_nca_20260813T1023298778_d_img_d18_r107008_c002304,47,2,controlled_synthetic,fixed_global_domain_transform,synthetic_source_domain,TMC-2,True,False,fixed_rotation_scale_bias_nonlinearity,0.03
iirs_tmc2_fixed_01828,ch2_tmc_nca_20260813T1023298778_d_img_d18_r107008_c002304,47,3,controlled_synthetic,fixed_global_domain_transform,synthetic_source_domain,TMC-2,True,False,fixed_rotation_scale_bias_nonlinearity,0.02
iirs_tmc2_fixed_01829,ch2_tmc_nca_20260813T1023298778_d_img_d18_r107008_c002304,47,4,controlled_synthetic,fixed_global_domain_transform,synthetic_source_domain,TMC-2,True,False,fixed_rotation_scale_bias_nonlinearity,0.01
iirs_tmc2_fixed_01830,ch2_tmc_nca_20260813T1023298778_d_img_d18_r126720_c000000,303,0,controlled_synthetic,fixed_global_domain_transform,synthetic_source_domain,TMC-2,True,False,fixed_rotation_scale_bias_nonlinearity,0.01
iirs_tmc2_fixed_01831,ch2_tmc_nca_20260813T1023298778_d_img_d18_r126720_c000000,303,1,controlled_synthetic,fixed_global_domain_transform,synthetic_source_domain,TMC-2,True,False,fixed_rotation_scale_bias_nonlinearity,0.02
iirs_tmc2_fixed_01832,ch2_tmc_nca_20260813T1023298778_d_img_d18_r126720_c000000,303,2,controlled_synthetic,fixed_global_domain_transform,synthetic_source_domain,TMC-2,True,False,fixed_rotation_scale_bias_nonlinearity,0.03
iirs_tmc2_fixed_01833,ch2_tmc_nca_20260813T1023298778_d_img_d18_r126720_c000000,303,3,controlled_synthetic,fixed_global_domain_transform,synthetic_source_domain,TMC-2,True,False,fixed_rotation_scale_bias_nonlinearity,0.02
iirs_tmc2_fixed_01834,ch2_tmc_nca_20260813T1023298778_d_img_d18_r126720_c000000,303,4,controlled_synthetic,fixed_global_domain_transform,synthetic_source_domain,TMC-2,True,False,fixed_rotation_scale_bias_nonlinearity,0.01
iirs_tmc2_fixed_01835,ch2_tmc_nca_20260813T1023298778_d_img_d18_r052736_c002560,271,0,controlled_synthetic,fixed_global_domain_transform,synthetic_source_domain,TMC-2,True,False,fixed_rotation_scale_bias_nonlinearity,0.01
iirs_tmc2_fixed_01836,ch2_tmc_nca_20260813T1023298778_d_img_d18_r052736_c002560,271,1,controlled_synthetic,fixed_global_domain_transform,synthetic_source_domain,TMC-2,True,False,fixed_rotation_scale_bias_nonlinearity,0.02
iirs_tmc2_fixed_01837,ch2_tmc_nca_20260813T1023298778_d_img_d18_r052736_c002560,271,2,controlled_synthetic,fixed_global_domain_transform,synthetic_source_domain,TMC-2,True,False,fixed_rotation_scale_bias_nonlinearity,0.03
iirs_tmc2_fixed_01838,ch2_tmc_nca_20260813T1023298778_d_img_d18_r052736_c002560,271,3,controlled_synthetic,fixed_global_domain_transform,synthetic_source_domain,TMC-2,True,False,fixed_rotation_scale_bias_nonlinearity,0.02
iirs_tmc2_fixed_01839,ch2_tmc_nca_20260813T1023298778_d_img_d18_r052736_c002560,271,4,controlled_synthetic,fixed_global_domain_transform,synthetic_source_domain,TMC-2,True,False,fixed_rotation_scale_bias_nonlinearity,0.01
iirs_tmc2_fixed_01840,ch2_tmc_nca_20260813T1023298778_d_img_d18_r134144_c002816,31,0,controlled_synthetic,fixed_global_domain_transform,synthetic_source_domain,TMC-2,True,False,fixed_rotation_scale_bias_nonlinearity,0.01
iirs_tmc2_fixed_01841,ch2_tmc_nca_20260813T1023298778_d_img_d18_r134144_c002816,31,1,controlled_synthetic,fixed_global_domain_transform,synthetic_source_domain,TMC-2,True,False,fixed_rotation_scale_bias_nonlinearity,0.02
iirs_tmc2_fixed_01842,ch2_tmc_nca_20260813T1023298778_d_img_d18_r134144_c002816,31,2,controlled_synthetic,fixed_global_domain_transform,synthetic_source_domain,TMC-2,True,False,fixed_rotation_scale_bias_nonlinearity,0.03
iirs_tmc2_fixed_01843,ch2_tmc_nca_20260813T1023298778_d_img_d18_r134144_c002816,31,3,controlled_synthetic,fixed_global_domain_transform,synthetic_source_domain,TMC-2,True,False,fixed_rotation_scale_bias_nonlinearity,0.02
iirs_tmc2_fixed_01844,ch2_tmc_nca_20260813T1023298778_d_img_d18_r134144_c002816,31,4,controlled_synthetic,fixed_global_domain_transform,synthetic_source_domain,TMC-2,True,False,fixed_rotation_scale_bias_nonlinearity,0.01
iirs_tmc2_fixed_01845,ch2_tmc_nca_20260813T1023298778_d_img_d18_r025088_c002560,264,0,controlled_synthetic,fixed_global_domain_transform,synthetic_source_domain,TMC-2,True,False,fixed_rotation_scale_bias_nonlinearity,0.01
iirs_tmc2_fixed_01846,ch2_tmc_nca_20260813T1023298778_d_img_d18_r025088_c002560,264,1,controlled_synthetic,fixed_global_domain_transform,synthetic_source_domain,TMC-2,True,False,fixed_rotation_scale_bias_nonlinearity,0.02
iirs_tmc2_fixed_01847,ch2_tmc_nca_20260813T1023298778_d_img_d18_r025088_c002560,264,2,controlled_synthetic,fixed_global_domain_transform,synthetic_source_domain,TMC-2,True,False,fixed_rotation_scale_bias_nonlinearity,0.03
iirs_tmc2_fixed_01848,ch2_tmc_nca_20260813T1023298778_d_img_d18_r025088_c002560,264,3,controlled_synthetic,fixed_global_domain_transform,synthetic_source_domain,TMC-2,True,False,fixed_rotation_scale_bias_nonlinearity,0.02
iirs_tmc2_fixed_01849,ch2_tmc_nca_20260813T1023298778_d_img_d18_r025088_c002560,264,4,controlled_synthetic,fixed_global_domain_transform,synthetic_source_domain,TMC-2,True,False,fixed_rotation_scale_bias_nonlinearity,0.01
iirs_tmc2_fixed_01850,ch2_tmc_nca_20260813T1023298778_d_img_d18_r090112_c001536,9,0,controlled_synthetic,fixed_global_domain_transform,synthetic_source_domain,TMC-2,True,False,fixed_rotation_scale_bias_nonlinearity,0.01
iirs_tmc2_fixed_01851,ch2_tmc_nca_20260813T1023298778_d_img_d18_r090112_c001536,9,1,controlled_synthetic,fixed_global_domain_transform,synthetic_source_domain,TMC-2,True,False,fixed_rotation_scale_bias_nonlinearity,0.02
iirs_tmc2_fixed_01852,ch2_tmc_nca_20260813T1023298778_d_img_d18_r090112_c001536,9,2,controlled_synthetic,fixed_global_domain_transform,synthetic_source_domain,TMC-2,True,False,fixed_rotation_scale_bias_nonlinearity,0.03
iirs_tmc2_fixed_01853,ch2_tmc_nca_20260813T1023298778_d_img_d18_r090112_c001536,9,3,controlled_synthetic,fixed_global_domain_transform,synthetic_source_domain,TMC-2,True,False,fixed_rotation_scale_bias_nonlinearity,0.02
iirs_tmc2_fixed_01854,ch2_tmc_nca_20260813T1023298778_d_img_d18_r090112_c001536,9,4,controlled_synthetic,fixed_global_domain_transform,synthetic_source_domain,TMC-2,True,False,fixed_rotation_scale_bias_nonlinearity,0.01
iirs_tmc2_fixed_01855,ch2_tmc_nca_20260813T1023298778_d_img_d18_r089088_c002816,299,0,controlled_synthetic,fixed_global_domain_transform,synthetic_source_domain,TMC-2,True,False,fixed_rotation_scale_bias_nonlinearity,0.01
iirs_tmc2_fixed_01856,ch2_tmc_nca_20260813T1023298778_d_img_d18_r089088_c002816,299,1,controlled_synthetic,fixed_global_domain_transform,synthetic_source_domain,TMC-2,True,False,fixed_rotation_scale_bias_nonlinearity,0.02
iirs_tmc2_fixed_01857,ch2_tmc_nca_20260813T1023298778_d_img_d18_r089088_c002816,299,2,controlled_synthetic,fixed_global_domain_transform,synthetic_source_domain,TMC-2,True,False,fixed_rotation_scale_bias_nonlinearity,0.03
iirs_tmc2_fixed_01858,ch2_tmc_nca_20260813T1023298778_d_img_d18_r089088_c002816,299,3,controlled_synthetic,fixed_global_domain_transform,synthetic_source_domain,TMC-2,True,False,fixed_rotation_scale_bias_nonlinearity,0.02
iirs_tmc2_fixed_01859,ch2_tmc_nca_20260813T1023298778_d_img_d18_r089088_c002816,299,4,controlled_synthetic,fixed_global_domain_transform,synthetic_source_domain,TMC-2,True,False,fixed_rotation_scale_bias_nonlinearity,0.01
iirs_tmc2_fixed_01860,ch2_tmc_nca_20260813T1023298778_d_img_d18_r094464_c003072,322,0,controlled_synthetic,fixed_global_domain_transform,synthetic_source_domain,TMC-2,True,False,fixed_rotation_scale_bias_nonlinearity,0.01
iirs_tmc2_fixed_01861,ch2_tmc_nca_20260813T1023298778_d_img_d18_r094464_c003072,322,1,controlled_synthetic,fixed_global_domain_transform,synthetic_source_domain,TMC-2,True,False,fixed_rotation_scale_bias_nonlinearity,0.02
iirs_tmc2_fixed_01862,ch2_tmc_nca_20260813T1023298778_d_img_d18_r094464_c003072,322,2,controlled_synthetic,fixed_global_domain_transform,synthetic_source_domain,TMC-2,True,False,fixed_rotation_scale_bias_nonlinearity,0.03
iirs_tmc2_fixed_01863,ch2_tmc_nca_20260813T1023298778_d_img_d18_r094464_c003072,322,3,controlled_synthetic,fixed_global_domain_transform,synthetic_source_domain,TMC-2,True,False,fixed_rotation_scale_bias_nonlinearity,0.02
iirs_tmc2_fixed_01864,ch2_tmc_nca_20260813T1023298778_d_img_d18_r094464_c003072,322,4,controlled_synthetic,fixed_global_domain_transform,synthetic_source_domain,TMC-2,True,False,fixed_rotation_scale_bias_nonlinearity,0.01
iirs_tmc2_fixed_01865,ch2_tmc_nca_20260813T1023298778_d_img_d18_r016384_c002304,74,0,controlled_synthetic,fixed_global_domain_transform,synthetic_source_domain,TMC-2,True,False,fixed_rotation_scale_bias_nonlinearity,0.01
iirs_tmc2_fixed_01866,ch2_tmc_nca_20260813T1023298778_d_img_d18_r016384_c002304,74,1,controlled_synthetic,fixed_global_domain_transform,synthetic_source_domain,TMC-2,True,False,fixed_rotation_scale_bias_nonlinearity,0.02
iirs_tmc2_fixed_01867,ch2_tmc_nca_20260813T1023298778_d_img_d18_r016384_c002304,74,2,controlled_synthetic,fixed_global_domain_transform,synthetic_source_domain,TMC-2,True,False,fixed_rotation_scale_bias_nonlinearity,0.03
iirs_tmc2_fixed_01868,ch2_tmc_nca_20260813T1023298778_d_img_d18_r016384_c002304,74,3,controlled_synthetic,fixed_global_domain_transform,synthetic_source_domain,TMC-2,True,False,fixed_rotation_scale_bias_nonlinearity,0.02
iirs_tmc2_fixed_01869,ch2_tmc_nca_20260813T1023298778_d_img_d18_r016384_c002304,74,4,controlled_synthetic,fixed_global_domain_transform,synthetic_source_domain,TMC-2,True,False,fixed_rotation_scale_bias_nonlinearity,0.01
iirs_tmc2_fixed_01870,ch2_tmc_nca_20260813T1023298778_d_img_d18_r145152_c002816,156,0,controlled_synthetic,fixed_global_domain_transform,synthetic_source_domain,TMC-2,True,False,fixed_rotation_scale_bias_nonlinearity,0.01
iirs_tmc2_fixed_01871,ch2_tmc_nca_20260813T1023298778_d_img_d18_r145152_c002816,156,1,controlled_synthetic,fixed_global_domain_transform,synthetic_source_domain,TMC-2,True,False,fixed_rotation_scale_bias_nonlinearity,0.02
iirs_tmc2_fixed_01872,ch2_tmc_nca_20260813T1023298778_d_img_d18_r145152_c002816,156,2,controlled_synthetic,fixed_global_domain_transform,synthetic_source_domain,TMC-2,True,False,fixed_rotation_scale_bias_nonlinearity,0.03
iirs_tmc2_fixed_01873,ch2_tmc_nca_20260813T1023298778_d_img_d18_r145152_c002816,156,3,controlled_synthetic,fixed_global_domain_transform,synthetic_source_domain,TMC-2,True,False,fixed_rotation_scale_bias_nonlinearity,0.02
iirs_tmc2_fixed_01874,ch2_tmc_nca_20260813T1023298778_d_img_d18_r145152_c002816,156,4,controlled_synthetic,fixed_global_domain_transform,synthetic_source_domain,TMC-2,True,False,fixed_rotation_scale_bias_nonlinearity,0.01
iirs_tmc2_fixed_01875,ch2_tmc_nca_20260813T1023298778_d_img_d18_r130048_c000256,218,0,controlled_synthetic,fixed_global_domain_transform,synthetic_source_domain,TMC-2,True,False,fixed_rotation_scale_bias_nonlinearity,0.01
iirs_tmc2_fixed_01876,ch2_tmc_nca_20260813T1023298778_d_img_d18_r130048_c000256,218,1,controlled_synthetic,fixed_global_domain_transform,synthetic_source_domain,TMC-2,True,False,fixed_rotation_scale_bias_nonlinearity,0.02
iirs_tmc2_fixed_01877,ch2_tmc_nca_20260813T1023298778_d_img_d18_r130048_c000256,218,2,controlled_synthetic,fixed_global_domain_transform,synthetic_source_domain,TMC-2,True,False,fixed_rotation_scale_bias_nonlinearity,0.03
iirs_tmc2_fixed_01878,ch2_tmc_nca_20260813T1023298778_d_img_d18_r130048_c000256,218,3,controlled_synthetic,fixed_global_domain_transform,synthetic_source_domain,TMC-2,True,False,fixed_rotation_scale_bias_nonlinearity,0.02
iirs_tmc2_fixed_01879,ch2_tmc_nca_20260813T1023298778_d_img_d18_r130048_c000256,218,4,controlled_synthetic,fixed_global_domain_transform,synthetic_source_domain,TMC-2,True,False,fixed_rotation_scale_bias_nonlinearity,0.01
iirs_tmc2_fixed_01880,ch2_tmc_nca_20260813T1023298778_d_img_d18_r048896_c001280,288,0,controlled_synthetic,fixed_global_domain_transform,synthetic_source_domain,TMC-2,True,False,fixed_rotation_scale_bias_nonlinearity,0.01
iirs_tmc2_fixed_01881,ch2_tmc_nca_20260813T1023298778_d_img_d18_r048896_c001280,288,1,controlled_synthetic,fixed_global_domain_transform,synthetic_source_domain,TMC-2,True,False,fixed_rotation_scale_bias_nonlinearity,0.02
iirs_tmc2_fixed_01882,ch2_tmc_nca_20260813T1023298778_d_img_d18_r048896_c001280,288,2,controlled_synthetic,fixed_global_domain_transform,synthetic_source_domain,TMC-2,True,False,fixed_rotation_scale_bias_nonlinearity,0.03
iirs_tmc2_fixed_01883,ch2_tmc_nca_20260813T1023298778_d_img_d18_r048896_c001280,288,3,controlled_synthetic,fixed_global_domain_transform,synthetic_source_domain,TMC-2,True,False,fixed_rotation_scale_bias_nonlinearity,0.02
iirs_tmc2_fixed_01884,ch2_tmc_nca_20260813T1023298778_d_img_d18_r048896_c001280,288,4,controlled_synthetic,fixed_global_domain_transform,synthetic_source_domain,TMC-2,True,False,fixed_rotation_scale_bias_nonlinearity,0.01
iirs_tmc2_fixed_01885,ch2_tmc_nca_20260813T1023298778_d_img_d18_r107520_c002560,262,0,controlled_synthetic,fixed_global_domain_transform,synthetic_source_domain,TMC-2,True,False,fixed_rotation_scale_bias_nonlinearity,0.01
iirs_tmc2_fixed_01886,ch2_tmc_nca_20260813T1023298778_d_img_d18_r107520_c002560,262,1,controlled_synthetic,fixed_global_domain_transform,synthetic_source_domain,TMC-2,True,False,fixed_rotation_scale_bias_nonlinearity,0.02
iirs_tmc2_fixed_01887,ch2_tmc_nca_20260813T1023298778_d_img_d18_r107520_c002560,262,2,controlled_synthetic,fixed_global_domain_transform,synthetic_source_domain,TMC-2,True,False,fixed_rotation_scale_bias_nonlinearity,0.03
iirs_tmc2_fixed_01888,ch2_tmc_nca_20260813T1023298778_d_img_d18_r107520_c002560,262,3,controlled_synthetic,fixed_global_domain_transform,synthetic_source_domain,TMC-2,True,False,fixed_rotation_scale_bias_nonlinearity,0.02
iirs_tmc2_fixed_01889,ch2_tmc_nca_20260813T1023298778_d_img_d18_r107520_c002560,262,4,controlled_synthetic,fixed_global_domain_transform,synthetic_source_domain,TMC-2,True,False,fixed_rotation_scale_bias_nonlinearity,0.01
iirs_tmc2_fixed_01890,ch2_tmc_nca_20260813T1023298778_d_img_d18_r077056_c000256,351,0,controlled_synthetic,fixed_global_domain_transform,synthetic_source_domain,TMC-2,True,False,fixed_rotation_scale_bias_nonlinearity,0.01
iirs_tmc2_fixed_01891,ch2_tmc_nca_20260813T1023298778_d_img_d18_r077056_c000256,351,1,controlled_synthetic,fixed_global_domain_transform,synthetic_source_domain,TMC-2,True,False,fixed_rotation_scale_bias_nonlinearity,0.02
iirs_tmc2_fixed_01892,ch2_tmc_nca_20260813T1023298778_d_img_d18_r077056_c000256,351,2,controlled_synthetic,fixed_global_domain_transform,synthetic_source_domain,TMC-2,True,False,fixed_rotation_scale_bias_nonlinearity,0.03
iirs_tmc2_fixed_01893,ch2_tmc_nca_20260813T1023298778_d_img_d18_r077056_c000256,351,3,controlled_synthetic,fixed_global_domain_transform,synthetic_source_domain,TMC-2,True,False,fixed_rotation_scale_bias_nonlinearity,0.02
iirs_tmc2_fixed_01894,ch2_tmc_nca_20260813T1023298778_d_img_d18_r077056_c000256,351,4,controlled_synthetic,fixed_global_domain_transform,synthetic_source_domain,TMC-2,True,False,fixed_rotation_scale_bias_nonlinearity,0.01
iirs_tmc2_fixed_01895,ch2_tmc_nca_20260813T1023298778_d_img_d18_r060672_c002816,192,0,controlled_synthetic,fixed_global_domain_transform,synthetic_source_domain,TMC-2,True,False,fixed_rotation_scale_bias_nonlinearity,0.01
iirs_tmc2_fixed_01896,ch2_tmc_nca_20260813T1023298778_d_img_d18_r060672_c002816,192,1,controlled_synthetic,fixed_global_domain_transform,synthetic_source_domain,TMC-2,True,False,fixed_rotation_scale_bias_nonlinearity,0.02
iirs_tmc2_fixed_01897,ch2_tmc_nca_20260813T1023298778_d_img_d18_r060672_c002816,192,2,controlled_synthetic,fixed_global_domain_transform,synthetic_source_domain,TMC-2,True,False,fixed_rotation_scale_bias_nonlinearity,0.03
iirs_tmc2_fixed_01898,ch2_tmc_nca_20260813T1023298778_d_img_d18_r060672_c002816,192,3,controlled_synthetic,fixed_global_domain_transform,synthetic_source_domain,TMC-2,True,False,fixed_rotation_scale_bias_nonlinearity,0.02
iirs_tmc2_fixed_01899,ch2_tmc_nca_20260813T1023298778_d_img_d18_r060672_c002816,192,4,controlled_synthetic,fixed_global_domain_transform,synthetic_source_domain,TMC-2,True,False,fixed_rotation_scale_bias_nonlinearity,0.01
iirs_tmc2_fixed_01900,ch2_tmc_nca_20260813T1023298778_d_img_d18_r119040_c000256,112,0,controlled_synthetic,fixed_global_domain_transform,synthetic_source_domain,TMC-2,True,False,fixed_rotation_scale_bias_nonlinearity,0.01
iirs_tmc2_fixed_01901,ch2_tmc_nca_20260813T1023298778_d_img_d18_r119040_c000256,112,1,controlled_synthetic,fixed_global_domain_transform,synthetic_source_domain,TMC-2,True,False,fixed_rotation_scale_bias_nonlinearity,0.02
iirs_tmc2_fixed_01902,ch2_tmc_nca_20260813T1023298778_d_img_d18_r119040_c000256,112,2,controlled_synthetic,fixed_global_domain_transform,synthetic_source_domain,TMC-2,True,False,fixed_rotation_scale_bias_nonlinearity,0.03
iirs_tmc2_fixed_01903,ch2_tmc_nca_20260813T1023298778_d_img_d18_r119040_c000256,112,3,controlled_synthetic,fixed_global_domain_transform,synthetic_source_domain,TMC-2,True,False,fixed_rotation_scale_bias_nonlinearity,0.02
iirs_tmc2_fixed_01904,ch2_tmc_nca_20260813T1023298778_d_img_d18_r119040_c000256,112,4,controlled_synthetic,fixed_global_domain_transform,synthetic_source_domain,TMC-2,True,False,fixed_rotation_scale_bias_nonlinearity,0.01
iirs_tmc2_fixed_01905,ch2_tmc_nca_20260813T1023298778_d_img_d18_r007168_c003584,46,0,controlled_synthetic,fixed_global_domain_transform,synthetic_source_domain,TMC-2,True,False,fixed_rotation_scale_bias_nonlinearity,0.01
iirs_tmc2_fixed_01906,ch2_tmc_nca_20260813T1023298778_d_img_d18_r007168_c003584,46,1,controlled_synthetic,fixed_global_domain_transform,synthetic_source_domain,TMC-2,True,False,fixed_rotation_scale_bias_nonlinearity,0.02
iirs_tmc2_fixed_01907,ch2_tmc_nca_20260813T1023298778_d_img_d18_r007168_c003584,46,2,controlled_synthetic,fixed_global_domain_transform,synthetic_source_domain,TMC-2,True,False,fixed_rotation_scale_bias_nonlinearity,0.03
iirs_tmc2_fixed_01908,ch2_tmc_nca_20260813T1023298778_d_img_d18_r007168_c003584,46,3,controlled_synthetic,fixed_global_domain_transform,synthetic_source_domain,TMC-2,True,False,fixed_rotation_scale_bias_nonlinearity,0.02
iirs_tmc2_fixed_01909,ch2_tmc_nca_20260813T1023298778_d_img_d18_r007168_c003584,46,4,controlled_synthetic,fixed_global_domain_transform,synthetic_source_domain,TMC-2,True,False,fixed_rotation_scale_bias_nonlinearity,0.01
iirs_tmc2_fixed_01910,ch2_tmc_nca_20260813T1023298778_d_img_d18_r100096_c000256,371,0,controlled_synthetic,fixed_global_domain_transform,synthetic_source_domain,TMC-2,True,False,fixed_rotation_scale_bias_nonlinearity,0.01
iirs_tmc2_fixed_01911,ch2_tmc_nca_20260813T1023298778_d_img_d18_r100096_c000256,371,1,controlled_synthetic,fixed_global_domain_transform,synthetic_source_domain,TMC-2,True,False,fixed_rotation_scale_bias_nonlinearity,0.02
iirs_tmc2_fixed_01912,ch2_tmc_nca_20260813T1023298778_d_img_d18_r100096_c000256,371,2,controlled_synthetic,fixed_global_domain_transform,synthetic_source_domain,TMC-2,True,False,fixed_rotation_scale_bias_nonlinearity,0.03
iirs_tmc2_fixed_01913,ch2_tmc_nca_20260813T1023298778_d_img_d18_r100096_c000256,371,3,controlled_synthetic,fixed_global_domain_transform,synthetic_source_domain,TMC-2,True,False,fixed_rotation_scale_bias_nonlinearity,0.02
iirs_tmc2_fixed_01914,ch2_tmc_nca_20260813T1023298778_d_img_d18_r100096_c000256,371,4,controlled_synthetic,fixed_global_domain_transform,synthetic_source_domain,TMC-2,True,False,fixed_rotation_scale_bias_nonlinearity,0.01
iirs_tmc2_fixed_01915,ch2_tmc_nca_20260813T1023298778_d_img_d18_r115456_c000256,260,0,controlled_synthetic,fixed_global_domain_transform,synthetic_source_domain,TMC-2,True,False,fixed_rotation_scale_bias_nonlinearity,0.01
iirs_tmc2_fixed_01916,ch2_tmc_nca_20260813T1023298778_d_img_d18_r115456_c000256,260,1,controlled_synthetic,fixed_global_domain_transform,synthetic_source_domain,TMC-2,True,False,fixed_rotation_scale_bias_nonlinearity,0.02
iirs_tmc2_fixed_01917,ch2_tmc_nca_20260813T1023298778_d_img_d18_r115456_c000256,260,2,controlled_synthetic,fixed_global_domain_transform,synthetic_source_domain,TMC-2,True,False,fixed_rotation_scale_bias_nonlinearity,0.03
iirs_tmc2_fixed_01918,ch2_tmc_nca_20260813T1023298778_d_img_d18_r115456_c000256,260,3,controlled_synthetic,fixed_global_domain_transform,synthetic_source_domain,TMC-2,True,False,fixed_rotation_scale_bias_nonlinearity,0.02
iirs_tmc2_fixed_01919,ch2_tmc_nca_20260813T1023298778_d_img_d18_r115456_c000256,260,4,controlled_synthetic,fixed_global_domain_transform,synthetic_source_domain,TMC-2,True,False,fixed_rotation_scale_bias_nonlinearity,0.01
iirs_tmc2_fixed_01920,ch2_tmc_nca_20260813T1023298778_d_img_d18_r022272_c003584,6,0,controlled_synthetic,fixed_global_domain_transform,synthetic_source_domain,TMC-2,True,False,fixed_rotation_scale_bias_nonlinearity,0.01
iirs_tmc2_fixed_01921,ch2_tmc_nca_20260813T1023298778_d_img_d18_r022272_c003584,6,1,controlled_synthetic,fixed_global_domain_transform,synthetic_source_domain,TMC-2,True,False,fixed_rotation_scale_bias_nonlinearity,0.02
iirs_tmc2_fixed_01922,ch2_tmc_nca_20260813T1023298778_d_img_d18_r022272_c003584,6,2,controlled_synthetic,fixed_global_domain_transform,synthetic_source_domain,TMC-2,True,False,fixed_rotation_scale_bias_nonlinearity,0.03
iirs_tmc2_fixed_01923,ch2_tmc_nca_20260813T1023298778_d_img_d18_r022272_c003584,6,3,controlled_synthetic,fixed_global_domain_transform,synthetic_source_domain,TMC-2,True,False,fixed_rotation_scale_bias_nonlinearity,0.02
iirs_tmc2_fixed_01924,ch2_tmc_nca_20260813T1023298778_d_img_d18_r022272_c003584,6,4,controlled_synthetic,fixed_global_domain_transform,synthetic_source_domain,TMC-2,True,False,fixed_rotation_scale_bias_nonlinearity,0.01
iirs_tmc2_fixed_01925,ch2_tmc_nca_20260813T1023298778_d_img_d18_r126976_c001024,50,0,controlled_synthetic,fixed_global_domain_transform,synthetic_source_domain,TMC-2,True,False,fixed_rotation_scale_bias_nonlinearity,0.01
iirs_tmc2_fixed_01926,ch2_tmc_nca_20260813T1023298778_d_img_d18_r126976_c001024,50,1,controlled_synthetic,fixed_global_domain_transform,synthetic_source_domain,TMC-2,True,False,fixed_rotation_scale_bias_nonlinearity,0.02
iirs_tmc2_fixed_01927,ch2_tmc_nca_20260813T1023298778_d_img_d18_r126976_c001024,50,2,controlled_synthetic,fixed_global_domain_transform,synthetic_source_domain,TMC-2,True,False,fixed_rotation_scale_bias_nonlinearity,0.03
iirs_tmc2_fixed_01928,ch2_tmc_nca_20260813T1023298778_d_img_d18_r126976_c001024,50,3,controlled_synthetic,fixed_global_domain_transform,synthetic_source_domain,TMC-2,True,False,fixed_rotation_scale_bias_nonlinearity,0.02
iirs_tmc2_fixed_01929,ch2_tmc_nca_20260813T1023298778_d_img_d18_r126976_c001024,50,4,controlled_synthetic,fixed_global_domain_transform,synthetic_source_domain,TMC-2,True,False,fixed_rotation_scale_bias_nonlinearity,0.01
iirs_tmc2_fixed_01930,ch2_tmc_nca_20260813T1023298778_d_img_d18_r021760_c000768,108,0,controlled_synthetic,fixed_global_domain_transform,synthetic_source_domain,TMC-2,True,False,fixed_rotation_scale_bias_nonlinearity,0.01
iirs_tmc2_fixed_01931,ch2_tmc_nca_20260813T1023298778_d_img_d18_r021760_c000768,108,1,controlled_synthetic,fixed_global_domain_transform,synthetic_source_domain,TMC-2,True,False,fixed_rotation_scale_bias_nonlinearity,0.02
iirs_tmc2_fixed_01932,ch2_tmc_nca_20260813T1023298778_d_img_d18_r021760_c000768,108,2,controlled_synthetic,fixed_global_domain_transform,synthetic_source_domain,TMC-2,True,False,fixed_rotation_scale_bias_nonlinearity,0.03
iirs_tmc2_fixed_01933,ch2_tmc_nca_20260813T1023298778_d_img_d18_r021760_c000768,108,3,controlled_synthetic,fixed_global_domain_transform,synthetic_source_domain,TMC-2,True,False,fixed_rotation_scale_bias_nonlinearity,0.02
iirs_tmc2_fixed_01934,ch2_tmc_nca_20260813T1023298778_d_img_d18_r021760_c000768,108,4,controlled_synthetic,fixed_global_domain_transform,synthetic_source_domain,TMC-2,True,False,fixed_rotation_scale_bias_nonlinearity,0.01
iirs_tmc2_fixed_01935,ch2_tmc_nca_20260813T1023298778_d_img_d18_r044032_c000768,89,0,controlled_synthetic,fixed_global_domain_transform,synthetic_source_domain,TMC-2,True,False,fixed_rotation_scale_bias_nonlinearity,0.01
iirs_tmc2_fixed_01936,ch2_tmc_nca_20260813T1023298778_d_img_d18_r044032_c000768,89,1,controlled_synthetic,fixed_global_domain_transform,synthetic_source_domain,TMC-2,True,False,fixed_rotation_scale_bias_nonlinearity,0.02
iirs_tmc2_fixed_01937,ch2_tmc_nca_20260813T1023298778_d_img_d18_r044032_c000768,89,2,controlled_synthetic,fixed_global_domain_transform,synthetic_source_domain,TMC-2,True,False,fixed_rotation_scale_bias_nonlinearity,0.03
iirs_tmc2_fixed_01938,ch2_tmc_nca_20260813T1023298778_d_img_d18_r044032_c000768,89,3,controlled_synthetic,fixed_global_domain_transform,synthetic_source_domain,TMC-2,True,False,fixed_rotation_scale_bias_nonlinearity,0.02
iirs_tmc2_fixed_01939,ch2_tmc_nca_20260813T1023298778_d_img_d18_r044032_c000768,89,4,controlled_synthetic,fixed_global_domain_transform,synthetic_source_domain,TMC-2,True,False,fixed_rotation_scale_bias_nonlinearity,0.01
iirs_tmc2_fixed_01940,ch2_tmc_nca_20260813T1023298778_d_img_d18_r058112_c000768,67,0,controlled_synthetic,fixed_global_domain_transform,synthetic_source_domain,TMC-2,True,False,fixed_rotation_scale_bias_nonlinearity,0.01
iirs_tmc2_fixed_01941,ch2_tmc_nca_20260813T1023298778_d_img_d18_r058112_c000768,67,1,controlled_synthetic,fixed_global_domain_transform,synthetic_source_domain,TMC-2,True,False,fixed_rotation_scale_bias_nonlinearity,0.02
iirs_tmc2_fixed_01942,ch2_tmc_nca_20260813T1023298778_d_img_d18_r058112_c000768,67,2,controlled_synthetic,fixed_global_domain_transform,synthetic_source_domain,TMC-2,True,False,fixed_rotation_scale_bias_nonlinearity,0.03
iirs_tmc2_fixed_01943,ch2_tmc_nca_20260813T1023298778_d_img_d18_r058112_c000768,67,3,controlled_synthetic,fixed_global_domain_transform,synthetic_source_domain,TMC-2,True,False,fixed_rotation_scale_bias_nonlinearity,0.02
iirs_tmc2_fixed_01944,ch2_tmc_nca_20260813T1023298778_d_img_d18_r058112_c000768,67,4,controlled_synthetic,fixed_global_domain_transform,synthetic_source_domain,TMC-2,True,False,fixed_rotation_scale_bias_nonlinearity,0.01
iirs_tmc2_fixed_01945,ch2_tmc_nca_20260813T1023298778_d_img_d18_r023296_c003584,5,0,controlled_synthetic,fixed_global_domain_transform,synthetic_source_domain,TMC-2,True,False,fixed_rotation_scale_bias_nonlinearity,0.01
iirs_tmc2_fixed_01946,ch2_tmc_nca_20260813T1023298778_d_img_d18_r023296_c003584,5,1,controlled_synthetic,fixed_global_domain_transform,synthetic_source_domain,TMC-2,True,False,fixed_rotation_scale_bias_nonlinearity,0.02
iirs_tmc2_fixed_01947,ch2_tmc_nca_20260813T1023298778_d_img_d18_r023296_c003584,5,2,controlled_synthetic,fixed_global_domain_transform,synthetic_source_domain,TMC-2,True,False,fixed_rotation_scale_bias_nonlinearity,0.03
iirs_tmc2_fixed_01948,ch2_tmc_nca_20260813T1023298778_d_img_d18_r023296_c003584,5,3,controlled_synthetic,fixed_global_domain_transform,synthetic_source_domain,TMC-2,True,False,fixed_rotation_scale_bias_nonlinearity,0.02
iirs_tmc2_fixed_01949,ch2_tmc_nca_20260813T1023298778_d_img_d18_r023296_c003584,5,4,controlled_synthetic,fixed_global_domain_transform,synthetic_source_domain,TMC-2,True,False,fixed_rotation_scale_bias_nonlinearity,0.01
iirs_tmc2_fixed_01950,ch2_tmc_nca_20260813T1023298778_d_img_d18_r094208_c002304,365,0,controlled_synthetic,fixed_global_domain_transform,synthetic_source_domain,TMC-2,True,False,fixed_rotation_scale_bias_nonlinearity,0.01
iirs_tmc2_fixed_01951,ch2_tmc_nca_20260813T1023298778_d_img_d18_r094208_c002304,365,1,controlled_synthetic,fixed_global_domain_transform,synthetic_source_domain,TMC-2,True,False,fixed_rotation_scale_bias_nonlinearity,0.02
iirs_tmc2_fixed_01952,ch2_tmc_nca_20260813T1023298778_d_img_d18_r094208_c002304,365,2,controlled_synthetic,fixed_global_domain_transform,synthetic_source_domain,TMC-2,True,False,fixed_rotation_scale_bias_nonlinearity,0.03
iirs_tmc2_fixed_01953,ch2_tmc_nca_20260813T1023298778_d_img_d18_r094208_c002304,365,3,controlled_synthetic,fixed_global_domain_transform,synthetic_source_domain,TMC-2,True,False,fixed_rotation_scale_bias_nonlinearity,0.02
iirs_tmc2_fixed_01954,ch2_tmc_nca_20260813T1023298778_d_img_d18_r094208_c002304,365,4,controlled_synthetic,fixed_global_domain_transform,synthetic_source_domain,TMC-2,True,False,fixed_rotation_scale_bias_nonlinearity,0.01
iirs_tmc2_fixed_01955,ch2_tmc_nca_20260813T1023298778_d_img_d18_r014336_c003584,56,0,controlled_synthetic,fixed_global_domain_transform,synthetic_source_domain,TMC-2,True,False,fixed_rotation_scale_bias_nonlinearity,0.01
iirs_tmc2_fixed_01956,ch2_tmc_nca_20260813T1023298778_d_img_d18_r014336_c003584,56,1,controlled_synthetic,fixed_global_domain_transform,synthetic_source_domain,TMC-2,True,False,fixed_rotation_scale_bias_nonlinearity,0.02
iirs_tmc2_fixed_01957,ch2_tmc_nca_20260813T1023298778_d_img_d18_r014336_c003584,56,2,controlled_synthetic,fixed_global_domain_transform,synthetic_source_domain,TMC-2,True,False,fixed_rotation_scale_bias_nonlinearity,0.03
iirs_tmc2_fixed_01958,ch2_tmc_nca_20260813T1023298778_d_img_d18_r014336_c003584,56,3,controlled_synthetic,fixed_global_domain_transform,synthetic_source_domain,TMC-2,True,False,fixed_rotation_scale_bias_nonlinearity,0.02
iirs_tmc2_fixed_01959,ch2_tmc_nca_20260813T1023298778_d_img_d18_r014336_c003584,56,4,controlled_synthetic,fixed_global_domain_transform,synthetic_source_domain,TMC-2,True,False,fixed_rotation_scale_bias_nonlinearity,0.01
iirs_tmc2_fixed_01960,ch2_tmc_nca_20260813T1023298778_d_img_d18_r054528_c002304,170,0,controlled_synthetic,fixed_global_domain_transform,synthetic_source_domain,TMC-2,True,False,fixed_rotation_scale_bias_nonlinearity,0.01
iirs_tmc2_fixed_01961,ch2_tmc_nca_20260813T1023298778_d_img_d18_r054528_c002304,170,1,controlled_synthetic,fixed_global_domain_transform,synthetic_source_domain,TMC-2,True,False,fixed_rotation_scale_bias_nonlinearity,0.02
iirs_tmc2_fixed_01962,ch2_tmc_nca_20260813T1023298778_d_img_d18_r054528_c002304,170,2,controlled_synthetic,fixed_global_domain_transform,synthetic_source_domain,TMC-2,True,False,fixed_rotation_scale_bias_nonlinearity,0.03
iirs_tmc2_fixed_01963,ch2_tmc_nca_20260813T1023298778_d_img_d18_r054528_c002304,170,3,controlled_synthetic,fixed_global_domain_transform,synthetic_source_domain,TMC-2,True,False,fixed_rotation_scale_bias_nonlinearity,0.02
iirs_tmc2_fixed_01964,ch2_tmc_nca_20260813T1023298778_d_img_d18_r054528_c002304,170,4,controlled_synthetic,fixed_global_domain_transform,synthetic_source_domain,TMC-2,True,False,fixed_rotation_scale_bias_nonlinearity,0.01
iirs_tmc2_fixed_01965,ch2_tmc_nca_20260813T1023298778_d_img_d18_r132352_c002304,394,0,controlled_synthetic,fixed_global_domain_transform,synthetic_source_domain,TMC-2,True,False,fixed_rotation_scale_bias_nonlinearity,0.01
iirs_tmc2_fixed_01966,ch2_tmc_nca_20260813T1023298778_d_img_d18_r132352_c002304,394,1,controlled_synthetic,fixed_global_domain_transform,synthetic_source_domain,TMC-2,True,False,fixed_rotation_scale_bias_nonlinearity,0.02
iirs_tmc2_fixed_01967,ch2_tmc_nca_20260813T1023298778_d_img_d18_r132352_c002304,394,2,controlled_synthetic,fixed_global_domain_transform,synthetic_source_domain,TMC-2,True,False,fixed_rotation_scale_bias_nonlinearity,0.03
iirs_tmc2_fixed_01968,ch2_tmc_nca_20260813T1023298778_d_img_d18_r132352_c002304,394,3,controlled_synthetic,fixed_global_domain_transform,synthetic_source_domain,TMC-2,True,False,fixed_rotation_scale_bias_nonlinearity,0.02
iirs_tmc2_fixed_01969,ch2_tmc_nca_20260813T1023298778_d_img_d18_r132352_c002304,394,4,controlled_synthetic,fixed_global_domain_transform,synthetic_source_domain,TMC-2,True,False,fixed_rotation_scale_bias_nonlinearity,0.01
iirs_tmc2_fixed_01970,ch2_tmc_nca_20260813T1023298778_d_img_d18_r052992_c000512,197,0,controlled_synthetic,fixed_global_domain_transform,synthetic_source_domain,TMC-2,True,False,fixed_rotation_scale_bias_nonlinearity,0.01
iirs_tmc2_fixed_01971,ch2_tmc_nca_20260813T1023298778_d_img_d18_r052992_c000512,197,1,controlled_synthetic,fixed_global_domain_transform,synthetic_source_domain,TMC-2,True,False,fixed_rotation_scale_bias_nonlinearity,0.02
iirs_tmc2_fixed_01972,ch2_tmc_nca_20260813T1023298778_d_img_d18_r052992_c000512,197,2,controlled_synthetic,fixed_global_domain_transform,synthetic_source_domain,TMC-2,True,False,fixed_rotation_scale_bias_nonlinearity,0.03
iirs_tmc2_fixed_01973,ch2_tmc_nca_20260813T1023298778_d_img_d18_r052992_c000512,197,3,controlled_synthetic,fixed_global_domain_transform,synthetic_source_domain,TMC-2,True,False,fixed_rotation_scale_bias_nonlinearity,0.02
iirs_tmc2_fixed_01974,ch2_tmc_nca_20260813T1023298778_d_img_d18_r052992_c000512,197,4,controlled_synthetic,fixed_global_domain_transform,synthetic_source_domain,TMC-2,True,False,fixed_rotation_scale_bias_nonlinearity,0.01
iirs_tmc2_fixed_01975,ch2_tmc_nca_20260813T1023298778_d_img_d18_r084480_c002560,384,0,controlled_synthetic,fixed_global_domain_transform,synthetic_source_domain,TMC-2,True,False,fixed_rotation_scale_bias_nonlinearity,0.01
iirs_tmc2_fixed_01976,ch2_tmc_nca_20260813T1023298778_d_img_d18_r084480_c002560,384,1,controlled_synthetic,fixed_global_domain_transform,synthetic_source_domain,TMC-2,True,False,fixed_rotation_scale_bias_nonlinearity,0.02
iirs_tmc2_fixed_01977,ch2_tmc_nca_20260813T1023298778_d_img_d18_r084480_c002560,384,2,controlled_synthetic,fixed_global_domain_transform,synthetic_source_domain,TMC-2,True,False,fixed_rotation_scale_bias_nonlinearity,0.03
iirs_tmc2_fixed_01978,ch2_tmc_nca_20260813T1023298778_d_img_d18_r084480_c002560,384,3,controlled_synthetic,fixed_global_domain_transform,synthetic_source_domain,TMC-2,True,False,fixed_rotation_scale_bias_nonlinearity,0.02
iirs_tmc2_fixed_01979,ch2_tmc_nca_20260813T1023298778_d_img_d18_r084480_c002560,384,4,controlled_synthetic,fixed_global_domain_transform,synthetic_source_domain,TMC-2,True,False,fixed_rotation_scale_bias_nonlinearity,0.01
iirs_tmc2_fixed_01980,ch2_tmc_nca_20260813T1023298778_d_img_d18_r003840_c003584,127,0,controlled_synthetic,fixed_global_domain_transform,synthetic_source_domain,TMC-2,True,False,fixed_rotation_scale_bias_nonlinearity,0.01
iirs_tmc2_fixed_01981,ch2_tmc_nca_20260813T1023298778_d_img_d18_r003840_c003584,127,1,controlled_synthetic,fixed_global_domain_transform,synthetic_source_domain,TMC-2,True,False,fixed_rotation_scale_bias_nonlinearity,0.02
iirs_tmc2_fixed_01982,ch2_tmc_nca_20260813T1023298778_d_img_d18_r003840_c003584,127,2,controlled_synthetic,fixed_global_domain_transform,synthetic_source_domain,TMC-2,True,False,fixed_rotation_scale_bias_nonlinearity,0.03
iirs_tmc2_fixed_01983,ch2_tmc_nca_20260813T1023298778_d_img_d18_r003840_c003584,127,3,controlled_synthetic,fixed_global_domain_transform,synthetic_source_domain,TMC-2,True,False,fixed_rotation_scale_bias_nonlinearity,0.02
iirs_tmc2_fixed_01984,ch2_tmc_nca_20260813T1023298778_d_img_d18_r003840_c003584,127,4,controlled_synthetic,fixed_global_domain_transform,synthetic_source_domain,TMC-2,True,False,fixed_rotation_scale_bias_nonlinearity,0.01
iirs_tmc2_fixed_01985,ch2_tmc_nca_20260813T1023298778_d_img_d18_r124928_c000256,309,0,controlled_synthetic,fixed_global_domain_transform,synthetic_source_domain,TMC-2,True,False,fixed_rotation_scale_bias_nonlinearity,0.01
iirs_tmc2_fixed_01986,ch2_tmc_nca_20260813T1023298778_d_img_d18_r124928_c000256,309,1,controlled_synthetic,fixed_global_domain_transform,synthetic_source_domain,TMC-2,True,False,fixed_rotation_scale_bias_nonlinearity,0.02
iirs_tmc2_fixed_01987,ch2_tmc_nca_20260813T1023298778_d_img_d18_r124928_c000256,309,2,controlled_synthetic,fixed_global_domain_transform,synthetic_source_domain,TMC-2,True,False,fixed_rotation_scale_bias_nonlinearity,0.03
iirs_tmc2_fixed_01988,ch2_tmc_nca_20260813T1023298778_d_img_d18_r124928_c000256,309,3,controlled_synthetic,fixed_global_domain_transform,synthetic_source_domain,TMC-2,True,False,fixed_rotation_scale_bias_nonlinearity,0.02
iirs_tmc2_fixed_01989,ch2_tmc_nca_20260813T1023298778_d_img_d18_r124928_c000256,309,4,controlled_synthetic,fixed_global_domain_transform,synthetic_source_domain,TMC-2,True,False,fixed_rotation_scale_bias_nonlinearity,0.01
iirs_tmc2_fixed_01990,ch2_tmc_nca_20260813T1023298778_d_img_d18_r126976_c000256,398,0,controlled_synthetic,fixed_global_domain_transform,synthetic_source_domain,TMC-2,True,False,fixed_rotation_scale_bias_nonlinearity,0.01
iirs_tmc2_fixed_01991,ch2_tmc_nca_20260813T1023298778_d_img_d18_r126976_c000256,398,1,controlled_synthetic,fixed_global_domain_transform,synthetic_source_domain,TMC-2,True,False,fixed_rotation_scale_bias_nonlinearity,0.02
iirs_tmc2_fixed_01992,ch2_tmc_nca_20260813T1023298778_d_img_d18_r126976_c000256,398,2,controlled_synthetic,fixed_global_domain_transform,synthetic_source_domain,TMC-2,True,False,fixed_rotation_scale_bias_nonlinearity,0.03
iirs_tmc2_fixed_01993,ch2_tmc_nca_20260813T1023298778_d_img_d18_r126976_c000256,398,3,controlled_synthetic,fixed_global_domain_transform,synthetic_source_domain,TMC-2,True,False,fixed_rotation_scale_bias_nonlinearity,0.02
iirs_tmc2_fixed_01994,ch2_tmc_nca_20260813T1023298778_d_img_d18_r126976_c000256,398,4,controlled_synthetic,fixed_global_domain_transform,synthetic_source_domain,TMC-2,True,False,fixed_rotation_scale_bias_nonlinearity,0.01
iirs_tmc2_fixed_01995,ch2_tmc_nca_20260813T1023298778_d_img_d18_r133120_c000512,124,0,controlled_synthetic,fixed_global_domain_transform,synthetic_source_domain,TMC-2,True,False,fixed_rotation_scale_bias_nonlinearity,0.01
iirs_tmc2_fixed_01996,ch2_tmc_nca_20260813T1023298778_d_img_d18_r133120_c000512,124,1,controlled_synthetic,fixed_global_domain_transform,synthetic_source_domain,TMC-2,True,False,fixed_rotation_scale_bias_nonlinearity,0.02
iirs_tmc2_fixed_01997,ch2_tmc_nca_20260813T1023298778_d_img_d18_r133120_c000512,124,2,controlled_synthetic,fixed_global_domain_transform,synthetic_source_domain,TMC-2,True,False,fixed_rotation_scale_bias_nonlinearity,0.03
iirs_tmc2_fixed_01998,ch2_tmc_nca_20260813T1023298778_d_img_d18_r133120_c000512,124,3,controlled_synthetic,fixed_global_domain_transform,synthetic_source_domain,TMC-2,True,False,fixed_rotation_scale_bias_nonlinearity,0.02
iirs_tmc2_fixed_01999,ch2_tmc_nca_20260813T1023298778_d_img_d18_r133120_c000512,124,4,controlled_synthetic,fixed_global_domain_transform,synthetic_source_domain,TMC-2,True,False,fixed_rotation_scale_bias_nonlinearity,0.01
